"","aac_recomputed","ic50_recomputed","HS","E_inf","EC50"
"EW-13",0.0927064354469031,NA,2.71495902221974,56.9814596089436,4.54365344991556
"CL-40",0.006827977319528,NA,4,96.6199030350189,4.95986662743245
"MHH-ES-1",0.133193817839581,NA,0,73.3612364320838,1.25252080640278
"C32 [Human melanoma]",0.048628194387416,245762.03762771,0.238854343667604,0,245762.03762771
"U2OS",0.0783410822966575,25.5871546829309,1.05531758933255,0,25.5871546829309
"TC-71",0.0557060337425447,NA,4,76.9167737491533,3.77783211131595
"RKO",0.124641924584888,NA,3.99821993880661,71.3102245545123,0.994920700050407
"NCI-H747",0.226088514368152,NA,1.89441920501662,71.2630534150444,0.0844181242820401
"CL-11",0.0404854968687015,NA,0,91.9029006262597,0.102363584619744
"COLO 320HSR",0.00315211469742321,36.4146733797786,4,0,36.4146733797786
"PC-14",0.0509077708576524,NA,4,81.9525693102668,2.85040342435619
"A-549",0.044867165392078,NA,4,67.7941749199938,7.68171012764088
"A-375",0.0687283500146273,NA,2.04838545587672,51.4652449932801,8.0715106453998
"SW620",0.0429269698817658,NA,4,82.4006645157517,3.7108813341085
"HT-29",0.0518674197246262,NA,4,69.629367822146,6.16166863444633
"HCT 15",0.0851651828703287,18.1763343836002,1.28574065490606,0,18.1763343836002
"SNU-C2B",0.280997550284943,89.4331805002821,0.251691653206242,25.5441480984563,5.21794904581448
"MHH-ES-1.1",0.0124688750852757,NA,4,94.7611099571721,3.8656072650264
"MFM-223",0.0964192136218529,NA,4,74.1987478527481,1.51363033337356
"C32 [Human melanoma].1",0.0954021604125834,NA,3.48927581639393,83.1447794273804,0.40098432071889
"U2OS.1",0.115099848816154,70.5440726396132,0.591219964483722,22.3536735453992,25.8942670683523
"DEL",0.445188379842133,0.553016789238461,1.34437636935212,24.5974579386994,0.334180042764002
"COLO 320HSR.1",0,NA,1.01869571041245,100,1.27537594116787
"DiFi",0.0492165553169163,NA,1.84413866061938,66.9292193166265,7.81496553760652
"CCK-81",0.144054308562405,90.6480296908044,0.403189616830949,0,90.6480296908044
"RKO.1",0.0664178197117308,NA,4,88.7015137891435,0.344843527462462
"SK-CO-1",0.0478387865175706,NA,4,79.3176956771145,4.04907875441508
"LS411N",0.0961499615662955,57.7988870515492,1.4656948522371,48.0890503633377,6.2323347206925
"LS123",0,NA,0.520924251171675,100,0.186224053216416
"LS1034",0,NA,0,100,0.199108673941757
"HCC2998",0.203632141624754,5.52261878740081,1.77104094387895,44.409554964732,1.60279163769769
"NCI-H929",0.101762135523865,9.49512234216895,4,42.6075425322681,5.88783014027676
"CP66-MEL",0.00795378608510924,28.4051715666132,4,0,28.4051715666132
"Ku812",0.00736439353476503,29.0182904145421,4,0,29.0182904145421
"VAL",0.148503497913359,6.0884179716293,4,24.5202393517394,5.14411648280585
"RF-48",0.111497045377692,NA,1.00223029105262,58.3323271954767,3.71139241864992
"L-540",0.409850118518646,0.584825186188342,1.56173485689261,32.5761751806517,0.297764931217979
"SR",0.250043440491449,3.25595709520381,1.87804242862781,13.3657896835522,2.75899572756097
"MDST8",0,NA,0,100,430386.289438465
"DOK",0.064213383177863,NA,0,87.1573233644274,21.5634352870999
"KM12",0,NA,0,100,12.2596290347018
"HT115",0.0196528394939596,NA,4,65.3810077187669,14.325337485076
"GP5d",0.0817179024780375,NA,4,71.900932528027,2.68330249277889
"Ca9-22",0.00253680259289522,38.5292219003493,4,0,38.5292219003493
"TC-71.1",0,NA,1.08880358248043,100,14.2014098722524
"SW620.1",0.0443237669653659,NA,4,76.7709468050348,5.36039972265403
"HCT 116",0.186026262957072,252.317316710818,0.260348358386296,0,252.317316710818
"PC-14.1",0.0566629769467387,NA,4,81.6687426578513,2.36485537702939
"PC-14.2",0.104032093573469,NA,0.878736657360271,57.9556638278494,4.765952215934
"PC-14.3",0.117590089589842,1058.88398172517,0.288096299693301,0,1058.88398172517
"A-375.1",0.0263248093168781,27.9263598763369,2.17196498029028,0,27.9263598763369
"A-375.2",0.0311114990987306,NA,4,83.5203851807234,5.4362685251982
"A-375.3",0.0377857781054573,NA,4,68.7510099058024,8.75419971322347
"SW620.2",0.0494800743707893,NA,4,67.8685829522105,6.9285021206557
"SW620.3",0.0649359869141793,315.516102591586,0.491778319533327,0,315.516102591586
"SW620.4",0.0563449073871974,NA,4,74.6733705846579,4.30422151728175
"HT-29.1",0.181974952175347,463.398154902024,0.238596185410132,0,463.398154902024
"HT-29.2",0.127602530166044,NA,1.1864004925388,66.1543594835604,1.53075387529771
"HT-29.3",0.0609682412210578,NA,2.78280028091675,50.7155987034894,8.81309682669764
"MHH-ES-1.2",0.0345351175868366,NA,4,83.7455985890389,4.61303456647918
"MHH-ES-1.3",0.0739220698680479,1921.85886627614,0.338576634842676,0,1921.85886627614
"MHH-ES-1.4",0.107686451840984,NA,0.470827843922812,54.8658467682931,11.834775695185
"C32 [Human melanoma].2",NA,NA,NA,NA,NA
"C32 [Human melanoma].3",0.0775315239755952,NA,4,75.2676040808423,2.29443396160661
"C32 [Human melanoma].4",0.115912562467252,5056678.38279287,0.135936700995426,9.88822015570016,999713.097867695
"U2OS.2",0.0402348458455662,NA,4,69.48067963996,8.09914917567119
"U2OS.3",0.0612844440020031,NA,0,87.7431111995994,1e+06
"U2OS.4",0.0214733453500633,NA,0,95.7053309299873,660.533927649885
"SNU-C5",0.183128460648215,526.824088497591,0.466035504889954,44.992585545609,3.77821992776788
"COLO 205",0.0964467529607443,NA,4,64.0081789930754,3.14233054267867
"KCL-22",0.123039024776894,156.859179184737,0.397175404968093,0,156.859179184737
"BICR 10",0.0642135700861032,NA,1.23833153571121,65.1106431822114,6.76099181894268
"SKN",0.0546481680377526,NA,4,72.2623900677895,5.1344123114906
"PEO1",0.0803173096011588,NA,0,83.9365380797682,0.0339564883125453
"TE-12",0,NA,1.05108403967774,100,23.7944050754406
"LP-1",0.00581224755918576,NA,0.0576705481062575,98.7102814659595,19.8218230806374
"LP-1.1",0,NA,0,100,78.3266521800148
"LP-1.2",0,NA,0,100,107180.976189181
"SKM-1",0.234288868011797,3.78786818338155,1.54910719870265,19.8464027641806,2.73285037150532
"HSC-3",0.0417626709574872,NA,0,91.6474658085026,29.7342489576448
"PCI-04B",0.20517857705334,NA,0.936893151858208,59.3275251948886,0.611859937360104
"LS513",0.225886283330543,4.89186433820726,1.28954894483949,36.660548729922,1.75585146544053
"SNU-407",0.121589974077822,NA,4,62.1117132285471,2.17955368338157
"SNU-1040",0.1046875,NA,0,79.0625,1e-06
"A-427",0.0916082412420535,NA,4,55.4471851695046,4.83722619520903
"SK-GT-4",0.0990607918148069,NA,0,80.1878416370386,0.0820495039058297
"RCM-1 [Human rectum adenocarcinoma]",0.0842467028848133,NA,4,88.0199993989505,0.155409460900072
"COLO 678",0.0474742490069319,NA,4,94.2023279234838,0.0698130140005721
"LoVo",0.0878327665937237,NA,4,73.8082556565531,1.97279199472582
"SNU-175",0.105647230241954,364.343305947683,0.368140720173603,0,364.343305947683
"LS180",0.00756022235157521,28.8083656703846,4,0,28.8083656703846
"OACP4 C",0.207095276549771,NA,1.40203513079045,73.8291502478393,0.0764456479095224
"NCI-H2135",0.04025480144078,NA,0,91.949039711844,1e+06
"CL-34",0.0477552926735514,NA,4,76.0457921565862,5.05166250666259
"ABC-1",0,NA,0,100,76.0359766559099
"SK-MEL-5",0,NA,0.734152810273048,100,0.0334020447740496
"T84",0,NA,0,100,72.2624276399626
"EM-2",0.17013908886456,21.6178607952144,0.554118784042389,0,21.6178607952144
"LP-1.3",0,NA,0.517832519561401,100,0.0385070829264975
"OVK18",0.19801375146569,NA,4,67.3202746680089,0.304368453486794
"A-427.1",0.148048844664442,111.39738599948,0.375,4.33680868994202e-16,111.39738599948
"NCI-H841",0.00857310267946265,NA,0,98.2853794641075,4.40778441260073
"Lu-139",0.0510295538240925,NA,1.78402240899438,82.1465747410713,2.82411455982155
"MRK-nu-1",NA,NA,NA,NA,NA
"NCC010",0,NA,0.80586790000544,100,12.1405083920211
"RKN",0.117084501201978,NA,0,76.5830997596043,0.00632423394091831
"TE-15",0.0935729727180216,NA,4,83.3499142253395,0.412256183347336
"HuTu 80",0.0822125204044736,19.289563792493,4,49.3400939488559,6.5380830569893
"OSC-20",0.117314334080974,NA,0.0430479499704214,66.6053419322826,999979.692985104
"5637",0.146023566798151,NA,2.03132157417389,63.2546975878594,1.28737611830497
"CaR-1",0,NA,0,100,0.266040066229937
"H-EMC-SS",0.0076601694418376,NA,4,96.8707936068666,3.68827895810427
"A2058",0,NA,0,100,1194.74624219394
"SW1116",0.00312547368695496,36.4954309330386,4,0,36.4954309330386
"LS180.1",0.0228636466896198,NA,2.40490320801523,77.956576553552,10.6024864163474
"786-O",0.0841038446981873,517.129887985715,0.392205554094098,0,517.129887985715
"8505C",0.0987856503287049,NA,0.0629572443893765,65.937929985805,999937.26994874
"42-MG-BA",0.139585678721592,NA,2.01871978724343,57.9251287478685,2.03206585294181
"VMRC-RCZ",0.00466589377663551,32.838389770282,4,0,32.838389770282
"639V",0.0454174323351982,19598.6043343784,0.31082189538524,0,19598.6043343784
"BHT-101",0.0546274907604684,69942886895.371,0.161819966841785,41.7776915820293,1e+06
"BPH-1",0.152362762042841,NA,1.24121591029028,62.4383932972643,1.23892771965405
"UACC-257",0,NA,0,100,1.25121044976169
"LoVo.1",0.0131343751106781,24.5918690624936,4,0,24.5918690624936
"23132/87",0.246648268611863,9.14313203400153,0.622496274265557,25.8632339639924,2.83788035114294
"WM793",0.126359543372966,NA,0.698529997613334,68.5731133567562,1.43093085968033
"Panc 02.03",0.145147948564606,NA,4,74.2419519137507,0.407983523601804
"C2BBe1",0.0400850869520737,NA,4,77.7314023535717,5.77834367774812
"SW837",0.116939952342777,NA,0,76.6120095314446,0.0157304918679807
"AGS",0.0629915538075522,NA,4,79.8725232483635,2.30266997422334
"647V",0,NA,0,100,0.349052701568654
"BFTC-909",0.00824079566550194,28.1256188882816,4,0,28.1256188882816
"QGP-1",0,NA,0,100,74.5504758946453
"A-172",0.132420327131574,6.51871075770102,4,41.0029413883764,4.24565154909571
"A101D",0.0542081638309005,NA,2.01604038660574,60.4699630738911,8.3985522274924
"8-MG-BA",0.113346621783789,18.8836768716781,0.917038951655187,0,18.8836768716781
"SW948",0.029098566142234,NA,4,88.6363628073939,3.41175941911202
"HuTu 80.1",0.0799498639767625,NA,2.1401828033461,54.3091736604639,6.19452449454043
"RERF-LC-KJ",0,NA,0.857080171755017,100,151.628582134104
"SU.86.86",0,NA,1,100,2.00035126168155
"NCI-H345",0,NA,1.00370783998699,100,0.122713053504558
"C-4-I",0.00806638861915062,249.493923010711,1.09559544169807,0,249.493923010711
"CHP-134",0.0357315882911726,NA,4,73.4834078712722,7.93342586020829
"CAL-120",0.007396193151296,28.9837578840649,4,0,28.9837578840649
"HCC1806",0.193119012784903,29.4864540559979,0.427581297020926,0,29.4864540559979
"EW-18",0.089125319949122,NA,0.6304643508036,79.0705736810637,1.20756530381658
"FaDu",0.153906636752886,NA,0.544513858643607,77.037530384713,0.121579279001619
"B-CPAP",0.0767798394568888,211129592.933555,0.151643599725078,27.7941700605262,1e+06
"BALL-1",0.138285063185697,8.91508426105152,1.75091877771884,26.1553022186513,5.84067333184377
"Jiyoye",0.14248092756913,NA,1.51307145714872,70.97255391777,0.674361237502999
"Panc 02.03.1",0.241672166727117,82.9116624937379,0.424066120586444,39.9589158310625,1.88173035461445
"SUIT-2",0.0318944168053812,29.466343797557,1.82139437198654,0,29.466343797557
"NCI-H2227",0.0380792175865076,NA,0,92.3841564826985,0.00120649811676493
"G-402",0.130272394263009,16.1913296819297,1.44430047192102,41.8884725708578,4.5961770984993
"GOTO",0.0931166810621817,NA,4,54.9255519288342,4.80491608471231
"CADO-ES1",0.118244314187842,8.58013420516808,4,46.8239842202234,4.30746981393212
"BT-549",0,NA,0,100,1e-06
"SiHa",0.106141046236275,94.4443327128553,0.651441715299406,32.8486942101556,18.2758154537748
"Hep-G2/C3A",0.00907905853555297,27.3701250548605,4,0,27.3701250548605
"SNU-81",0.07116635700244,798.449527916564,0.395235121924,0,798.449527916564
"BB49-HNC",0.0560056763952024,684.473628669598,0.452772874834028,0,684.473628669598
"ZR-75-30",0,NA,0,100,81.096007800421
"BT-549.1",0.00210505441585796,40.4297046134677,4,0,40.4297046134677
"Evsa-T",0,NA,0.0698520646528165,100,1.72651945546015
"NEC8",0.139854277324211,7.1842283990455,4,11.6413828676613,6.72362317231753
"SF268",0.0272054115764743,NA,4,86.1444486932473,5.15826306503531
"PaTu 8902",0.0259169537940148,NA,4,86.6167343805656,5.25575396147113
"HEY",0.0790177922225639,NA,1.48917474614377,60.5664274221555,5.48989865685503
"NCI-H1781",0.0311100573566213,NA,4,90.9149655197878,1.87854263657983
"DAN-G",0.13800536366236,NA,4,71.8782648909115,0.674394812403718
"HCC78",0.116496112566893,NA,0.808835487635541,82.5655976121185,0.165237968094574
"NUGC-3",0.155195127434703,NA,4,74.1469251668453,0.316428679211211
"KYSE-410",0.119008714980305,7562200.12674825,0.132013053548257,11.7195550701098,1e+06
"HCC78.1",0.24841695994773,5.94660695524606,1.8977232098491,49.1751880049962,0.68379381529732
"DAN-G.1",0.0778641792864966,NA,1.16352143712873,58.0601882329541,6.89699990689116
"CAL-27",0.219420174765643,NA,1.19536705990227,62.6108104057502,0.339841728786068
"NCI-H1781.1",0.0445404470245313,NA,4,90.4116537579259,0.808268861528125
"ASH-3",0,NA,0,100,9.19056383517911
"NUGC-3.1",0.0888378919732164,93197.3314086645,0.201098799959278,0,93197.3314086645
"TE-4",0.0608868870277557,NA,4,91.6687984345685,0.12842348014438
"NCI-H661",0,NA,0.677546932102243,100,143.826867834533
"VA-ES-BJ",0.154413190833451,NA,4,65.8910588077609,0.877033607058121
"CAL-51",0.0898505807586039,12.3215670392305,4,46.6643104936854,6.26209782652865
"CAL-33",0.227452510327526,NA,4,64.3267447874345,0.244552667763526
"Daoy",0.0425354485698536,NA,0,91.4929102860293,0.007764081085239
"Detroit 562",0.0620343558738649,38.8546180756831,0.978867247795502,0,38.8546180756831
"AN3-CA",0,NA,0.925483787778261,100,3.0529678154756
"EBC-1",0.0791943400414482,NA,2.8669448031125,85.8194793631429,0.422394079159181
"EC-GI-10",0,NA,0.470894206218519,100,0.0480019957168003
"Calu-6",0.0110080947033707,25.9019208851985,4,0,25.9019208851985
"ES-2",0.0077050827960254,28.6571522293777,4,0,28.6571522293777
"ES4",0.162323705480679,NA,2.07437272107857,64.9025157049085,0.820043859516104
"CHP-212",0.159806113954227,25.8617727420383,0.548715040847648,0,25.8617727420383
"ETK-1",0.0824634876796948,NA,0,83.507302464061,0.615613128988982
"COLO 829",0.0406880199669468,NA,4,92.7273922047896,0.419516520601281
"GCT",0.0921113912306931,NA,4,72.3705226043044,1.99974456524753
"NCI-H2373",0.0308728086190916,NA,4,78.3751873922271,7.49701593809896
"KYSE-410.1",0.0929961527448154,95.5652566398921,0.540350201496137,0,95.5652566398921
"NCI-H2369",0.0218740224828949,NA,4,90.2068128003684,4.27788753236855
"NUGC-3.2",0.13917601656738,NA,1.19402075328673,68.1569826744789,0.991816136482853
"VA-ES-BJ.1",0.0977558143622527,352.790324228721,0.38774529409038,0,352.790324228721
"CAL-78",0.0832311619413199,NA,1.99787655824102,59.8363994608189,4.92272673000123
"EW-1",0.0816684614287003,NA,4,74.550054864084,2.17983489970191
"CAL-29",0.0376534456516782,NA,4,85.8583872414495,3.17965882365328
"OE19",0.202549535075103,NA,2.81641356208307,60.553548992521,0.576372663468271
"Jurkat",0.0223849798705533,27.0311576855572,4,42.1707565250688,17.0040390890099
"PL4",0.0909605940001774,53.9749121619386,0.812646187458303,28.9310439845356,18.6352032972576
"RD",0.0236804440107053,NA,2.69206965384184,87.870426160604,5.24471701362669
"OVTOKO",0.0395320106364199,NA,4,72.8047882445524,7.36115661226485
"NH-12",0.0570821190337202,20.214073396067,1.73468245906534,0,20.214073396067
"IGROV-1",0.122151319884357,NA,1.36233244394382,50.7157989610074,3.88882649518099
"AsPC-1",0.0638515401961694,NA,4,87.9395296255999,0.516257188543592
"Rh30",0.0584895412067255,NA,4,89.1971955336743,0.47518845068907
"NCI-H661.1",0,NA,1.37484735008159,100,10.3380974556296
"COR-L23",0.0959021826237045,NA,4,85.2219169294271,0.226113049451282
"Daoy.1",0.097849472053472,NA,0.31940711622617,83.4437656371342,0.178399887482435
"G-401",0.213783396637661,3.28546245788771,2.47152337248122,41.5519309239324,1.60011998572376
"Evsa-T.1",0.115994909046924,NA,0.5727418026146,61.7297031276598,4.11287535588855
"Calu-6.1",0.0900825864814019,NA,4,89.655782525638,0.0484812614074569
"EC-GI-10.1",0.163046056146902,NA,4,72.2381739098146,0.346141737835308
"HCC78.2",0.181039307661836,NA,1.32727249037068,63.5256162252771,0.649128220582548
"AN3-CA.1",0.0471243851784982,NA,4,94.5255594445461,0.0520546533123143
"HuH-1",0.0634184593795651,NA,1.45416819975073,54.8507389350293,9.18604782458905
"CAL-33.1",0.157806804595716,NA,4,70.8921639116753,0.47284349913118
"ASH-3.1",0.0804554322634908,NA,1.63213707322445,79.9343858119425,1.26135820819376
"GCT.1",0.0557131994016594,NA,1.9340024795425,84.7567298649895,1.60802868724
"Detroit 562.1",0.0124494039835941,24.9858726031641,4,0,24.9858726031641
"ALL-PO",0.363641437518614,1.26119858603613,1.61453765792769,16.9076728088684,0.976709707748727
"TE-4.1",0.0236142440565759,NA,4,93.4637120403408,1.64922646948763
"COLO 792",0.115518769378717,NA,0.918563200923431,87.1601604620894,0.01768457478902
"EPLC-272H",0.0766619301156235,NA,1.21688027145655,78.4284228561983,1.78583777287587
"ESO-51",0.290213078845064,NA,2.17762202169031,60.9451208956855,0.116870016372352
"CFPAC-1",0.121934893524451,373.140251309763,0.335022224411161,0,373.140251309763
"NCI-H2591",0.0650989863629433,NA,0.933213076875422,92.4995078871717,0.0275511151156328
"ARH-77",0.172707433783353,6.41046678132685,1.91443867289421,39.8913697095298,2.7812258379625
"Daudi",0.168532727038726,16.5870794192675,0.636229196328435,0,16.5870794192675
"ME-180",0.0716017476623676,NA,4,84.1748240795753,0.87855687571225
"ALL-SIL",0,NA,1.42534939032768,100,364.260395860893
"CA46",0.0184866999398642,NA,4,85.1314738601208,8.54300635901136
"COLO 829.1",0,NA,0.816131109015274,100,1.45589277312196
"Granta-519",0.199659119832856,11.7955232683038,0.615957678952418,0,11.7955232683038
"NCI-H2369.1",0.0384801875660198,NA,4,79.7425973263377,5.39233861373091
"DBTRG-05MG",0,NA,0.465743084143838,100,77.0103660844247
"EGI-1",0,NA,0.794038195993523,100,19.9549315295011
"LXF 289",0.0612419612007039,NA,0.0586253445477412,86.2133840954223,29.2931990571053
"NCI-H513",0.0803488476289121,NA,4,72.7455939970658,2.61034243857749
"NCI-H2373.1",0.0544489929066046,NA,4,77.7176275707891,3.69943832897446
"CHP-212.1",0.11832359637342,17.0546761869965,1.22441743575285,31.8182053231585,7.46506251947535
"GB-1",0.00907801403499695,NA,4,96.3485327838927,3.59220806580195
"DK-MG",0,NA,0.634271851420888,100,0.0806286420600184
"GI-ME-N",0.0382812050378715,NA,4,88.9171957366625,1.84028188136276
"AU565",0.24218677905911,3.68237299091009,1.73154638611877,45.275065327543,0.942794989935802
"G-361",0.0618328406290313,NA,0.0397287417233557,87.6036493398197,0.714090471010255
"EW-16",0.0765353903099584,NA,1.33420111956491,76.9086647352739,2.09797133323626
"LN-18",0.0350626809009164,NA,4,81.4324455528072,5.43435610483197
"ETK-1.1",0.0225192348408674,NA,4,90.4225486627386,3.94334566394802
"BT-474",0.0608498135126626,NA,0,87.8300372974675,536.6400815866
"SNU-61",0.11699229254778,NA,4,79.3959697502318,0.396023756660123
"AM-38",0.0605597069003816,NA,4,67.1255494919694,5.61174193956592
"DMS 53",0.0170396882620983,NA,0,96.5920623475803,0.0302328836427632
"HeLa",0.00933077397667807,NA,4,87.4483827227747,12.385945402555
"SW1463",0.0202414082767571,NA,4,87.4933712439154,6.55811044499807
"NCI-H2122",0.46220395971952,0.430149176801879,1.35799099785331,27.5237038827087,0.238733832553276
"LN-405",0.00968674481261057,NA,4,95.7050855763562,4.21381727499181
"MOLT-16",0.168125957588206,7.06754895826527,1.52990122767409,0,7.06754895826527
"RC-K8",0.0528004753802305,NA,4,65.7767424594535,6.91445736029489
"SK-MM-2",0.0956628587226315,10.1481933579478,4,15.677475588185,9.23721469943428
"P12-Ichikawa",0.106367231969851,NA,2.30867219071811,75.6505229786264,0.978985894937236
"GA-10",0.122955751545547,11.4219483304456,2.08723654855891,42.0891217170665,4.72173066466079
"CESS",0.207741960992296,3.61996898608044,2.47976608493164,33.5600071862778,2.3115369403685
"HTC-C3",0.00310972988852541,36.5435507932583,4,0,36.5435507932583
"KMRC-20",0.14069254007836,3719.29393834965,0.216072443043975,0,3719.29393834965
"HT-1080",NA,NA,NA,NA,NA
"HT-3",0.214223081494549,NA,2.85048938910448,52.3972751487705,0.893476994560109
"SK-N-BE(2)-M17",0.0141183478530398,24.064657726784,4,0,24.064657726784
"KP-1N",0.0994097567141563,NA,0.992612919038553,83.919113244671,0.262921313117436
"JHH-1",0.0159278286629893,NA,4,96.4392946246344,0.91026098787633
"TK [Human B-cell lymphoma]",0.114942698072585,34.4020878245156,0.658753403913957,0,34.4020878245156
"HOP-62",0.0175804150355573,NA,4,93.0256336321045,3.50731462688475
"EJM",0,NA,0,100,58.4230034217819
"KM-H2",0,NA,1,100,0.0632733265355942
"KOPN-8",0.216785249644327,7.91395680617586,0.707648291446272,0,7.91395680617586
"HC-1",0.144261216427493,6.11706044179489,4,28.8733907400205,4.93182571403458
"JJN-3",0.0111203573685004,25.8257759587675,4,0,25.8257759587675
"A-204",0.0470267877302928,NA,4,82.0520775252995,3.27426562754115
"JIMT-1",0.00681567502820826,NA,4,97.0208651879646,4.12037468517256
"HCC15",0.0587102866640334,NA,1.80728404271617,87.5323158728216,0.774081621755575
"SNU-1",0.0153804831027336,NA,4,89.7584183594115,7.11640146390643
"NCI-H1650",0.116711172571465,524.007787644695,0.324318751578682,0,524.007787644695
"NCI-H1693",NA,NA,NA,NA,NA
"Lu-99A",0.0488790027009371,NA,4,71.9819103910042,6.00597917714772
"Hs 445",0.221182813555151,2.37788263743426,4,39.1938579090436,1.62130821481376
"OVCAR-3",0.0172508274684494,NA,0.0673548726920353,95.916865699043,66.9108246632265
"OS-RC-2",0.119294988403296,1413.08849337654,0.273604714128423,0,1413.08849337654
"SW780",0.0847014643201718,NA,4,85.1749421342779,0.386491892130812
"OE21",0.00801749464539926,28.3421085628093,4,0,28.3421085628093
"OACM5.1 C",0.0897263614019104,NA,1.01443617679725,82.4576146854582,0.581510055253364
"OAW42",0.0413350945159655,NA,0,91.7329810968069,6.04274534572958
"MHH-CALL-2",0.0677519880693059,NA,4,71.8897056013734,3.7858073190404
"Karpas-231",0.0639951108584275,NA,1.35652527629997,61.1291122120603,7.65693961814239
"JHH-4",0.0516010107561089,NA,0,89.6797978487782,40.2049573697633
"ESO-26",0.121658749019542,NA,4,56.6491307968556,2.87891361367639
"MC/CAR",0,NA,0,100,0.990141761814624
"A-704",0.173127389111186,4325.51008567021,0.181902247403536,0,4325.51008567021
"NCI-H446",0.067911336855832,NA,0,86.4177326288336,19585.5432669919
"NCI-H2405",0,NA,0,100,33.1928415975854
"NCI-H1417",0.0190288917598095,NA,4,80.1262403658208,10.5147391059708
"SW872",0.141983547053369,668.867447112179,0.273271314785564,0,668.867447112179
"SK-MG-1",0.0715446952968343,NA,0,85.6910609406332,0.056796794307058
"RL95-2",0.0236612266912569,NA,4,93.8837634619115,1.38211200163613
"OVCAR-4",0,NA,0.485881391774639,100,0.201478015383317
"LB996-RCC",0.0455317940914744,NA,1.75872033907985,90.6939455460544,0.681520487398043
"IMR-5",0.256102959120833,3.40343734838402,4,0.172564670265061,3.4004969748897
"HT-144",0.0309645182283705,NA,4,86.9859346001014,3.86760980107536
"OV56",0.0323855085112446,NA,0,93.5228982977511,0.0308785219851216
"UMC-11",0,NA,0.266863734629163,100,24.4665550558195
"TT2609-C02",0,NA,0.330497165409865,100,112.471328140391
"SU-DHL-8",0,NA,0.380399774807363,100,30.7100811385242
"SKN-3",0.139492215410428,NA,1.81937317649355,86.0507784423717,1e-06
"SiSo",0.056949630472615,NA,1.85004196779315,84.6600643640329,1.54645923056304
"HCC827",0.115453561455285,NA,4,78.6718977687721,0.47554282233821
"HEC-1",0.0238860748756024,NA,4,89.1210644223489,4.39182032866249
"Hs 746.T",0.0487032582718168,NA,0,90.2593483456367,23.2049325888102
"J82",0.26929743992824,NA,0.690123379057351,66.3332179745868,0.0406841051568474
"JHH-6",0,NA,0.192758680911413,100,3.95205508452629
"Karpas-45",0.0322968314216717,NA,4,86.460275868621,3.8515195745984
"LN-229",0.0295776802378918,NA,4,92.2554722598791,1.43010768786114
"MHH-PREB-1",0.051086126567071,NA,4,65.9379783554277,7.12625282593546
"MOLM-13",0.417277085786507,0.931798376907251,2.19452997328023,8.5695727568081,0.855294215509204
"MOLT-13",0.0265021767613669,NA,4,88.6633298892175,3.98044816762082
"NCI-H1048",0.15754726233056,NA,0.998248415925,58.2257555959352,1.57500930101805
"NCI-H1944",0.141761691754049,NA,4,68.5693105697367,0.887247915238944
"NCI-H2228",0.113361858757817,610.010906211375,0.321782955106994,0,610.010906211375
"OVISE",0.012103462107973,NA,0,97.5793075784054,0.222215956226055
"P32/ISH",0.107264756386307,8.8509863296643,4,26.6213749764655,7.31903645314716
"RERF-LC-Sq1",0.155491911929503,NA,4,78.9055128476753,0.122958703572872
"RPMI-8866",0.161935763362462,5.64278187946851,4,19.54601702172,4.98496125447648
"SCC-3",0.402820538169466,0.692443807891199,4,20.3683665991032,0.607548471942214
"SK-ES-1",0.0373999022806126,NA,4,77.3176577925076,6.42034024904618
"SUP-M2",0.464506312556653,0.581473161280374,3.01945489689996,11.4723001211448,0.533384612653565
"TCCSUP",0.105690178626137,NA,4,87.7640420229931,0.0509775197128148
"WM278",0.0519868734752639,NA,4,90.7330764946294,0.415122388815145
"YAPC",0.00611495607425569,NA,4,93.2770554849331,10.8982063827421
"HCC1143",0.106317026390365,NA,0.60653593853466,65.9300134088875,3.54428596552127
"MDA-MB-231",0,NA,0,100,29380.5024271844
"MFE-319",0.122175208825676,NA,4,76.2349592310169,0.573929392178651
"MOLP-8",0.098189468351643,17.7050887716694,1.99387720279188,43.6327798094737,6.29816199825774
"MSTO-211H",0.0667799568783289,NA,4,72.7568442949092,3.67987915065759
"NCI-H1155",0.00572940907302161,NA,0,98.8541181853957,0.173025339042728
"NCI-H1623",0.215838115773747,NA,4,59.1247869753685,0.521225824772749
"SK-N-DZ",0.0693924551356522,NA,4,68.296558602587,4.41262883984205
"SW1573",0.0281844125191054,NA,4,88.1766828907091,3.85562397186074
"BT-20",0,NA,0.816219638209524,100,11.0515010891476
"COLO 824",0,NA,0.803859212195062,100,1.02974741365565
"DU4475",0.180643392051271,NA,1.46195799869065,53.1859011314564,1.4092557330283
"HOP-92",0.0352546960146986,NA,0,92.9490607970603,1230.8788923262
"HuP-T3",0.0909076141843408,946.544230555397,0.33972199178131,0,946.544230555397
"KG-1",0,NA,0,100,3.79627223032818
"Mel JuSo",0.0456609691531125,NA,4,82.8143123881754,3.19216780938986
"MES-SA",0.0685446051540392,NA,4,66.1424652193119,4.94459766716759
"NCI-H1568",0.120235734338503,NA,4,82.3752289959309,0.179712016547183
"OVCAR-8",0.0792298026848398,NA,1.27937354860269,74.6195849326168,2.432439641379
"P30/OHK",0.0822757692595309,NA,4,58.6735756442734,5.06124361871183
"SW756",0.0557721070148846,NA,4,76.9599731190484,3.75856666755191
"A2780",NA,NA,NA,NA,NA
"Becker",0.0367425194829945,NA,4,87.3797610531038,2.67739547420026
"ES7",0.106239103507546,NA,2.30143301891238,59.1269856185961,3.34477826119642
"A-253",0.0541497819775277,380.981817492251,0.514228981080754,0,380.981817492251
"NCI-H716",4.70951340688942e-16,NA,3.5827757396433,99.7768561045848,28184.4664036976
"HCC2157",0,NA,0.114379410751539,100,30.2549529142362
"A-375.4",0.0666531576755517,25.0124812388418,1.22748626159527,0,25.0124812388418
"A-375.5",0.0386226980637544,NA,4,64.4925450528007,9.55540610875116
"A-375.6",0.0717419489395711,21.6214432162974,2.76463944267236,46.6523202097406,8.13119537028877
"A-549.1",0.207301863966699,NA,4,54.0341101626838,0.887486258222589
"A-549.2",0.154115832827576,7.30263440920932,2.09108987747659,39.065241760643,3.53002489712175
"A-549.3",0.174628361397573,6.78883853748079,1.86242202447868,42.1294026125392,2.51568770816254
"C32 [Human melanoma].5",0.0166386115669747,NA,4,86.4279182886518,8.64985145439587
"C32 [Human melanoma].6",0.0444047904786257,NA,4,82.1777173419683,3.57880976352022
"C32 [Human melanoma].7",0.00364670299725583,NA,4,97.8257988964009,6.2943367930104
"HCT 15.1",0.136209342954656,NA,1.79114497374291,51.0356961144981,2.98131546936057
"HCT 15.2",0.0980480414339694,18.9532148390532,1.06538221893544,0,18.9532148390532
"HCT 15.3",0.156142175093968,NA,4,62.1328715647158,1.15904090146163
"HT-29.4",0.0586398365032808,NA,1.52868991778453,54.3233785714461,10.0135707801844
"HT-29.5",0.099319227506617,44.1478226197328,1.41928438331446,46.910667355436,6.20865225784106
"HT-29.6",0.118858737498508,NA,0.975306930785629,55.3104560452667,3.812435459707
"MFM-223.1",0.0185944799436182,NA,4,91.6865576607978,4.26877594198623
"MFM-223.2",0.0261204819249892,NA,4,88.3461653960248,4.25494904923569
"MFM-223.3",0.0252973654838903,NA,4,81.4814648473848,7.8300681061919
"MHH-ES-1.5",0.00611332659179096,30.5366451604026,4,0,30.5366451604026
"MHH-ES-1.6",0.0329961951540721,NA,4,71.030429590641,9.20720478605327
"MHH-ES-1.7",0.13457565093311,702855.402850767,0.135600041438772,0,702855.402850767
"PC-14.4",0.0422883275684584,NA,4,66.4048590874386,8.44957417304994
"PC-14.5",0.0906121046755901,NA,4,70.7888930077866,2.34708736683659
"PC-14.6",0.0716408764593965,NA,4,71.7795932018048,3.46417557984325
"SNU-C2B.1",0.105221667563352,NA,4,62.4201314585996,2.89172627236427
"SNU-C2B.2",0.135121072888347,NA,1.69731933070126,70.1191270237212,0.881857089541848
"SNU-C2B.3",0.0980316089377127,NA,1.46886257015864,71.7901162848011,1.84936688514988
"SW620.5",0.0353686426607461,NA,4,84.0435260840672,4.32860200663345
"SW620.6",0.00396988692837002,34.2756510832597,4,0,34.2756510832597
"SW620.7",0.0368296147619389,NA,4,84.5055867196788,3.87390375746125
"U2OS.5",0,NA,4,100,917211.206455388
"U2OS.6",0.0498135205596862,NA,4,84.8140496527322,2.07513542873637
"U2OS.7",0.0438291100641258,NA,4,65.282984949862,8.42729789819026
"A3/Kawakami",0.51056397215433,0.456376707065667,3.287132962854,7.99876370564939,0.43280460280482
"AGS.1",0.105576949107355,NA,1.62439236727475,69.4869098081209,1.85560488608531
"ARH-77.1",0.212727643079826,2.80206110025197,4,35.3229949182645,2.06250239302316
"BALL-1.1",0.146228849326438,6.2112370016451,4,24.6374954883448,5.24183847404364
"COLO 829.2",0,NA,0,100,314.94484696308
"DG-75",0.0807669770191522,NA,4,61.2338691511763,4.74667023750653
"FTC-133",0.00403865315058851,NA,4,98.1042782731887,4.59472541193083
"NCI-H2722",0.0318918667643984,NA,2.49794775485254,87.8554226685075,3.27466786330439
"HCC1428",0,NA,0.616852492923317,100,2.4499160951167
"HGC-27",0.0137579655542036,NA,4,79.0387065932432,13.2883357274715
"IA-LM",0,NA,0.481119085139941,100,0.0920461036268377
"IGR-1",0,NA,0,100,48.411537100132
"JSC-1",0.323584261450193,1.5481468216484,1.58019286889149,26.457008014386,0.961184620949151
"KMOE-2",0.080388338047502,NA,4,62.8316480237311,4.49273232246162
"KYSE-50",0,NA,0.585216895198071,100,782.012468749802
"M14",0.0274083374953051,30.3540776427513,1.94293781883883,0,30.3540776427513
"U-251MG",0.00395274144401512,NA,4,97.496498726257,6.74207602168243
"RCC10RGB",0.0370911016435496,NA,4,93.2225922006145,0.456381399482957
"OAW28",0.0143813839098103,NA,0,97.123723218038,2366.21254386697
"OCI-M1",0,NA,0,100,0.761121933825089
"HSC-4",0.031366086827352,NA,4,86.1145856828044,4.20355114141506
"Kasumi-1",0.0247423923894794,NA,4,81.1299308504203,8.14029537838045
"Huh-7",0,NA,0.796820615010943,100,0.328225703255269
"HuO-3N1",0.0697646229465481,NA,1.52322500325987,74.1621978915463,3.22166175780482
"KYSE-520",0.130514027443252,NA,1.40586776090165,72.4820908905332,0.757703532746943
"MFE-296",0,NA,0.886643886626072,100,1e+06
"NCI-H196",0.154657390566523,36.8424740140593,0.495553538302851,0,36.8424740140593
"ATN-1",0.352622489622627,1.43411595547336,4,9.35336359200615,1.36175167995378
"HT-55",0.0474385285532918,NA,4,72.014641617088,6.21643772750455
"NCI-H2141",0.00601623503588899,NA,0.143636997455725,98.2356584343187,68.0105659253167
"A-498",0.174641717882249,NA,4,69.2734621402657,0.394490637591361
"CAL-39",0.084271724645823,NA,4,56.3064070121421,5.28436403911664
"EW-3",0.06477335935477,NA,4,60.7653493488756,6.41108384518955
"HPAC",0.0960236073464977,NA,2.44642199560086,77.9680310035835,0.98563579417962
"IM95",0.262802411052218,NA,1.77333506236708,50.1296824480387,0.524655550722972
"LNCaP clone FGC",0.111977307702709,9.30330316782625,4,46.8104551113139,4.67548698252616
"NCI-H1694",0.0299077600537611,NA,4,85.4056911807946,4.86040280091345
"NCI-H2170",0.0564605097341014,NA,4,68.3529562249473,5.84303131721474
"NOS-1 [Human osteosarcoma]",0,NA,0.409572349040842,100,0.0735055967389976
"RERF-GC-1B",0.0204593185765544,NA,0,95.9081362846891,1.81072047394831
"TE-6",0.0743867565160781,NA,4,85.0132891862116,0.648767721910817
"TYK-nu",0.0301565288416844,NA,4,63.0608170605461,11.6991756397638
"OCI-AML-5",0.0542365327704071,NA,4,53.9098410440837,8.96025956561201
"CHL-1",0,NA,0.920238273230862,100,22.1338951905842
"HCC1954",0,NA,0.80288078427455,100,1e+06
"KY821",0.0499364922037815,NA,4,75.7280963464785,4.83318236404071
"NCI-H1563",0.0453888842650676,NA,4,89.3347494180215,1.05778240774241
"NCI-H1975",0.11583856064064,NA,0.712813875346183,57.8380890337145,4.3824039519142
"NCI-H2052",0.0131005351905401,NA,4,82.8098579496857,12.2044194459739
"NCI-H322M",0.134440256723962,NA,4,76.7631819097946,0.367675225570643
"NCI-H596",0.116664251436541,NA,0.657897961408752,71.4142998088528,1.38899855399605
"SNU-C1",1.86199956460191e-10,NA,1.43685459971685,99.689309684801,430362.597109819
"Rh1",0.0776456869999133,12.375879246785,4,40.436183903166,8.18448517295446
"697",0.07957660038278,11.7778415083478,4,36.6736500083578,8.4625453392798
"A-673",0.0581183591922581,NA,4,80.1993579124233,2.63376581597259
"BxPC-3",0.126928328838764,NA,0.997587491731784,67.815634546648,1.38346637484239
"DB",0,NA,0,100,49727.7636582256
"HuO9",0.0810625083059538,NA,1.43763294855394,56.3453914136143,6.25072075637631
"KE-37",0.150226156913658,6.37754918914959,4,16.7808274739831,5.75782576048184
"NB(TU)1",0.123869517446599,1133.17132737853,0.276028788331998,0,1133.17132737853
"PC-3",0.0848814654359075,NA,1.22388623711622,54.861578916747,6.5692721650272
"SCC-15",0.0870017421663278,NA,4,85.4457166276981,0.32199026386401
"UPCI-SCC-090",0.10464525422127,NA,4,83.8739986256113,0.226153995780677
"PWR-1E",0.00740727747877423,29.4272717620928,3.90625,0,29.4272717620928
"SAT [Human HNSCC]",0.114390919689453,NA,4,83.354570981556,0.173581891162912
"SiMa",0.132440767067174,12.6563833427239,1.0504308915059,0,12.6563833427239
"TE-1",0,NA,0.162764810044275,100,4.46845714117731
"LCLC-97TM1",0.0798889909057975,NA,1.88520724571555,71.7483318474744,2.8748686187995
"LOU-NH91",0.115868055424232,11.968406979296,2.03113371663746,39.7638984089615,5.4814815866276
"NCI-H1092",0.0144910838002419,NA,4,93.1886180162006,4.60403836974728
"NCI-H720",0,NA,0,100,1.27752715577627
"KYSE-180",0.206304929783157,14.5915174340652,0.557113753657752,10.2424029003596,9.6696745977007
"LC-1/sq",0.0187908098134502,NA,4,91.5400996213936,4.31486449867007
"769-P",0.0933182392063505,NA,4,70.1683557397555,2.30500509402259
"HT-1197",0,NA,0,100,1e+06
"HuP-T4",0.139897557037009,NA,1.99670283644619,77.8188471310531,0.255715755415163
"KLE",0.00361032398620555,35.1432900721767,4,0,35.1432900721767
"L-428",0.0385036037179806,NA,4,72.5775672191014,7.62257624203173
"PaTu 8988t",0.0784279114399178,49431.5515633269,0.22618057429127,0,49431.5515633269
"PFSK-1",0.0724514722641139,NA,4,90.6731236337647,0.0934480289116059
"RPMI-7951",0.141511788805013,61.4936725845679,0.454676645158376,0,61.4936725845679
"SK-GT-2",0.0375714868158595,NA,4,95.5697039354493,0.0569384716212458
"SNU-182",0.0240208543504899,NA,4,80.1405042742176,8.75196827505335
"SUP-HD1",0.233042325497782,6.13799151993634,0.772088772297589,2.85489867945717,5.68794901036672
"22Rv1",0.24742627986907,7.24717358540232,1.05743316242164,44.0940868979633,0.961328136649479
"8305C",0.0329283714159696,NA,4,85.597595731352,4.12463301141532
"ACHN",0.120684686984054,NA,3.85029306107758,59.9316368121435,2.49773019675973
"Capan-2",0.0763935361648017,NA,0.116629708527991,52.7233294821824,999883.64090434
"Ca Ski",0.0696346539294853,NA,4,75.8572050084639,2.7280269556097
"FLO-1",0.15946276304017,NA,1.49889660419948,68.1445315555816,0.630055043342359
"GR-ST",0,NA,0,100,0.46898834990116
"KALS-1",0.0867330112977604,69843.8224173737,0.208822471562806,0,69843.8224173737
"Karpas-422",0.0897153185431336,NA,4,65.752341814607,3.27556846982474
"Kelly",0.223596553882691,10.5659349532521,0.869895275506675,39.7388415173825,1.71107238740661
"KP-2",0.0922731870642402,NA,0.0675550914784675,66.6690110682853,1e+06
"KP-3",0.115304939229136,NA,4,80.5919657913583,0.330245211459441
"LB771-HNC",0.00677845034252011,NA,0,98.644309931496,0.00175614113583392
"Panc 08.13",0.0367256695585614,NA,4,93.6867849416399,0.359733930748668
"SK-HEP-1",0.0608542485708888,NA,4,77.1981412513014,3.16599840830721
"SN12C",0,NA,0.527874664466045,100,71.7822295199782
"T-47D",0.0881337410866754,NA,0,82.3732517826649,0.1765087174853
"TGBC24TKB",0.015798628778079,NA,0,96.8402742443842,0.0305036970876205
"TOV-112D",0.0138893715996265,39.2931213364693,2.16831369592408,0,39.2931213364693
"TUR",0.182428350723385,4.50983508816941,4,23.6136470091725,3.84381964624064
"U-118MG",0.0171819413528826,NA,4,92.6920961312882,3.94370409965556
"U-87MG ATCC",0.0512325641586518,NA,2.75114893451979,83.3905347135543,2.37787079098313
"HD-MY-Z",0.0173376478660919,32.201578062097,2.35478755257871,0,32.201578062097
"MM1.S",0.0384159709840998,NA,4,85.6397758537016,3.15216278901974
"NCI-H1963",0,NA,1,100,20
"NCI-H209",0.0723090238846904,NA,4,86.8246597236231,0.451536034979196
"NCI-H250",0.0150789948959675,NA,0,96.9842010208065,4.82621135166349
"NUGC-4",0.0443168072871402,NA,4,81.2520635892266,3.90926837497431
"SBC-5",0.0467025028654053,NA,1.20147807235823,61.1229205466513,12.7899930562693
"SUP-B15",0.0779397135713895,12.3633190152616,3.27700121420654,0,12.3633190152616
"COLO 679",0.0232930622055431,NA,4,84.9499035679538,6.89087234422176
"HPAF-II",0.0249075473006487,NA,4,93.6784307537309,1.31551373272122
"NCI-H2595",0,NA,0,100,3317.86914160447
"C-33 A",0.11546594039661,729.229543389392,0.308914711022858,0,729.229543389392
"HDQ-P1",0.0637738396366238,NA,0,87.2452320726753,2.18882429271217
"CAS-1",0.0994701829006108,NA,0,80.1059634198778,0.0609234347988052
"SNU-5",0.190138727879165,4.08530352149048,4,25.7982031829983,3.40756171322336
"CCRF-CEM",0.0460740298622917,NA,4,79.2805318909502,4.3072694434854
"CPC-N",0.019457699815031,NA,4,92.0173321757267,3.71506951505141
"D-263MG",0.0759196339653729,NA,4,81.6176089564707,1.15377155498998
"EB2",0.14588932371541,6.97039943470013,2.4578267411488,33.683656891061,4.4195774605317
"ES8",0.0814507989516695,NA,4,67.2809084567018,3.58409785537639
"EW-11",0.155844094381676,NA,4,72.5946197527682,0.393706138675741
"HL-60",0.0961817220366176,NA,4,50.2854357332749,5.26247152594689
"BICR 78",0.0805089582901104,NA,4,85.2462773295048,0.461420970653562
"GaMG",0.0485179164012681,NA,4,94.338537217108,0.0534763077830629
"JHH-2",0.0186048764845653,NA,4,95.6579660499811,1.03676389039568
"CAMA-1",0.0872695218538557,NA,4,84.8032971939453,0.378758227535084
"BFTC-905",0.0440794887603118,NA,4,87.6095809616404,1.71337871008192
"CAL-62",0.0761670418743527,NA,1.59155021549756,78.7355226315346,1.70483017090778
"BL-41",0.066286524494286,2928.29319770109,0.335574441352765,0,2928.29319770109
"D283 Med",0.128802081571791,7.39276369334126,4,46.5625,3.78551524925863
"JURL-MK1",0.112930513906371,8.33639736928393,4,43.0685425294504,5.08676936986643
"JVM-2",0.312144553792197,1.82787595215339,1.80020353301755,19.0453101467043,1.40045429472803
"SNU-398",0.0998986662073692,NA,4,81.7532444593642,0.455714702124647
"BE-13",0.0840512042937373,NA,0,83.1897591412525,1e+06
"BC-1",0.213549231134434,5.90205679320886,1.05511600714066,19.4591295475497,3.69911743331696
"DND-41",0.0555129533873055,416.099544079425,0.499529749458174,0,416.099544079425
"DoTc2 4510",0.0791915545723506,NA,4,89.2330264080404,0.124340484580721
"DOV13",0.0665866119497642,NA,4,57.6169653994426,6.77905891858214
"EB3 [Human Burkitt lymphoma]",0.126015378464691,NA,0.611214740877666,80.5523598840388,0.166978714984684
"EFM-19",0.148150134854311,NA,1.34073887230575,76.8080952492469,0.236602683472035
"GAK",0.0727367023957911,NA,4,74.9668257093844,2.6881170455074
"GCIY",0.0690775849213627,NA,4,71.6774377367417,3.7113044779586
"PA-1",0.156064606764718,NA,2.53948630486409,60.5878225052901,1.29819220488681
"RS4;11",0.0754615588787461,NA,4,58.1634337706684,5.76369240131754
"CML-T1",0.0941653739180742,9.97939078537167,4,34.8236650779577,7.40718606556264
"EN",0.0354473022814017,NA,4,93.7801738929457,0.390332670046021
"ESS-1",0.0257114353863648,38.9356883504352,1.63404778104373,0,38.9356883504352
"EW-24",1.28145969287804e-14,NA,1.37202104151353,99.9999659992413,1e+06
"HCC70",0,NA,0,100,1e+06
"RT-4",0.122358113906252,334712.775768486,0.152120552104861,0,334712.775768486
"SU-DHL-10",0.161448001259256,NA,1.42621865821989,58.860023484027,1.3473805309671
"COLO 668",0.042656086373969,NA,4,93.1125690971009,0.277441724372841
"EW-22",0.107611460471114,NA,3.05593861381574,81.2744010740661,0.377674199949357
"GDM-1",0.16396356541092,61.554095999511,0.459469402278687,20.1286895101568,20.0611946305847
"GI-1",0,NA,1.0139875794779,100,0.244526474393375
"G-mel",0.116191428288707,32.5001507705503,0.668865451599053,0,32.5001507705503
"NCI-H2803",0.100233535441367,NA,0.69148465151589,77.6201770958531,0.976236987240056
"NCI-H2804",0.183379452714977,NA,1.36369099154605,61.569337054089,0.742822751827048
"NCI-H3118",0.104759401066034,NA,1.65753589151983,72.8362568427201,1.40312791445178
"HEL",0.0693056868253437,NA,4,60.774570877268,5.9134405710203
"HO-1-N-1",0.045295989285648,NA,4,78.146124798595,4.78221543013953
"Lu-135",0.0390249315322343,NA,4,68.664073081685,8.53064523071661
"HARA [Human squamous cell lung carcinoma]",0.0320409284228659,22.2483643914242,2.55807809159654,0,22.2483643914242
"CAL-72",0.0766095206797907,NA,4,88.3127695533858,0.216112085893036
"AMO1",0.284679833851785,3.28071394371127,0.924909542656874,14.4836430764442,2.26655965262117
"D-392MG",0.0395425849868364,NA,4,68.613995883546,8.44285428128731
"DoHH2",0.212303488629912,4.35746247235041,2.80686665212952,7.566984690941,4.11001814201434
"EFO-21",0.037565951052619,NA,0,92.4868097894762,0.913874791260194
"EMC-BAC-2",0.0699204278745051,NA,4,55.2555972370624,6.81905557860109
"EoL-1",0.246406696483296,3.34572619920045,4,6.69827467740056,3.22755904711267
"ES6",0.11220370209125,NA,0,77.55925958175,1.83103804197882
"NCI-H2810",0.0562817516469348,NA,4,75.608046506522,4.0649094708785
"NCI-H2818",0.0496643269662316,NA,4,77.4455541181229,4.37255857902912
"NCI-H2869",0.115406120507831,NA,1.62767310310539,88.4593878468148,1e-06
"HAL-01",0.064619965281752,NA,4,62.7211638691562,6.05271093990287
"HCC44",0.0796674891939512,NA,2.99012850101213,56.6098239457903,5.66973460329808
"HMV-II",0.0556174902420974,NA,0,88.8765019515805,4.25028680641027
"IM-9",0.269339886836116,3.318144882711,1.33682304745309,0,3.318144882711
"NOMO-1",0.237299277925511,3.19030081619798,1.94372716287285,26.5843440295869,2.15938781499029
"OCI-AML-2",0.392625189326946,0.713740786920415,4,22.0297514180174,0.617265630182839
"Ramos.2G6.4C10",0.0718141385307352,NA,4,92.1875,0.0339820832894256
"Reh",0.0405335295803795,NA,4,75.5416167022682,6.38285510900458
"TC-YIK",0.0840602015287668,NA,4,85.6107919271967,0.353667309111249
"VM-CUB-1",0.126944233686019,94.4040284709505,0.43934608629514,0,94.4040284709505
"DMS 114",0,NA,0,100,10668.2646652948
"DMS 273",0.0265695216943588,NA,4,92.166436592601,1.92127964527173
"NCI-H1793",0.0367412452555438,NA,4,95.8386808548161,0.0444735463957688
"NCI-H2795",0.19789991997602,2.95916500405796,4,43.9706417066979,1.74379109000981
"KTCTL-195",0.100518326099101,NA,0,79.8963347801798,0.000594466415992264
"BICR 22",0.0769360411332,NA,4,69.710480064966,3.46081889962992
"GMS-10",0.0794237441394142,NA,4,59.2061225534461,5.2178382504225
"Calu-3",0.0624982648717839,NA,4,93.1428934783761,0.0360657143531951
"COR-L105",0.0566504130971793,NA,4,90.2585814293346,0.360194331331351
"TGW",0.0546584292224335,NA,0,89.0683141555133,0.510843982635627
"HCC38",0.142417614335062,NA,4,75.5488884824944,0.357920244063017
"SW13",0.0724079937575982,NA,0.286535770971622,90.4119583864382,0.00933264769546242
"SW900",0.127986076741335,NA,4,77.9225167487329,0.3647725706495
"NCI-H23",0.0448565535256268,NA,4,93.7295281757202,0.142911396858538
"PL18 [Human pancreatic adenocarcinoma]",0.13456265420418,NA,4,75.3512678046,0.460671085971136
"CAL-85-1",0.0629428792515771,NA,4,88.8458783820155,0.405745665842211
"COLO 680N",0.146641978614021,557.778620126279,0.58038913772871,46.5850782635749,5.47233457927327
"DU145",0,NA,0,100,5.23486289276083
"EKVX",0.0333276485238827,NA,0,93.3344702952235,18255.5194553109
"NCI-H2461",0.068432120941783,NA,0.633153496327583,79.0165950298477,2.97970853529555
"HCC1937",0.0514217438611224,NA,4,88.6314590991449,0.879398023588571
"HOS",0.0158573395239126,35.0389241092893,2.26247610306786,0,35.0389241092893
"K5",0.161961767460487,10.5181395189331,1.31979747696431,38.2483328331517,3.51114495398723
"KP-4",0.0153176141562576,NA,4,59.985474796282,17.0810976302523
"KS-1 [Human glioblastoma]",0.0517090732534875,NA,4,67.466478424351,6.69262669910247
"LC4-1",0.162446399227809,5.03581012993533,3.61237968519112,33.4294698044323,3.70932065913926
"MG-63",0.0879454485015945,NA,2.45675023081009,81.339443602412,0.771441584806406
"SJNB-7",0.0526521803064317,NA,4,92.9458062193531,0.115323043354833
"NCI-H810",0.162105648327537,NA,4,75.6640485127277,0.200827846959121
"OPM-2",0.0480092515683146,NA,4,68.7477878081491,6.94668773219112
"PSN1",0.235043996190441,2.81230095611188,2.2302859871409,35.6607774104485,1.60636553283036
"SH-4",0.0715130899829368,NA,4,65.7291861966374,4.73594860027964
"VL51",0.336187561840298,1.93765395689888,1.04691759455126,13.2303413963917,1.44470020695642
"TK-10",0.13629875940225,114.489418517534,0.397118952702398,0,114.489418517534
"YH-13",0.0652265640612926,1008.98343903474,0.395952085502998,0,1008.98343903474
"HH [Human lymphoma]",0,NA,0,100,553303.899053184
"TE-9",0.0422839925095684,NA,4,90.1310009540055,1.03698078508819
"SNG-M",0.0951947626254724,NA,0.65453418722028,84.9964074327594,0.19743506057218
"KNS-62",0.0793562305100642,NA,1.52766882695771,75.5858727922884,2.16326241385758
"COLO 684",0.0103942152181303,26.3346857440486,4,0,26.3346857440486
"ECC10",0.0696819355334738,NA,0.135118888987572,86.9984685458963,0.213682265679707
"EFO-27",0.15201566453685,NA,1.02831778835838,53.0055715381001,2.35470627543705
"KATO III",0.207032616470642,NA,4,59.5288785197241,0.584087268546034
"NCI-H1666",0.15625219380312,NA,4,74.006191789307,0.314649016590864
"Rh41",0,NA,1,100,0.0200105397013264
"RT-112",0.109419933357642,34.6245267592459,0.683917101540717,0,34.6245267592459
"SHP-77",0.129372953881603,389.212308354448,0.319614338820689,0,389.212308354448
"ST486",0.046997471104347,27.8934867167701,1.47226482177967,0,27.8934867167701
"SW684",0.071876599715309,NA,4,83.7048187104767,0.950294146768366
"WM115",0.013446125974747,26.1013612777954,3.68145237242271,8.69658053944432,24.7811841569607
"HLE",0.0332991699489662,NA,4,78.7296776053018,6.80541966563419
"NCI-H2731",0.0234588586182915,NA,4,86.5414477371913,6.01228456863625
"RPMI-8226",0.233337311280105,3.45710482500493,1.6829212983992,34.9654019573859,1.69281695494383
"HA7-RCC",0.0300933020870506,NA,4,82.3510969133122,6.17330063091235
"G-292 clone A141B1",0,NA,0.813093406847497,100,0.0828745068233674
"SW1088",0.0330984480771967,NA,4,78.2592446059045,7.01407676438994
"OCUB-M",NA,NA,NA,NA,NA
"BICR 22.1",0.169219407386421,NA,4,71.0572683340849,0.352495271684897
"COR-L311",0,NA,1,100,20
"U266B1",0.0450342570933615,NA,4,80.6518833979467,4.00852699964682
"H4",0.103239441914506,NA,4,52.4145941962142,4.47179969702556
"HDLM-2",0.023305546498471,24.9348412079188,2.71867733405254,0,24.9348412079188
"ES5",0.124407064244839,NA,4,86.0092285839605,0.0425011830229206
"EW-7",0.0562945082450046,NA,4,64.0047389734497,6.81295239088942
"IHH-4",0.279276422437791,8.3051913165538,1.47806053227168,49.3458916013123,0.441739447931472
"KYSE-270",0.0899058242405138,NA,4,57.3924173024778,4.6598381149624
"MDA-MB-436",0.0646026391188578,547.086144082317,0.442256431187635,0,547.086144082317
"MN-60",0.0157046965936122,NA,0,96.8590606812776,0.814630913319781
"MS-1 [Human lung carcinoma]",0.0467011074658969,NA,4,65.6298199385879,7.87052611781998
"SJNB-10",0.126484802512929,7.03000167034799,4,42.3494384739381,4.39679538456527
"OVMIU",0.0969547532338195,NA,4,89.6549917552102,0.0294122792705624
"PF-382",0,NA,0,100,17897.0426207206
"SBC-3",0.207897350357234,6.49384694047148,1.24017575020364,37.8629246022506,2.07357974048278
"SUP-T1",0.0986675672579515,NA,4,57.2165827036221,4.06822836746952
"SW1710",0.0530641333155691,NA,0,89.3871733368862,0.00916847012810489
"UACC-62",0.00683542327822892,NA,4,96.2688709806035,5.65148214398882
"NCI-H3255",0.0532244369083258,NA,0,89.3551126183348,1.07435901073827
"HLE.1",0.056461491297663,NA,3.08435810271827,70.8227748272482,5.28247671853726
"ST486.1",0.0935178342014477,65.9675221664519,0.602664108835852,0,65.9675221664519
"CAL-54",0.119031940301855,NA,4,50.3790468957873,3.8157630726293
"Capan-1",0.0559284901731756,NA,4,91.2183649319155,0.245770930410242
"HCC1569",0.0188395544102942,NA,4,95.2310953365822,1.30608839946186
"IGR-37",0.0322049782623398,NA,4,85.2568243175749,4.42609152509832
"MEG-01",0.0509597683223895,NA,4,76.9713470416231,4.33965729601553
"MKN1",0.0798463595586835,NA,4,69.9419089279336,3.1933083072541
"ML-2",0.229003738179916,2.52817593238879,4,31.8779314796891,1.96162836879941
"MS751",0,NA,0.160840222837547,100,0.0536579761382389
"OV-90",0.103966127030443,NA,4,89.2725962785311,0.0215466192971162
"OE33",0.333463557310805,1.09294422517797,2.5106611728521,49.1523060615867,0.215433528140969
"SCC-4",0.0626754621745116,NA,1.30377465149365,83.8214547567098,1.40576621394315
"TE-8",0.138076590493898,NA,1.42553037639001,75.6124064286447,0.397656226188348
"VCaP",0.044526308441966,NA,4,77.0553874352101,5.24089223322604
"WSU-NHL",0.280451949918829,2.64976630754879,1.88275666595963,9.6954974472703,2.36311308500645
"HCC366",0.142808923681645,24.8528137308402,1.83321684553413,49.0029754169702,2.93697217309721
"EFM-192A",0.0225664370561691,NA,4,93.0306887905616,2.13661619118486
"Hep 3B2.1-7",0.0960689480727607,173.813164873965,0.638057716567537,37.2535916545767,20.4073794138268
"JVM-3",0.369043199970837,1.63871402362226,0.95835228720343,4.12357556000336,1.49795326137159
"KYSE-140",0.142124138143913,30.3136045721483,0.576438604107822,0,30.3136045721483
"KYSE-220",0.188185699310911,14.2603086125638,0.60062973425192,0,14.2603086125638
"Lu-65",0.327846422877905,NA,1.02949198168132,53.1815294544843,0.141275438173868
"M059J",0.117140076549899,606.300079904183,0.315639454980388,0,606.300079904183
"MLMA",0.122266202915067,7.52628098660143,4,30.4043032567864,5.95494979845368
"MPP 89",0.0144197888543355,NA,4,94.7880254805879,2.95900520560773
"Namalwa",0.136574476545253,8.93602479247495,2.19685857241202,40.951779333315,4.10396990249377
"NB69",0.16646985025393,5.20457791227466,3.05465445633733,30.7927181853261,3.80506641657969
"NCI-H1915",0.184624412194465,288.93174722117,0.255688978812313,0,288.93174722117
"NCI-H358",0.0676427548817553,NA,3.49793839060929,73.808394846767,3.36161389862697
"OCUM-1",0.207582166699731,77.4182988653382,0.299916572679367,0,77.4182988653382
"ONS-76",0.0524801220898456,NA,4,61.0357991274993,7.93700730266595
"SAS",0.0828904103524486,NA,2.51865163638448,54.1145594315534,5.84440939297406
"SNU-423",0.191414587932082,55087.9846588853,0.128443951152298,0,55087.9846588853
"SW982",0.125783991341136,21.7343123800105,0.756370911869528,0,21.7343123800105
"TE-5",0.0345988233604534,NA,4,75.3698894280624,7.61910749652235
"IST-SL2",0.172066378240247,22.749839805782,0.535469121201385,0,22.749839805782
"A-375.7",0.19351530850238,NA,0.790713263064166,60.8827425017026,0.659539165299885
"A-375.8",0.0502116809243999,20.3184859125997,1.95438436006163,0,20.3184859125997
"A-375.9",0.10270047714317,68.9357321366582,0.557953712818769,0,68.9357321366582
"C32 [Human melanoma].8",0.0826832884603758,NA,0,83.4633423079248,21.294692600129
"C32 [Human melanoma].9",0.0436124739434132,NA,0,91.2775052113174,12443.2275682317
"C32 [Human melanoma].10",0.0502297774987484,NA,0,89.9540445002503,0.563134711241791
"HCT 15.4",0.106555600897471,NA,2.65356184284995,50.6211998730529,4.53803709272469
"HT-29.7",0.213196099009821,NA,4,57.5312489071861,0.623912772347214
"HT-29.8",0.0901811964768816,NA,2.06224307979819,66.9278807059664,3.07199451109048
"HT-29.9",0.100759466515438,NA,4,65.9275814180128,2.59396363693771
"MFM-223.4",0.0348755942131671,NA,4,91.5516749506062,1.15529632244193
"MFM-223.5",0.0690704194636988,NA,4,89.8015035226543,0.185946487447806
"MFM-223.6",0,NA,0,100,8.74390852064052
"MHH-ES-1.8",0.0350691248100455,NA,0,92.9861750379909,0.02799116994161
"MHH-ES-1.9",0.00388535532429098,34.4708221977143,4,0,34.4708221977143
"MHH-ES-1.10",0.062130882806442,NA,0,87.5738234387116,0.0283949951550289
"PC-14.7",0.182032441735208,1453.81385094734,0.200646845325197,0,1453.81385094734
"PC-14.8",0.157074043014629,75.3260802175738,0.393930084472055,0,75.3260802175738
"PC-14.9",0.153190231777588,417.576519341418,0.279590834292934,0,417.576519341418
"SNU-C2B.4",0.134198890223196,2163.68798700967,0.239154425313023,0,2163.68798700967
"SNU-C2B.5",0.205588617780284,98103.6316411617,0.114376033661976,0,98103.6316411617
"SNU-C2B.6",0.17037673979845,1776.96758977068,0.262825854415413,28.8722415931322,67.0255622150286
"SW620.8",0.155332080178811,2754288.2854331,0.115151217562482,5.50590407556174,1e+06
"SW620.9",0.120477232712264,55.9895519418058,0.531159719808766,0,55.9895519418058
"SW620.10",0.177781051131804,469881876.476054,0.0874420905596281,20.8038405412672,1e+06
"U2OS.8",0.115764552675606,NA,0.978444824873617,86.0527948993353,0.0440096897300357
"U2OS.9",0.111557892642892,NA,0.0293522820193981,77.6344406950082,0.745809060070584
"U2OS.10",0.109205237882294,NA,0.00702713269135902,78.5116676069297,0.0059153005104154
"DSH1",0.0477970012551721,NA,4,80.0325276710218,3.82919602072276
"HCC1419",0,NA,0.773910485299114,100,5.41402644759289
"DMS 79",0.0893095499358291,NA,4,67.4248307105517,3.01061318807465
"HCC1500",0,NA,0.91531468537299,100,28.0043854345707
"Loucy",0.0502588764344103,NA,4,82.5372286425484,2.73978538874475
"ME-1 [Human leukemia]",0,NA,1,100,20
"MFE-280",0.0481872285072646,NA,4,80.7251570136734,3.55790212404172
"SK-MES-1",0.0210860850606883,NA,0,95.7827829878623,3.44422974640165
"SW626",0.158467766318347,NA,1.18372061495783,77.1628371471834,0.154670397055818
"NCI-H2023",0.140235592445078,16.4791477574512,0.837508357776091,10.3415895071617,12.4961177923655
"SCC-9",0.269062328412938,NA,1.36793474985155,63.8798749676791,0.108863039961984
"OCUM-1.1",0.0921963473461058,NA,4,64.9574314731202,3.24991075554761
"HT-1376",0,NA,0.572272477448574,100,0.0650205600053186
"KU-19-19",0.231638000655399,9.07144242532794,0.831483556453439,37.1321713568979,1.77314817050724
"SNU-449",0.073101353549615,232.090918882089,0.495578440745093,0,232.090918882089
"KYSE-450",0.159590264406127,110.935908922246,0.353069809652272,0,110.935908922246
"WM1552C",0.122278887378479,NA,3.14940292450426,68.2613149181866,1.39748314601735
"KYM-1",0.109746043563471,453.470575073621,0.345562305018809,0,453.470575073621
"T98G",0.0243735731417463,NA,4,84.9726368793931,6.54213108039837
"CW-2",0.166931899486513,NA,1.60051907785463,76.2204795119432,0.15312825362489
"Farage",0.16784527492529,NA,4,68.1284495807021,0.526331186082042
"MCF-7",0.0328318874951711,NA,0,93.4336225009658,15.6353106475662
"SU-DHL-6",0.0850395160955559,NA,4,52.4923180912385,5.8189058003391
"SW48",0.0334967048251928,29.268287767211,1.7765957614142,0,29.268287767211
"K-562",0,NA,2.9104188845523,100,1e+06
"KP-N-YN",0.181472128040533,NA,0,63.7055743918934,0.0353389826939267
"KYAE-1",0.142614180282637,NA,4,85.3299622775848,0.0207618382485362
"H9",0.149292182631703,5.52897237481309,4,45.6940488510081,2.9951542509778
"HCC1187",0,NA,0,100,1e+06
"JHU-022",0.153912383950837,268.736298391251,0.464700783689192,39.1438466138007,10.0454426607902
"Karpas-1106P",0.104270037211657,NA,1.88514800020426,55.7185020092652,4.0332451446947
"Kuramochi",0.0591096594623421,NA,0,88.1780681075316,0.624336485243473
"KYSE-70",0.133324503442638,NA,0.564951879188837,85.6855149294385,0.00259387750833749
"LB831-BLC",0.0709341457628685,NA,0,85.8131708474263,5.94389567860616
"Lu-165",0,NA,0,100,1e+06
"MDA-MB-361",0.0828392048331102,NA,0.99442658652516,87.1527861529688,0.214867598210588
"SK-MEL-24",0.0853953830525352,NA,2.4561778792025,81.7317109335798,0.792182253209349
"SK-UT-1",0.130122841511818,NA,0.924322815853767,81.451861887514,0.133739669957153
"Mo",0,NA,0,100,1e+06
"ECC12",0.0332557278143317,NA,4,86.0493843409654,3.85557370453287
"IST-Mes1",0.184784945277857,NA,0.758603765377446,77.81997895517,0.0316383974560816
"MDA-MB-453",0.262976919124721,NA,1.38232923027936,67.3202363424066,0.068287006690916
"NCI-H1651",0.0776090017586852,41.4263772377937,0.816196369330936,0,41.4263772377937
"NCI-H82",0.119367620662059,NA,4,50.9789606388283,3.72140788931754
"OVCAR-5",0.154176854924868,NA,0.978264095425389,58.383760015355,1.66431250881534
"SKG-IIIa",0.0880248906956704,NA,4,85.2290436742776,0.326112992368131
"SK-LMS-1",0.205927180966746,2865.14667907983,0.164034984854272,0,2865.14667907983
"SK-N-AS",0.186259101596637,143.968555915816,0.290653317816868,0,143.968555915816
"SNU-387",0.170212112320233,5692312.55703755,0.104543584007036,8.31215814482814,1e+06
"SW1417",0.169040629695065,NA,0.739936440509885,80.1886840129355,0.0236458613303135
"NCI-H226",0.113604197327848,NA,0,77.2791605344304,0.00158156541294942
"MIA PaCa-2",0.00916519454192345,31.6227766016838,3.234375,0,31.6227766016838
"MDA-MB-415",0.0290711201307517,NA,0,94.1857759738497,49.2594347601381
"NCI-H520",0.108002114591592,NA,0.510761137872759,82.5564157222477,0.194172068759312
"SU-DHL-5",0.149846008621373,6.50120267585908,4,14.6102109635319,5.9630808507894
"MKN45",0.175833481567691,NA,1.94297538711373,52.1222989946885,1.58827186674765
"LAMA-84",0.081785819224364,NA,4,60.5412255558167,4.78216600035659
"NALM-6",0.134103410043148,7.12591162716784,3.12976369484136,32.309218080101,5.11291829309585
"SJNB-14",0.143080047577454,75555.1047788299,0.156045092236321,0,75555.1047788299
"NCI-H1792",0.233672355322846,NA,2.07733737452561,51.66733450542,0.709279153361382
"HuCC-T1",0.192782817276262,NA,0.865772554991792,67.3376896197577,0.316338400311274
"L-1236",0.0677136074270619,NA,4,64.4671590823081,5.36954447028643
"LCLC-103H",0.106131341226836,312.272870271502,0.378171116531259,0,312.272870271502
"LOX-IMVI",0.163799454366305,23.5121007887741,0.556631941205715,0,23.5121007887741
"MDA-MB-157",0.247424482014194,NA,1.35106321599472,67.3709473297946,0.0979490251987214
"MDA-MB-330",0.0495398563328596,NA,0.151757533041657,53.3464039155527,1e+06
"SJNB-13",0.196952932962565,51.9626163206126,0.351511091523936,0,51.9626163206126
"NCI-H1299",0.147537581714945,332.921009665148,0.299489700042016,0,332.921009665148
"NCI-H1581",0,NA,0,100,1e+06
"NCI-H1876",0.0722377734982879,NA,0,85.5524453003424,0.00652291356020638
"NCI-H524",0.0585818728097043,NA,3.90230637095617,65.3843744567608,6.23062039047107
"NCI-N87",0.162912541067483,NA,1.00038129452606,61.2885793146357,1.13493557050139
"RXF 393L",0.125345149299768,NA,4,86.838495917328,0.0257197632487978
"SK-LU-1",0.0981530868549227,NA,0.13431510271674,82.4641252688638,0.102599873927581
"TOV-21G",0.245570280245974,12.5639342544875,0.437439058602378,0,12.5639342544875
"VMRC-LCD",0.105058530897794,NA,0,78.9882938204412,0.000486299121656601
"NCI-H28",0.148987581434112,NA,0.255984345240513,71.9237507532044,0.379739546360121
"NCI-H2087",0.0073761600822778,29.0054921945808,4,0,29.0054921945808
"BV-173",0.251710565453026,3.05957430824938,4,10.101699473231,2.89172575915119
"CHSA8926",0.0603534090279575,NA,4,78.0865399153281,2.98466538374816
"JHH-7",0.0205645684836863,NA,4,91.2315235869079,3.95972585883346
"KINGS-1",0.128343961181165,NA,4,74.933926788028,0.582209462167124
"LK-2",0.0386496781690214,NA,4,94.7000344712925,0.129838578517549
"MKN28",0.173050827667219,NA,0.969941518565555,55.5904388656753,1.44118019265832
"NCI-H1355",0.165502830540166,NA,0.627038537159636,73.5456911197006,0.208711794464738
"NCI-H1993",0.208599463230459,NA,3.25379162214764,59.0625763328134,0.592209202720887
"NCI-H441",0.0466945596020329,NA,0,90.6610880795934,8.27027768735503
"Panc 10.05",0.09375,NA,0,81.25,1e-06
"WRO",0.058304373490586,NA,4,90.5468567148474,0.282391324117559
"SK-OV-3",0.127364171599675,NA,0.0136201713478087,74.0777250383034,8.07500730800745
"HT-29.10",0.206567787930506,93.2991401156436,0.288519049759123,0,93.2991401156436
"HT-29.11",0.119372771366234,8.06640008600204,4,45.5818324651328,4.39792483698608
"HT-29.12",0.114770609054912,NA,1.99385326664776,54.9461057676345,3.49527566720239
"MFM-223.7",0.036425697205893,NA,4,90.8185842232225,1.29099317108287
"MFM-223.8",0.0168787200426193,NA,4,92.2699424386417,4.42879213595103
"MFM-223.9",0.0458823029307979,NA,4,91.882741366713,0.403113386276457
"MHH-ES-1.11",0,NA,0.549404055122472,100,1.44038334645456
"MHH-ES-1.12",0,NA,0,100,0.027092905696385
"MHH-ES-1.13",0,NA,0.240528932644466,100,1.82512939955405
"PC-14.10",0.0958808205743607,25.8589850610391,0.882425521012825,0,25.8589850610391
"PC-14.11",0.0992148771711453,388.219603078968,0.408782429384785,15.0869503126711,161.250051652388
"PC-14.12",0.119575821102322,258.590428620347,0.364067051694713,0,258.590428620347
"SNU-C2B.7",0.171161166579077,124.694135111893,0.32450947087425,0.47122926087312,121.108100375077
"SNU-C2B.8",0.138488569696449,NA,0.885576230186432,60.0535385658813,2.06356941653168
"SNU-C2B.9",0.101448532773734,NA,0.0471958017143501,80.610462934296,0.0879480193323544
"SW620.11",0.143886786768964,1377480719353319,0.080141171116293,40.7412365802413,1e+06
"SW620.12",0.089691605402238,69.4968414467064,0.608893758808018,0,69.4968414467064
"SW620.13",0.0696793804079232,454.035946436042,0.441841776634695,0,454.035946436042
"U2OS.11",0.122818569620519,190.401789632338,0.38104684481916,0,190.401789632338
"U2OS.12",0.107793946227087,2864.9842036114,0.26366129454314,0,2864.9842036114
"U2OS.13",0.101470274969362,185.013125756722,0.433693080705118,0,185.013125756722
"A-375.10",0.147178824206922,17.5813156163369,0.721235808322636,0,17.5813156163369
"A-375.11",0.0748055075525308,25.3641285134809,1.10360466045504,0,25.3641285134809
"A-375.12",0.0968303726099243,10.1769065204409,4,43.2544149025917,6.16777028937644
"A-549.4",0.329512952141297,0.741524881000278,4,37.4926315191959,0.524414526080973
"A-549.5",0.233109380244088,2.51678789844822,4,30.0808365650929,1.999502215644
"A-549.6",0.27568975252214,1.96003082890479,4,23.1649122836076,1.67762989304788
"C32 [Human melanoma].11",0.0192786471035739,NA,0,96.1442705792852,17.4048689225831
"C32 [Human melanoma].12",0.0313209381969003,NA,4,87.7631671125584,3.41438119578719
"C32 [Human melanoma].13",0.0214609796449723,NA,4,91.1763544573733,3.7286620888206
"HCT 15.5",0.149276598686195,7.44580117716185,1.99609881221935,29.4996636467552,4.76352604976874
"HCT 15.6",0.19843462855638,5.62959502011552,1.37580962473783,22.6331365403227,3.63269712816142
"HCT 15.7",0.235792205560194,2.84919618770195,2.24186485709396,44.5252804984942,1.0622730522531
"Hs 578T",0.153703152108529,1062.26905017452,0.240235425145648,0,1062.26905017452
"Karpas-620",0.0413949820938303,1638.18981352902,0.442352443984392,0,1638.18981352902
"MDA-MB-468",0.116676656246788,466.965925135969,0.33097562183238,0,466.965925135969
"NCI-H2085",0.0787112291447301,NA,1.2600672606669,92.1288736468529,1e-06
"NY",0.0507037137811147,NA,0.546861682488666,94.2113294016495,0.00836437361400243
"SF539",0.15410379393406,64.8381716432057,0.792848287862237,44.6249600254811,3.89201233005381
"SK-MEL-2",0,NA,0,100,0.454702182648757
"SK-PN-DW",0.117415880875929,134.789324287854,0.875835388895375,46.6566407292604,6.14217862560853
"NCI-H3122",0.180958325660453,144.886609746825,0.298116993584322,0,144.886609746825
"NCI-H727",0.0497698312540895,973864788.21049,0.177793054645167,35.2897169848,999810.02999137
"SW1271",0.0575788084599804,NA,4,73.9337042018022,4.35153465141598
"NCI-H526",0.251254323177376,2.885946001159,1.68958660876626,31.2653996886034,1.61422038424185
"Raji",0.0559362689013311,NA,4,73.4843012798992,4.66157155124584
"HSC-2",0.0413554957448541,25.6594040174858,1.74688361599106,0,25.6594040174858
"NCI-H2029",0.0501022992804566,NA,0,89.9795401439087,0.0415879338450157
"NCI-H650",0.0582455647310856,245215.076256367,0.222951781164153,0,245215.076256367
"NCI-H1755",0,NA,0,100,31.1472752121698
"L-363",0.0920418963665221,NA,4,63.5485519359934,3.49681619786718
"A4/Fukuda",0.176717976872786,4.16970598998584,4,34.2788998575237,3.12236497038976
"TGBC11TKB",0.301302612519936,1.06670810982474,4,35.9263818914875,0.776970511669498
"NCI-H522",0.0408675480347087,NA,0,91.8264903930583,0.0499971378802461
"U-698-M",0.14407925321654,NA,4,50.3792423111325,2.6918416488173
"KMS-12-BM",0.0325895243047699,NA,4,85.0422255704354,4.4433811144244
"MV4-11",0.436540187014142,0.704141928106134,3.48086693165646,11.9646661547127,0.650932155362341
"NCI-H1435",0.0400573827151064,NA,0,91.9885234569787,0.906455675685051
"NCI-H1869",0.00924750124811866,NA,4,90.2710727976419,10.5694275965637
"NCI-H211",0.027751020495547,NA,4,89.1800236053506,3.40205293267592
"NCI-H211.1",0.0355687953934122,NA,4,84.0732706470122,4.27883236729006
"OCI-AML-3",0.278378027038853,2.63224141529847,1.47086518066682,18.9048829723863,1.90582587474417
"OCI-AML-3.1",0.307014006623353,2.56407613117912,1.02167876894328,9.83893300275675,2.06911883245936
"SaOS-2",0.0133049597243713,NA,4,97.0248278401708,0.911032323248552
"WIL2 NS",0.122503808039914,8.53058752016889,4,3.74338553639006,8.36623198377939
"WIL2 NS.1",0.103046482251302,9.89774247612089,4,2.5349398899319,9.76983339307955
"MOLT-4",0.0452807675543196,NA,4,94.9599029677272,0.039741081343748
"MOLT-4.1",0.0141734524277317,NA,0,97.1653095144537,4.14187774002831
"SNU-C5.1",0.167312340811286,NA,4,67.7713235509861,0.554274665826074
"HT115.1",0.0981152993761544,NA,0.832165089332364,70.8730495984061,2.29178161594814
"LS513.1",0.24938913230417,NA,1.4443115947032,51.5406508034756,0.570999182462075
"GP5d.1",0.143849333557925,NA,0.581837067554709,50.6990358864071,4.54572811685876
"HCC2998.1",0.29354903342914,NA,3.3327044528527,50.6292789466354,0.329162997924387
"CTV-1",0.143256327178199,6.7895676758196,4,16.1522797929977,6.15859969382976
"RPMI-6666",0.301502832272326,2.91323835766344,0.887564404613654,9.61030765753555,2.29051691775619
"A-204.1",0.0127878659588654,NA,1.85127618148969,87.960975262966,18.0398696504611
"MES-SA.1",0.0966504823756449,NA,1.61082361362932,61.7560803774926,5.80346289319092
"PL4.1",0.00608218110572822,48.9264711838702,4,0,48.9264711838702
"OS-RC-2.1",0.0020853249868619,64.8444518362969,4,0,64.8444518362969
"WM793.1",0.134295834590953,NA,2.94139196470388,58.7835468794072,3.37232538893897
"KYSE-50.1",0,NA,0.760419821423595,100,1.94894306849432
"KE-37.1",0.113451737569018,19.9612014775653,1.35746740359909,0,19.9612014775653
"Jurkat.1",0.0500030852290923,NA,4,67.1826358900258,11.2125900931777
"KM-H2.1",0.00163001257102557,69.0728347318553,4,0,69.0728347318553
"697.1",0.185555409450469,8.03266914703785,3.01292452718026,14.5603850757593,7.165501953496
"8-MG-BA.1",0.113524520529799,NA,3.502286507941,63.3775574623862,3.76123921573204
"PaTu 8988t.1",0.0162286754868422,NA,4,92.5632685340218,7.09237847361895
"FTC-133.1",0,NA,0.146285176358609,100,14.2599208761671
"KMRC-20.1",0.0260854852703808,NA,4,77.3440306503479,14.6005978159441
"NCI-H1975.1",0.0844104868717416,NA,3.37957304144527,79.4433090206057,1.87665239156071
"OVCA420",0,NA,1,100,0.320112413608878
"HCC1954.1",0,NA,1,100,1.01219545183127
"ASH-3.2",0.011665442474381,NA,4,94.4081143018842,7.58049970256332
"NCI-H1568.1",0.00666356950712088,NA,4,97.8688861583345,3.69147864298957
"NCI-H1563.1",0,NA,0.985678610808873,100,0.228708071144102
"Daudi.1",0.206866106486279,NA,0.860026453312505,59.0785464513205,0.970319898401693
"CTV-1.1",0.137886906737407,12.8912918470812,2.12007067843349,18.3056364956416,10.3970229399675
"EM-2.1",0.136107202836596,27.7205771673188,0.817978632738588,5.81968084245771,23.8288080133231
"WM278.1",0,NA,0.981437775177011,100,22.7172102060702
"GI-ME-N.1",0.129103670402555,NA,1.64157558892776,67.4810796945945,2.07431453762807
"EJM.1",0.00274661235980671,60.3898607907119,4,0,60.3898607907119
"HT-3.1",0.263473978196126,NA,4,54.3772772748263,0.592601969721344
"Hs 746.T.1",0,NA,0.0881131035105361,100,4.68864116826288
"EW-18.1",0.0386636082119538,NA,4,90.304832218609,2.03641039682299
"RPMI-7951.1",0.0479138165008989,NA,4,72.184923167521,9.7577285328048
"CA46.1",0.0908858404266794,NA,1.48961740606232,73.5001008691613,3.05261439202136
"RCC10RGB.1",0,NA,0,100,1672.37458713785
"U-251MG.1",0,NA,1.59505185288545,100,246.113811749299
"Karpas-231.1",0.0700249202341238,46.3283715315008,1.06476425922528,0,46.3283715315008
"BALL-1.2",0.192916365737657,6.92897587766071,2.37839950001575,32.7170784773646,4.43295038646947
"IGR-1.1",0.0160627978907606,NA,4,90.1745126464551,10.3737833902512
"KP-1N.1",0.103952664286909,NA,1.33425711710665,61.5787304316601,5.26269710270077
"OVCAR-8.1",0.0726968152210986,NA,1.97918301349059,56.6824034857044,10.5935353106442
"JJN-3.1",0.037794928302481,180.060031027398,0.82380829428405,0,180.060031027398
"ALL-SIL.1",0.068065968560459,NA,4,88.4298976409767,0.550057148950257
"HEY.1",0.111888266165006,NA,2.26200147496115,58.5910844879109,4.98239141563986
"HeLa.1",0,NA,0,100,5.29813749099428
"SCC-15.1",0,NA,0.657246826922437,100,159.278026463004
"CAL-33.2",0.171069866028873,NA,4,74.1533687736568,0.33089957055329
"JHH-6.1",0,NA,1.07865992357137,100,136.022424271759
"ES4.1",0.0864166022974111,NA,4,79.0593322053396,1.85022643283491
"UACC-257.1",0.00473279338720995,NA,4,98.285147118632,4.7566501118734
"KCL-22.1",0.10610966521969,NA,3.61437311763266,53.4494072442876,6.63397992189641
"CHP-134.1",0.148775962220053,11.0460439969711,2.58033241975547,17.7361025329166,9.3212622706909
"KMS-12-BM.1",0.0524247162464491,NA,4,80.0719195336891,5.20088418307923
"OE19.1",0.128189678920844,NA,4,59.9159570708108,3.51424579515563
"MDST8.1",0.0692119802078084,NA,4,80.0588151695516,2.91068413768517
"HCC2998.2",0.340559842049413,0.999854833883285,3.00212470849415,42.7562729155453,0.525370367996005
"G-401.1",0.28219440425249,3.19637877934548,1.7540635609638,34.2877687066877,1.65214533372853
"OAW28.1",0,NA,1,100,0.320112413608878
"DMS 53.1",0,NA,0.994585896827774,100,0.103640975712963
"TOV-112D.1",0,NA,0.278056273215321,100,3956.57940804666
"AsPC-1.1",0.126707694884017,NA,0.954107972056466,82.2975292222776,0.193280663272304
"HSC-3.1",0.190403006859411,NA,1.38014536380716,55.5491148931308,1.67573728584099
"Evsa-T.2",0,NA,0.580331928271621,100,2.14864187898013
"VA-ES-BJ.2",0.0575286764850826,NA,2.68506486963323,58.9357513965925,12.5142501390233
"GOTO.1",0.174762303133715,21.7443912939998,1.65666198444794,47.9171949819042,3.19266178919187
"SNU-175.1",0.073495127748493,NA,1.63006908884607,61.554791051098,9.21658176748639
"IM95.1",0.0975396235880546,NA,4,81.8082157805675,0.788406682082356
"OVCAR-3.1",0.0497414930048954,NA,1.44468380007994,75.0654967111315,8.92860586587269
"LXF 289.1",0,NA,1,100,0.0320168635221223
"AGS.2",0.0858111856086475,NA,4,63.4366827728206,6.32839503453914
"AU565.1",0.0678020577212826,NA,4,87.566766359532,0.74009369296656
"LN-405.1",0,NA,1,100,3.20056201869048
"TE-4.2",0,NA,1,100,0.101237322456951
"42-MG-BA.1",0.0600331470293861,NA,4,82.2906343930157,3.07796713309261
"TUR.1",0.212942374900636,5.77667928872634,2.42852283016616,29.0212858850576,4.03981195620789
"EMC-BAC-2.1",0.00950735770612696,43.2237208469724,4,0,43.2237208469724
"LC-1/sq.1",0,NA,1.09473474126662,100,39.4718872410428
"Hep-G2/C3A.1",0,NA,0.415631262776183,100,11.298466413377
"Karpas-45.1",0,NA,1.59133478747752,100,59.4368504581224
"A-375.13",0.0485810690554892,NA,4,66.0459116099607,11.968808905402
"C32 [Human melanoma].14",0,NA,1,100,10.1201771030993
"C32 [Human melanoma].15",0,NA,1.00542483838672,100,27.6915609820418
"C32 [Human melanoma].16",0,NA,0.742871828584669,100,60.7112957348984
"HT-29.13",0.113056792952788,NA,4,64.9327364583649,3.45174731717801
"HT-29.14",0.142497785563081,NA,4,56.3246019063539,3.36078812941331
"MHH-ES-1.14",0.00519225668235897,51.0609759594166,4,0,51.0609759594166
"MHH-ES-1.15",0.0123906081216547,79.5398118458362,1.90269750867539,0,79.5398118458362
"MHH-ES-1.16",0.0289193129209377,NA,4,81.9523559698375,10.6114689146441
"SNU-C2B.10",0.094582872939834,NA,1.96955259725805,78.1040989661934,1.62133437719796
"SNU-C2B.11",0.0485460795284173,NA,4,90.181844496248,1.0517360005204
"SNU-C2B.12",0.0933398977890182,NA,4,83.291382718149,0.675114461635768
"U2OS.14",0.0282313533739101,NA,4,82.9870196191442,10.1972141440334
"U2OS.15",0.0156165589728413,NA,4,90.494648613534,10.315177635909
"U2OS.16",0.0234015865525214,NA,4,88.0526535738138,8.28061362804589
"PC-14.13",0.0481628415960077,NA,4,67.0734393474086,11.7027470585091
"PC-14.14",0.0343765213482324,NA,4,82.701741581056,8.11819718444444
"PC-14.15",0.0488727266846108,NA,2.12893251341867,63.9332105516734,13.4450449698828
"SW620.14",0.0288911807637357,NA,4,82.5615908234279,10.2160562695251
"SW620.15",0.0568569796338117,NA,4,77.4648934903474,5.60270332218492
"SW620.16",0.0434599942057797,NA,4,82.1890885659369,5.9335006452416
"HCT 15.8",0.113489175902253,NA,4,53.5030510002328,5.9305853928402
"HCT 15.9",0.0935714008078302,NA,4,78.4443981204427,1.59577027761921
"HCT 15.10",0.107007121380809,NA,2.61333433737215,61.9337358038789,4.60186966398799
"A-375.14",0.0839330823867278,21.0262698677086,4,46.4112540211947,10.8831699931432
"HGC-27.1",0.129957239035108,10.9329367614616,4,33.9673633193457,8.22707720261194
"B-CPAP.1",0.00525132887301344,50.9061337620775,4,0,50.9061337620775
"SK-MG-1.1",0,NA,0.946667479105296,100,2.81917323858747
"NCI-H1650.1",0.023946646070515,NA,3.5824992539728,89.9593666297409,6.16658114775172
"786-O.1",0.0333704678109054,NA,4,75.4560087027363,12.5852696415638
"TGBC24TKB.1",0,NA,0.476576699628995,100,222.158431340876
"KP-2.1",0,NA,1,100,1.01219545183127
"HDQ-P1.1",0.0422499558230243,NA,4,88.6214875130137,2.46205734080821
"NCI-H716.1",0,NA,1,100,10.1201771030993
"MHH-PREB-1.1",0.0642798078049248,NA,4,57.0244422901955,11.434606797362
"NCI-H513.1",0.0430694080940316,NA,4,81.8730689678807,6.20240972515221
"Huh-7.1",0,NA,1,100,0.0320168635221223
"HT-1197.1",0,NA,0.264523797876781,100,418146.63364318
"J82.1",0.0137397650077936,NA,0,97.2520469984413,38.1085677964957
"NCI-H1568.2",0.0665899631203065,NA,4,86.2163230672813,1.13746600120465
"SK-N-DZ.1",0.115638941705318,NA,4,62.5576861875186,3.79057587957621
"NCI-H322M.1",0.0827783394284754,38.8625838868396,1.46762383638548,36.2156007232876,16.152777611032
"LB996-RCC.1",0.0210493431560678,33.9548627066611,4,0,33.9548627066611
"NCI-H1944.1",0.21684896087198,NA,4,58.2268314391446,0.887026770100407
"MCF-7.1",0.00973222697964725,NA,4,94.389331035804,9.67644415252192
"KYSE-180.1",0.175528102328552,11.2116572596621,1.34436734276738,9.99518345054786,9.49779404867303
"NCI-H23.1",0.028099827833386,NA,4,87.7054949008361,6.60284246798445
"L-428.1",0.0504288702168945,NA,4,77.1406700970702,6.97637553243804
"IGROV-1.1",0.104454000532888,NA,4,63.1917762725296,4.50734403625986
"LN-229.1",0,NA,1,100,1.01219545183127
"HSC-4.1",0.0998462051995447,NA,4,71.621220877681,2.81666290528063
"Mel JuSo.1",0.0155168484429779,NA,4,97.435371153326,0.489990570093972
"639V.1",0.052652021025161,NA,2.98292686942991,67.3329959557405,10.6416564677976
"SK-GT-2.1",0.0327770478827508,NA,2.36926664142941,84.0761202321847,7.83634556738328
"NCI-H2373.2",0,NA,0,100,1.58202883908553
"U-118MG.1",0.00527928738284982,50.8335736151578,4,0,50.8335736151578
"TE-1.1",0,NA,0,100,390.98812693362
"SKN-3.1",0.0517255183049705,NA,4,64.9917272556094,11.5817504174866
"SiSo.1",0.125164901343032,NA,4,63.0453854187618,3.08418139190044
"SNU-C5.2",0.123808874958531,NA,4,76.6192461292028,0.825412562295178
"MFE-296.1",0,NA,1,100,0.0320168635221223
"NCI-H2170.1",0.0408861417797684,NA,4,75.9668047490817,9.90397964827559
"NCI-H1694.1",0.0523746251510936,NA,0,89.5250749697813,0.0691835665346741
"8505C.1",0,NA,0.860497523577637,100,0.164878578232204
"JHH-4.1",0,NA,1,100,0.320112413608878
"TT2609-C02.1",0,NA,0.659376867585538,100,0.291890498973905
"SW1573.1",0.00673992986611542,NA,4,94.6008116137916,13.6203407394971
"LOU-NH91.1",0.0346166767716005,NA,4,88.7714615231962,3.80510340711301
"NCI-H1048.1",0.0908487168974379,NA,4,76.754533223485,2.15164937483411
"C-4-I.1",0,NA,0,100,201.762140651804
"Jiyoye.1",0.0720571447702322,NA,4,61.5464228320297,8.78304676732641
"SUP-M2.1",0.5178987405451,0.696200754300839,4,7.53310609584961,0.668351016167242
"CAL-120.1",0,NA,1,100,10.1201771030993
"SW756.1",0.0373386098352845,NA,2.38673023860383,81.0271983300187,8.35660068313068
"G-402.1",0.175392859478531,NA,2.36332022653404,54.5747142569118,2.2244795700481
"WM35",0.0585333752567099,NA,4,86.6241734032196,1.5575202179661
"UMC-11.1",0,NA,1,100,0.0320168635221223
"HCC827.1",0.0232434811076239,NA,0.00763969062572522,95.3815470604192,0.182263569744386
"HOP-92.1",0,NA,1.08601489899406,100,139.772721014659
"SW780.1",0.0518337182796567,NA,2.06325091078766,86.4851918422445,2.26724897945633
"OVCAR-4.1",0,NA,1.1399707184282,100,48.7865534899447
"RERF-LC-KJ.1",0,NA,1,100,0.0320168635221223
"RL95-2.1",0.142150832629378,NA,1.04171325087206,77.8010024559827,0.359622976652533
"DEL.1",0.391090810606979,0.959515919687556,1.60238833129791,39.7484248167799,0.356928422136289
"KOPN-8.1",0.107779829968568,14.8682611225259,3.2000453258763,29.464198668802,11.2588402207945
"ETK-1.2",0.137424872028157,NA,4,58.3925541507136,3.26866167175983
"GB-1.1",0.0528484623519299,NA,4,64.9882610411424,11.3250367821267
"Calu-6.2",0.0472782371978157,NA,2.21370915889559,86.2668064690382,2.97474922306739
"BHT-101.1",0.00242252271845346,62.3861648569898,4,0,62.3861648569898
"Daoy.2",0.0101524325761126,42.4212341862956,4,0,42.4212341862956
"CADO-ES1.1",0.138653950982709,11.6870926141622,2.61242158802762,30.935405520071,8.08011403451485
"ESO-26.1",0,NA,1.80493641258261,100,184.061112573561
"NCI-H1623.1",0.229336632566654,NA,3.56095277801632,60.3691443385919,0.587804057226739
"HTC-C3.1",0.0453778854949187,40.3178380340936,1.65837073262483,0,40.3178380340936
"KM12.1",0.106875122014758,NA,4,66.5625895803897,3.51849396152641
"LOU-NH91.2",0.0751897725404368,NA,3.28852643863798,69.5212643687158,5.82916569136882
"PWR-1E.1",0.125788359886168,NA,4,77.9004964693758,0.627634541250318
"SNU-182.1",0,NA,1,100,0.101237322456951
"SNU-398.1",0,NA,1,100,10.1201771030993
"CHP-212.2",0.0816164635524563,NA,4,76.375648794142,2.94312557610032
"TYK-nu.1",0.00789412920175282,45.5436212710196,4,0,45.5436212710196
"DBTRG-05MG.1",0,NA,1.16823307093539,100,45.9003936070824
"ESO-51.1",0.127135229715573,NA,2.60300568265322,55.9188753490196,4.3743760709014
"RPMI-8226.1",0.277003363406003,3.5948033946969,1.59196660839095,38.0521984679537,1.46272667210465
"OVISE.1",0,NA,1,100,32
"DiFi.1",0.110002288909105,NA,4,82.9209919832908,0.374157792358926
"KG-1.1",0,NA,1,100,32
"ARH-77.2",0.250129082897049,3.61521461387785,4,27.3710326594892,2.96522577618715
"EBC-1.1",0,NA,0,100,0.536368464956736
"HuO9.1",0.0571201481487227,NA,4,76.9366638805615,5.78526414379815
"Raji.1",0.0405373768282769,NA,4,67.6559401757011,13.5719058500419
"Granta-519.1",0.216584286828636,6.05650133529115,1.9145053682282,37.368800158567,2.95200777010594
"TC-71.2",0.0607020031562837,NA,3.92864409797914,77.6199544047164,4.91568742951468
"HuO-3N1.1",0.043353252976508,NA,4,74.0271918454754,10.1278816901672
"BT-474.1",0.0018768627635543,66.6229182918031,4,0,66.6229182918031
"RERF-LC-Sq1.1",0.0974303914112037,NA,4,67.8373202960908,3.94870412390957
"RD.1",0.0657532185255071,NA,0.769803787644031,85.021161787065,1.64630624085556
"CAL-51.1",0.112901347494588,13.1731081292793,4,41.6908542044965,8.41075244339566
"IMR-5.1",0.238720431615835,6.15448558820673,4,0,6.15448558820673
"BPH-1.1",0.091166486042396,NA,1.71101940029559,75.4616037470895,2.47554614004447
"SNU-1.1",0.0661572659482101,NA,4,65.9314786317103,8.37793176657446
"JSC-1.1",0.42664533839793,0.702384453390556,4,26.4618568818559,0.581802307008511
"SAT [Human HNSCC].1",0.0225089308721437,NA,4,91.5666009758847,5.06491835121749
"P30/OHK.1",0.0943378879571317,16.1011149530783,4,38.8621606463968,11.0614914235766
"NCI-H2405.1",0,NA,0.9857619568489,100,0.0333535784569449
"C2BBe1.1",0.0282726645904607,NA,4,83.4674214266437,9.84285699687632
"TCCSUP.1",0.0146594585759928,NA,4,91.7732696218554,9.36277318273751
"HuP-T4.1",0,NA,0.985808871934231,100,2.46894266332013
"A101D.1",0.0807132941985452,NA,4,73.5905050810488,3.87593516533342
"GA-10.1",0.00620962992530581,48.6514439922034,4,0,48.6514439922034
"CESS.1",0.260249238504446,3.91758840934147,4,19.0280746797111,3.47550850700673
"RT-4.1",0.0866395995950392,2185.43129902085,0.329201876536576,0,2185.43129902085
"NCI-H1155.1",0.00227117797333836,NA,4,91.25,31.6227766016838
"COLO 678.1",0,NA,0.974492469387705,100,0.130087561015328
"A-172.1",0.188798829041594,5.72392134446838,4,47.7416689564803,2.63874885146852
"647V.1",0,NA,1,100,0.0320168635221223
"EC-GI-10.2",0.00669062758541646,47.6708166679393,4,0,47.6708166679393
"LN-18.1",0.0917491717838053,NA,2.51079864323423,58.6392560150237,6.97351854287507
"M14.1",0,NA,2.15031441800629,100,525.211146070249
"KYSE-140.1",0.171944994408722,NA,1.29545809923424,54.0959504226129,2.46727241946234
"COLO 829.3",0,NA,1,100,0.320112413608878
"EPLC-272H.1",0.0581198952448024,NA,4,89.5849669855736,0.677893714516548
"G-361.1",0,NA,0,100,284.961465596273
"GDM-1.1",0.0874018606746497,32.4521684050345,4,49.6044587211324,9.67830208103428
"JHH-1.1",0,NA,0,100,0.0844764004773954
"MM1.S.1",0.0131790951203104,39.3071310326878,4,0,39.3071310326878
"MOLT-16.1",0.224989561716866,6.62630940987448,4,1.96033669214433,6.56038306240999
"NCI-H1693.1",0.0416129104543144,NA,4,85.8970049834398,4.1692287553107
"NCI-H1781.2",0.027889032134496,NA,4,88.1258110520437,6.32056203215007
"NCI-H2141.1",0,NA,0.468872316592027,100,1e+06
"OE21.1",0.105058310163053,NA,4,78.9035724949729,1.02633924528995
"Panc 08.13.1",0,NA,1,100,10.1201771030993
"UPCI-SCC-090.1",0.0565907991714643,NA,4,87.6012008592403,1.36769701105894
"SU.86.86.1",0.0101520929017893,NA,4,95.7733124290188,6.09223468359153
"SU-DHL-10.1",0.0788813685578518,NA,4,62.0279946463453,7.62676771019613
"SUIT-2.1",0.0425634996224465,NA,4,72.498021183945,11.0257788041055
"SUP-HD1.1",0.264802403120192,2.80812214666343,2.62136163075036,39.9127646155467,1.52479385401027
"NOS-1 [Human osteosarcoma].1",0,NA,0.437986914545302,100,704.686357521921
"CFPAC-1.1",0.12368651564295,NA,4,67.4583767280135,2.31728043300178
"A2058.1",0.0316657023198063,NA,4,72.8203627730685,14.4574909638289
"CAL-27.1",0.268527900886615,NA,4,60.9835294999004,0.275778541207997
"COLO 205.1",0.227830854918932,NA,3.10618867307175,58.466701771349,0.723799471002237
"COR-L23.1",0.0371758758227262,101.747760395757,1.03101513874423,0,101.747760395757
"DAN-G.2",0.113095541635403,NA,3.30848100524155,69.5341290012295,2.46377287520314
"EW-1.1",0.075728332946008,NA,4,73.8660423300227,4.32456973145256
"GP5d.2",0.0307012199808267,NA,4,86.0049826423897,7.03616720672284
"NCI-H2722.1",0.0235458356703853,NA,4,91.1980931933587,5.04374503517952
"HCC15.1",0.161507070342204,NA,4,67.3585012472339,1.0492800003104
"MFE-319.1",0.027507343889267,NA,4,94.1710297375857,1.22895461089167
"NCI-H1876.1",0,NA,0.600873816532868,100,0.304010339587148
"NCI-H661.2",0,NA,1,100,0.0320168635221223
"T-47D.1",0,NA,0.46825004052457,100,3356.1271300531
"U-87MG ATCC.1",0,NA,0.334499074824274,100,692.655419724432
"MC/CAR.1",0,NA,1,100,10.1201771030993
"23132/87.1",0.184369622829613,NA,2.42473763254523,65.6550471989984,0.784814192182025
"ATN-1.1",0.436065149658016,1.17456492108007,4,10.4489353451875,1.10770488215602
"BB49-HNC.1",0.0163132139993482,196.341051355217,1.36072086065697,33.7313234573464,86.031712904965
"SK-N-BE(2)-M17.1",0,NA,0,100,3460.30604739191
"BFTC-909.1",0.107498077324715,NA,4,69.0330162804299,2.90953577783501
"BICR 10.1",0,NA,0,100,1.46693466881253
"BV-173.1",0.282682759523735,3.73103182366079,4,11.9400544467332,3.48500570142345
"CAL-29.1",0,NA,0.916032590852929,100,0.0370144616837628
"COLO 678.2",0,NA,1.00305412392533,100,1.16461221295552
"COR-L311.1",0.00629336530506412,48.4743754018807,4,0,48.4743754018807
"DG-75.1",0.0389107751643843,NA,4,60.1815633111287,16.579256131152
"EW-13.1",0.065859933297524,NA,4,63.0049260150705,9.37382127836716
"GCT.2",0.0634686337344889,NA,4,86.2481520014743,1.32029735539513
"Lu-135.1",0.0623019278361067,NA,4,76.6250333039188,5.07787152175628
"MOLP-8.1",0.151186998529384,NA,2.76845945897261,50.693069769656,3.85295161723007
"SF268.1",0.00268478841686811,60.747686493096,4,0,60.747686493096
"SNU-61.1",0,NA,1,100,0.101237322456951
"HC-1.1",0.159510998614331,9.64978173900886,3.10936494969769,18.5545424195078,8.31268904430664
"A-704.1",0.00264114999350927,61.0063789423485,4,0,61.0063789423485
"ALL-PO.1",0.400326567975308,1.19578582612094,4,18.7846738630967,1.0629256061688
"AM-38.1",0.0140730839472766,NA,2.03974496576062,83.6139798204025,21.0332628703953
"P32/ISH.1",0.0862658905425518,17.7492467166966,4,10.878754357184,16.6932383252564
"SUP-B15.1",0.21723862197491,6.83441937298074,3.15889487854041,4.97831928578114,6.61123451127297
"MHH-CALL-2.1",0.0383366822720379,NA,1.56519960350276,70.4001352678995,15.6730614536807
"ES-2.1",0.0256119376159462,NA,4,80.8995657779301,12.753018424275
"NUGC-4.1",0,NA,0.748881698335569,100,0.0272145416501079
"HCC1187.1",0,NA,0,100,1.91997079660148
"NEC8.1",0.12615347310954,12.2468187201918,4,20.39998896919,10.7424602788955
"CAL-78.1",0.0616689994634276,NA,4,67.8090511402238,8.53146354708211
"AN3-CA.2",0.0919609507980461,NA,0,81.6078098403908,0.0757275690945437
"DU4475.1",0.290767632425718,2.41871257198512,2.15834444206456,38.3435120969928,1.23191530102656
"PaTu 8902.1",0.00753453255772642,46.1368603655544,4,0,46.1368603655544
"HT-1080.1",0.00395241382633129,NA,4,98.2050824325705,6.99595843934745
"HCC1806.1",0.164154171355342,NA,1.92331196346961,57.2995239612282,2.25553978955051
"HOP-62.1",0.0377910279270781,NA,4,76.3352570391816,10.6520039691757
"JIMT-1.1",0,NA,1,100,10.1201771030993
"Rh1.1",0.136118702344158,NA,4,56.8157595013049,3.62765768999172
"RC-K8.1",0.178162204414387,16.3502566531483,2.37617170571716,49.2193430591236,2.83964436201411
"SU-DHL-5.1",0.241954767946012,7.45332787788609,0.98062976462501,0,7.45332787788609
"A3/Kawakami.1",0.558460359734786,0.536889968064799,4,6.42004592497328,0.518757609265377
"A3/Kawakami.2",0.568917472317894,0.478230879226251,3.9746308247495,7.40035317996247,0.45934142212313
"CL-40.1",0.0470782327498338,NA,4,80.1499273923069,6.22088241821864
"COLO 792.1",0,NA,1,100,10.1201771030993
"COLO 824.1",0,NA,1.08510916100491,100,20.062335830882
"HCC1143.1",0.0535689728201353,NA,0,89.286205435973,62436.0225636854
"HCC1143.2",0.0191719293330291,NA,4,95.6588252915834,1.51482193921497
"HCC1143.3",0.0365193113969903,NA,4,93.4821062905711,0.667418436584086
"HEC-1.1",0.0119726500506494,NA,4,94.6169433608999,6.88958573007803
"Hs 445.1",0.301314516534619,1.58361026021956,4,38.1788098790769,1.10425940373856
"HT-55.1",0.0172720274887487,NA,4,95.4149871580217,2.37203370506131
"HuP-T3.1",0.0186943772155299,NA,3.01363529800768,87.3704846982001,11.6920798601453
"JVM-2.1",0.267292694433064,3.57863212784024,2.17241519884454,28.4144067253471,2.43103150450805
"JVM-2.2",0.322418995875094,1.09075617822369,4,41.9233560564491,0.691501163038838
"JVM-2.3",0.248345003061234,3.06294181109686,4,35.3472994000552,2.25359392952739
"NCI-H2228.1",0.0590172194894519,NA,1.16679342680589,69.9560625338785,10.01974602326
"SNU-5.1",0.241228530254342,4.12317905687897,4,25.0410190932753,3.46574341222389
"NUGC-3.3",0.0205456822752436,NA,4,73.3622347518555,19.3864831851464
"OACP4 C.1",0.0591737181078227,91.5712139089583,0.842084491056444,0,91.5712139089583
"OCI-M1.1",0.0773893289979262,NA,2.80411887644147,61.4514210985935,8.05613158916666
"OCI-M1.2",0.0349430428423635,104.696838786157,1.68968708604697,43.6466068334985,30.8801224987245
"OCI-M1.3",0.0326174183235897,NA,4,68.8907663135764,15.7323871825706
"OV56.1",0,NA,0.714994010419526,100,1.24528509935064
"RS4;11.1",0.169150284889388,11.3366345955763,1.48456193288575,0,11.3366345955763
"SCC-3.1",0.470801757025032,0.762751254774543,4,14.9979052951652,0.697692313803649
"SK-ES-1.1",0.0501506612002908,43.3296993353442,1.43933324600057,0,43.3296993353442
"SU-DHL-8.1",0,NA,0.893730411296705,100,49.0309231933983
"TK [Human B-cell lymphoma].1",0.0320034241792361,NA,4,72.9426686428622,14.2742291692849
"A3/Kawakami.3",0.585813285372211,0.400298578796349,4,8.63251496516698,0.381773981084033
"NCI-H747.1",0.0706818206851687,NA,4,91.0352159596262,0.137943056068646
"NB1",0.0358552364743038,NA,4,95.2096675427119,0.18186208471135
"HPAC.1",0.0578320675111759,NA,4,89.2408846061498,0.781127426569915
"EW-16.1",0.0391889675329694,NA,1.50526607779817,75.4646467380577,12.211416517715
"OSC-20.1",0.108872829043358,NA,4,80.3942056014884,0.690793447209141
"EGI-1.1",0,NA,0.569133782929336,100,10547.7948203645
"SBC-5.1",0.0308892916964889,100.643243829889,1.28945587835831,23.7399683370773,61.0788711198865
"NCI-H2369.2",0,NA,0.726236233342997,100,87.9315934839252
"H9.1",0.11119886949766,NA,2.47362324513225,50.3726119463992,6.86844024702979
"OACM5.1 C.1",0.174226141469395,NA,1.1575636870489,76.4095229126155,0.174260770503372
"U2OS.17",0.00567858042328943,49.8448765414914,4,0,49.8448765414914
"A-375.15",0.0942304567281195,17.197905743166,4,44.4019127687282,9.94816497280411
"A-375.16",0.0819943022544207,22.0988048555314,4,46.8611628933396,11.0616135112948
"HT-29.15",0.169668909541056,NA,2.75945933078432,57.6643239724438,2.00911212345361
"HT-29.16",0.146596578894121,17.4723457797371,1.51290764098477,38.9448921642799,6.44378462467262
"HT-29.17",0.158586990908598,NA,4,52.6464620844075,3.16619061785011
"A-549.7",0.156906603766982,NA,3.06386506486442,51.2053948436289,3.47283528640427
"HCT 15.11",0.177304076784513,7.02614167621932,4,48.3704972903829,2.98530132271402
"HCT 15.12",0.167530742864032,16.0132985724362,1.3033649446844,38.3073866397036,5.25175553963453
"HCT 15.13",0.169320363627994,8.06921914740511,2.84417079667195,41.075312734588,4.40255619667893
"A-375.17",0.0928816807188478,16.9912409603166,3.8042733369269,40.9378896850161,10.8454968033015
"U2OS.18",0.0294610656823803,NA,4,84.5525994837476,8.58218930726743
"C32 [Human melanoma].17",0,NA,1,100,0.320112413608878
"C32 [Human melanoma].18",0,NA,1,100,0.101237322456951
"C32 [Human melanoma].19",0,NA,1,100,0.0320168635221223
"PC-14.16",0.0600909930707519,NA,4,68.2597907447062,8.66585905438347
"PC-14.17",0.0449586552360292,NA,4,77.1676888715554,8.22134620848451
"PC-14.18",0.0508118889876321,NA,4,68.6021374775162,10.4939387027971
"A-549.8",0.175578757231626,6.91868945392041,3.61354529138973,46.482062878894,3.31920927148504
"A-549.9",0.17668690068817,13.5268985887288,1.60021804316321,43.5751742720372,3.75259084393315
"MHH-ES-1.17",0.00391655477226009,55.0371102975523,4,0,55.0371102975523
"MHH-ES-1.18",0.00438012894858112,NA,4,83.125,31.6227766016838
"MHH-ES-1.19",0.0111282713329484,NA,4,90.5233961921673,14.361779500825
"SNU-C2B.13",0,NA,1.07622149915989,100,4.26358262881525
"SNU-C2B.14",0.00130170184340475,73.1514418206833,4,0,73.1514418206833
"SNU-C2B.15",0,NA,1.25807566504189,100,334.214509709207
"SW620.17",0,NA,1.29664011948948,100,57.686968868892
"SW620.18",0.00806170388440275,NA,4,92.6159829030233,15.2438133286805
"SW620.19",0.00940202217820757,NA,4,82.5243036420318,23.5287997990603
"HT-144.1",0.0113802493949479,NA,4,97.9402531690819,0.704294632839745
"HuH-1.1",0,NA,0,100,1258.25476825757
"LB771-HNC.1",0,NA,0.280555203374204,100,0.133521217878117
"LCLC-97TM1.1",0.10149044365364,NA,1.65233181210332,70.2880611308122,3.06001767579667
"NCI-H196.1",0.143634149327134,NA,4,70.4207621836588,1.11811852431413
"NCI-H1963.1",0.0390334316288316,NA,4,90.4717157611453,1.88916265824982
"NH-12.1",0.0877123004194652,18.0530425698969,4,42.7129736459982,11.1543814007449
"OAW42.1",0,NA,0.321512129412703,100,0.106206946687114
"PFSK-1.1",0.022693433795186,NA,0,95.4613132409628,25.2923963832843
"RERF-GC-1B.1",0,NA,0,100,190.065992046772
"TE-6.1",0.0807484949224857,NA,4,69.8066255670077,5.04620515915458
"A-253.1",0.0146577365583626,NA,0,97.0684526883275,0.0178549647936486
"DMS 273.1",0,NA,0,100,0.119917416977791
"SK-MES-1.1",0,NA,1.2893566568516,100,505.599316557992
"TOV-21G.1",0.0882821634836275,NA,4,66.3038319585863,5.23967002087363
"MS751.1",0,NA,0.886031404977742,100,4.27507072703088
"DK-MG.1",0,NA,0.36567222764393,100,13.3544378604469
"CHSA8926.1",0,NA,0,100,362336.234208871
"HCC2157.1",0.00462346944572451,NA,4,82.1875,31.6227766016838
"KY821.1",0.0905924164448929,NA,4,81.6343534373447,1.06035124845178
"NCI-H1092.1",0,NA,0.603892556668888,100,1.05176988810641
"NCI-H1793.1",0.00724957550809444,47.8702169855767,4,9.89169998593342,45.3034690394181
"PC-3.1",0.065279715626519,NA,4,83.985152757546,1.91595241788528
"NCI-H1915.1",0,NA,0,100,3.62810684745894
"NCI-H650.1",0,NA,0,100,0.217381307719634
"Rh41.1",0.0171874605231068,NA,4,95.6747633544021,2.05643118230054
"KU-19-19.1",0.185718022711497,50.6555455687936,1.17268117416842,48.3308730532383,2.78973537274127
"CAS-1.1",0,NA,0.646969673081352,100,0.0684026069193018
"HPAC.2",0,NA,0.899780148398857,100,0.534976889093783
"CL-11.1",0,NA,1.00084633438746,100,3.36967765335069
"HCC1954.2",0,NA,1.0430521685839,100,7.58034740546527
"HCC1937.1",0,NA,0.0403788680675261,100,702.278375845911
"PA-1.1",0.0875274069902992,NA,0.996018961377763,54.2583516586279,11.6290564220865
"EFM-192A.1",0,NA,0,100,73.5923533439574
"MOLT-13.1",0.0104628925246943,NA,0,97.9074214950611,0.764151028481999
"MHH-ES-1.20",0,NA,1,100,0.101237322456951
"U2OS.19",0,NA,1.57523741001697,100,369.062534242177
"HT-29.18",0.0679155582712239,NA,1.42399348892876,66.9079158083814,8.56735601719343
"A-375.18",0.0130635132247037,39.4104649601504,4,0,39.4104649601504
"PC-14.19",0.0479935814390166,NA,1.90368617091635,89.6214350075504,1.31308927085737
"KYSE-150",0.150931707746246,NA,4,71.278126401576,0.848766445524686
"SiMa.1",0.14725411899738,20.249093627851,0.902379754607466,0,20.249093627851
"SW626.1",0.0628994326910927,NA,4,83.9518271382153,2.13509702950833
"KMOE-2.1",0.0209383303514816,NA,4,80.5286789074581,15.427087422087
"NCI-H2591.1",0,NA,0.971366085335077,100,0.033233838681859
"HCC1937.2",0,NA,0.182780141917385,100,0.250639870703257
"KLE.1",0.0249619276318704,NA,4,88.3624553713363,7.27787811153493
"KYSE-410.2",0.025513877369255,NA,4,92.6012411350312,2.95608484051877
"LNCaP clone FGC.1",0.14051065219031,NA,2.23552742301148,53.095749152373,4.05900687489646
"NB(TU)1.1",0.0202009900607252,NA,4,90.5244978041836,7.34385735334057
"NCI-H209.1",0.0424519871457925,NA,4,89.3606325067651,2.03337441210157
"NCI-H720.1",0,NA,0,100,466112.470028279
"NB1.1",0.00632464386187613,48.4089498912715,4,0,48.4089498912715
"Lu-99A.1",0.0315658645646462,NA,4,88.6852716696524,4.6593105543727
"MOLM-13.1",0.464621702692365,1.06233697953215,4,6.74897589600506,1.0245163582329
"Lu-99A.2",0.00228591647893292,63.3282195740243,4,0,63.3282195740243
"Lu-99A.3",0.00844041972681168,44.7005063940734,4,0,44.7005063940734
"NCI-H2347",0,NA,1,100,0.0320168635221223
"HCC1806.2",0.0875788858745802,NA,1.45510973318438,61.2467007671411,4.49608925911987
"MDA-MB-436.1",0.093738925789264,NA,2.29284616364389,85.3125721750645,0.23943236991813
"HDQ-P1.2",0.00618274861233081,32.5280824027,3.65090285658472,0,32.5280824027
"CAL-51.2",0.10414884828909,28.8154565975135,0.773416113183736,0,28.8154565975135
"MDA-MB-361.1",0.0441671010709457,NA,4,94.4535113734121,0.080079665745258
"BT-474.2",0.0650371734974623,NA,0,86.9925653005075,0.0152451096707066
"MDA-MB-157.1",0.194485658772319,NA,0.610425558153234,69.8364515118074,0.169488502020783
"CAL-85-1.1",0.115916297688355,NA,0.416010378779717,84.1031096560575,0.0400513563829449
"Evsa-T.3",0.066685112662267,NA,0,86.6629774675466,0.195592639818193
"NCI-H1341",0,NA,1,100,10.1201771030993
"NCI-H1573",0,NA,0.101216615806769,100,13.2102057087067
"NCI-H1688",0,NA,0,100,22.9086328520687
"A-498.1",0,NA,1.15924523096622,100,40.6963894527334
"MFM-223.10",0,NA,1,100,32
"MDA-MB-175-VII",0.105129219066602,NA,4,83.9733374183378,0.212017756596289
"HCC1187.2",0,NA,0.367954736472919,100,0.0481820925265045
"MFM-223.11",0.0661387012265691,4050.83424724156,0.321412223682491,0,4050.83424724156
"DU4475.2",0.124970620384312,NA,1.70494349103389,55.2316972704776,2.95282550334046
"HCC1569.1",0.101755826228686,NA,2.1679679256432,83.4634874591588,0.280589200210895
"CAL-120.2",0.0709259098240034,NA,0.0928649929485027,66.4450670292813,999900.005955798
"HCC1937.3",0.101546184191178,NA,0.136821588028516,82.223996997581,0.0738074528057082
"JIMT-1.2",0.0154671779093257,NA,3.52678650829439,88.5992126951982,7.89187667751815
"CAMA-1.1",0.136176849049375,NA,4,83.5348926185065,0.064627846285564
"HCC1419.1",0.0479312435063074,NA,0,90.4137512987385,0.150659049275884
"MDA-MB-361.2",0,NA,1,100,3.20056201869048
"LS411N.1",0.126604106972593,NA,1.31099009733855,57.5434229084823,4.29627781366876
"HL-60.1",0.0982817178678627,15.8840726078201,4,42.7800223522521,9.79159238236934
"PF-382.1",0.00459753803716557,52.7483558070533,4,0,52.7483558070533
"SNU-407.1",0.0768145061864198,NA,4,74.9472379265027,3.84955107193771
"NCI-H1417.1",0,NA,1,100,0.101237322456951
"NCI-H1417.2",0,NA,1,100,0.101237322456951
"NCI-H1417.3",0,NA,1,100,3.20056201869048
"P12-Ichikawa.1",0.0637275531920079,NA,4,64.1042010587671,9.40575006718213
"P12-Ichikawa.2",0.0531731528149298,NA,4,66.2530887087457,10.8118063013893
"P12-Ichikawa.3",0.0106034654502379,41.8943145640477,4,0,41.8943145640477
"SiHa.1",0.0659559864939186,NA,4,78.9696144451988,3.66752818153543
"OVTOKO.1",0.078951074223279,NA,4,72.5835085780238,4.37870886170369
"FaDu.1",0.0202189344879368,NA,4,66.2610104829382,22.3042507292914
"5637.1",0.0909559297632121,NA,2.16650117520781,54.7318983886875,8.17672494914831
"Detroit 562.2",0.102453272800453,35.1939689367468,1.38603044400245,39.0433601341784,11.770599844057
"NCI-H2052.1",0.0347316253031179,NA,4,83.6460790835169,7.38552660049566
"Rh30.1",0.0225106304491968,NA,4,90.7432498227048,5.96753168185991
"T-47D.2",0,NA,0,100,4.86934134766984
"KYSE-180.2",0.224455836016156,7.47998028974311,2.25182145164388,48.4969256811563,1.57763964665604
"HCC827.2",0.065144765752695,NA,1.72736174875296,81.1167554762921,2.98057326740525
"A-375.19",0.0787021292447251,28.8612403987644,4,48.9136619531632,11.0806117672697
"A-375.20",0.0550328843941009,NA,4,51.7694956886892,14.7098139275884
"A-375.21",0.0816936145760332,25.5586255055467,4,48.4375,10.7460782832132
"A-549.10",0.197335463231847,5.88548017474157,3.38306422190435,31.3207226440182,4.39931110479101
"A-549.11",0.2332802386743,5.15077710853644,2.00260229689788,43.684924795662,1.83299322152116
"C32 [Human melanoma].20",0,NA,0.60199921239567,100,1.25805563073796
"C32 [Human melanoma].21",0,NA,0.91816219359114,100,0.036930161353039
"C32 [Human melanoma].22",0,NA,0.312615526506048,100,3.03691480493621
"HT-29.19",0.0957784587183568,NA,4,59.1772050478774,6.3315466490087
"HT-29.20",0.0956008292966411,NA,4,51.1409009133172,8.29247434625363
"HT-29.21",0.0180120902652508,35.7095055097549,4,0,35.7095055097549
"MHH-ES-1.21",0.0224356656571903,NA,4,89.5652011219816,7.25205035460187
"MHH-ES-1.22",0,NA,1.23286036290182,100,18.9587246786766
"MHH-ES-1.23",0.031801613062028,NA,4,82.7763950094789,8.95233160546146
"SNU-C2B.16",0.045204808125505,NA,4,87.6103197308826,2.5743189092346
"SNU-C2B.17",0.0244399030340316,NA,1.84216551334863,78.3812953844854,16.9778704127597
"SNU-C2B.18",0.0703726668989742,NA,4,80.3304576218435,2.70341645371025
"SW620.20",0.0214976528835693,NA,4,87.3457749057986,9.92045506960076
"SW620.21",0.0321297480366141,NA,4,78.7000972183447,11.3330170397207
"SW620.22",0.0657244229729162,NA,1.34542541233627,72.3419261584443,6.75478214612577
"PC-14.20",0.028546513427302,122.004540238714,1.74901861008549,44.4000378146685,34.8951826757006
"PC-14.21",0.0395794681829888,NA,4,74.5614462840277,10.9623883768975
"PC-14.22",0.0319512154899294,NA,4,81.8815031011638,9.48390651673816
"HCT 15.14",0.13906932782214,NA,4,61.5088014348268,2.63835220619057
"HCT 15.15",0.120401553225821,NA,4,56.4866857751001,4.73329729246579
"HCT 15.16",0.089604677361871,19.8423505726191,4,46.7248674691834,10.0382460606452
"U2OS.20",0,NA,1.09896575265866,100,17.9113259284227
"U2OS.21",0,NA,1,100,0.0320168635221223
"U2OS.22",0,NA,1,100,0.320112413608878
"HCC1428.1",0,NA,1,100,1.01219545183127
"HCC1500.1",0,NA,1.21642539757581,100,4451.96806711717
"KYSE-520.1",0.00587275130131981,49.3936466959488,4,0,49.3936466959488
"KYSE-520.2",0.00864999619489709,44.3938465638709,4,0,44.3938465638709
"KYSE-520.3",0.00561582262441353,49.994669373685,4,0,49.994669373685
"MeWo",0.0142052607375759,NA,4,94.9718869487954,4.54682946308083
"NCI-H1838",0.00535532205056779,56.6952142522021,3.47386469934795,0,56.6952142522021
"NCI-H446.1",0,NA,0,100,1e+06
"NCI-H446.2",0,NA,1.49658593269618,100,107.453091026204
"NCI-H596.1",0.0670966129414184,NA,4,83.7630130845396,1.84308878050207
"NCI-H2122.1",0.211026774241035,136.88525432909,0.490264102702145,40.6897340311348,4.43963377350049
"BT-20.1",0,NA,1,100,0.320112413608878
"HCC1419.2",0,NA,1,100,0.0320168635221223
"BT-483",0.00581048886175626,NA,4,96.6789520628773,5.95939186023467
"HCC1500.2",0.101866059147934,NA,4,86.2099327643044,0.119472894221
"COLO 824.2",0.073121577339412,NA,4,90.8265139328848,0.0796410667452797
"HCC1428.2",0.0466417388928235,NA,0,90.6716522214353,21.1830602195376
"HCC1954.3",0.0907088050950944,31614946.8864573,0.146425581242139,19.8458299538027,1e+06
"AU565.2",0.248788055688985,NA,4,53.1841471751577,0.502690881278302
"EB3 [Human Burkitt lymphoma].1",0.409453133320251,472.973522494722,0.0555145354256013,0,472.973522494722
"JHU-022.1",0.202924795575981,186.204292469726,0.253825944002307,0,186.204292469726
"IGR-37.1",0,NA,0,100,1e+06
"IGR-37.2",0.182046076539676,NA,0.271769959087937,77.8131540890265,0.00167888262124427
"HD-MY-Z.1",0.0144461541019902,NA,4,93.4304434827418,7.01074018703318
"HD-MY-Z.2",0.093593053785937,NA,0,81.2813892428126,0.00211378899899351
"H4.1",0.212400450889388,4.46448591381316,4,35.750203399422,3.26197871063358
"H4.2",0.162805929756705,5.86029567210195,2.42769557669814,35.5194773945902,3.51749649792157
"Calu-3.1",0,NA,0.495804261071656,100,32.6049076210413
"Calu-3.2",0.102739063069538,NA,1.7623313751054,89.7260933896927,4.41078380813919e-06
"Becker.1",0.018426123529966,NA,0.0388014415978494,96.2633625806288,2.05943623562251
"Becker.2",0.148294541378463,NA,2.44004393439924,85.1705458412785,1.50106560272949e-05
"DU145.1",0,NA,1.05972708070345,100,15.1668928303668
"DU145.2",0.140452068912253,2.11209801299182e+46,0.0663301723441341,49.8942635389988,1e+06
"NCI-H2595.1",0,NA,1,100,1.01219545183127
"NCI-H2595.2",0.103006863792611,NA,0,79.3986272414777,0.0458396341497476
"CaR-1.1",0.136815325996985,NA,4,86.1212606444219,0.0166629283272035
"DOK.1",0.0124351800527184,147.260181701088,1.36525766980029,0,147.260181701088
"DOK.2",0.163585331645867,NA,4,83.4010998657261,0.0167587454640132
"CW-2.1",0.142996926633199,NA,2.54307131523047,63.4116499729054,2.15245808814324
"CW-2.2",0.261937125939006,42.6062567366057,0.261155348788958,0,42.6062567366057
"22Rv1.1",0.165304723066971,NA,4,54.6171583070525,2.58525269631131
"22Rv1.2",0.243359198298356,9.4291325665427,0.666432508851515,30.4098469315648,2.31131431772143
"CAL-39.1",0.134442476997759,NA,2.35455444640121,52.0149691836531,4.64121225012634
"CAL-39.2",0.203531308766852,126.915782801408,0.273690691752117,0,126.915782801408
"K5.1",0.167008997796091,NA,4,51.24798333779,3.00283598748252
"K5.2",0.185804345444609,13.522083085211,0.629090009441943,0,13.522083085211
"COLO 679.1",0,NA,0,100,3977.17444905725
"COLO 679.2",0.225820869367185,60935024.698013,0.073726691759845,13.0701396118086,1e+06
"769-P.1",0.133731326504902,NA,2.60002698501804,50.5797295050831,4.95120751427651
"769-P.2",0.145504915499605,19.6107725607705,0.687736802848058,0,19.6107725607705
"GI-1.1",0.00315263767220952,58.2609542448442,4,0,58.2609542448442
"DOV13.1",0.0133097101784867,39.191579415495,4,0,39.191579415495
"DOV13.2",0.0423389148565126,NA,4,66.2895454170249,8.46648691121895
"DB.1",0.00312858774365496,58.3775168180115,4,0,58.3775168180115
"A-375.22",0.0808339559928096,32.0807021012574,1.23831058971329,0,32.0807021012574
"A-375.23",0.0500137686718657,NA,4,65.5212079096238,11.8033342158625
"A-375.24",0.123731089300737,NA,0,75.2537821398527,1.2294297036051
"A-375.25",0.0602518405294726,24.2042598677691,1.37150576028883,0,24.2042598677691
"A-375.26",NA,NA,NA,NA,NA
"A-549.12",0.224383915385108,3.4842928595893,4,42.2359144645266,2.18723137800059
"A-549.13",0.224026269271616,6.40888515274203,1.59187327243991,35.488084091456,2.94638852006883
"A-549.14",0.1839463558774,NA,1.93650821302722,51.5755434231055,2.32804411158348
"A-549.15",0.314145103101118,669.180778255729,0.113484661302072,0,669.180778255729
"A-549.16",0.22054456811847,2.26863695960233,3.89048000672728,44.2539305059451,1.30092605459701
"A-549.17",0.26427657607162,10.0119095483534,1.08351247953239,47.569965420102,0.614309618565518
"C32 [Human melanoma].23",0.00654732808595732,NA,0,98.6905343828085,8749.1067212083
"C32 [Human melanoma].24",0,NA,0.702145771893309,100,20.1231077468242
"C32 [Human melanoma].25",0,NA,0,100,18.0446988078763
"C32 [Human melanoma].26",0.0332121534104419,NA,0,93.3575693179116,0.0201145377652286
"C32 [Human melanoma].27",0.107076594433379,NA,0.0201010128588843,78.8830184487138,0.155016401775517
"HCT 15.17",0.123217069650336,14.7248223198969,2.41435490075605,37.0627518726003,8.41139212314066
"HCT 15.18",0.173042615415109,17.6644840314791,0.879422779667094,17.6049077139231,10.7836627215431
"HCT 15.19",0.162324819397582,9.30690937590223,2.5149969594455,38.4326373394682,5.20029024926941
"HCT 15.20",0.165755290237398,20.1644436740914,0.588522659899142,0,20.1644436740914
"HCT 15.21",0.1974392326966,29.4020170425375,0.46875,17.1875,11.9708503049573
"HCT 15.22",0.211744889001109,4.51918551726463,1.59315704851703,32.6904023663546,2.32218367347006
"HT-29.22",0.166692517171321,NA,4,54.8628920584279,2.49649482259749
"HT-29.23",0.158324247233137,NA,2.4504343480517,52.7351783660321,3.16897332929526
"HT-29.24",0.132957024824439,NA,4,57.239852758952,3.73620724032588
"HT-29.25",0.175668224205399,20.9110358031537,0.632378147388369,21.8883770273039,8.4121982808595
"HT-29.26",0.182530015251743,NA,4,54.4091795731348,1.25900121096579
"HT-29.27",0.264786026054032,10.7483575243475,0.471334451643788,17.9180282297743,4.19260464766813
"MHH-ES-1.24",0,NA,1.13261721470094,100,45.8368612719196
"MHH-ES-1.25",0.0200409646945335,NA,4,88.6696845318829,9.44876897214999
"MHH-ES-1.26",0.124431621149278,15386.247878538,0.209331831550652,0,15386.247878538
"MHH-ES-1.27",0.0844419674993504,37339.3686854611,0.224411002092291,0,37339.3686854611
"MHH-ES-1.28",0.0296187574492968,NA,4,84.0712430869246,5.54467957760548
"MHH-ES-1.29",0.036116974773688,102.735781578497,0.86670552709944,0,102.735781578497
"PC-14.23",0.096462573578242,NA,1.22598188041882,65.4479476112545,5.03340059575285
"PC-14.24",0.0827324662078483,NA,0.972377485202905,65.4548483188943,7.65222295820607
"PC-14.25",0.0525193937206132,NA,4,80.5220691759551,4.9701406914092
"PC-14.26",0.121010116494245,NA,2.17976368944061,61.2680542904204,2.32070035102291
"PC-14.27",0.130910567824509,NA,4,64.5891902296418,1.55612913872467
"PC-14.28",0.094709146626226,82.4421234999827,0.557517438649721,0,82.4421234999827
"SNU-C2B.19",0.142290122751844,NA,2.0538558843804,67.553915731176,1.54870064497526
"SNU-C2B.20",0.15361851434007,NA,4,69.8973092221933,0.942588200302679
"SNU-C2B.21",0.188572789130493,NA,0.718391293531445,68.0497556089159,0.482032942668634
"SNU-C2B.22",0.204901155994837,527.91108136948,0.20911154828847,0,527.91108136948
"SNU-C2B.23",0.176581243440138,NA,0.689206484263396,71.0613647093223,0.250581028546574
"SNU-C2B.24",0.197014506423386,7300.96264708354,0.430099808264672,48.4259059011837,2.35130276486159
"SW620.23",0.0796919724347469,NA,1.39229395751173,81.587296855205,1.62322411306621
"SW620.24",0.0174181207489773,NA,4,91.4908077528571,7.78904421168798
"SW620.25",0.035699205669706,NA,4,85.7084059393899,5.70087550471216
"SW620.26",0.103404181729719,254.615136262923,0.400260354848784,0,254.615136262923
"SW620.27",0.0908977521308572,119.661133350178,0.515398097705319,0,119.661133350178
"SW620.28",0.0837968999799527,NA,1.23894716166609,77.9567831498349,1.48848083195533
"U2OS.23",0.158728206813343,NA,0.171875,59.9999999999999,12.4093776075172
"U2OS.24",0.10113481947048,NA,2.12888570725174,74.5331761850528,2.06269556630983
"U2OS.25",0.0896000675245288,NA,0.309807332567333,71.8191004639105,14.8090045405914
"U2OS.26",0.13073329128951,2867820976.16678,0.110249201820788,31.4365521162729,358486.564981641
"U2OS.27",0.137338222521078,NA,1.45168594493033,86.2661769671302,1e-06
"U2OS.28",0.175224023212912,NA,1.66965411487418,82.4775975786986,1e-06
"MFM-223.12",0.00800040328512793,NA,4,96.3328662342969,7.09523725497742
"MFM-223.13",0,NA,0,100,24485.6252426223
"MFM-223.14",0.00118713271628016,74.8856799177722,4,0,74.8856799177722
"MFM-223.15",0.10054558182431,NA,0,79.8908836351381,0.00325139214031935
"MFM-223.16",0.124216557566435,NA,0.0492386325057543,62.5348808325133,999836.74088411
"MFM-223.17",0.147386859406205,NA,0.0288345262329672,71.5053885006737,0.0576691421171958
"A-375.27",0.0507317828358237,50.6845084951075,1.80805262521332,37.6481317658295,23.3896458701676
"NY.1",0.108485425578785,NA,0,78.3029148842431,4.11917030505597
"BICR 78.1",0.189692182180229,NA,0.461392818253591,67.4245793646307,0.266359414032738
"ES7.1",0.187230051530595,NA,1.23618520319581,55.2506902798483,1.80968596987386
"ES7.2",0.171729602103818,16.8253414416481,0.693115889186411,18.2020533639641,8.75707723280649
"HLE.2",0,NA,1,100,0.101237322456951
"HLE.3",0.0983936867492841,63291148799.4372,0.119932050975093,36.7232482947412,999169.7909477
"Kelly.1",0.206580928262319,6.29677618226285,2.20237012197496,42.0273517665261,2.73570065855149
"Kelly.2",0.236684613307252,5.78882244639435,0.802470869689819,7.47089906766925,4.73157782288239
"KINGS-1.1",0.00889209916039499,44.0502018429569,4,0,44.0502018429569
"KINGS-1.2",0.0982606114542127,6959.14700433676,0.248611293989316,0,6959.14700433676
"KP-3.1",0.0940169996190317,NA,2.26504064801706,80.4218208867148,1.16056268956597
"KP-3.2",0.162141226618575,NA,0.476346126317353,64.3348526308246,1.00652361097781
"MKN1.1",0.0293277379270957,NA,4,91.9141613021684,2.61290075613537
"MKN1.2",0.142035716387265,NA,0.363465886133049,63.5423188890794,2.54179118335403
"SJNB-13.1",0.0921264782995816,NA,4,79.1906968440724,1.50348305527834
"SJNB-13.2",0.123640395059961,21.3289645162591,1.33747468567799,42.7980306330732,5.00939153741391
"SJNB-7.1",0,NA,1.05689095402861,100,12.0500682090263
"SJNB-7.2",0.0936277483738863,58221.7634564127,0.204441375681778,0,58221.7634564127
"NCI-H1993.1",0.250703232257339,NA,1.22041624510976,54.4694460433302,0.705823180356667
"NCI-H1993.2",0.349640109117493,3.46077924998588,0.580935461543842,34.2171008886238,0.475493826539288
"NY.2",0,NA,0.780613828777232,100,0.255174022391173
"BxPC-3.1",0.0621239476774186,NA,4,88.1401362928026,0.858656679241284
"BxPC-3.2",0.222051967885514,NA,0.756003709690431,72.1222018241181,0.0475477973908023
"CPC-N.1",0.0704192521065684,NA,4,68.5665411926014,6.81310141346165
"CPC-N.2",0.0722778239790019,NA,2.53194415231639,70.6970090324502,3.65954282754274
"GaMG.1",0.00166222628604378,68.7280146454748,4,0,68.7280146454748
"GaMG.2",0.0401074490688705,NA,0,91.9785101862259,0.310464103158375
"L-540.1",0.317860896329382,1.29603997203476,4,38.6063381325083,0.895450795651837
"L-540.2",0.356913466067519,0.831012099228289,2.22597519786265,32.5002648078014,0.518538406247061
"LCLC-103H.1",0.0257525198348561,79.7463571337864,1.39108008914352,0,79.7463571337864
"LCLC-103H.2",0.165118391513221,341.505570893016,0.273053200684672,0,341.505570893016
"Loucy.1",0.00595290700419094,49.2125334014765,4,0,49.2125334014765
"Loucy.2",0.183271138321286,NA,0.203125,62.1875,0.865964323360065
"MOLT-4.2",0.208220575828248,7.2091319324355,4,5.32443539237371,7.00903106551315
"MOLT-4.3",0.168290270516392,6.00962327021752,3.00249635020989,8.73468451980467,5.63735536379393
"Mo.1",0.0453786955604801,NA,4,82.5348780328232,5.31885627883632
"Mo.2",0.052582101291662,NA,3.68891514727423,74.745518756217,4.7537541637851
"NALM-6.1",0.138769781804047,12.3459529282729,2.29339868661255,26.4929686196815,8.88392242574994
"NALM-6.2",0.228235875546621,5.41403921132483,0.93642587306212,0,5.41403921132483
"Namalwa.1",0.0906830562173264,NA,2.79215187112848,51.6384304811106,8.84910741823566
"Namalwa.2",0.113392760750944,15.2309448778817,2.4528216490662,47.4044180504906,4.55982673180783
"NOMO-1.1",0.2534501238019,4.31437744215874,2.39747211245448,22.2237413451156,3.37623397965843
"NOMO-1.2",0.236014440949654,3.3572674328548,2.0064371383937,21.0544690466686,2.55665716735709
"OPM-2.1",0.0569423915294115,NA,4,75.7383526318925,6.32799037150198
"OPM-2.2",0.072716657988593,NA,4,61.6480893647307,5.40555126628864
"OVCAR-5.1",0.0664366050695644,NA,3.84920903263029,64.1960934953135,5.56182513003928
"A4/Fukuda.1",0.254802589231856,3.61797701920557,2.70774266224188,30.2494508277465,2.5673732219048
"A4/Fukuda.2",0.23371303513947,2.51445630149653,4,29.834337490302,2.00380158145708
"ACHN.1",0.130719701053595,21.1263734657547,2.15532992806562,46.7504342714837,5.94333318682332
"ACHN.2",0.196071337997711,23.9377487456681,0.60364877365346,31.4585861290016,4.62783952121653
"BE-13.1",0,NA,1.80136213806715,100,337.195389796277
"BE-13.2",0.150792475462134,NA,0.0222673272799851,71.3427510285231,0.00568613173868975
"BT-483.1",0,NA,1,100,3.20056201869048
"BT-483.2",0.0896769596585357,29195888.4876944,0.147704917001458,19.6237061887404,1e+06
"CAL-62.1",0.175449569281618,NA,4,66.0279728138178,0.903459949601444
"CAL-62.2",0.156819100904184,190.979009637384,0.362303490446154,19.5915682984569,48.4023748643257
"CAL-85-1.2",0.0202042014222735,NA,4,86.1065822684751,11.7729665129128
"CAL-85-1.3",0.124758593999266,5154781.88812118,0.194971455057561,41.3131275278783,651.114333394805
"CHL-1.1",0,NA,1,100,0.0320168635221223
"CHL-1.2",0.0201316565719663,28.2744020386012,2.51489526897299,0,28.2744020386012
"COLO 668.1",0.0541300850984359,NA,3.7410750501878,68.7718892578681,9.69395338847546
"COLO 668.2",0.156746572689968,NA,0.0360765195222626,71.9945715119567,0.000810783050771159
"D-263MG.1",0.230000950548149,NA,1.17458553611704,60.4873264340573,0.351165292878914
"ES8.1",0.113806438095597,NA,1.76087821855591,59.2637960190489,4.73632669343561
"ES8.2",0.186781951513741,47.9260000578597,0.784783737378415,45.4711789566586,2.24678717479875
"EB3 [Human Burkitt lymphoma].2",0,NA,0,100,602.678136370474
"JHU-022.2",0.0775705710192234,NA,4,74.6418634216072,3.86850165998923
"JHU-022.3",0.139758500514717,121.925088742248,0.383873247859471,0,121.925088742248
"JVM-3.1",0.302720094527362,3.16371020435909,2.58242414432022,14.5983630462469,2.76778525537551
"JVM-3.2",0.305153440810628,2.12406373686702,2.10002119983415,10.7052159865748,1.8938335683403
"L-1236.1",0.0394605706332659,365.008748963268,0.661229992747415,0,365.008748963268
"L-1236.2",0.105767809418575,NA,2.67810851234249,64.4923056702143,2.5593893677952
"LAMA-84.1",0.0873795658944816,NA,4,54.7508586568854,8.44103155604157
"LAMA-84.2",0.177454682612273,13.423340285623,0.671849146205473,0,13.423340285623
"LC4-1.1",0.177066681692578,6.20704576546903,4,45.6349871687981,3.37395143951227
"LC4-1.2",0.303553126279166,5.30959539401898,0.466585745982462,0,5.30959539401898
"LoVo.2",0.020927282754332,35.7456728849784,4,19.375,31.6227766016838
"LoVo.3",0.0691656139605743,18.5438026551601,1.57953558712884,0,18.5438026551601
"LS1034.1",0.0896679578123942,60.7807187158848,0.636958500740318,0,60.7807187158848
"M059J.1",0.0515960455277554,NA,4,76.4910767698687,7.03120989496017
"M059J.2",0.0623868065803601,NA,1.76488289388254,58.8925096306533,7.72420506716348
"MFE-280.1",0.047727111836443,2913.03394437365,0.41203962931066,0,2913.03394437365
"MFE-280.2",0.108573601489557,NA,0.0113087217660578,78.5751177847649,0.0577957242615832
"MIA PaCa-2.1",0.0860492052292846,2531.74092289908,0.323234363454795,0,2531.74092289908
"MIA PaCa-2.2",0.00985385773699334,26.740695794378,4,0,26.740695794378
"NKM-1",0.282373971748314,3.36563688304646,0.953265594044325,0,3.36563688304646
"OCUB-M.1",0,NA,1,100,0.101237322456951
"OCUB-M.2",0.018726929368163,NA,4,84.3682894414053,8.82457380401621
"COLO 320HSR.2",0.0872304948084776,21.4365936721806,2.57920603156929,36.9301715389311,12.7418794620904
"COLO 320HSR.3",0.0115558957100589,25.5384686977291,4,0,25.5384686977291
"CaR-1.2",0,NA,0,100,3.82825828318126
"CaR-1.3",0.0727288525368849,NA,0,85.454229492623,0.0407462735306318
"BICR 78.2",0.083331334311951,NA,0,83.3337331376098,3.69291035490249
"BICR 78.3",0.177785257221805,NA,4,80.9351468223082,0.0305750709344209
"NCI-H1435.1",0,NA,1.0195837676582,100,33.9077241910381
"IHH-4.1",0.24155074063592,NA,4,60.1508022252929,0.486183579216163
"IHH-4.2",0.28863303304016,NA,3.42189737653539,56.145561136741,0.212156715887153
"EFO-21.1",0.00283889161248285,NA,0,99.4322216775034,148872.105019761
"EFO-21.2",0.140765081729593,144.655732551852,0.367094051633014,0,144.655732551852
"IA-LM.1",0,NA,0.831716728612106,100,5.21824745170003
"IA-LM.2",0.133250094423081,NA,1.42470833634548,86.6749815334908,4.65683477185575e-06
"KALS-1.1",0.131068422022259,10756.3837035964,0.210973337464488,0,10756.3837035964
"KALS-1.2",0.107415602076404,103.184559283204,0.482192173678142,0,103.184559283204
"KS-1 [Human glioblastoma].1",0,NA,1.00553014096826,100,0.166513304127748
"KS-1 [Human glioblastoma].2",0.132750978493231,70751.6138810186,0.164837012980083,0,70751.6138810186
"NCI-H2818.1",0.02198676314459,NA,4,92.6048689118649,4.1049254605132
"NCI-H2818.2",0.131120199720452,60846920.5935981,0.116461079050935,19.0132769017832,1e+06
"Kuramochi.1",0,NA,0.562733691904856,100,0.886354394955311
"Kuramochi.2",0.100078947269595,NA,1.3945783498485,89.9921042304232,1e-06
"KP-4.1",0.110539313363668,291.172966305096,0.373921166593248,0,291.172966305096
"HOS.1",0.0380029579529938,NA,0.943257253401706,89.0825747950789,3.19617672677472
"HOS.2",0.199084370746851,NA,0.301673975451134,59.5462560531868,0.708768254836631
"WM1552C.1",0.0587845287606499,NA,4,75.41382895258,6.13852295833751
"WM1552C.2",0.177337142924047,61.3561039968518,0.373034477943838,0,61.3561039968518
"JHH-2.1",0,NA,1,100,10.1201771030993
"JHH-2.2",0.144055455328223,NA,1.52376923692524,85.594448214911,6.26069672736269e-06
"NCI-H2461.1",0.039932092209543,NA,4,84.1421069268311,5.62179099153364
"NCI-H2461.2",0.072265130425414,NA,1.70081046574543,70.3206760107527,3.85161504854501
"VAL.1",0.137016932037798,10.9342494698551,4,23.0908863095142,9.36529206112405
"VAL.2",0.136707457220082,8.50658051486071,1.90248375393713,9.31991139162134,7.63246701224881
"BL-41.1",0,NA,1,100,0.101237322456951
"BL-41.2",0.0330347250131502,NA,4,91.4169531858982,1.40110401867074
"TE-5.1",0.026378897807819,NA,4,85.9390803034792,8.76981814761541
"TE-5.2",0.130924522717126,38499.280719599,0.175902263335507,0,38499.280719599
"GCIY.1",0,NA,1.1795341169406,100,2528.5483810653
"GCIY.2",0.0881088199533753,NA,4,67.4072237397978,3.09141094823288
"TGW.1",0,NA,1.58634003294442,100,14.6431145032274
"TGW.2",0.0785084120448659,NA,0.0662038934989582,72.02830427719,1e+06
"HAL-01.1",0.0863922708105811,22.7554960836842,1.72619071362657,0,22.7554960836842
"HAL-01.2",0.0913870108669423,15.9593476046905,1.62428342632116,25.825628655768,10.2024611024232
"L-363.1",0.00616047538664743,48.7567144921027,4,0,48.7567144921027
"L-363.2",0.0678962599087914,NA,4,58.1211075653803,6.54530195374829
"BT-20.2",0.0697951084937619,84531617919937.6,0.135733790244214,45.802355594147,1e+06
"CAL-148",0.170732956614363,16.9979316204337,0.616161960570036,0,16.9979316204337
"EFM-192A.2",0.00127669513690477,45.9049528414873,4,0,45.9049528414873
"HCC2157.2",0.035025669924399,NA,4,84.861189208086,4.02471021766937
"T-47D.3",0.123998876800224,4821.33479305332,0.226953889867962,0,4821.33479305332
"UACC-893",0.0593716789476756,NA,0,88.1256642104649,1e+06
"D-263MG.2",NA,NA,NA,NA,NA
"HCC38.1",0.0620917716815689,NA,0.107560155256822,66.7765101653821,1e+06
"HCC38.2",0.226097508745364,63.5415662620109,0.321254011835907,16.3230410581612,18.5688737070866
"HDLM-2.1",0.00444916290772952,56.425665638419,4,18.0348004715657,50.4549226678585
"HDLM-2.2",0.249596180040603,63.145799906519,0.252723653750945,0,63.145799906519
"Lu-165.1",0,NA,1.00594874209862,100,0.514313828412444
"Lu-165.2",0.03457647102077,NA,0,93.084705795846,0.244381540539281
"ME-1 [Human leukemia].1",0.00876165553545984,NA,4,98.0885846190762,1.34926715685069
"ME-1 [Human leukemia].2",0,NA,0,100,4.27571608962027
"MN-60.1",0.0143570893314603,55.3882655026268,4,44.6875,31.6227766016838
"MN-60.2",0.0292532727034268,NA,1.96127049264121,72.9098317035402,10.8499284576568
"NB69.1",0.257691247963538,3.46486691427353,2.7593344202923,30.6944573353954,2.45419130519082
"NB69.2",0.355909128810633,2.78901522467118,0.487107828345989,0,2.78901522467118
"NCI-H1792.1",0.150144210408418,NA,4,71.3338592448983,0.858942752011922
"NCI-H1792.2",0.247223406860495,7.60336457485808,0.70911330417909,28.6232213626201,2.29402691481297
"NCI-H2023.1",0.20547293315845,18.2114883445344,1.20653931542886,45.5936437672119,2.43239780376637
"NCI-H2023.2",0.321386573211318,2.97054615498185,0.739876361492092,28.2829618363734,0.96235741762243
"NCI-H28.1",0.0057729184399091,NA,4,97.2631452667776,7.45968768488373
"NCI-H28.2",0.187932347765898,NA,0.309893331083713,52.833272525891,2.7025204640466
"NCI-H841.1",0,NA,0.0452837911582439,100,89.0460086386262
"NCI-H841.2",0.132921115224043,4324.69007049088,0.22029221676779,0,4324.69007049088
"OV-90.1",0.00901679197548153,NA,4,98.370494352539,0.700229511406949
"OV-90.2",0.123242632369817,NA,0,75.3514735260365,0.0289205641083762
"OVCAR-5.2",0.0706761946947277,NA,2.13519949864754,74.8555607351384,4.62608472803255
"PL18 [Human pancreatic adenocarcinoma].1",0.115803049965527,NA,4,82.8649177742932,0.300481480295775
"PL18 [Human pancreatic adenocarcinoma].2",0.228567068269249,NA,0.513028154345675,60.8470806426023,0.278122986760239
"SK-HEP-1.1",0.0389936240673505,NA,4,92.5092384239545,0.87821397646386
"SKN.1",0.0164583478654235,NA,4,81.8206900185612,17.4927009671608
"SKN.2",0.0764106670280539,418.568669892576,0.428694502967438,0,418.568669892576
"SK-UT-1.1",0.0753054091009371,NA,0.457285561409814,57.1896096355428,51.784933638986
"SK-UT-1.2",0.134837422358211,8117.41161803418,0.202733548973603,0,8117.41161803418
"SN12C.1",0.00460514046885058,NA,0,99.0789719062299,0.450217813137083
"SN12C.2",0.131253849132477,2606786.00170402,0.201051771840992,41.564122082159,373.354815904565
"SW1710.1",0.0245014283754203,NA,4,88.1280668482988,7.69869258957849
"SW1710.2",0.136768205613983,271048874655.687,0.0939557372205596,34.5650932184272,1e+06
"SW684.1",0,NA,0.870549588735422,100,15.8765031860533
"SW684.2",0.0813785025840044,NA,0,83.7242994831991,3.36840826387064
"SW982.1",0.168672399428117,7.26886738113395,4,47.2775906979179,3.51125684822613
"SW982.2",0.239454130771829,23.4017425773333,0.355166098818336,0,23.4017425773333
"MG-63.1",0.0644431501825914,NA,2.77354300191351,72.0506548823619,6.53717612163043
"MG-63.2",0.116228853517022,555.274351562882,0.321939934665311,0,555.274351562882
"RKO.2",0.247300706128279,NA,4,59.3644036521192,0.478126333370832
"RKO.3",0.296465443504649,NA,1.82395238244212,52.1027977679513,0.276959929534993
"AU565.3",0.191161390748869,NA,4,58.5856560088119,0.815695917665118
"BT-474.3",0.0489100315474899,NA,0.662731179444789,94.3063871775115,0.0174720765349096
"CAL-85-1.4",0.0856023841184764,NA,0,82.8795231763047,0.115598434544833
"HCC1937.4",0.0621736873452222,41757.9433020352,0.25423414572667,0,41757.9433020352
"MFM-223.18",0.0497832403743503,NA,0.0956750610082416,89.2868485694727,2.77899160778766
"DMS 114.1",0,NA,0.655356976185691,100,0.0534634067895083
"DMS 114.2",0.0742523439887116,NA,0,85.1495312022577,0.0134095014864643
"MDA-MB-157.2",0.23016967401079,NA,4,66.0310409782348,0.296842158766348
"MDA-MB-157.3",0.272851495396607,NA,0.840054715733117,59.5639368632472,0.159344935778178
"MDA-MB-436.2",0.0349552580429105,7629588.19312069,0.231651912230742,18.7801062134357,998951.73339673
"MDA-MB-436.3",0.198163704923867,NA,0.263447611164273,75.2923004602331,0.00229047670161288
"NCI-H1666.1",0.0873350216683125,NA,4,82.4766958916036,1.02348928638882
"NCI-H1666.2",0.134912364945536,NA,0.996564541018403,73.1241633747759,0.623447162738364
"OCI-AML-3.2",0.267406745397927,3.86989338666754,2.03426002642187,24.533485889754,2.77757654502746
"OCI-AML-3.3",0.318884242738769,3.0912512871146,0.658635004585136,0,3.0912512871146
"RPMI-8402",0.0722850708975249,NA,4,70.534703931022,5.87978687225808
"RPMI-8402.1",0.176012775296997,6.06290223575733,1.78834681116249,31.9398376163973,3.43072614668306
"SR.1",0.205990103268269,4.71500778889167,4,36.6007346417764,3.39242426090545
"SR.2",0.168588214318225,5.54817680733015,2.69282265066179,23.8296310858368,4.36253924505014
"SW13.1",0.00667698986158454,NA,4,95.9382793173141,10.3082717659028
"SW13.2",0.0773916199137978,NA,0,84.5216760172404,4.29785407963177
"BC-1.1",0.227835930838181,4.32659896170857,1.35126752124973,31.0968095191387,2.10632521674294
"CAL-54.1",0.175329088428859,6.86472052129265,4,47.7962513511898,3.14536372964323
"CAL-54.2",0.248753770978135,10.9489386183727,0.457477299625215,0,10.9489386183727
"CML-T1.1",0.056386134949831,23.6856068757743,3.43507854865967,0,23.6856068757743
"CML-T1.2",0.0446921557781348,20.0297178391985,2.23999937994202,0,20.0297178391985
"EW-7.1",0.0888439068064963,NA,4,75.0846624192339,2.72576050934635
"EW-7.2",0.121406587198464,NA,3.20363830120768,51.726348883384,3.52466468210352
"HMV-II.1",0.121888178708299,NA,1.92451764373411,77.4195568083884,0.768355698015977
"HMV-II.2",0.104517629975831,NA,3.54924774593639,72.5396229606012,1.44307988054536
"IST-Mes1.1",0.029181311350811,NA,4,88.912204531695,5.19676981242908
"IST-Mes1.2",0.150675515019729,5474.03897249019,0.196609988650182,0,5474.03897249019
"KP-4.2",0.0692902303958539,NA,3.09376444588027,65.5439222753128,8.01359031178643
"LS1034.2",0.0352406226179261,NA,4,79.0887797634476,10.0149871101624
"MDA-MB-453.1",0.22073197924154,NA,0.976540393231835,70.461430584193,0.150370151790525
"MDA-MB-453.2",0.19467522086341,NA,4,70.2192833900987,0.218819140461166
"MKN28.1",0.104522940837817,NA,4,67.7388092974804,3.41404326070484
"MKN28.2",0.23787133784914,140.456798708759,0.225173414958322,0,140.456798708759
"MPP 89.1",0,NA,0.451140460786398,100,0.105849814653212
"MPP 89.2",0.107139058575494,NA,0,78.5721882849012,0.0143212452898376
"MRK-nu-1.1",0.182367925414884,NA,4,62.9430313518949,1.06875203432544
"MRK-nu-1.2",0.208977536432609,26.7248590692444,0.791751795044396,44.3420386678961,1.7049237514528
"SJNB-10.1",0.136782116952611,NA,1.59891817070477,56.2546532298759,3.76516204470151
"SJNB-10.2",0.150713855401854,15.3182434832053,0.762387256514227,0,15.3182434832053
"NCI-H226.1",0.0191779027594,NA,0,96.16441944812,4.24979895151883
"NCI-H226.2",0.0801316955662332,NA,0,83.9736608867534,0.0175158047979119
"NCI-H520.1",0.0681653007140783,NA,2.06581884069829,72.7696022561509,5.75719360513255
"NCI-H520.2",0.161429496588446,48.1159153413724,0.616216954018702,35.2126879654557,6.66336799298006
"OVMIU.1",0.0377062921506126,NA,4,82.768045730907,7.06332410425996
"OVMIU.2",0.182496616877118,2077.62273975913,0.190818210324328,0,2077.62273975913
"PEO1.1",0,NA,0.879074390880108,100,7.49491580089054
"PEO1.2",0.125792467717674,392477042829756480,0.0858172092195027,44.9415062184137,1e+06
"RKN.1",0,NA,1,100,1.01219545183127
"RKN.2",0.0738706206491794,NA,0,85.2258758701641,0.0101878854359174
"RT-112.1",0.12070123704141,16.0057984775383,2.80197657371575,44.9098820350522,7.08198703423084
"RT-112.2",0.176811444585481,39.294249425387,0.426455394954727,0,39.294249425387
"SK-HEP-1.2",0.115402874739818,NA,0.621382586164539,72.6003290642644,1.2645609233058
"SK-LU-1.1",0.0339005398441235,NA,1.98086365830353,93.5300439219285,0.857447108674163
"SK-LU-1.2",0.0237302953567215,NA,4,87.5704249012243,5.35644784833758
"Ku812.1",0.0472896216369649,NA,1.17179866736106,78.0505366340798,8.50040294817745
"Ku812.2",0.0541716759402382,NA,1.9251553900924,66.5445756086294,6.96855290046059
"BC-1.2",0.159269720621197,NA,4,50.7387654194183,3.42995684538921
"D-392MG.1",0,NA,0,100,31.1251196302194
"D-392MG.2",0.109573896411397,NA,0.0665175802315529,60.8361583463275,999623.966924253
"EB3 [Human Burkitt lymphoma].3",0.0335570975911133,NA,4,68.669460115743,15.4751961661454
"GAK.1",0.0834863094045124,NA,0.0743005182423159,68.4886478228697,1e+06
"GAK.2",0.0481852247408598,NA,4,71.9431838365521,6.12058092248691
"NCI-H2731.1",0.025656293275239,211.201846142726,0.933389880428755,4.83126166676875,189.415816917213
"NCI-H2731.2",0.123549464192795,1e+06,0.139287316478607,0,1e+06
"HARA [Human squamous cell lung carcinoma].1",0.0979622183371838,17.5148739662871,4,46.4073360256738,9.06814937135374
"HARA [Human squamous cell lung carcinoma].2",0.24272772293839,15.9503236949116,0.40175917659115,0,15.9503236949116
"HCC44.1",0.126398695559557,NA,2.62626861520248,57.9846497568318,4.01242688659018
"HCC44.2",0.19326670890334,38.40294186088,0.391823205554469,0,38.40294186088
"H-EMC-SS.1",0.0206555623296475,NA,4,95.2821178622486,1.55527739608777
"H-EMC-SS.2",0.116522868960295,NA,0.229191784815737,81.601677809998,0.0516783354342598
"HSC-2.1",0.0593475757203397,1443.91470801161,0.420756035971996,0,1443.91470801161
"HSC-2.2",0.0786546706621939,44.4496356961572,0.78399788351909,0,44.4496356961572
"KYSE-220.1",0.111047277071109,1483.98892402683,1.80176079420306,49.9966528466949,7.15557501912721
"KYSE-220.2",0.155668606620041,309.057359886426,0.29142196471306,0,309.057359886426
"LK-2.1",0.0426171719451692,NA,4,89.2433158853171,2.07331429401252
"LK-2.2",0.138462125967032,254.878208422642,0.330045045006573,0,254.878208422642
"Lu-65.1",0.126270515115289,NA,4,85.9612914200214,0.0631034454310386
"Lu-65.2",0.0470297678806182,NA,4,76.1396072044736,5.13136387650471
"MDA-MB-231.1",0.0165070729499913,36.702312767372,4,0,36.702312767372
"MDA-MB-231.2",0.153838708831709,183.858629878657,0.325514789705275,0,183.858629878657
"MEG-01.1",0.0453201144834849,NA,1.91069604172726,67.1352534910675,13.5414087302154
"MEG-01.2",0.162444784635846,46.7482058680964,0.438018433633332,0,46.7482058680964
"ML-2.1",0.182034714090179,6.43027756793604,3.36725140629859,38.1095048307926,4.19743189015929
"ML-2.2",0.265791126738566,6.24396803994252,0.564568749067303,0,6.24396803994252
"NCI-H1355.1",0.0438619612410828,NA,4,87.7349764533662,2.7063417574064
"NCI-H1355.2",0.162965407020119,NA,0.451941619909632,67.5061516376287,0.622485500474662
"NCI-H358.1",0.0883246606233488,NA,4,74.3418434340365,2.96843954967644
"NCI-H358.2",0.131077290895129,NA,2.43810745681088,62.7786922702874,1.75837482908558
"NKM-1.1",0.23072584879217,4.79897370930904,4,21.9527642809526,4.15315735259169
"SNU-423.1",0.054884891334359,NA,4,69.8243262739216,9.12543497740654
"SNU-423.2",0.124308522760054,243.959995054794,0.358952548016757,0,243.959995054794
"DoTc2 4510.1",0,NA,0.543702109002649,100,0.0607502570460297
"DoTc2 4510.2",0.149061691496453,NA,1.38216421214179,85.0938267082872,1.84851151915567e-06
"DSH1.1",0.0755568555228771,NA,0.562898014659675,63.0968663695073,20.7926992278653
"DSH1.2",0.0525495330388386,NA,0.0715788274523686,89.9921922134362,0.15442873782664
"ESS-1.1",0.100297073361933,323.313170942216,0.428290859403687,0,323.313170942216
"ESS-1.2",0.0744810054340838,NA,4,61.7323898946401,5.22013001833573
"HH [Human lymphoma].1",0,NA,1,100,0.0320168635221223
"HH [Human lymphoma].2",0.131379371272673,4.59610566005436e+24,0.0761868179071847,48.1070380021368,1e+06
"Karpas-1106P.1",0.0874136969262754,288.045710579391,1.05779324454718,47.9775190647802,13.8831498188155
"Karpas-1106P.2",0.0809557671247993,NA,2.35606950851748,51.8831365889569,6.43653666095567
"Karpas-620.1",0,NA,0.842022053437473,100,0.649865657203142
"Karpas-620.2",0.0232777636205039,NA,0,95.3444472758992,0.0103002583480193
"KATO III.1",0.265690663338647,NA,2.1895996799497,56.3414499796621,0.477618194910135
"KATO III.2",0.21290084552706,NA,4,61.8690894833479,0.422796673852366
"MDA-MB-468.1",0.00974683100642883,NA,4,88.4180739436798,18.360033598463
"MDA-MB-468.2",0.138491125914845,NA,0,72.301774817031,0.000846424615266079
"MS-1 [Human lung carcinoma].1",0.0151408969779363,NA,4,82.0055633183808,18.3619210898032
"MS-1 [Human lung carcinoma].2",0.0700191786009265,111.673403606874,0.610115116082304,0,111.673403606874
"NCI-H522.1",0,NA,0.908207529924846,100,18.7602783276202
"NCI-H522.2",0.0799986521099273,2626597.24561176,0.168387703711294,7.50387815843141,1e+06
"NCI-H929.1",0.0991882520913132,54.3006741428261,1.38167027135964,44.6957045831,10.7056637500065
"NCI-H929.2",0.239324853986231,7.79316101497981,0.595469977508022,0,7.79316101497981
"P31/FUJ",0.0307404132598229,NA,1.9184890784603,87.6851669792421,5.81798603461705
"P31/FUJ.1",0.193537283710269,3526.88776150754,0.169476443245296,0,3526.88776150754
"Panc 03.27",0.107886313574655,NA,2.45270903592629,71.358396203305,2.37410956466356
"Panc 03.27.1",0.202607006460049,NA,0.922477826898946,54.4753193810079,0.956170629171953
"KTCTL-195.1",0.0408553171809515,NA,4,88.3354800028571,2.84759542143663
"KTCTL-195.2",0.100848225654934,17372.2796293631,0.221567498063147,0,17372.2796293631
"WRO.1",0,NA,0,100,28868.9859519418
"WRO.2",0.0511912317279684,NA,0,89.7617536544063,0.0272038766794378
"SCC-9.1",0.0527061573062914,NA,4,92.5782979380754,0.237021818057088
"SCC-9.2",0.148203991897313,NA,0.305200837861135,82.4465872986799,0.0016547472062241
"SNU-C1.1",0.00833468677646181,44.8586128843368,4,0,44.8586128843368
"SNU-C1.2",0.0347925305991153,28.6474120534786,1.76864271328546,0,28.6474120534786
"HCT 116.1",0.11798692817988,NA,4,62.98617007249,3.53953197370698
"HCT 116.2",0.174265801797994,8.93110962810097,0.951797345733684,0,8.93110962810097
"FLO-1.1",0.0822596855916242,NA,1.33394765717695,64.823856863882,6.97415837399139
"FLO-1.2",0.126087973579483,NA,0.0737626456194788,76.3801069259699,0.0997942112359359
"JHH-7.1",0.00951753936062859,NA,4,96.0825650271129,5.97692199716131
"JHH-7.2",0.106663449263685,18053.1742954043,0.214047648917147,0,18053.1742954043
"TT",0,NA,1.35704754430068,100,207.535597262032
"TT.1",0.158138016638764,1500.9959002492,0.223790872154459,0,1500.9959002492
"NCI-H2087.1",0.0217119897587699,NA,3.16763559918726,86.660410300063,10.4917357774334
"NCI-H2087.2",0.133759526302346,NA,0,73.2480947395307,0.00405458297318214
"SK-LMS-1.1",4.94589045413919e-12,NA,2.36669352387832,99.6427602708779,54388.7191676522
"SK-LMS-1.2",0.139483261274201,380421362.181923,0.10624052175587,23.4024695058656,1e+06
"HCC38.3",0.139135292397387,4033.4389374942,0.359473983856143,42.360720686392,21.6731083481141
"MDA-MB-231.3",0.0675911806735326,516.475065346821,0.817879206517097,46.6966039016904,18.6329700444983
"MDA-MB-330.1",0.0629339723089803,NA,0,87.4132055382039,0.278386172137963
"MDA-MB-453.3",0.177145678073849,NA,4,77.8435741436933,0.0783081875727878
"MRK-nu-1.3",0.137655477846678,NA,1.62491354691317,57.7435083186159,2.12402090621503
"OCUB-M.3",0.107632288386255,NA,1.35800551567902,88.3295969012485,0.020653039345314
"COLO 684.1",0.00763824575235545,45.9624024047107,4,0,45.9624024047107
"COLO 684.2",0.0845946651987398,NA,4,88.7046161355278,0.11331879170657
"CAL-72.1",0.153827619104153,119.589942850939,0.35764058164208,0,119.589942850939
"COLO 680N.1",0.170868599392407,329842.335294468,0.12144271481999,0,329842.335294468
"KYAE-1.1",0.19974394461899,NA,0.801732675624007,76.0843849356318,0.0333350441388796
"LB831-BLC.1",0.111236355346153,NA,0.00550460350685501,77.7810942060186,0.397827708638372
"NCI-H1435.2",0.0300894559922177,NA,4,91.3115459473537,1.82881834308908
"ONS-76.1",0.18505000759596,34.8984060828374,0.422987816407392,0,34.8984060828374
"Panc 10.05.1",0.0950270017908289,NA,4,83.3868081433772,0.38474086797289
"SF539.1",0.268061146040338,43.2361834595555,0.251358064731465,0,43.2361834595555
"SK-N-AS.1",0.117128123411744,NA,0.0436788731788113,76.6217297020791,0.576484817769176
"SW1271.1",0.145282693918564,NA,0.29876571911245,69.8013946268217,0.833164493012236
"AMO1.1",0.113126095703815,NA,3.33934827852955,54.0547858082239,5.84780313091172
"AMO1.2",0.318099312383961,4.58249787443804,0.458485703658404,0,4.58249787443804
"BFTC-905.1",0.0485847955789057,NA,2.445980168125,75.7933351236363,8.11246880719759
"BFTC-905.2",0.224622549596022,57.9963252538388,0.294808780276905,0,57.9963252538388
"BICR 22.2",0.164057783555941,NA,0.565152601955862,69.4697593646112,0.717597982273292
"BICR 22.3",0.251652931015329,NA,0.453831441479836,66.9988521366081,0.0308126321185423
"Capan-1.1",0.0125095438423567,NA,4,93.740377709869,8.05556064801254
"Capan-1.2",0.174962933869445,6756.57280421704,0.17123888054263,0,6756.57280421704
"DND-41.1",0.0071240731737234,46.8561313788914,4,0,46.8561313788914
"DND-41.2",0.0750992521594473,NA,4,77.4971939732907,1.99488838026183
"EW-22.1",0.0589713909488412,NA,1.49635529016352,72.7243041158194,7.75091224558833
"EW-22.2",0.0797805495075679,NA,4,64.386574044635,4.25843114346163
"HPAF-II.1",0,NA,0.777991083206297,100,0.0511104806964773
"HPAF-II.2",0.124981990532326,489.390341311546,0.314068226006586,0,489.390341311546
"IM-9.1",0.205415034751297,7.44706985053589,2.60970902849831,6.65060438968642,7.05071219107902
"IM-9.2",0.20509363544522,4.85156175746908,1.98683660200338,5.91988855945624,4.55340847149176
"Karpas-422.1",0.045007583557242,NA,3.20760094361247,70.628424517162,11.2227313683333
"Karpas-422.2",0.0341825908373494,NA,4,74.7846887921964,7.88802600268914
"NCI-H3122.1",0.057275897071864,NA,4,75.8052233712701,6.23987564245471
"NCI-H3122.2",0.123431819646292,NA,4,64.778679211588,1.77737069318485
"NCI-H441.1",0.031892753429931,NA,4,92.4161650238686,1.75242433686693
"NCI-H441.2",0.159165022406319,12901.4900637881,0.17173064743903,0,12901.4900637881
"NCI-H82.1",0.0744178442404172,NA,1.75663984276154,78.1149780520362,3.08354595767478
"NCI-H82.2",0.129607763213517,57.1269574577849,0.498804297543394,0,57.1269574577849
"OCI-AML-2.1",0.330208699297352,2.06954060689572,4,20.549055270408,1.81303529519906
"OCI-AML-2.2",0.31963373476494,1.60533655744821,2.55612754885633,18.2401088830197,1.34419039785943
"Reh.1",0.0191516352668583,NA,4,91.59049700581,6.64032245581543
"Reh.2",0.0336639829351632,NA,4,74.6314697680039,8.04958190480128
"SaOS-2.1",0.0423269593074503,82.8773608845722,1.06142893766918,0,82.8773608845722
"SaOS-2.2",0.136823474353545,21787.6961225379,0.180785203227885,0,21787.6961225379
"SBC-3.1",0.219260760290669,11.094241200227,1.93781344799729,48.7235104002388,1.67132705960163
"SBC-3.2",0.252616001386584,4.14369643422178,1.02247151339367,21.765784142274,2.36945455197611
"SK-MEL-1",0.0666538278024779,NA,2.60340547053596,76.5313307131216,2.81884694262468
"SK-MEL-24.1",0.00642325726522067,NA,4,98.2997322317736,2.35451856926938
"SK-MEL-24.2",0.102398773857924,4040811347.00993,0.122720721743226,31.9539740367603,1e+06
"SK-PN-DW.1",0.101020213263584,73.6421438765618,0.911560667804887,36.4883628949282,17.5279766474233
"SK-PN-DW.2",0.187454187305973,1013.90481989334,0.631304093409106,49.0102086335234,2.03109965221659
"SUP-T1.1",0.0562811975579753,89.9932027067398,1.49634529155105,44.2059563541922,21.3154003301655
"SUP-T1.2",0.107228551910231,NA,3.29863702702814,71.1610569404315,1.53351057838135
"WIL2 NS.2",0.0310810550713813,NA,4,52.8105236501567,21.2211668425553
"A2780.1",0.191159307659864,9.26735243999059,1.57771186459373,35.3058895935493,4.26450210742746
"A2780.2",0.270851913277342,5.22452472615599,0.623022053910094,0,5.22452472615599
"EFM-19.1",0.125771119413621,NA,1.35047319969926,70.4666943964842,1.05582255992086
"HCC202",0,NA,0.657439040821332,100,0.274564126051833
"HCC70.1",0.0452846109397291,NA,4,91.5510881112139,0.487039790162307
"ZR-75-30.1",0.0467241726782714,NA,0.67785852218345,90.3606643923121,0.710526246794926
"MDA-MB-175-VII.1",0.11698620091729,7456.77040247047,0.223355326231028,0,7456.77040247047
"C-33 A.1",0.114533338261606,NA,4,66.0651090246633,3.10963663028557
"C-33 A.2",0.122501351253312,26.419289907988,0.763992310163207,14.7833218354928,16.6984508417
"Capan-2.1",0.0948430194357542,NA,4,90.087945461615,0.0246286734995319
"CCRF-CEM.1",0.0589865820649949,NA,4,78.5432226686763,4.79226577581295
"CCRF-CEM.2",0.147193347840659,77.3654187150222,0.412964632609716,0,77.3654187150222
"DB.2",0.0706814809286026,NA,4,79.0958407637806,1.93531664205652
"ECC10.1",0.092909640728156,NA,4,84.8721106027557,0.460048997810331
"ECC10.2",0.0378932346964887,NA,4,70.4146555815263,8.31795885508328
"NCI-H2795.1",0.213892068180785,NA,1.54443942866002,62.4345515182192,0.623611423189749
"NCI-H2795.2",0.327661637625041,3.69047656736972,1.18182694385945,47.927140779853,0.249670873720715
"NCI-H3118.1",0.198458870992658,NA,1.19557840217698,61.4749150607559,0.908555815284224
"NCI-H3118.2",0.159516253050369,NA,1.18332203983542,55.4760977248832,1.75603546443938
"KP-N-YN.1",0.100031466063726,NA,2.86779015145477,67.7175730009482,3.76666935579207
"KP-N-YN.2",0.136731965455399,NA,1.07129492081114,50.5531099150357,3.35504144084582
"LOX-IMVI.1",0.102702060822079,NA,1.96076220703195,57.3491681589945,6.18678435049806
"LOX-IMVI.2",0.117267633755456,NA,4,63.1727758884873,2.21737840443727
"MKN45.1",0.172832253596073,36.5850733490148,1.06442011637313,45.3274005570473,3.94633386347277
"MKN45.2",0.220064030022519,19.1204031012714,0.42850344751964,0,19.1204031012714
"SJNB-14.1",0.183179678028095,NA,0.884836548545157,53.4674786330926,2.28261474630884
"SJNB-14.2",0.194454508511553,29.7910655460751,0.422821289671691,0,29.7910655460751
"NCI-H1299.1",0.147452210066447,48.2027961515237,0.607526369848422,14.3348730319575,27.6412740472175
"NCI-H1299.2",0.153731503982525,24.3641268572434,0.585331394046599,0,24.3641268572434
"NCI-H1651.1",0.0331975443814183,NA,4,81.084844415523,9.53940483101236
"NCI-H1651.2",0.152115360238534,1186.31563694638,0.238216902118602,0,1186.31563694638
"Ramos.2G6.4C10.1",0,NA,0.0974683533492678,100,33.767428517653
"Ramos.2G6.4C10.2",0.133338354966412,NA,0,73.3323290067176,1.67870084502405
"SH-4.1",0.0477263043969838,NA,4,84.2042201457238,3.9701514292929
"SH-4.2",0.125627262460184,7711.41771371365,0.213320085812564,0,7711.41771371365
"SNG-M.1",0.0403230531710902,NA,4,86.930949818386,3.7986264642223
"SNG-M.2",0.115227272232287,4702.41655791087,0.238257038066486,0,4702.41655791087
"SW1990",0.00979594670572337,NA,0,98.0408106588553,16.7236508396941
"SW1990.1",0.122890301006012,NA,0.0613521024496402,58.300814113562,1e+06
"T98G.1",0.04498560267718,NA,4,84.3473292155486,4.39600033557475
"T98G.2",0.040986748240972,190.493356727818,0.681590843226317,0,190.493356727818
"TE-8.1",0.0743087487234708,NA,4,86.7201555817527,0.670805026201469
"TE-8.2",0.116496769927302,NA,0.696687826875661,53.0871934723803,5.80620830718526
"TK-10.1",0.0641755554777697,NA,2.593825106649,71.3582948484716,6.85585653587349
"TK-10.2",0.156518486104859,531.24891870673,0.264021397109658,0,531.24891870673
"COR-L32",0.00855660550234054,NA,4,95.4580004306649,8.72218243035696
"COR-L32.1",0.0101154016849714,26.5410556514566,4,0,26.5410556514566
"VM-CUB-1.1",0.0878505370712404,NA,3.3372085422426,59.3834844750962,4.4987726780769
"COLO 680N.2",0.020191243289854,NA,4,90.9251882249103,6.88557835289184
"EoL-1.1",0.277415371344056,4.2877764835823,4,6.21921535466781,4.14773042299801
"EoL-1.2",0.343542558961571,1.9220547691037,1.33351607678139,0,1.9220547691037
"Karpas-299",0.39106948068134,1.1189993011017,1.12996083635844,17.343765409713,0.767545054735142
"LB831-BLC.2",0.0234922893011469,NA,4,95.6270956028843,0.782709874911443
"ONS-76.2",0.0588674433827862,39.1007823105941,1.38653448251711,0,39.1007823105941
"Panc 10.05.2",0.0149705044587988,NA,4,86.8817967189916,14.7080959370502
"PSN1.1",0.208872322364381,18.5528844035715,0.599134952611984,29.414465896323,4.21830094204776
"SF539.2",0.25147750056655,NA,1.28962221802228,53.9852772071854,0.728359882178802
"SNU-387.1",0,NA,0,100,34.557214073041
"SNU-387.2",0.0355589143125383,NA,0.0374103327114925,93.0769298197029,0.146967740176703
"SW1271.2",0,NA,1.00348775335194,100,0.433454028249098
"VM-CUB-1.2",0.0930421864478446,NA,4,58.8212439165866,6.72313538031303
"EN.1",0.0275094328389132,NA,4,89.7634835354946,5.00105391727259
"EN.2",0.0812636851379627,NA,0,83.7472629724075,0.0102643158998051
"GR-ST.1",0.00462562855676866,52.6628724771411,4,0,52.6628724771411
"GR-ST.2",0.147302879073003,8587.72722416077,0.189773982859274,0,8587.72722416077
"KYAE-1.2",0.0530766480369523,NA,4,92.045805436807,0.3187538450537
"NCI-H1581.1",0.0374423467816285,NA,4,87.7483487091339,3.87624691702271
"NCI-H1581.2",0.0442945587780893,NA,4,77.1936497211595,5.23506474867794
"OCUM-1.2",0.108415522903888,NA,4,68.8753295915729,2.88573797902652
"OCUM-1.3",0.163728051702342,16.7791864462743,0.654447380127453,-2.77555756156289e-15,16.7791864462743
"RF-48.1",0.108294504932562,NA,4,66.1328556931639,3.51520585115815
"SAS.1",0.0871006298580216,NA,1.9214431680768,59.5032986401587,7.47059360755688
"SAS.2",0.225277890708523,7.98526497174838,0.927661046991937,37.0628168675361,1.85940788894358
"SCC-4.1",0,NA,1.77501339089903,100,10414.5041464133
"SCC-4.2",0.081752799459467,NA,0,83.6494401081066,0.0360888129426326
"VL51.1",0.41872452956467,1.06511180801077,2.30364473410472,20.2918734316307,0.84966683851125
"VL51.2",0.372863209090136,1.17953320370506,2.94697836757881,11.8826201907519,1.07577410702486
"SW900.1",0.103255209120032,NA,4,77.0557745814031,1.42946114505618
"SW900.2",0.148112932470122,NA,1.81159198819837,60.7041667281819,1.48737099533433
"TE-15.1",0.196281734496789,17.806968889918,0.510845716770546,0,17.806968889918
"LS180.2",0.00946252054551658,43.2818269123986,4,0,43.2818269123986
"LS180.3",0.0931606731924191,22.1418640470749,0.998812597262615,0,22.1418640470749
"NCI-N87.1",0.0362958836574079,NA,4,76.946513726011,10.8210735887256
"NCI-N87.2",0.0946545965531153,NA,4,76.3394389154878,1.26173056925196
"Fu97",0.160401987981117,11059835372.2822,0.0881480791677619,27.9950023204191,1e+06
"FU-OV-1",0,NA,0.317802758268554,100,0.845577520183166
"FU-OV-1.1",0.0485736816649664,NA,4,81.8735630087356,3.14226640967415
"EW-3.1",0.177411307451878,8.73671055995374,2.07556769963249,31.795274576764,5.36960965849012
"EW-3.2",0.132807961348308,9.72813185030157,1.69752536167909,27.6699740237885,6.05061301286454
"UACC-62.1",0.0175188988557891,NA,4,95.8014118874326,1.79256861904185
"UACC-62.2",0.0457186759800194,20.6480044414723,2.09114952206934,0,20.6480044414723
"WIL2 NS.3",0.113764375619168,23.5211897955322,1.1738708557602,9.55231186039368,19.6345566936016
"WIL2 NS.4",0.209948269399225,8.3222319842285,0.720953819204161,0,8.3222319842285
"A-673.1",0.0462457846716348,NA,4,83.9075218841331,4.39672131899131
"A-673.2",0.162951165070634,5937.09565403611,0.183808665014461,0,5937.09565403611
"VCaP.1",0,NA,0.98548260774256,100,660.866175803538
"VMRC-RCZ.1",0.142046129214795,NA,0.0637414312574539,73.1950472829954,0.0957895035360895
"VCaP.2",0.100857288247986,NA,0,79.8285423504028,0.00172110922671202
"LS123.1",0.0272701648274936,NA,0,94.5459670345013,0.0415874869215434
"LS123.2",0.127713288066212,179957.48460443,0.155833122234047,0,179957.48460443
"PSN1.2",0.229704863836628,3.3215360378581,4,41.274136613847,2.14683452064474
"PSN1.3",0.31770788328364,2.43288081579807,0.907146237490024,18.1295238576847,1.4808805737645
"CAL-72.2",0.0500085044059499,NA,4,86.2774932889803,2.58200626448938
"CAL-72.3",0.145389765624176,30.549329471296,0.562635412011159,0,30.549329471296
"CGTH-W-1",0.0458349915522298,21.7127330027904,1.94684877185154,0,21.7127330027904
"D283 Med.1",0.230361256200952,4.18417447798138,4,29.5199019496851,3.34734358881956
"D283 Med.2",0.224510244577914,3.69375081397752,1.82216178196474,27.4149014227571,2.38809069188091
"HCC1395",0,NA,0.857284510624407,100,0.46542630796582
"HCC1395.1",0.0840449608439795,2587905.67834358,0.16464418703205,7.25378314020668,998843.2684167
"HO-1-N-1.1",0.363204992811264,1.30401391315225,2.25910551938157,30.7478081390528,0.854686867958346
"HO-1-N-1.2",0.373377172474218,0.911431800861688,2.76448865508638,21.7216239550003,0.741635048424141
"Karpas-299.1",0.462312523516015,0.860934172926966,2.27891281830002,15.4679983782611,0.731867889135236
"Karpas-299.2",0.466518925544742,0.771082255725385,0.943793503999707,3.6721279724707,0.711213807314703
"MLMA.1",0.0430249727533016,88.3552086698099,1.02050922338074,0,88.3552086698099
"MLMA.2",0.00674076578422363,29.7333941846852,4,0,29.7333941846852
"SNU-16",0.175586128533045,14.8458646407172,1.05456811902824,25.445032241693,7.56406326867513
"SNU-16.1",0.168713052462001,19.3218606074217,0.588676307494266,0,19.3218606074217
"PCI-30",0.0192600154155608,NA,4,86.931230382243,11.6125450257474
"PCI-30.1",0.209188665816844,216.654702563803,0.239007746055312,0,216.654702563803
"RCM-1 [Human rectum adenocarcinoma].1",0,NA,1.12481115163616,100,56.6796200097661
"RCM-1 [Human rectum adenocarcinoma].2",0.167302163372098,530.616978554174,0.250512969886683,0,530.616978554174
"SK-N-AS.2",0.0342462736485746,134.36304003493,0.955239339644116,0,134.36304003493
"SK-N-AS.3",0.153649064328407,83.4587247553202,0.390763368798713,0,83.4587247553202
"SW1116.1",0,NA,0.336676003735541,100,0.374417531997626
"SW1417.1",0.0507077488731577,NA,1.2090359422229,86.4340125738618,2.50118617373846
"SW1417.2",0.151416761207563,NA,0.0509873370623928,53.5646681463852,999975.315818188
"VMRC-RCZ.2",0,NA,1,100,0.320112413608878
"AU565.4",0.177851598120995,NA,4,62.1610908954375,0.769342622833944
"BT-474.4",0.0224546657456609,NA,0.123668731009629,95.8300274922991,0.176182257689103
"CAL-85-1.5",0.0787542332958317,3269.09591407981,0.305010607179382,0,3269.09591407981
"HCC1937.5",0.0303733411585499,NA,3.34005540664698,83.6899953803763,5.52321977508685
"MFM-223.19",0.050142889942965,NA,4,86.1882976284427,1.61493857927114
"MDA-MB-415.1",0.0614388685424461,NA,0,87.7122262915108,0.0237350118609069
"A-375.28",0.0177078259987701,35.9027153376825,4,0,35.9027153376825
"A-375.29",0.0145331330113157,38.1674165994515,4,0,38.1674165994515
"A-375.30",0.0443668106578493,73.3834023358942,0.889991203887912,0,73.3834023358942
"A-549.18",0.16119442143673,8.91187948717548,2.89539975099233,42.6209932612353,4.60226837797821
"A-549.19",0.163521222068688,7.37536439096938,4,45.6522586867956,4.00504043488201
"A-549.20",0.180831397501312,6.77084688781921,4,48.46225357382,2.83544791162207
"A-549.21",0.229600644274391,17.0248115161367,0.423809049321054,0,17.0248115161367
"A-549.22",0.216746560177007,10.5425282720811,0.581676491622962,0,10.5425282720811
"C32 [Human melanoma].28",0.0778277615572321,NA,1.20845346605465,92.2172157197731,1.30118044248359e-06
"C32 [Human melanoma].29",0.040625,NA,0,91.875,1e-06
"HCT 15.23",0.126643160663593,14.4084740523385,2.2258394953888,32.5978355998514,8.96784645975328
"HCT 15.24",0.133177710310228,10.9883636330494,4,27.6971376951245,8.98008965536155
"HCT 15.25",0.146719740095716,28.7039661318095,0.766343968294988,12.3322028203543,19.8353493956347
"HCT 15.26",0.100127324124673,25.2368084891558,0.861541156997508,0,25.2368084891558
"HCT 15.27",0.129689080332706,NA,4,61.8228914031009,1.91428015841604
"HCT 15.28",0.0695798344101657,NA,4,53.6989488823114,7.11140039751955
"HT-29.28",0.0782383969187631,NA,2.49146650486263,56.3680758530315,9.4492957810762
"HT-29.29",0.11744124665296,NA,1.583439427514,60.0634845686786,4.30637650198921
"HT-29.30",0.194033440348584,12.520224612289,4,49.9524547286861,2.19860115401218
"HT-29.31",0.127214445183634,NA,4,65.1357031888408,1.60866001195821
"HT-29.32",0.0727552879098315,NA,1.58537976756632,57.2507213044808,6.8649026309189
"HT-29.33",0.147094205888083,NA,4,63.3350704690357,1.2518963716838
"MFM-223.20",0.136992526429464,NA,0.103800438461452,72.5701009976054,0.646880173531424
"MFM-223.21",0.0758244275121471,1970.66146731269,0.333316597357611,0,1970.66146731269
"MFM-223.22",0.00926856302838525,27.2105709474024,4,0,27.2105709474024
"MHH-ES-1.30",0.00725897972779181,29.1340326316708,4,0,29.1340326316708
"MHH-ES-1.31",1.93962511766634e-11,NA,2.94073283062475,95.8000393351286,10736.9985087967
"MHH-ES-1.32",0.0331785045636715,269.814564339359,0.67998449592656,0,269.814564339359
"PC-14.29",0.0854344191637829,111.95295746983,0.626702996267536,0,111.95295746983
"PC-14.30",0.103182836470716,112.598066993484,0.656206571851652,25.3764521673064,38.2601419014044
"PC-14.31",0.122735165350233,198.053904255112,0.420495488782813,0,198.053904255112
"PC-14.32",0.115249447917348,124.423128523479,0.438566831327874,0,124.423128523479
"PC-14.33",0.118623193695096,290.857315840606,0.357567020403805,0,290.857315840606
"PC-14.34",0.111394190356087,79.2863983125297,0.518834165927283,5.31676477837237,63.839976181121
"SNU-C2B.25",0.145204012144129,NA,1.34799683053405,70.4964810869782,1.06964542596717
"SNU-C2B.26",0.0918502892548368,NA,4,73.8296370837794,2.83351193524134
"SNU-C2B.27",0.0726159221876743,NA,4,78.5969578875763,3.07185914758147
"SNU-C2B.28",0.117282057787512,NA,0.393444264625514,53.8566324783216,14.1393738160481
"SNU-C2B.29",0.133780946246481,NA,0.39625786036443,79.1871048812196,0.115545184778341
"SNU-C2B.30",0.144387667750859,NA,0.436429107050911,56.2606567697235,4.24943771586508
"SW620.29",0.0415539074586317,82.6500511372169,1.07340969740673,0,82.6500511372169
"SW620.30",0.0640369473801957,110.995946525236,0.747200799415638,0,110.995946525236
"SW620.31",0.0612041237264492,NA,4,61.0576123389665,10.8420118596926
"SW620.32",0.0139784230228818,39.2840830945007,2.58408411847107,29.3838129915608,27.8817415497797
"SW620.33",0.0495589184054578,5794.15325372132,0.346404487214582,0,5794.15325372132
"SW620.34",0.00818111879531708,28.1827967905598,4,0,28.1827967905598
"U2OS.29",0.0523536544463652,NA,4,79.9946035873208,5.25043798242707
"U2OS.30",0.0202167195623108,NA,2.43279296851707,78.4413514429397,18.4167824592444
"U2OS.31",0.054512681628808,NA,1.63411802681396,74.3099821002514,7.83402783038478
"U2OS.32",0.134250352177938,16129.5740948341,0.188753252586426,0,16129.5740948341
"U2OS.33",0.0857696751280724,20884.6872140438,0.236102554852672,0,20884.6872140438
"U2OS.34",0.140473404710748,999800.402131722,0.128553535855986,0,999800.402131722
"EFM-19.2",0,NA,0.38403302394217,100,62.5893796898543
"EFM-19.3",0.0498827742468688,NA,4,93.4766206825236,0.101627491519665
"IST-MEL1",0.0229838591482285,NA,4,85.7478243134698,10.5355767236189
"IST-MEL1.1",0.0979019087078773,2488.24949964503,0.283423475597983,0,2488.24949964503
"IST-SL2.1",0.0591646822203513,NA,2.75028754203913,74.7252841257655,6.37976859874055
"IST-SL2.2",0.0467320087747142,NA,4,79.722004546485,4.07285592049872
"NCI-H810.1",0.160812295666937,NA,3.22019147751371,81.1099306321927,0.0883885815183372
"NCI-H810.2",0.257919671792305,NA,0.837813794752365,66.1880354374101,0.0737211452562968
"SW1088.1",0.00689506088672048,47.2790310831549,4,0,47.2790310831549
"SW1088.2",0.118076796668246,86665.7903692283,0.173849052403871,0,86665.7903692283
"SW1116.2",0,NA,1,100,1.01219545183127
"SW1116.3",0.0403145187325774,NA,0,91.9370962534845,0.0433890927686143
"SW837.1",0.047444256777417,NA,4,90.7238422008972,0.93513292499569
"SW837.2",0.124690967623129,NA,0.040884172197397,65.2023270634754,999982.413910528
"TC-YIK.1",0.0853297408183859,NA,1.95954537745648,70.0975083065168,4.50639629279639
"TC-YIK.2",0.0672441357466471,29.0329040231282,1.30453837668028,25.5262030409367,16.790073253906
"TE-9.1",0,NA,0.402032922439072,100,5.24056112807365
"TE-9.2",0,NA,0.114960205679923,100,0.0441853732271139
"YAPC.1",0.0669472498116601,109.770540075844,0.731267705986769,0,109.770540075844
"YAPC.2",0.0365144522087898,55.6551262393991,1.10670639394497,0,55.6551262393991
"HCC1395.2",0.0637150850431648,NA,0.0701247784085773,76.3567506330298,1e+06
"HCC2218",0.0303233058299699,NA,0,93.935338834006,2.24822754499947
"MDA-MB-415.2",0.0615146675329846,NA,0.0201224033443144,87.811415827545,0.245890355567692
"MDA-MB-468.3",0.0821243249036801,44511756919.8223,0.133374602961968,38.0055170355375,1e+06
"CAMA-1.2",0.0416278705916289,NA,4,90.1162793606728,1.09043294933177
"CGTH-W-1.1",0.00336152353218663,57.2920109856329,4,0,57.2920109856329
"CGTH-W-1.2",0.0288368161813524,78.8355200693685,1.05713964932678,0,78.8355200693685
"EB2.1",0.230256126760292,15.0325506079965,0.56512922277906,0,15.0325506079965
"EB2.2",0.131471052391746,6.83685777015662,3.72014861920303,35.4058732354683,4.91022086755891
"HCC70.2",0.0796418273057198,NA,4,81.1163361254307,1.08612003531758
"KNS-62.1",0.0748593277627998,NA,4,78.4023085566148,1.82512582433261
"NCI-H1755.1",0.0382923415200857,NA,4,76.267809939756,10.5292254391863
"NCI-H1755.2",0.121099886821238,419.032209770923,0.329500974374776,0,419.032209770923
"RPMI-6666.1",0.347367542884001,1.94392324918026,1.71807089734949,25.3428446109537,1.28817419657686
"RPMI-6666.2",0.31223230929778,1.9248730714203,1.53864423575368,18.9172257990161,1.41327078303293
"SK-GT-4.1",0.0266582939832779,NA,4,75.7871041995433,15.1421614098929
"SK-GT-4.2",0.0929620738883383,1119.46700249398,0.326974181180773,0,1119.46700249398
"SK-OV-3.1",0.0765108181425439,NA,1.86812334166727,68.9333340306655,3.73361838145463
"ST486.2",0.109212493198881,NA,0.66234850037752,56.2381485908777,9.70896042879548
"ST486.3",0.0669474628917792,NA,4,61.1733794329886,6.09143515676095
"SU-DHL-6.1",0.148836877246292,91.9230389822015,0.444738830043122,0,91.9230389822015
"SU-DHL-6.2",0.0429774591357022,NA,4,80.9296000881396,4.21900427026906
"UM-UC-3",0.0125163132725328,NA,4,91.3989553654141,7.35303295344262
"VMRC-LCD.1",0.0704595579620016,4798.81025079419,0.306110349836242,0,4798.81025079419
"WSU-NHL.1",0.293864578357388,4.15094302786511,1.24420029753576,12.1019476312024,3.32212119705378
"WSU-NHL.2",0.179455919172234,6.3199841434663,1.53501689771095,22.1569141885694,4.31599481224816
"YH-13.1",0.0411612557999245,NA,4,92.4321401050516,0.747458936875823
"YH-13.2",0.0972786049432282,252.268399734189,0.415902742330261,0,252.268399734189
"WM115.1",0.118532460705332,NA,0.0582072231271238,61.0131290256872,999916.652888198
"U266B1.1",0.00696246766100283,29.4705327938338,4,0,29.4705327938338
"A-375.31",0.0103561614796332,42.1799582069881,4,0,42.1799582069881
"A-375.32",0.0138430707654005,24.2078905980458,4,0,24.2078905980458
"A-375.33",0.0561320016216443,1408.1417878249,0.401081231041695,0,1408.1417878249
"A-375.34",0.0119427292285188,25.2934644001803,4,0,25.2934644001803
"A-549.23",0.223519284655891,4.25960194068163,3.15785183583226,36.4998539717021,2.81384335068274
"A-549.24",0.239436136031569,3.6167034231802,4,32.1590223394661,2.79527833494457
"A-549.25",0.197196727873808,7.30759580251746,2.00277876731015,29.6323350867837,4.66692380143034
"A-549.26",0.181312351701391,5.26248019751464,2.46645277102739,17.7310430083357,4.40637779741773
"A-549.27",0.291195657099646,3.87821639227972,0.685943478804352,0,3.87821639227972
"A-549.28",0.228919439120248,3.23803338305865,2.44581169664618,24.854116629582,2.44475126035663
"C32 [Human melanoma].30",0,NA,0.817026296085014,100,0.462645151996804
"C32 [Human melanoma].31",0,NA,0.836109900329548,100,0.378527648830022
"C32 [Human melanoma].32",0,NA,0.173409513201987,100,0.935936523641982
"C32 [Human melanoma].33",0.0212571284143109,NA,0,95.7485743171378,0.00688777898948358
"C32 [Human melanoma].34",0,NA,0,100,0.019073646767066
"HT-29.34",0.117333934471016,NA,4,61.6929683688467,3.85786420551198
"HT-29.35",0.173538903022608,NA,4,65.0067249311275,1.04112122682469
"HT-29.36",0.122105641401012,42.3615995661004,0.703123172663737,0,42.3615995661004
"HT-29.37",0.184536657475554,NA,4,51.325858046532,1.45794039831387
"HT-29.38",0.183175131620617,3.91747103689301,3.6340133107846,46.5798233504719,1.87260077997946
"HT-29.39",0.181681334973293,19.0111177444776,1.01917010300073,44.107181300054,2.33253480183826
"MFM-223.23",0.0358919455991069,NA,4,87.0969551011852,4.68558787256997
"MFM-223.24",0.0416022521382688,NA,0,91.6795495723462,0.0190143215388992
"MFM-223.25",0.0385515886846451,NA,0,92.289682263071,0.337186731562635
"MFM-223.26",0.00862039141967797,42.8685046514498,2.43606663589461,0,42.8685046514498
"MFM-223.27",0.0562451291992548,NA,0.361585583466335,89.4503070331395,0.418311141600353
"MFM-223.28",0.0892922919422956,NA,0.0438589944767733,82.5134484633152,0.239374837963239
"MHH-ES-1.33",0,NA,0.816384862742842,100,4.91220740000689
"MHH-ES-1.34",0,NA,1,100,1.01219545183127
"MHH-ES-1.35",0.0122528478216776,NA,4,94.4559280563016,6.95694448023733
"MHH-ES-1.36",0.0467877282223772,103.40573359451,0.767580226644394,0,103.40573359451
"MHH-ES-1.37",0.079944819594805,21141.5190830437,0.243883123732369,0,21141.5190830437
"MHH-ES-1.38",0.0801709905677105,1672.21634296306,0.332218136554703,0,1672.21634296306
"PC-14.35",0.145920489713164,183.75124468484,0.376577597641276,0,183.75124468484
"PC-14.36",0.0991721955770292,152.826490400139,0.637998634915853,28.6860345157251,40.1588130246262
"PC-14.37",0.132322272989711,NA,1.33255102069429,56.0097244054962,4.2016441583889
"PC-14.38",0.0677795649124996,28.4393820773409,1.10464872264329,0,28.4393820773409
"PC-14.39",0.111316421814921,NA,1.09243046334715,63.8177028658911,2.61247301727915
"PC-14.40",0.0865032437528228,NA,2.16798361829812,61.807571725666,4.25067312157487
"SNU-C2B.31",0.149292696715399,NA,4,71.6069022860485,0.84693721390403
"SNU-C2B.32",0.0993776034995047,NA,4,79.1796422751313,1.18394082812076
"SNU-C2B.33",0.0951174803589524,NA,2.81030850483911,74.4733963941211,2.44052443987143
"SNU-C2B.34",0.163715157342251,18.5190883803849,1.23644461905928,45.4111045347288,2.68356902977159
"SNU-C2B.35",0.123740369060117,NA,4,67.4631743072122,1.44608548211586
"SNU-C2B.36",0.147643866440534,NA,1.07588867490238,68.2637910203486,0.814212153852838
"SW620.35",0.0409372028052112,NA,4,68.2864588638008,13.2141311970877
"SW620.36",0.0416693870104846,NA,4,60.2523225403384,15.7339120331004
"SW620.37",0.0482669068995674,NA,4,67.9729186185384,11.3439979264045
"SW620.38",0.0241982129044666,39.9571067565955,1.65370871284344,0,39.9571067565955
"SW620.39",0.0607368755769173,NA,2.71283678150942,61.7090649356367,6.81741538412941
"SW620.40",0.074309988697502,192.398736013682,0.513042300539305,0,192.398736013682
"U2OS.35",0.0811854387511243,NA,4,70.2088544161656,4.87219512378681
"U2OS.36",0.100291809012963,NA,0.595043436616711,85.0491255445703,0.210132692004643
"U2OS.37",0.067808213607691,NA,4,86.2581205734744,1.05909940909524
"U2OS.38",0.0988608312556215,NA,0.286891169858918,72.7589316678643,5.24543915300849
"U2OS.39",0.111785848724101,481.536672041479,0.338064078253435,0,481.536672041479
"U2OS.40",0.0623900031123928,84.1189033340381,0.709119918464901,0,84.1189033340381
"A-375.35",0.0123187134541992,40.1021339312756,4,0,40.1021339312756
"A-375.36",0.0135631226508339,38.9709901643454,4,0,38.9709901643454
"EW-24.1",0.0665960732286038,NA,4,92.2889189904981,0.0816366661058551
"COR-L88",0.0957804392944742,NA,0,80.8439121411052,55.2629027270536
"Capan-2.2",0.0121378551742639,NA,0,97.5724289651472,2.33715084803281
"Capan-2.3",0,NA,0.465166186698984,100,0.529638791907044
"SK-OV-3.2",0.0963313412760524,NA,3.82858277113208,58.807412467701,3.97877672236309
"SK-OV-3.3",0.0908131158189677,NA,3.32602052428177,57.3141894841508,7.37808276136265
"WM115.2",0.0034074935516263,48.9947054136964,4,42.1434179684486,30.8471511876959
"WM115.3",0.00785383752630125,45.608497052178,4,0,45.608497052178
"YT",0.321802515867135,1.82579177493767,1.17374856432106,33.0944649017851,0.724808029900669
"YT.1",0.403064822744639,0.802909445778991,1.7467031392994,38.1408407852647,0.352287831297129
"VMRC-LCD.2",0.00789507793994845,NA,4,90.1418780983086,11.840413884702
"VMRC-LCD.3",0.0479588218635981,NA,0,90.4082356272804,0.0169595081332225
"UM-UC-3.1",0.0149989518309837,37.7867136551933,2.16770449169899,0,37.7867136551933
"UM-UC-3.2",0.00319227211938336,58.0712022170634,4,0,58.0712022170634
"KNS-62.2",0.087153043326924,NA,1.42452087094328,77.5804544657894,1.38321020251212
"KNS-62.3",0.106878478532513,NA,0.603046202293046,67.096643157392,5.02905310527883
"HCC70.3",0.0540068698727637,NA,1.8757920466646,88.428085823782,0.796772756815062
"HCC70.4",0.0267408850910505,NA,4,94.6091602166069,1.04024204931993
"CAMA-1.3",0.134348071279554,NA,0.0443963045463858,61.4585902717778,849950.568057926
"CAMA-1.4",0.0620973754866745,NA,4,93.0885324605932,0.0635585713670224
"TGBC1TKB",0.0694703474411155,NA,0,86.1059305117769,0.0329377728116294
"TGBC1TKB.1",0.00311183874038692,58.459340850214,4,0,58.459340850214
"OE33.1",0.225704169744554,NA,1.42211403483042,66.7775812286664,0.17785667934212
"OE33.2",0.175944903610171,NA,1.35905993810872,77.284261290071,0.138317666405721
"NCI-H2342",0.0415857792117569,NA,0,91.6828441576486,0.0684313310595412
"NCI-H2342.1",0,NA,0,100,102017.449045677
"KYM-1.1",0.0671284782506756,37.9333479547295,1.76819121792338,45.3747393477872,9.87044632434594
"KYM-1.2",0.0629929129611002,NA,4,63.810750879264,9.6356930156514
"EW-24.2",0.0112709863869055,NA,0,97.7458027226189,0.0173275451525529
"HuCC-T1.1",0.150657079359964,304.631366859327,0.717151403472886,47.8366792474866,3.81958066372295
"MV4-11.1",0.666805851609509,0.310149500083564,1.3687602343773,0,0.310149500083564
"MV4-11.2",0.620542009568388,0.251462471986245,0.88894131640872,0,0.251462471986245
"NCI-H1648",0.160704851817184,43.9978267619607,0.701234029452117,31.6050428793221,10.5714733108608
"NCI-H1648.1",0.0771678479769311,95.2381559631155,0.605179125106515,0,95.2381559631155
"NCI-H211.2",0.143582474879685,19461327.9170212,0.117062548945284,14.6771132497085,1e+06
"NCI-H211.3",0.0529226614912149,NA,4,68.2672909437024,6.33617698840225
"Panc 02.03.2",0.126325565641566,NA,1.09347851334019,73.1317497195973,1.25600444027952
"Panc 02.03.3",0.111444836813821,NA,1.85170990434799,82.0141270625759,0.275783412292488
"SK-MEL-2.1",0,NA,0,100,4.29731843995551
"SK-MEL-2.2",NA,NA,NA,NA,NA
"SK-MM-2.1",0.102157134796469,NA,0.0422841454524158,71.4900726132369,1e+06
"SK-MM-2.2",0.0152093597416749,NA,0,96.958128051665,274.595165363435
"U-698-M.1",0.274348935727665,9.83127573310119,0.533160464536102,0,9.83127573310119
"U-698-M.2",0.169106067222623,13.6161215490264,0.709896090171863,0,13.6161215490264
"NCI-H2085.1",0,NA,0.212463980971795,100,97.6764706683393
"NCI-H2085.2",0.00641905027875712,NA,4,95.9077739097643,6.79079451341568
"SNU-449.1",0.00763368731900082,45.9700115776139,4,0,45.9700115776139
"SNU-449.2",0.103319844836993,1e+06,0.153991825110657,0,1e+06
"SK-MEL-1.1",0.0166247180339541,NA,0,96.6750563932092,116.015199465678
"SK-MEL-1.2",0,NA,0,100,0.561655939261431
"HT-1376.1",0,NA,0,100,394.914767749594
"HT-1376.2",0.0162080685724965,NA,0,96.7583862855007,0.0910279339773092
"Lu-139.1",0.0333772805255006,NA,2.28980485586644,62.4920940878479,12.2273685340061
"MDA-MB-415.3",0.0657096896277109,NA,0.0903579363329156,86.1351162535796,3.24347751331667
"MDA-MB-415.4",0.026235105697576,NA,4,93.0251148221032,1.48836403043754
"NCI-H2066",0,NA,0,100,82210.3060858801
"NCI-H2066.1",0,NA,0,100,0.174184754107561
"SK-CO-1.1",0.209309306435126,5.87427220180811,2.43356984782957,30.9976018750054,3.9473142390284
"SK-CO-1.2",0.189520229671885,5.01368256800719,2.00055644756139,38.8689657707847,2.36608491690923
"SW1463.1",0.0334209937319116,NA,3.32771176085201,74.7002550731123,13.0406994063607
"SW1463.2",0.0386954575523153,NA,4,72.7151691950429,7.54711123175817
"COR-L105.1",0.0903498817254368,885.283343367195,0.372947195421865,0,885.283343367195
"COR-L105.2",0.106624706461855,80.2585297599606,0.519539600076594,0,80.2585297599606
"EW-11.1",0.139964007377507,NA,4,72.8251324026194,0.912261544131246
"EW-11.2",0.140612583701609,NA,0.0377825971860768,75.2945895893903,0.000394821591286922
"NCI-H2029.1",0.0376022548472387,NA,0,92.4795490305523,0.000990744482949186
"SW48.1",0.0334561162358337,NA,4,70.8284898851258,14.6480073757954
"SW48.2",0.0320908464223815,19.1275250345542,3.49211360758909,0,19.1275250345542
"ZR-75-30.2",0.0118180675713762,NA,4,94.9999338892304,6.25587199848786
"ZR-75-30.3",0.0835853079687986,NA,4,87.9188037288924,0.168103971166767
"AU565.5",0.157859666509711,NA,4,63.7325779156332,0.978926612641167
"BT-474.5",0,NA,1.00532742734636,100,0.360873841469698
"CAL-85-1.6",0.0348658022746716,133.589884634137,0.80652041574787,0,133.589884634137
"MFM-223.29",0.0668899856621055,28618.3655169711,0.255926515087302,0,28618.3655169711
"HCC1937.6",0.0297608370540152,NA,1.47187076001155,92.2126338731179,1.43248053250028
"ME-180.1",0.0679132846678664,NA,4,85.5750857115796,1.23834457007628
"ME-180.2",0.148562104841714,NA,0.711642799528645,74.5871192914399,0.314804573917227
"MSTO-211H.1",0.0815668383019022,NA,4,91.1672944064423,0.0526025278207268
"MSTO-211H.2",0,NA,0,100,0.00948579928031194
"NCI-H835",0.0121471938884242,40.268138557141,4,0,40.268138557141
"NCI-H835.1",0.0044338417321237,33.2870923017339,4,0,33.2870923017339
"SW872.1",0.106208607169187,NA,3.1364166106021,70.3636883523112,2.692594789943
"SW872.2",0.191356079199992,48.7737481669961,0.368748831236136,0,48.7737481669961
"UACC-812",0.210071141460495,NA,3.17871161317959,53.58593401308,0.868094142947817
"HCC78.3",0.130540339019347,NA,4,72.7390997494639,1.17136696210188
"HCC78.4",0.14473198067554,NA,4,67.6063284801255,0.913608083795066
"HuCC-T1.2",0.249476492753481,NA,0.888583785818049,57.9981368064227,0.494436900378935
"HuCC-T1.3",0.161118656836199,NA,4,61.6382302250103,1.09934281763913
"Ca Ski.1",0.0954434720096493,NA,3.06136810566192,76.8829664174693,1.84779811705411
"Ca Ski.2",0.161236621341533,30.1698809818693,0.581307195768346,19.2802357697862,13.0511493802793
"CCK-81.1",0.235113340233976,NA,1.30031139011899,57.7133587597382,0.681242616039244
"CCK-81.2",0.263842462275273,22.4995829726466,0.40635222026118,27.902181488964,3.01635049065655
"COR-L88.1",0.0729753923363176,NA,0,85.4049215327365,1.23086587379374
"COR-L88.2",0.00636790469976128,30.1994322106807,4,0,30.1994322106807
"CS-1 [Human chondrosarcoma]",0.0755106259016627,NA,4,76.7001377273742,3.41187093575539
"CS-1 [Human chondrosarcoma].1",0.104418227058112,152.049828924989,0.857087637964054,45.920982164434,8.16746582416424
"G-292 clone A141B1.1",0.0285701054666868,NA,0,94.2859789066626,0.00894741039609198
"G-292 clone A141B1.2",0.125709009261415,NA,0,74.8581981477169,0.000341210210604679
"K-562.1",0.0619734343485791,NA,4,90.3672260477823,0.376019926725956
"K-562.2",0.0391954816419834,NA,0,92.1609036716033,8.98509808099087
"KYSE-270.1",0.117906368466452,NA,1.47445926712852,65.5789832401464,3.06461178607967
"KYSE-270.2",0.136193564969601,21.6738358088928,0.896162740503212,30.4051875111822,7.62023088137084
"NCI-H524.1",0.0621979821434766,NA,4,78.843901875111,4.20013146793424
"NCI-H524.2",0.0283143727558568,NA,4,79.6325264562613,7.69778771985123
"U266B1.2",0.129324221407761,NA,0.762812796762265,79.7594222549755,0.328464378909364
"U266B1.3",0.0890019970810298,946.10124576253,0.343589655658071,0,946.10124576253
"Ca9-22.1",0.0306370218442853,38.2000939856805,2.38281451699982,0,38.2000939856805
"Ca9-22.2",0.0812746968864601,2287.63935863381,0.315593639952179,0,2287.63935863381
"HCC1599",0.0743569001588981,25.4128809445973,1.10766928254501,0,25.4128809445973
"KYSE-450.1",0.156573211094639,51.460044741859,1.82948391198856,49.8246308271405,2.34181460447126
"MFH-ino",0.0783443408425804,109105956361215456,0.122943052690282,47.8024274609933,1e+06
"TGBC11TKB.1",0.0965181218966382,NA,0.664308475057485,62.1640144723626,5.71206338339006
"UACC-893.1",0.0507930529849772,NA,0,89.8413894030046,14268.1971431616
"MeWo.1",0,NA,0,100,0.243918271306098
"UACC-812.1",0.112033927552877,NA,4,72.141445153652,1.24355660338896
"8305C.1",0.0718037405997536,NA,0,85.6392518800493,0.0202898863736521
"Caov-4",0.208629059831693,NA,1.55341741509848,55.7051339905018,0.77440346182907
"CAL-148.1",0.242286612023302,NA,0.910516475398868,51.5495710127288,1.01165344410305
"CAL-148.2",0.223577374227267,41.2888210999301,0.358672136816456,14.4667547691213,15.9318058206351
"SJNB-12",0,NA,0.124339820451152,100,24.4028050686952
"SJNB-12.1",0.0915266824384445,5230.18204345906,0.266991120518513,0,5230.18204345906
"SHP-77.1",0.133966176021606,816.23707833878,0.29763278449358,0,816.23707833878
"SHP-77.2",0.0711515410626973,83.1445938341876,0.661396434073458,0,83.1445938341876
"SK-N-SH",0.0511387105913065,NA,4,82.9824740936946,4.01538528598998
"SK-N-SH.1",0.0515270488714671,NA,4,68.9891919524478,6.36355862507887
"T84.1",0,NA,0,100,173649.256359037
"T84.2",0.0712825836628998,999969.238978178,0.183846429126827,0,999969.238978178
"KYSE-70.1",0.0443507877841356,NA,4,92.7644722033302,0.463886843409478
"KYSE-70.2",0.0973008351703658,34187.7531118233,0.21085124501376,0,34187.7531118233
"BT-549.2",0.112205063523713,NA,0.0551495501249571,79.427950363198,0.0230149844086801
"Hs 578T.1",0.0728902098350479,59.5783388846075,0.732004126484006,0,59.5783388846075
"NCI-H345.1",0.00320401702730064,36.2597020721185,4,0,36.2597020721185
"NCI-H526.1",0.144995194048869,12.3172953426703,1.12375573500434,25.8419098983282,6.4475964982453
"SK-N-FI",0.032452677569816,NA,2.67226715851072,96.7547314889855,0.000196154815206312
"Hs 766T",0.0087000089966258,44.3219462969106,4,0,44.3219462969106
"Hs 766T.1",0.0718999742254791,NA,0,85.6200051549042,7.55059335148299
"SJSA-1",0.0942798055767885,NA,4,73.5459794963332,2.72937755843051
"SJSA-1.1",0.126328477016155,176.630556292705,0.379856558730534,0,176.630556292705
"MKN7",0,NA,0,100,1e+06
"KYSE-450.2",0.146724981815819,NA,1.64526027064321,61.7761655668377,2.27411670924641
"KYSE-450.3",0.16405200612167,29.0172689938848,1.16001848630892,47.0524523430563,2.52785250238451
"BT-549.3",0.133246427961696,NA,4,76.2777025840732,0.660997212995251
"BT-549.4",0.185274656437212,840.590971370084,0.213777886308525,0,840.590971370084
"UACC-812.2",0.162221784881236,NA,3.13198478540976,60.6771352621727,1.15751927117582
"MFH-ino.1",0.0142850028351162,NA,4,91.0213675010406,10.6962959588715
"MFH-ino.2",0.0569426380036052,54693808.4084502,0.17828616669792,25.5026181959016,1e+06
"HSC-39",0.197383371448956,5.73349733847467,3.05335042028013,36.6732629184288,3.71833724248156
"HSC-39.1",0.208815149041067,9.080837011008,0.681098893190319,0,9.080837011008
"NCI-H1703",0.0491660251702853,481.461129589184,0.564312777150217,0,481.461129589184
"NCI-H1703.1",0.124132817538373,505008988289899776,0.0866731214423403,45.1627121117881,999824.556699209
"SW1783",0.0565111822889724,NA,1.24435479654528,69.6374636027608,10.5984195510066
"SW1783.1",0.0103078619833157,26.3979135827466,4,0,26.3979135827466
"KGN",0.168181835508767,NA,4,51.4550864683667,2.92347427314753
"KGN.1",0.165733118497307,21.7862835106928,0.56824822340648,0,21.7862835106928
"MeWo.2",0.0569779527140212,NA,0.97319000263805,89.8671099260715,0.637497079849608
"MeWo.3",0.0995415960309943,NA,0.680809962748579,76.4224148156963,1.21675560955257
"CL-40.2",0.0134662176952877,46.814939155155,1.9167067477492,0,46.814939155155
"GP5d.3",0.0691688813464406,NA,4,79.9855929815395,1.82260053598736
"8305C.2",0.00440447073470983,53.3534376292873,4,0,53.3534376292873
"8305C.3",0.0935548492957982,NA,4,87.5106293048524,0.113205661091791
"KYSE-70.3",0.0642490046590336,NA,4,83.163078088118,2.29325544020432
"KYSE-70.4",0.0824405325894738,9076.70131097641,0.263530945072843,0,9076.70131097641
"SHP-77.3",0.146643088275587,NA,0.915424249525975,74.9405401778315,0.53194315811404
"SHP-77.4",0.02976018481017,39.9216145198498,1.48746934824628,0,39.9216145198498
"SKG-IIIa.1",0.0335963939669527,NA,4,68.2946228171077,15.604629609986
"SKG-IIIa.2",0.0483886804207508,73.761257160381,0.849977742353014,0,73.761257160381
"SK-N-FI.1",0,NA,1,100,0.101237322456951
"SK-N-FI.2",0.0387123004796365,NA,0.0319641045454469,92.2516124167552,0.663671900919734
"NCI-H64",0,NA,0.620968895543643,100,7.67104226878131
"NCI-H64.1",0.040625,NA,0,91.875,1e-06
"NCI-H526.2",0.195648542523086,43.1372227861064,0.43487059039379,0,43.1372227861064
"NCI-H526.3",0.0864610703784169,13.9869813321432,4,47.832388827444,6.382294489414
"TGBC11TKB.2",0.044658770229347,246.542203447261,0.695442019529891,0,246.542203447261
"Fu97.1",0.168427235894522,30.882166938995,0.790656761562721,32.6947639255901,8.07068980637092
"Fu97.2",0.117349602735534,NA,3.48321109863575,55.2783077162739,3.26675818445824
"Hs 578T.2",0.0504610211815154,NA,0,89.9077957636969,78.9476435578928
"Hs 578T.3",0.0142119095530773,34.1623232293332,2.44060590314274,0,34.1623232293332
"MeWo.4",0,NA,0.916970460481599,100,1.58427601146163
"A-375.37",0.0592317953938429,17.8809374120715,1.98024394595282,0,17.8809374120715
"A-375.38",0.0677641068913035,25.8745557161771,3.52186081785885,49.1803513553361,8.05269731738767
"A-375.39",0.0438861160569274,21.5929302869377,2.03894798833588,0,21.5929302869377
"A-549.29",0.183212813144619,6.05541901808452,4,47.4382250912154,2.88095809514125
"A-549.30",0.189197353409121,9.27247294328966,1.68707263605907,38.4123755578118,3.89778987580258
"A-549.31",0.205686900122328,NA,4,56.2562299154253,1.24346176726701
"A-549.32",0.186391919203114,9.14378607199138,0.823243086288623,0,9.14378607199138
"A-549.33",0.227267667882358,6.62000437643423,0.799468207690054,13.9512680340254,4.39683456979927
"A-549.34",0.186244477555804,3.43622778693972,4,42.2317821362372,2.15734594929755
"C32 [Human melanoma].35",0,NA,0.354019490634263,100,56.7376947863355
"C32 [Human melanoma].36",0,NA,0.738841197977043,100,0.857686852426784
"C32 [Human melanoma].37",0,NA,0,100,124.225276468281
"C32 [Human melanoma].38",0.0662489110935546,NA,0,86.7502177812891,0.696649623091115
"C32 [Human melanoma].39",0.0566816393672538,NA,0,88.6636721265492,0.128212810465546
"C32 [Human melanoma].40",0.00755545802384069,28.813396682005,4,0,28.813396682005
"HCT 15.29",0.16074707091733,13.4186692394719,1.8847461647501,43.5086729551071,4.54236366750613
"HCT 15.30",0.177803481898733,28.2738063700144,0.995835939482458,42.3703194077175,4.28061936644793
"HCT 15.31",0.150849887379888,17.5616924800853,1.31918290082228,34.7072938913104,7.15423308330621
"HCT 15.32",0.154087136645096,NA,1.85829194604216,56.6240760080574,1.72902316815865
"HCT 15.33",0.142556132076473,8.76177032897399,1.77587119389802,32.3188242403604,4.87948084188653
"HCT 15.34",0.184130294032638,6.10890685462169,4,49.7705719197425,1.58994699048952
"HT-29.40",0.186135871700912,10.7344660335699,1.43245166250216,35.2410051570703,4.57979451189412
"HT-29.41",0.152360212343136,NA,2.52695809420707,53.0347431107607,3.40870674587437
"HT-29.42",0.137346874651658,NA,4,60.702229835828,2.86238455447266
"HT-29.43",0.162935999464416,13.8722513568392,0.736476484138719,0,13.8722513568392
"HT-29.44",0.177025679040192,NA,4,50.2468591086793,1.71274655430157
"MHH-ES-1.39",0.0409667009630024,NA,1.64771243911145,70.9838989903522,13.8227427365451
"MHH-ES-1.40",0.053637188229736,NA,0.910205410092383,77.9009680812655,7.76140515842112
"MHH-ES-1.41",0.0690945342586392,NA,1.08193254848473,84.2337262961214,1.58459883267225
"MHH-ES-1.42",0.023420496440228,NA,4,74.7896079539562,10.7405166834137
"MHH-ES-1.43",0.0174152767111013,37.2671589960141,2.28575855211951,21.0783706338195,29.3301226846455
"MHH-ES-1.44",0.0626844961984443,247.236683618012,0.864509325301358,44.0597417784188,21.0354260361897
"PC-14.41",0.103378109841736,NA,1.88980522206926,71.8322905129903,2.54720403206281
"PC-14.42",0.0814625096192181,56.2544753026556,0.878657709004678,6.4106972260866,48.1213307654136
"PC-14.43",0.0459055665416558,NA,4,91.6686435035015,0.711677298767002
"PC-14.44",0.11873374289025,38.9857665062067,0.610076763653739,0,38.9857665062067
"PC-14.45",0.0965003285515793,48.648314642221,0.656273733530686,0,48.648314642221
"PC-14.46",0.101851512306386,90.2526039373183,0.518029455351358,0,90.2526039373183
"SNU-C2B.37",0.163351285663011,NA,1.10085224317987,72.9485093705693,0.476268785399649
"SNU-C2B.38",0.15664947859433,NA,4,70.5087786960133,0.816115363598205
"SNU-C2B.39",0.154938072651492,NA,4,69.0905053791389,1.00339885092185
"SNU-C2B.40",0.177903062343888,NA,0.888387379632104,59.0204866503938,1.04384910435036
"SNU-C2B.41",0.149172631003204,236.784085514636,0.41205232767094,31.0679029714957,22.4267224662817
"SW620.41",0.106087631722263,NA,1.24026103523408,59.1075022471068,5.84057234142537
"SW620.42",0.0853128823802693,52.8646597373821,0.957916079168386,19.8422693430048,31.1851411692276
"SW620.43",0.0782844587141716,48.544992836876,0.950018103570522,0,48.544992836876
"SW620.44",0.029568979303858,62.3245620816738,1.44835956474617,32.464175947209,30.2329458853011
"SW620.45",0.0596032736645115,NA,2.43310234290533,70.2778763780564,5.07826844638952
"U2OS.41",0.0750527107247176,NA,0.391998632101679,80.7565181919578,3.74053279243882
"U2OS.42",0.0459497885359493,NA,0,90.8100422928101,6.38137134166519
"U2OS.43",0.0582448425180429,NA,1.77949438333334,75.1530483778417,4.09167694370467
"U2OS.44",0.0434987334608553,NA,4,74.8303321001054,6.07468224539839
"MFM-223.30",0,NA,0.956805313620048,100,0.427531474814406
"MFM-223.31",0.0488512864174164,NA,0,90.2297427165167,0.00243252847145726
"MFM-223.32",0.0922096490589052,NA,0,81.558070188219,0.00517613924537624
"A-375.40",0.0757725455141977,32.0261410466261,4,49.1763616984494,11.4735085735393
"A-375.41",0.038238921188385,33.0436705397298,2.47682397143427,0,33.0436705397298
"A-375.42",0.0597899397235342,NA,4,54.7909336481537,12.9202731975662
"Mono-Mac-6",0.402115548530808,1.40627082515649,0.733878050996361,0,1.40627082515649
"NCI-H2009",0.0960297287304402,347.725070517434,0.392833818950137,0,347.725070517434
"NCI-H2009.1",0.120245786147528,35324.7601623484,0.186844235602543,0,35324.7601623484
"Mono-Mac-6.1",0.431772434997172,1.21422895717082,2.41571736436297,11.8632860664334,1.08544626095395
"NCI-H727.1",0.0514417785480155,NA,0.0271850731291667,89.7083048492431,0.647917086964508
"NTERA-2",0.13476975649481,12.3341610242174,3.11802923228615,44.9709355742368,5.90474999770799
"NTERA-2.1",0.166166807083492,9.18739622291454,4,49.1112082238624,3.35467113842547
"UACC-812.3",0.132794575260601,NA,4,73.2360483882767,1.03933346684968
"UACC-812.4",0.143554428795091,NA,4,68.8929798841809,1.32068409200491
"NCI-H727.2",0.0244959812915939,NA,3.23534826971064,97.5504018125915,0.000230078224982719
"NTERA-2.2",0.159193816860936,NA,1.14967179290679,52.1790258669422,2.13004977914593
"NTERA-2.3",0.169296338776034,10.7258860805964,1.33671202607971,41.4553337591398,2.86043139387662
"COLO 320HSR.4",0.115675409078153,NA,3.49622750072444,67.4917489019777,1.69779502145598
"KM12.2",0.264917475440089,3.39418426660704,1.13529185096643,30.666868400607,1.46975491350857
"NCI-H508",0.306362446282901,1.2856712138592,2.00030433502032,41.4943517768089,0.53034337258701
"SNU-175.2",0.15220815587151,NA,1.90109165884257,50.3711589566981,2.40889414761364
"SNU-C2B.42",0.188096573536633,NA,1.48802396618235,56.774695713315,0.985197385726262
"CW-2.3",0.143701908906122,NA,2.32114484002249,58.3151016188493,1.8365573848334
"HT115.2",0.130779638489788,1861.29939243796,0.247941226164149,0,1861.29939243796
"LS180.4",0.0511468823632305,21.9698742171603,1.80380656504012,7.88557517636564,19.975806893222
"LS411N.2",0.100509622442,NA,2.06771145366808,61.4451446788725,3.32147016063941
"SNU-407.2",0.170954957885856,NA,1.96310790107132,52.378592117727,1.66729512384035
"SNU-81.1",0.142583935578473,NA,1.79467292547187,63.9135658244836,1.29794897630847
"LS513.2",0.266004070474281,2.73208803261846,1.50673673682729,40.6011781988833,0.90100525321293
"A101D.2",0.0873701394544785,69.2482391740119,0.781754788639185,30.7958411461358,20.3618192252726
"A3/Kawakami.4",0.479082632947693,0.650176764319136,4,4.00246004812694,0.63675533901007
"ARH-77.3",0.19880689320479,4.23439057338858,2.63084206097779,23.7324056213098,3.31537205721999
"AsPC-1.2",0.061159987247943,NA,4,88.3548910090414,0.53156114148641
"BALL-1.3",0.164170710199216,5.53556477061734,3.3260609930329,22.9223513529713,4.6034083805099
"BB49-HNC.2",0.117354316207468,NA,4,74.3364542847114,0.849756136044352
"SK-N-BE(2)-M17.2",0,NA,4,100,543384.504533557
"BT-474.6",0.0177772681486978,NA,0,96.4445463702604,2.71447655401498
"CA46.2",0.0300590827462437,NA,4,76.0372464915639,8.47584487753004
"CAL-51.3",0.0523558450570491,23.0090376512783,1.6204584842116,0,23.0090376512783
"DBTRG-05MG.2",0.00135102165797532,45.2887969409986,4,0,45.2887969409986
"DMS 53.2",0.0702845683697135,175879.55798963,0.212037215106659,0,175879.55798963
"EC-GI-10.3",0.0932864750375217,341.761670062932,0.400707919448246,0,341.761670062932
"ESO-51.2",0.20887168308522,4.0342019438185,1.97416216931012,37.4782098486215,2.0006490523255
"NCI-H2591.2",0.0038172399196734,39.6447051677851,3.984375,29.6875,31.6227766016838
"HSC-3.2",0.181711553218851,6.44707965161419,1.70606152216297,39.9912588451894,2.51123552721744
"HuO-3N1.2",0.0746767242232901,27.9232652370227,1.03632935473861,0,27.9232652370227
"IGR-1.2",0.0586714184761598,NA,0,88.265716304768,2.2879343514268
"IM95.2",0.0456750670887376,NA,0,90.8649865822525,1.43313106534657
"SiMa.2",0.130092756686337,10.9142728169363,1.33215521355486,8.57707635595426,9.47640589168274
"HEY.2",0.102825430576223,NA,2.4432310730269,57.8589360357965,3.73245243211598
"697.2",0.127432069079229,7.13991117729795,4,30.5975883749418,5.63526360864443
"A-375.43",0.0299379324557627,28.114145687969,1.98732493790005,0,28.114145687969
"A-549.35",0.221279926257697,2.39851883868469,4,38.6642020346018,1.65505967386195
"A-549.36",0.342745525370156,2.06301060698898,0.838283321102566,13.5413021867372,1.41537266227713
"C32 [Human melanoma].41",0,NA,0.53585294355542,100,0.135072081743406
"C32 [Human melanoma].42",0.0739601556749276,NA,1.50113719077179,92.6039841833461,1e-06
"C32 [Human melanoma].43",0.0291162520435869,NA,0,94.1767495912826,0.228137532295349
"MFM-223.33",0.0328590183568644,NA,0,93.4281963286271,0.0133751724202372
"MFM-223.34",0.101625378419613,NA,0.0434364337487942,81.6132316850482,0.00480063124383958
"MFM-223.35",0.0125416988484773,24.9313725216368,4,0,24.9313725216368
"MHH-ES-1.45",0.12280566340592,273.478634818518,0.353752325854823,0,273.478634818518
"MHH-ES-1.46",0.113318840692414,NA,0.943549749702561,66.155486009622,2.21645975305131
"PC-14.47",0.104724511084245,39.920299668934,0.667241476510999,0,39.920299668934
"PC-14.48",0.106812678152124,123.555426547775,0.462046950104238,0,123.555426547775
"PC-14.49",0.106487241104625,NA,1.71372648000685,72.445273578111,1.39378397056109
"SW620.46",0.0341068491897059,40.6298044547624,1.36619009259771,0,40.6298044547624
"SW620.47",0.0428202782314202,32.3135933303266,1.39687681426744,0,32.3135933303266
"SW620.48",0.0432550012757977,NA,2.30277548445288,68.4641959671815,8.16883224196883
"SNU-C2B.43",0.196798391259652,42.3006115870313,0.373177641616795,0,42.3006115870313
"SNU-C2B.44",0.189593183899804,62.0050539562761,0.348475094054656,0,62.0050539562761
"SNU-C2B.45",0.152039960020847,NA,2.8336000634767,64.0454651735348,1.0778592046259
"U2OS.45",0.128934306923147,93.1387891743009,0.43587446275611,0,93.1387891743009
"U2OS.46",0.119707836536837,95.4945645547073,0.456934517918066,0,95.4945645547073
"U2OS.47",0.100150322867081,90.8005535584264,0.522876516587312,0,90.8005535584264
"HCT 15.35",0.113816155359367,25.6179013529575,1.12973535945352,38.2607955706065,7.1036687176468
"HCT 15.36",0.160666697445383,23.868735903678,0.909667840970837,40.5647588051436,3.81676980643706
"HCT 15.37",0.187223021224267,9.73920498228191,0.875329941385433,20.5765555843402,5.3143428696955
"HT-29.45",0.11668183414363,24.7924026803909,1.61630982558253,46.6297514668721,4.67345646717697
"HT-29.46",0.214321461734735,2.80889384670823,4,48.7730804709128,1.11172365211475
"A-375.44",0.0183361965062095,22.1922294208449,4,0,22.1922294208449
"A-375.45",0.0500941336583604,22.2670548664543,1.74512322411271,0,22.2670548664543
"NCI-H727.3",0,NA,1,100,1.01219545183127
"NCI-H2009.2",0.055541756622572,NA,0.948595476673387,57.5750885775217,23.0951152423213
"786-O.2",0.147119057494395,8.16870566958901,4,49.4183990221417,2.68266861868356
"ALL-PO.2",0.147466635490392,20.5636573764845,0.66157871607961,0,20.5636573764845
"ASH-3.3",0.00943929916942741,43.4766950370433,2.734375,29.0625,31.6227766016838
"ATN-1.2",0.502936499340295,0.549179414803546,4,3.91512577780627,0.53809796611271
"BICR 10.2",0.0655686569120633,NA,3.98846746439273,81.079039962685,1.82598692837911
"CAL-27.2",0.335138558167049,NA,4,51.8806708673317,0.162833199916903
"CAS-1.2",0.0247640261716807,NA,4,82.2867830626154,7.65511203294016
"CHSA8926.2",0.0853634146680858,303.16278187858,0.431108468928683,0,303.16278187858
"CTV-1.2",0.0967274675315623,13.5132455624706,1.56652823696706,0,13.5132455624706
"ES-2.2",0.0997003302031666,NA,4,54.6884844956073,4.37753830241307
"FaDu.2",0.0798575124141419,NA,0,84.0284975171716,3.21634605473381
"GOTO.2",0.248375693283956,12.8558682083902,0.425214972322632,0,12.8558682083902
"H9.2",0.179044627950449,5.18744320085486,2.63862674591491,20.5226390978688,4.24603275664608
"HeLa.2",0.196532083405961,1871.49141404277,0.376331818135459,45.2327442300542,3.63035913967966
"HuH-1.2",0.0218851788806105,NA,4,90.1843130023898,4.2896986428609
"J82.2",0.189124603416645,NA,0.495728622367917,70.4415106428449,0.152708484512428
"NCI-H716.2",0.005005977830559,32.2271493702336,4,0,32.2271493702336
"HT-29.47",0.139677868700699,10.6167432497034,2.04306263621836,44.7841809589868,3.51166358237202
"SK-CO-1.3",0.166154405821639,6.43491510115394,1.98725748809763,37.3007855385838,3.22877681722237
"SW620.49",0.0565720800525865,NA,1.27004712277107,64.668345189948,8.21449070296022
"BT-20.3",0.0346861310586024,NA,0,93.0627737882795,0.155977178165622
"CL-40.3",0.0558485647319845,NA,3.47269684763468,66.0133316817769,6.46464960908126
"COLO 792.2",0.0274214363122074,NA,0,94.5157127375585,40.627655860949
"HCC1419.3",0.070964067368414,NA,0,85.8071865263172,0.00131732189066665
"HCC1428.3",0.0642275976367436,NA,2.41653678258048,93.5772401586395,3.39480236451735e-05
"HCC1937.7",0.0860111996329879,192.56943767015,0.473587958676365,0,192.56943767015
"HCC2998.3",0.272460535842905,1.52771402806841,2.94226835176073,47.4167281441306,0.558074867417927
"HuP-T3.2",0.0735626518246882,462.059962122123,0.428800641809129,0,462.059962122123
"IGROV-1.2",0.121208186236501,47.5124520275779,2.29171710666402,49.8465583510358,3.80397881890447
"KLE.2",0.0238748171930165,NA,1.3280884537236,52.1127511029244,30.1418988603759
"KY821.2",0.0815119208553802,2221268.17331569,0.167944581493471,6.27193645579038,1e+06
"KYSE-150.1",0.131579397639927,15.0165150029199,0.913489750108927,0,15.0165150029199
"MCF-7.2",0.0563921410863141,NA,3.27008313543855,60.7811913452595,7.49827377332065
"SNU-C5.3",0.219706634263067,NA,2.16822700213281,57.4199443787272,0.566420944438318
"HT-1080.2",0.0705473079500843,NA,0.00611033664293443,85.9773320510952,0.0834170816862362
"SAT [Human HNSCC].2",0.155644692214785,116293201241163,0.076954123407049,38.0245362240371,1e+06
"HT-55.2",0.171856313629445,NA,0.748891464446617,62.8590540545953,0.853789731010199
"COLO 205.2",0.231291100505453,36.8686686236793,0.708152297917562,45.6593622568416,1.16897192172605
"42-MG-BA.2",0.189393037788174,3.48605262669371,4,47.4189818647269,1.66164866137074
"Caov-4.1",0.060635108547274,670.405889726587,0.438770405457361,0,670.405889726587
"MDA-MB-175-VII.2",0.0345489364907947,2423.79075246754,0.478440824062858,0,2423.79075246754
"MDA-MB-175-VII.3",0.0591778234599717,NA,4,87.6634948424774,0.727862607883384
"NCC-IT",0,NA,0,100,11.8095355981019
"NCC-IT.1",0.0863090567808398,NA,0,82.738188643832,0.000529190343836557
"NCI-H1869.1",0.0206309548785865,21080.6741418453,0.419968734158702,0,21080.6741418453
"NCI-H1869.2",0.128869761536973,12282918.7959698,0.123730826412484,13.340222940191,1e+06
"NCI-H2029.2",0.0762364576245219,NA,0,84.7527084750956,0.00662864281464625
"NCI-H69",0,NA,1.05441881998005,100,0.295437040975515
"NCI-H69.1",0,NA,0.477249966314298,100,0.551044020304305
"NCI-H847",0.058751630523117,NA,3.16671296337002,85.7332229431276,1.86139577076451
"NCI-H847.1",0.0278511963042828,NA,4,81.7076839458787,7.01334997816158
"OVKATE",0.0783480863108565,NA,0,84.3303827378287,0.00489696916681592
"MDA-MB-175-VII.4",0.0184159885969641,NA,0,96.3168022806072,12.294007981366
"MDA-MB-175-VII.5",0.0804806264515752,NA,0.0234570079862416,83.8431216958141,0.871881302952367
"NCI-H69.2",0.0353319150595549,NA,0,92.933616988089,3.68247408796099
"NCI-H69.3",0.00431238414095003,33.5333843691353,4,0,33.5333843691353
"NCI-H847.2",0.00779424716188121,45.705166171028,4,0,45.705166171028
"NCI-H847.3",0.00577516608493754,31.0113506347906,4,0,31.0113506347906
"SNU-C1.3",0.152838489055357,NA,1.66396937534966,58.2194540129812,1.59778580057753
"LS1034.3",0.155220796589457,77.4931805632499,0.39407624445564,0,77.4931805632499
"SW837.3",0.152296795563979,263.326470052014,0.662982661205722,46.8056044453144,4.15590516704059
"CHP-212.3",0.225870710487593,63.5902461602185,0.286136843662669,0,63.5902461602185
"COR-L23.2",0.0589136537580891,217.284306854845,0.560086752188949,0,217.284306854845
"ES4.2",0.238861404526248,1.93457337944783,4,48.4113064063952,0.816775575615461
"HCC1954.4",0.10830358156576,2249055.8290474,0.14544540289464,5.56023242101793,999977.689909869
"HOP-92.2",0.164019799583221,NA,0.760760966461156,63.5468356452325,0.944112298293162
"KMS-12-BM.2",0.0240070860437516,30.9892769195453,2.05642475815876,0,30.9892769195453
"LC-1/sq.2",0.0155457443492261,NA,1.29899552521891,98.4454206764744,6.29464998725905e-06
"LS411N.3",0.187614584211091,21.4445040945861,0.735945424244647,36.9580552252184,3.453701950062
"NB(TU)1.2",0.00955460590672813,26.9767705078981,4,0,26.9767705078981
"NCI-H1341.1",0.10665650624322,NA,1.76323997546934,89.3343493528631,1e-06
"NCI-H747.2",0.129291515818864,NA,1.02874382089447,81.4170600146499,0.146326310321522
"P12-Ichikawa.4",0.0569526645261118,47.3032860644317,0.93663767732778,0,47.3032860644317
"WSU-DLCL2",0.0357397199686614,NA,4,76.1820019712816,11.3961089093884
"WSU-DLCL2.1",0.051882409735127,NA,4,60.6899200277488,8.09062660282807
"Hs 633.T",0.135708085548715,NA,4,56.8956986193597,3.63689318822583
"Hs 633.T.1",0.162077480513934,9.57581758983056,1.07279729032233,13.3465809530676,7.16921002986338
"ES1",0.325487157339357,2.17523855041156,1.54999360114233,35.6325871580647,0.972952461358423
"ES1.1",0.342164245727695,2.35620346812681,0.721522099182272,0,2.35620346812681
"MOG-G-CCM",0,NA,0,100,1e+06
"MOG-G-CCM.1",0.024795804329598,NA,4,97.215933636665,0.042064243484974
"MOG-G-UVW",0.0957129338853508,47.3763625323346,0.820657925589612,0,47.3763625323346
"MOG-G-UVW.1",0.0963568378961555,NA,4,64.8149340498661,3.01701348687466
"OC 314",0.104951906008479,NA,2.17331860561538,61.4025960573049,4.93022160806686
"OC 314.1",0.155727930833641,NA,1.39641931997492,51.9123858730317,2.2035059081052
"ES1.2",0.34626748397261,2.14625080120898,1.36501671425349,26.8388573824905,1.22135231588428
"ES1.3",0.296362409534041,2.27956161039718,1.55981773608598,15.6237272882039,1.79282163249372
"Hs 633.T.2",0.0922067749494595,NA,2.75390288242009,61.564419233318,6.12574970703056
"Hs 633.T.3",0.146179811510695,15.185207174766,1.08840224425442,34.5909273547384,5.14929052761993
"MOG-G-CCM.2",0,NA,1,100,0.320112413608878
"MOG-G-CCM.3",0.0345100873304113,NA,0,93.0979825339177,0.102259788569851
"MOG-G-UVW.2",0.0384246285044096,NA,4,87.4824348369235,3.84012799831419
"MOG-G-UVW.3",0.0384522429093433,27.6811371693334,1.70792544360271,0,27.6811371693334
"NCI-H2452",0.167378390162037,2795735363.91552,0.0878565208261618,25.1017153952627,999910.251955831
"OC 314.2",0.112615608151552,NA,4,70.1597150054282,2.36078209366276
"OC 314.3",0.166821651842341,14.4741949959638,0.992375275827047,36.4097284023086,3.89498493506018
"WSU-DLCL2.2",0.0730957742066477,119.171450926051,0.675116821964713,0,119.171450926051
"WSU-DLCL2.3",0.0928310413660469,NA,1.17063207282215,59.4086441009362,4.76197207154286
"BPH-1.2",0.159037906739583,119.273380577452,0.348196440572047,0,119.273380577452
"A-172.2",0.193948615917931,4.96798299913121,4,49.6890159647099,1.3951539195686
"CADO-ES1.2",0.135008924927747,6.59452586671872,4,31.1551642485226,5.16700835924394
"CAL-78.2",0.0110699110069704,25.8598830388595,4,0,25.8598830388595
"COLO 678.3",0.0695589183845276,806.067082973606,0.398906713958943,0,806.067082973606
"Daoy.3",0.0548036768160896,NA,1.68147343389626,83.3147646871688,2.0959826385445
"Daudi.2",0.180845702265278,9.74792831532253,0.872653846793182,12.5147371603917,7.00721904333901
"DG-75.2",0.114317223476131,490.53061261215,0.332339160367605,0,490.53061261215
"EBC-1.2",0.0079635939498336,NA,4,98.5668777690351,0.430638048880731
"EM-2.2",0.117899994631153,16.7897325496589,1.29973649685424,34.3953118077396,6.8541474503446
"Evsa-T.4",0.106558477353288,NA,1.92310757166488,89.3441522603808,1e-06
"G-402.2",0.104156431488753,NA,2.68055627900405,64.7069917310796,2.6087195662916
"HGC-27.2",0.065841417336828,24.7084163266822,1.90261510326753,39.4740560670217,10.8936104714084
"IMR-5.2",0.27888181787101,2.78296138871861,4,3.125,2.73841963426436
"JHH-1.2",0.079519430246265,NA,0,84.096113950747,0.0157350860369566
"JHH-6.2",0.0311771881136299,NA,4,82.5295340784377,5.84101385895035
"KE-37.2",0.140284284629202,NA,0.064348867439846,50.9472526078298,1e+06
"KMRC-20.2",0.0769082363039258,NA,0.0515427601385394,83.339354489329,12.6119644305648
"KYSE-140.2",0.0772889130653192,62.7110065392706,0.692847683290763,0,62.7110065392706
"MCF-7.3",0.0911548108187047,19.6758080629622,1.29900768683768,23.4122915236353,12.0998444795784
"MCF-7.4",0.103044824457802,28.2164638880737,1.6738178184857,46.6562295899074,5.60626709684543
"MCF-7.5",0.109192205736039,14.8866894394687,2.33917260626113,46.1245992259808,4.98875349860712
"BT-549.5",0.0884644716264997,NA,4,77.793537977384,1.26418474763667
"HCC2998.4",0.333109144541836,1.26767844172261,1.47051578173549,38.4789959849562,0.4671986364352
"LS123.3",0.0203162815347386,NA,4,88.8145458182738,5.68818215463425
"NCI-H716.3",0.0434624348201011,NA,2.94422410509625,87.1490598393646,1.91903005282595
"SNU-C5.4",0.159447251825469,NA,1.38848474681837,53.9750861018038,1.8574740724473
"SW1417.3",0.0872639052686228,NA,0.723695023969027,85.501408083147,0.27021356105764
"SW1463.3",0.0515115202736104,NA,1.70886526399718,76.4094896847989,4.60869988989701
"T.T",0.102711154917505,NA,2.34326484561566,79.4803909011955,1.00834655327778
"T.T.1",0.0897488608971924,NA,4,82.3135611008636,0.961462940491324
"T.T.2",0.199993399909817,NA,4,75.3564956123588,0.0734481437730904
"T.T.3",0.276783852062001,NA,0.817552195147694,65.603425450381,0.0477087971752075
"PC-3 [Human lung carcinoma]",0,NA,1.01472709246465,100,33.2732198858527
"PC-3 [Human lung carcinoma].1",0,NA,0.713844412519755,100,0.0268197061672765
"RMG-I",0.00552328283546113,50.2192338573669,4,0,50.2192338573669
"RMG-I.1",0,NA,0.408138202037225,100,0.25594985645383
"RMG-I.2",0.0562947977996634,5608.5712223412,0.330588551857443,0,5608.5712223412
"ES6.1",0.218941347826302,NA,4,75.1965285264888,0.0445434895791897
"ES6.2",NA,NA,NA,NA,NA
"Caov-4.2",0.0140004890831098,NA,1.44459186134161,85.0885077859501,23.6039395901879
"NCI-H2452.1",0.0672919434867195,48.4678747189337,1.06642443458608,0,48.4678747189337
"NCI-H2452.2",0.122252949631323,NA,0.493179195274577,76.5182183723587,0.823737132102361
"NCI-H2452.3",0.107648843062327,NA,4,73.3399883951821,1.96739749958373
"OVKATE.1",0,NA,0,100,43.8188908169331
"OVKATE.2",0,NA,1,100,0.101237322456951
"23132/87.2",0.25312357056719,2.14480723379807,4,28.429042923726,1.7382535231352
"8-MG-BA.2",0.0796073174422407,34.3065991724198,1.49593280359451,43.1340698696458,9.09845539135109
"A-498.2",0.0329976183786202,335.567272685862,0.64735393894843,0,335.567272685862
"AGS.3",0.0693344284530249,NA,2.37141363328309,71.7814011533565,3.69210107371935
"AU565.6",0.2250277046346,42.8836125193454,0.365982596092914,18.6234586821621,12.0048133134918
"CAL-120.3",0.0253993674280381,31.6227766016838,1.953125,0,31.6227766016838
"DEL.2",0.415529559172932,0.737074842857091,1.43738208843784,22.9166445059734,0.481134838455563
"Detroit 562.3",0.103639697252512,27.1017381226508,1.83572999238347,47.4413544372278,5.36730823758536
"DiFi.2",0.0521355542852283,202.602063649545,0.603223993754884,0,202.602063649545
"EFM-192A.3",0.0453536488077609,NA,0,90.9292702384478,113.064653765357
"G-401.2",0.174404616810618,31.8333496982967,0.852750537876802,43.6235393080524,2.84480415928121
"GP5d.4",0.0928851262986188,64.3088918365354,1.2902051971519,47.0685841303103,7.13620674857394
"NCI-H513.2",0.0638837793665008,NA,4,75.8549605131669,3.21671661207662
"Jurkat.2",0.0903596695024779,74.2288386813186,0.593357081693562,0,74.2288386813186
"LN-18.2",0.00360041614158608,35.1686658756135,4,0,35.1686658756135
"NCI-H2052.2",0.0273567976849278,22.7293621809277,2.80379711508341,0,22.7293621809277
"HO-1-u-1",0.0828627621088859,NA,4,73.1275964702092,2.37713130374086
"PC-3 [Human lung carcinoma].2",0.0502159187309222,NA,2.83187942508657,94.9784057491981,0.00033410821576824
"PC-3 [Human lung carcinoma].3",0.0649253386914775,NA,0,87.0149322617045,0.0441402701980993
"PC-3 [Human lung carcinoma].4",0.0231697586902289,NA,0,95.3660482619542,2.94798024122132
"ES6.3",0.0203358446024462,NA,4,78.3889647894545,17.0315421999486
"ES6.4",0.111374084376035,NA,0.020850247525307,76.4754489268083,166.493671571266
"HO-1-u-1.1",0.120136695352997,NA,1.91783668511072,76.6789710874831,0.911415761448263
"HCT 15.38",0.193538868038155,6.02271872054196,1.45276607891987,35.0234269086345,2.6266722982105
"HT-29.48",0.17923922440456,11.5476204271579,1.48345509728252,46.2095265297403,2.02913937406587
"SK-CO-1.4",0.180553193575696,35.6259747000881,0.619584870270474,35.7628990016584,4.69094524397071
"SW620.50",0.0855426619383966,184.844306595759,0.764216513277062,42.4534110262682,15.5674051874687
"SW948.1",0.0567862990510293,634.922743713183,0.583279121560798,26.6810604690696,171.708481432776
"SW948.2",0.11885465764005,NA,1.15572951819506,81.6480112001001,0.217339403301508
"SW948.3",0,NA,0.502640112144337,100,253.011085633128
"SW948.4",0.00460648606312779,32.9506610203734,4,0,32.9506610203734
"Caov-4.3",0,NA,0.420650460696677,100,139.548669415413
"CESS.2",0.0180364417994054,22.3088725615278,4,0,22.3088725615278
"GDM-1.2",0.0547735474860573,17.909804295704,2.16710916332094,0,17.909804295704
"HPAC.3",0.0825362057816769,NA,0,83.4927588436646,0.172841763783432
"HT-3.2",0.216027094520021,NA,3.71947346321367,54.0356881961534,0.778344400370174
"JSC-1.2",0.32527107720869,1.14819112560973,2.32996514222864,31.6818731443793,0.746188840455481
"JURL-MK1.1",0.154887973650077,12.193768061706,0.971289566375182,19.3823409426354,7.35942495526883
"KM12.3",0.111539291792653,NA,2.0486602782207,52.480803800073,4.02438545786748
"LB996-RCC.2",0.052146543720098,68.8710107547736,0.839085754479127,0,68.8710107547736
"LN-229.2",0.0175107555922913,NA,0,96.4978488815417,0.0479519568675273
"MOLT-16.2",0.147280850607635,7.7807482243906,1.97223635400522,0,7.7807482243906
"NCI-H1623.2",0.26696079963238,NA,2.30614728257634,66.2655013904402,0.0832197536023695
"SNU-5.2",0.173328977715044,5.17165230050881,4,18.4769492389215,4.60833325672183
"SiSo.2",0.130147248996747,NA,3.35458449203701,64.6984021671932,1.56719245817536
"SUP-M2.2",0.422343420528048,0.965997928907894,2.43883913015773,5.12725436754053,0.924080730093888
"SW780.2",0.109901273213515,2880.33783068356,0.260561429637802,0,2880.33783068356
"TUR.2",0.183000904154054,3.7209781609262,4,37.9867441011287,2.60513241090211
"VA-ES-BJ.3",0.153455803605948,4920.72309852164,0.196487635723774,0,4920.72309852164
"WM278.2",0.0422187450587574,NA,0,91.5562509882485,0.0464446342821462
"WM793.2",0.142435289791983,NA,1.23257189061703,50.688077070114,2.91895303388159
"Panc 04.03",0.082062213573478,NA,0.960192245727393,84.2014291834588,0.876155943959101
"Panc 04.03.1",0.123635383294407,NA,4,85.3128931591228,0.0951865501374703
"Panc 04.03.2",0.172206491669632,22828.6928279193,0.152489870465734,0,22828.6928279193
"Panc 04.03.3",0.122829949040276,NA,0.440365940938098,84.2097739706539,0.0230960998701425
"KMRC-1",0,NA,1.07520827188401,100,40.7716120739346
"KMRC-1.1",0,NA,0.232369705959632,100,19.0222869708898
"KMRC-1.2",0.0270744584080179,NA,2.41906254517188,87.561349838627,4.49653915162975
"KMRC-1.3",0.0734443117430877,NA,0.0164079167883037,85.4280028494222,0.23794331973654
"COR-L279",0.110564058935208,NA,4,64.7243001361666,3.67244540217291
"COR-L279.1",0.187227740267197,100.137441793054,0.624709005842163,42.4503520178603,4.85640940931614
"COR-L279.2",0.0871933223456065,197.19097621092,0.467407908700482,0,197.19097621092
"COR-L279.3",0.0159073063159276,23.2037565667168,4,0,23.2037565667168
"B-CPAP.2",0.0834005669926646,NA,0.0778706367760404,66.4687749908126,999923.991077735
"CAL-29.2",0.0765008694091687,NA,0,84.6998261181663,13.9015500217172
"C-4-I.2",0.174088593355163,493.295799263388,0.245325244680299,0,493.295799263388
"EGI-1.2",0.127980342156546,NA,1.34146473695931,87.201963438865,1e-06
"GB-1.2",0.0942625210245265,NA,0,81.1474957950947,0.0111667133463792
"HC-1.2",0.128226483634386,7.3918424139507,4,23.2876423526348,6.31958054938271
"HCC1806.3",0.125854035614703,16.1081217253996,1.7091475618393,44.7155323801259,4.3253203468006
"Hs 746.T.2",3.99646137270474e-13,NA,3.28023931116648,99.5529923349646,8938.66388337125
"HT-144.2",0.0265418547925867,NA,4,73.4331174442088,10.1960574522134
"HuO9.2",0.121392856147291,NA,4,66.8427135650716,1.59507712629706
"KCL-22.2",0.109192785536542,42.2645669044746,0.631845797886243,0,42.2645669044746
"KOPN-8.2",0.16624826283821,9.78187619110109,0.943621598288057,0,9.78187619110109
"KYSE-180.3",0.191022972619953,5.90861956994469,1.55715628428228,35.893346226611,2.62161929121686
"LXF 289.2",0.0109210102517631,25.9616033052119,4,0,25.9616033052119
"NCI-H1838.1",0.130553489452335,NA,0.353663920246729,70.6557178623253,1.27559255560978
"SNU-175.3",0.20781954227347,14.6849379460749,0.518501019546774,0,14.6849379460749
"NCI-H1155.2",0,NA,0.204293528492366,100,0.111452668103913
"NCI-H1944.2",0.0728570194563296,NA,1.50210245845895,50.4109866128335,8.5361861328434
"Rh30.2",0.133583419227091,663175979.166265,0.107944328112584,25.2034545647356,1e+06
"5637.2",0.223692441117384,21.9611657023919,0.397944886194624,0,21.9611657023919
"COLO 205.3",0.293974788203987,2.27832008263615,1.33044124439235,40.6575088033716,0.645723431635738
"HT-55.3",0.160349619727535,NA,2.12911871498042,56.6806976528784,1.54025782071645
"LoVo.4",0.299254532434831,1.50282058607655,2.09995079282801,33.3704314654093,0.889693384513524
"MDST8.2",0.106590935966035,NA,1.75488047420442,63.8534905568321,2.6316971902698
"NCI-H747.3",0.100861353968027,NA,4,81.6792739588925,0.440316417713363
"SW948.5",0.13190947556186,NA,4,67.1142790739609,1.24038326005604
"RKO.4",0.284506888539386,2.02503755608215,3.3414186473656,18.9344996896142,1.7562066911144
"CCK-81.3",0.242854635028456,13.9567571420835,0.704666340029312,40.3442267955329,1.35294267396201
"8505C.2",0.122956345215146,999897.401560913,0.139687623830107,0,999897.401560913
"A-253.2",0.0366129164489333,NA,4,90.0130581670804,1.5896244954416
"CAL-78.3",0.102046618554629,NA,4,67.745676320865,2.24893094910462
"DU4475.3",0.255406400514934,2.73965490138004,1.66827242040068,35.9184862635279,1.28180299611021
"ESO-26.2",0.0583961030745963,58.6982965677676,0.839773524417152,0,58.6982965677676
"NCI-H2373.3",0.0789276077067289,NA,0,84.2144784586542,0.00529490273676961
"NCI-H2722.2",0.077385507652909,772.743641924642,0.381536388878682,0,772.743641924642
"HCC2157.3",0.147365483115925,62458.2136627438,0.155572660993958,0,62458.2136627438
"HT-55.4",0.21521745591234,52.6947847641394,0.322433408374162,2.61547753010336,44.6067689251174
"JJN-3.2",0.0311453219919621,179.124449008866,1.46961677609777,47.5922400548232,22.7384092726347
"KP-1N.2",0.0590724015929216,NA,4,81.4623409924969,2.21377965006982
"LNCaP clone FGC.2",0.137450393266032,15.9671253088601,0.828835372933271,0,15.9671253088601
"Lu-99A.4",0.0604606114989745,NA,0.0901117487992819,72.2710401315618,1e+06
"MDA-MB-361.3",0.0390624999999999,NA,0,92.1875,1e-06
"MES-SA.2",0.158943631501214,1978.85881393488,0.214680726007693,0,1978.85881393488
"MHH-PREB-1.2",0.0616149354058779,21.168792397324,1.60455984229972,9.46940671152141,18.5723192957326
"NCI-H1693.2",0.0129816447221606,NA,4,88.3149271093267,9.39574480352408
"NCI-H1975.2",0.0824710885737065,115.818131078488,0.550752879217281,0,115.818131078488
"NCI-H720.2",0.00744547624959313,28.9305833257575,4,0,28.9305833257575
"NEC8.2",0.0624265836392813,13.6481769289644,4,0,13.6481769289644
"OE19.2",0.126825121632839,29.5025362334574,1.59598916172844,48.044569166893,3.87095889470345
"BFTC-909.2",0.127636393936047,60.8748091484617,0.668533039706321,33.8842219194122,11.1922822262
"COLO 824.3",0.0876522729277614,319194.12994794,0.182513103838227,0,319194.12994794
"EW-1.2",0.0283604762176956,35.5675327125663,1.66054791736418,0,35.5675327125663
"EW-16.2",0.142109250595775,168.177311156284,0.352614436319094,0,168.177311156284
"KOPN-8.3",0.0848412690145647,10.985317599542,4,29.7437737509039,8.764148974243
"KYSE-50.2",0,NA,0.243679501133289,100,350.586192214644
"LB771-HNC.2",0.0577027004779819,NA,0,88.4594599044036,0.000535521955342991
"LXF 289.3",0.0429544776392365,NA,4,80.1624120110472,4.48499039439817
"MOLM-13.2",0.416516520273862,1.05510203444185,2.42854253186613,3.0868159906011,1.02777653371458
"NCI-H1781.3",0.0221485778840699,NA,0,95.570284423186,3.4744818583291
"OACP4 C.2",0.207629238518085,NA,0.755831107393354,55.8249630902662,0.80433929643825
"OS-RC-2.2",0.0688690140737878,217.086153061359,0.518793703895139,0,217.086153061359
"OVCAR-4.2",0.0688400392982632,586.607478336038,0.423772251767902,0,586.607478336038
"OVTOKO.2",0.144130870909944,1578.25158941617,0.23780420818912,0,1578.25158941617
"PC-3.2",0.156798729860477,NA,0.390805220723472,62.0596462959559,1.76744962448797
"PWR-1E.2",0.12656270054145,NA,0.575046644297605,79.5069521675248,0.213658008271425
"Raji.2",0.0407997693776447,21.4893160279623,2.19132863512035,0,21.4893160279623
"RPMI-8226.2",0.297690464747017,4.02525997727709,0.616195537594178,0,4.02525997727709
"HT-1197.2",0.143416798729688,2230615033677885,0.0799492295017344,41.055199504546,1e+06
"HCC1187.3",0.0254606427443936,NA,0,94.9078714511213,0.241131532909878
"TOV-112D.2",0.182516855704148,NA,0,63.4966288591704,1e-06
"TCCSUP.2",0.0886117087706477,NA,0.0279584987626642,82.7648223756467,0.0835787498472893
"NUGC-4.2",0.0470556245583391,NA,0,90.5888750883322,0.127488518260657
"SNU-1.2",0.0108236294697956,26.0289917489459,4,0,26.0289917489459
"NCI-H23.2",0.0751376487183465,7270.57237948865,0.282547445401244,0,7270.57237948865
"NCI-H1048.2",0.17814026350575,16.0179202517626,0.605773836561157,0,16.0179202517626
"MS751.2",0.0199926205357457,NA,0,96.0014758928509,249.838035908981
"MC/CAR.2",0.145485152362023,NA,0,70.9029695275954,1e+06
"LOU-NH91.3",0.142149622868373,39.2684179844285,1.37873277040015,48.4641267534667,3.14006324783361
"KYSE-410.3",0.136847326277525,144.613753903146,0.374942024681452,0,144.613753903146
"KMOE-2.2",0.120674212398519,22449.4190529019,0.194974108407943,0,22449.4190529019
"KG-1.2",0.0499620858426661,NA,0,90.0075828314668,0.0766889164671072
"JIMT-1.3",0.05,NA,0,90,1e-06
"HEC-1.2",0.090234259318761,NA,0,81.9531481362478,0.000272058951377142
"GI-ME-N.2",0.131796997196656,1810.16187012235,0.247960479583428,0,1810.16187012235
"EW-18.2",0.114028085397717,336.690302778624,0.356535325879827,0,336.690302778624
"DAN-G.3",0.11647436724944,NA,1.03567663477508,54.0738744562206,4.10039519122569
"Hep-G2/C3A.2",0.176429431906287,NA,1.12462939333386,82.3570237914593,1e-06
"647V.2",0.00635438179271433,30.2169389320259,4,0,30.2169389320259
"DMS 273.2",0.0316931220154426,NA,0.0518986406186111,92.7343184465905,89.9511496903973
"NCI-H1793.2",0,NA,0,100,261.936569610816
"OCI-M1.4",0.113091388297016,26.2776905152979,0.756393459111722,0,26.2776905152979
"OE19.3",0.195065911729157,6.26118106511202,1.77980261804499,44.8107043391986,1.75333028744345
"OE21.2",0.180969824103374,550.466592224331,0.233086905855798,0,550.466592224331
"P30/OHK.2",0.061914169814542,NA,4,61.6649285623023,6.5735961752373
"P32/ISH.2",0.110332106291246,8.52917052240542,4,28.76402335502,6.88545042854696
"PaTu 8902.2",0.0312667938292871,NA,3.70122038733501,86.8740749948243,3.86128151560443
"RCC10RGB.2",0.0849934652639756,NA,0.312892989934286,63.3215937009487,40.3870070648498
"RS4;11.2",0.116746240125078,8.47573643634251,3.18971819300633,33.1181333023245,6.03035961753262
"SiHa.2",0.146922811125038,NA,1.47777016339872,51.7268037371837,2.51907555010272
"SK-N-DZ.2",0.0470666659668092,35.3445852279758,1.23601519887744,0,35.3445852279758
"SU-DHL-8.2",0,NA,0.836097166167565,100,0.244562065288064
"SUIT-2.2",0.0533317107753526,NA,1.50676287455008,67.1522207628637,7.4601377730041
"SW756.2",0.0450778128977645,NA,4,86.1978309517325,2.09565292644248
"T-47D.4",0.126734554325291,83704.1253684174,0.167155926073477,0,83704.1253684174
"TE-6.2",0.0689585263886219,65.4781056397369,0.730928390797571,0,65.4781056397369
"TK [Human B-cell lymphoma].2",0.0575918088175488,NA,4,68.7331339789344,5.61255086237222
"TT2609-C02.2",0.0489773665570705,3123.28694623687,0.377401322866754,0,3123.28694623687
"U-118MG.2",0.0354885500475878,NA,0.0623576724645457,92.7883934015888,1.05196762097931
"UMC-11.2",0.1171875,NA,0,76.5625,1e-06
"WM35.1",0.0689897690137841,NA,1.24814003371287,92.5930122956145,0.0168446938740028
"G-361.2",0,NA,0,100,0.0278088530477825
"HCC1143.4",0.0918491870953664,70442.1510777484,0.299772770643043,40.5193501031494,274.727220840669
"HuP-T4.2",0.131914000129392,NA,0.476948329575743,85.5880088437577,0.00206380557989313
"MOLP-8.2",0.127969911024937,7.04784777946214,3.75355005432662,40.1629038398448,4.57025512983448
"NCI-H1092.2",0.0361324631004216,NA,4,80.5524734382733,5.55048237227577
"NCI-H2141.2",0,NA,0,100,358.693125100209
"NCI-H596.2",0.0942704757673801,NA,3.52431151668395,66.1656377526833,2.91986691257871
"NH-12.2",0.0162850868241794,23.0357021132379,4,0,23.0357021132379
"NOS-1 [Human osteosarcoma].2",0.074319849190524,NA,0,85.1360301618952,0.0186864069604816
"Rh1.2",0.106077438347971,37.7396098920252,0.67598751739693,0,37.7396098920252
"SK-MES-1.2",0.0403225546006387,NA,0,91.9354890798723,0.217613345786536
"SU-DHL-10.2",0.0489550113456332,NA,4,71.0200396187971,6.24183786993094
"TC-71.3",0.0629434367747193,NA,4,63.2580782526414,6.13891698746423
"GA-10.2",0.0818608909041066,NA,4,60.2225498966276,4.83119357388358
"KU-19-19.2",0.152359739951037,NA,4,59.3361458943705,1.50340556406181
"MHH-CALL-2.2",0.305772971045093,1.90744710586512,1.46302957417566,26.5858061954503,1.13564136090426
"MOLT-13.2",0.0517863084274988,NA,4,72.2404715335728,5.5213040910045
"KM-H2.2",0.00896326237573304,NA,4,94.6041738825176,6.36549583109309
"AM-38.2",0.0254906559590623,NA,4,80.837379066555,8.03117334181576
"HL-60.2",0.094863680775861,11.0462040130923,4,45.6350236703386,6.00435044700981
"A2058.2",0.00637404737256326,30.191494494706,4,0,30.191494494706
"AN3-CA.3",0.0105155169403827,40.2276592853103,2.38377024735196,0,40.2276592853103
"CAL-33.3",0.292428215988378,NA,1.59010176412119,62.297214163973,0.0891540358389454
"Calu-6.3",0.0577411804527088,NA,0.0742170160022295,86.0358945618251,72.033997737232
"CFPAC-1.2",0.277277929581309,NA,1.42526105403128,55.8754068727117,0.256242217164078
"COLO 829.4",0,NA,0,100,1.45924283516553
"EMC-BAC-2.2",0.0134102459133706,24.4396903730457,4,0,24.4396903730457
"EPLC-272H.2",0.0705547455240751,NA,4,82.4343999408972,1.24775873691173
"NCI-H2369.3",0.0791348555558531,3468169858413.2,0.129678954410491,42.9065644364627,1e+06
"HCC15.2",0.221129888793021,NA,0.569923772181802,56.038419363205,0.615451781065164
"JVM-2.4",0.269904356984417,2.7736542403094,1.61526775026019,17.3322357974096,2.13114364568135
"KYSE-520.4",0.0612557156278088,NA,3.26268613768142,69.315538675128,5.05441745050997
"L-428.2",0.0414691448628066,NA,4,73.4230873617992,6.83013252183578
"LCLC-97TM1.2",0.044571698250687,NA,2.24974857202267,70.1051710660352,7.47848746039048
"M14.2",0.0965203782125483,4762.55910934026,0.262678770113631,0,4762.55910934026
"Mel JuSo.2",0.0293536922730344,NA,4,93.0111897755614,1.09925255943402
"NCI-H1568.3",0.148045842415512,NA,4,69.4660323313036,0.702380358006991
"OACM5.1 C.2",0.0648623529689107,NA,4,73.0302034323621,3.79949990296039
"OAW42.2",0.0831698119005125,NA,0,83.3660376198975,0.50069331476281
"639V.2",0.0387823892757164,NA,4,70.4208335218356,8.14063669104759
"BV-173.2",0.0520168773638474,NA,4,71.0768708419777,5.78485723067608
"COR-L311.2",0.0478624254438456,NA,4,67.9947547297363,7.14800296350423
"EGI-1.3",0.0784788626910782,NA,0,84.3042274617844,0.0691468429866453
"EJM.2",0.146411489830804,50.3048455549448,0.469558306926852,0,50.3048455549448
"ETK-1.3",0.137386442118955,NA,0.766460971243718,60.6586431639207,2.14859251323309
"GCT.3",0.14313042819136,NA,1.24663620268912,67.3429602638034,0.980838357607312
"HTC-C3.2",0.066301754475151,NA,2.81963954859432,72.1856719091178,3.86774173210086
"JHH-4.2",0.0658426968040023,NA,1.8531833774122,93.4157299934997,9.0527313670066e-06
"KP-2.2",0.114354147020662,NA,4,88.2871709473113,0.0196187416247716
"NCI-H1417.4",0.00975543449649467,NA,1.44996288098015,99.0244564938697,1e-06
"NUGC-3.4",0.113791637013237,NA,1.35890397136242,54.542772292265,3.81830163695638
"OVCAR-3.2",0.0581583928319245,NA,3.65588420115495,78.0881456481704,3.19872855662528
"PaTu 8988t.2",0.0694932563472568,NA,4,74.2165966269945,3.10866378799624
"SK-GT-2.2",0.104114582027664,NA,0.926782120710571,79.0721408347962,0.644620813762016
"BHT-101.2",0.0449994033316624,NA,0,91.0001193336675,0.58884427140844
"DiFi.3",0.143181757706209,NA,4,77.6493972912469,0.235817265936192
"HCT 116.3",0.132216812227656,6.50549947327203,4,41.5171033932494,4.17517024097763
"RCM-1 [Human rectum adenocarcinoma].3",0.094691888779577,NA,0.94801279580147,71.9006394984934,2.15607091544774
"TE-1.2",0.0344218212020982,NA,0,93.1156357595804,0.589618122685606
"SNU-398.2",0.130320865944212,9943.66872040106,0.202608038389112,0,9943.66872040106
"SK-MG-1.2",0.0651856253277273,NA,0,86.9628749344545,0.0169647821209966
"SCC-3.2",0.370036367223834,1.2793537060677,4,8.6060503089437,1.22034421669543
"RPMI-7951.2",0.123338891333905,1415.46619521728,0.485292938474173,44.7353203813442,13.6914714805947
"RL95-2.2",0.184698472082609,NA,1.36827813266347,59.6216773007256,0.853540630259903
"RERF-GC-1B.2",0,NA,0,100,7.66981634484714
"PL4.2",0.00825736343640208,28.1098307821553,4,0,28.1098307821553
"OSC-20.2",0.114204222654681,265403622.138517,0.122054926019146,24.7000167522476,1e+06
"OAW28.2",0.0479086411005349,NA,0,90.418271779893,0.158050053995534
"NCI-H446.3",0.086163101604278,NA,0,82.7673796791444,0.831071274833284
"NCI-H322M.2",0.137739384122308,NA,4,75.3010437562703,0.424754901807112
"NCI-H1915.2",0.0151883879206303,NA,0,96.9623224158739,4.96932575546829
"MM1.S.2",0.0802599196371954,NA,3.00244028763468,58.4092228658414,5.30660425185095
"Karpas-231.2",0.081684920943198,12.4783844173917,4,44.0529821054598,7.32808791475312
"FTC-133.2",0.0604587681274367,NA,2.52790824949648,75.1556272582504,3.74546730583075
"A-204.2",0.106765237028072,107.399630824552,0.479056221818397,0,107.399630824552
"HSC-4.2",0.146262637270744,NA,1.94860667947684,54.5002583539968,2.18609539346084
"NCI-H1650.2",0.09145537362715,NA,1.59191779256065,90.8540573503086,0.000166214452274758
"NCI-H2228.2",0.108478444527015,NA,4,67.7356280125426,1.96094153639398
"OVCA420.1",0.0211967980734248,NA,4,85.8099849255115,7.15640324808288
"RC-K8.2",0.113452885550178,NA,3.91680339281945,51.8170042911328,3.93447085024378
"RERF-LC-KJ.2",0.0648594366903211,229.262621675922,0.527902061004621,0,229.262621675922
"RERF-LC-Sq1.2",0.139521941561882,152.374421011779,0.489787974105327,33.2514357739594,16.3350378549833
"SBC-5.2",0.114973103546216,NA,2.04543167539869,50.169629128983,4.14195018124592
"SCC-15.2",0.14704119046665,9.81368736858261e+23,0.067450660535864,46.9422002773215,1e+06
"UPCI-SCC-090.2",0.124412982074984,NA,0.633968451101102,83.7929980064367,0.0518907933640102
"SF268.2",0.00175076672124584,53.0170662989474,4,37.3944355269787,37.5676272193
"SK-ES-1.2",0.0778696324481741,NA,4,64.5614378148628,4.38669255048626
"SKN-3.2",0.0541397965609449,NA,4,79.463931690234,3.23792438984078
"SNU-182.2",0.00355249324216265,35.2926131700865,4,0,35.2926131700865
"SUP-B15.2",0.139194567501157,6.87237765328995,4,19.435446418278,6.0767172649688
"SUP-HD1.2",0.233339424506948,3.7964857589536,1.81281989569208,44.933548528334,1.07378654911881
"TE-4.3",0.0899173266501776,NA,1.28939159222207,89.7429858161928,0.0342669782083554
"TE-6.3",0.0895110599640713,11.4883684736082,4,44.6882488423134,6.55881355793157
"Granta-519.2",0.112742476712302,13.579496785549,1.31518163447467,12.8548037783953,10.8329604509219
"PaTu 8902.3",0.0745905835793048,NA,0,85.081883284139,0.825659782232854
"OE19.4",0.177732076545209,8.95006006261128,1.30756217687963,38.8393134621683,2.84275498835999
"OVCAR-8.2",0.0435932020497176,NA,4,77.812615762605,5.15371427106885
"U-251MG.2",0.0208626516927739,45.8239042502238,1.61519725052575,0,45.8239042502238
"A-704.2",0.00679011405775783,29.6740079788103,4,0,29.6740079788103
"HCC827.3",0.102626486060827,126.943808949073,0.470880011262185,0,126.943808949073
"Lu-135.2",0.086556052391396,NA,4,79.6111018572684,1.06549588368826
"MFE-296.2",0,NA,0.86080345771957,100,0.289830381695538
"MFE-319.2",0.0602858347778256,NA,4,82.2363559187066,1.9185978002509
"MOLM-13.3",0.402032591661933,1.24995789008928,1.72947411899537,0,1.24995789008928
"NCI-H2405.2",0,NA,0.548511819387051,100,0.040274499568698
"NCI-H650.2",0.0176627863995582,NA,0,96.4674427200884,0.0515268537852593
"OVISE.2",0.081463862334672,NA,4,89.9310678682579,0.0747263000233835
"PF-382.2",0.0613433086195801,NA,4,79.9202691179224,2.42452889025026
"TYK-nu.2",0.109921599178741,NA,4,82.0256058630563,0.292773015205492
"UACC-257.2",0.14385431706753,NA,0,71.2291365864939,0.0104187092540359
"HCC1143.5",0.0466060207196884,NA,4,87.3660669762931,1.55077061760324
"Hs 578T.4",0.106942894778038,NA,4,82.0775026004611,0.319737354658184
"Rh41.2",0,NA,0,100,146.569470848842
"DK-MG.2",0.0271404264560097,NA,4,87.4584145345378,4.4889449709636
"CaR-1.4",0,NA,1.22595558015582,100,95.4197406006103
"SW48.3",0.0915230695420903,NA,4,57.5109550482751,4.49652099448016
"T84.3",0.0746417992312413,NA,4,91.4837123802751,0.0456071214747234
"COLO 678.4",0.0215197825958972,NA,4,94.9418800924413,1.04784730968902
"HOP-62.2",0.0990635129949805,264.251340348076,0.407531768175144,0,264.251340348076
"U-87MG ATCC.2",0.0497026455140148,42.3232901289979,1.074958783043,0,42.3232901289979
"TOV-21G.2",0.183866162548571,NA,0.71383721064309,50.8750469836595,1.79634829365756
"TGBC24TKB.2",0.110470647491958,NA,0.0725461852303731,57.9931893805383,999945.386695333
"SW626.2",0.168781638731725,1099.47796282907,0.222300402758873,0,1099.47796282907
"SW1573.2",0.0672625987045847,2997.9361315175,0.332334377899806,0,2997.9361315175
"SU.86.86.2",0.0194076230092198,2554.29204642629,0.531555025493445,0,2554.29204642629
"RPMI-8866.1",0.139476470267581,6.75321550350297,4,21.6201662355629,5.86165926506581
"RD.2",0.00811240842637101,28.2492376801977,4,0,28.2492376801977
"PA-1.2",0.107732527932321,NA,1.59517509971183,53.7549405975926,4.20624689288152
"OCI-AML-5.1",0.0646469121967349,14.263161017487,2.91993012124313,0,14.263161017487
"NCI-H209.2",0.108033419523613,NA,0.540295432382133,58.3474796259288,7.15674832611945
"NCI-H1876.2",0,NA,0,100,0.111190509865084
"LN-405.2",0.067065719991334,NA,0,86.5868560017332,1e+06
"Huh-7.2",0.0477794088256914,NA,0,90.4441182348617,0.157763115618068
"PC-14.50",0.103867007039956,NA,0.630845974036856,69.7888215214997,2.53084847979537
"PC-14.51",0.129102484067793,NA,0.44986789927568,55.3883313864897,6.68027719522712
"PC-14.52",0.124117247922826,136.357299227942,0.407709636905713,0,136.357299227942
"MHH-ES-1.47",0.144165048768039,NA,4,85.4471338796601,0.0147534098498024
"MHH-ES-1.48",0.146729671701689,NA,1.84196600252746,84.461344102621,0.0203512985941782
"MHH-ES-1.49",0.041509865259383,NA,0,91.6980269481234,0.022698571864681
"SNU-C2B.46",0.202759988514104,311.393242296613,0.230886363234183,0,311.393242296613
"SNU-C2B.47",0.160003801266903,999561.952975292,0.117479658282325,0,999561.952975292
"SNU-C2B.48",0.223557065571437,238.032177209762,0.2187060108772,0,238.032177209762
"HT-29.49",0.191878062921712,NA,3.2939862298623,50.3258883960024,1.38776861120264
"SW620.51",0.132612196963713,2105.08272081377,0.241932309015069,0,2105.08272081377
"SW620.52",0.0427735270704905,37.7530033731083,1.30533260219892,8.24930624405506,32.8822829867054
"SW620.53",0.0989820135314805,NA,0.862480851950619,77.1420695264597,1.05740113739472
"U2OS.48",0.132583389057785,NA,0.0204789319059284,74.5843057595744,0.0091601693949505
"U2OS.49",0.133352353358182,NA,0,73.3295293283637,0.000955299879028292
"A-549.37",0.210223389399717,2.65914794847249,4,40,1.77827941003892
"C32 [Human melanoma].44",0.0775688336208967,NA,0,84.4862332758207,1.30079025579827
"C32 [Human melanoma].45",NA,NA,NA,NA,NA
"A-375.46",0.057482594168995,42.3850493202503,0.982697723528009,0,42.3850493202503
"A-375.47",0.0938770445655149,67.2840400967793,0.597274495837068,0,67.2840400967793
"HT-29.50",0.131421936268412,NA,4,51.8047649511768,3.0214690397306
"HCT 15.39",0.188484303584252,5.52469242924036,2.03173506796521,43.9656786886203,1.95123430595123
"SK-CO-1.5",0.155772912495764,NA,2.00764478029234,50.3517413731805,2.28711869576154
"SW620.54",0.0619790851289586,NA,1.25846084824196,72.2400022008731,4.80436384547227
"C2BBe1.2",0.107381426006809,NA,0,78.5237147986383,0.0423232119559424
"CHP-134.2",0.0831832767852059,13.0756950648076,4,46.0932845223095,6.91313803652052
"CL-11.2",0.0460835798442379,NA,4,58.2744045492038,9.4402153211832
"Karpas-45.2",0.0397736126710348,398244662.609136,0.196451632795639,34.57709091904,1e+06
"NCI-H1573.1",0.076207261778818,NA,0,84.7585476442364,0.00762956690681977
"NCI-H1688.1",0.0779254556437584,NA,0,84.4149088712483,0.377102635863796
"NCI-H196.2",0.230180139425985,1375.62893608518,0.256843832308567,37.7559923095817,5.74702597378293
"NCI-H196.3",0.2038022204497,108.486262985034,0.282814436821156,0,108.486262985034
"NCI-H2122.2",0.324755663067192,14.5769098700853,0.91467124526008,48.8954873836631,0.225630757849624
"NCI-H2170.2",0.111202472493212,NA,2.19520121898811,72.4258592068635,1.23503867392104
"NCI-H661.3",0.0718874570639006,NA,0,85.6225085872199,0.0551872594897376
"PFSK-1.2",0.0104040705046882,27.5211293633837,3.71220150414157,0,27.5211293633837
"SU-DHL-5.2",0.104452986645475,8.93013343659712,4,35.8092415466726,6.51803741610011
"CL-34.1",0.113144254951662,NA,0.809554451021044,81.834414577149,0.236446720959303
"U2OS.50",0.158623162514081,NA,0,68.2753674971838,0.00169143966706678
"U2OS.51",0.115360709349327,NA,1.34293266997096,88.4639124590589,4.69458081288495e-06
"U2OS.52",0.148301473462976,NA,2.05605850046079,85.16985245743,1.0714626613742e-05
"SW620.55",0.113053463007376,26773.8970668647,0.199013731711837,0,26773.8970668647
"SW620.56",0.141116594727262,NA,0.0439733994647029,59.485139331459,1e+06
"HCT 15.40",0.129713980312959,NA,4,58.0197217115442,2.36678214531669
"HCT 15.41",0.127979659554414,193.849434730017,0.368992119951027,0,193.849434730017
"HCT 15.42",0.187493174233262,7271.3768648007,0.160227032863229,0,7271.3768648007
"A-375.48",0.0748289734791381,NA,0,85.0342053041724,8.50493707253611
"A-375.49",0.102668794665785,1.3373803802105e+20,0.099064267088325,48.0067447748101,1e+06
"A-375.50",0.0655344790462105,NA,0.0367027356421557,86.8062414983746,0.90606621002683
"PC-14.53",0.175765393982016,7034845892166.27,0.0715854449495482,33.8264171352426,1e+06
"PC-14.54",0.0762406047032488,NA,4,77.8049479359429,1.86469871786236
"PC-14.55",0.12621770041091,998605.744120372,0.13752574229982,0,998605.744120372
"C32 [Human melanoma].46",0.124444967879133,NA,0,75.1110064241733,0.0363112144081804
"SNU-C2B.49",0.204112541727793,694626.321961423,0.158017840360495,38.6904260143408,57.097763387966
"SNU-C2B.50",0.201785600141507,112.866428823022,0.283233141981744,0,112.866428823022
"RT-4.2",0.164058711383831,10895305752923.4,0.0759115905426222,35.3862884751814,999956.423634879
"NCI-H2347.1",0.0780310878090543,NA,0,84.3937824381891,0.00102165504467343
"NCI-H1563.2",0.0912758320394535,NA,0.0548025762764344,70.9607867564348,1e+06
"NB1.2",0.0937372718137926,NA,0.092790397666877,55.7258628547185,1e+06
"SW1116.4",0.029586641794036,73.3170561076989,1.07610309944956,0,73.3170561076989
"C2BBe1.3",0.0583705747849149,NA,2.4698195952568,75.6116947919439,3.83261963218811
"OV56.2",0.0746130584073954,NA,0,85.0773883185209,0.03725236644028
"HDQ-P1.3",0.0352738166665831,140.99075104582,0.79059185210859,0,140.99075104582
"HDQ-P1.4",0.0814252725531773,184.202509171898,0.493353911598953,0,184.202509171898
"Panc 08.13.2",0.0779315498955838,NA,0,84.4136900208833,6.28597300178759
"Hs 445.2",0.396182478867096,3.42545954632261,0.266594893384346,0,3.42545954632261
"ALL-SIL.2",0.0238247257865992,NA,4,87.1195825740174,5.58243393839282
"ALL-SIL.3",0.125808471323173,NA,2.82684218551446,86.5829641580912,0.0271806282207886
"ALL-SIL.4",0.118837860735327,NA,0.0279945304550604,76.5313183277211,0.254485467642133
"MHH-ES-1.50",0.109870609089669,453.171397312031,0.345364718870208,0,453.171397312031
"MHH-ES-1.51",0.102819982747906,2781.71633866418,0.271827677071229,0,2781.71633866418
"A-375.51",0.0116645922494233,25.4686914716134,4,0,25.4686914716134
"A-375.52",0.0110731826545862,25.8576656673444,4,0,25.8576656673444
"A-375.53",0.113366165778367,NA,0.0324242598006193,78.1939963167276,0.0542119333304681
"HT-29.51",0.199688864796724,NA,0.645081885394915,57.216106606695,0.841676824437955
"HT-29.52",0.115912437791537,NA,4,60.1386113641959,2.68389458144261
"C32 [Human melanoma].47",0.0860812969097292,NA,0,82.7837406180542,0.0175828369717695
"C32 [Human melanoma].48",0.158000407532826,NA,1.33213019565191,84.1999560483611,1e-06
"SW620.57",0.117125301701553,1519.23693161338,0.273836445137122,0,1519.23693161338
"SW620.58",0.142238591136554,44041982.7078825,0.111342705052091,17.1966569598755,999600.630676353
"SW620.59",0.0631205241169092,263.453859254307,0.518390672918871,0,263.453859254307
"U2OS.53",0.131098122416856,1135.66918330189,0.265969345139607,0,1135.66918330189
"U2OS.54",0.141919531653095,294.52256783005,0.315299194044657,0,294.52256783005
"SNU-1040.1",0.0296811698577362,NA,0.999822157273099,86.6048329054448,5.4620502823655
"CL-11.3",0.0355590550861545,NA,1.5512217327922,92.2730094853706,0.825772032510227
"CL-11.4",0.0303971814804948,1775.10672696217,0.528870209537481,19.5284124043271,695.914430257848
"HCC1599.1",0.0156537474043334,NA,4,86.0130915110957,9.31354989752166
"SNU-C2B.51",0.171091727281733,NA,1.10541555655447,71.743227242174,0.294282758969085
"SNU-C2B.52",0.132353650238663,NA,0.398049246863491,60.8803422836612,4.36934133283178
"SNU-C2B.53",0.17063405509972,39659134.0509254,0.097509236283889,15.0765791973311,1e+06
"PC-14.56",0.138184283956838,133.467934739605,0.379102653293183,0,133.467934739605
"PC-14.57",0.141195759969847,2965.31597523019,0.221770570190563,0,2965.31597523019
"PC-14.58",0.210889482570122,3899.66176331611,0.154331615903122,0,3899.66176331611
"SNU-C2B.54",0.224386788540151,434.213846373092,0.19629597500261,0,434.213846373092
"SNU-C2B.55",0.220843998731623,139.850091150256,0.245767768514821,0,139.850091150256
"SW620.60",0.0510327434080378,NA,4,70.5207289458081,6.062340806475
"SW620.61",0.0924603461439898,82970.3920198839,0.199202810327784,0,82970.3920198839
"HT-29.53",0.231430147151531,29.5876278027594,0.344066951596045,0,29.5876278027594
"HT-29.54",0.123097505616441,NA,4,61.81729965587,2.15747672975469
"HT-29.55",0.110795409576897,21.0231224399983,0.874562760972687,0,21.0231224399983
"U2OS.55",0.16762781934698,92303657.0870604,0.0963256627157229,17.6652884829943,1e+06
"U2OS.56",0.116939781009246,62.2737639563662,0.525172248759567,0,62.2737639563662
"U2OS.57",0.193777246905179,1698.66411360345,0.185841647837826,0,1698.66411360345
"MHH-ES-1.52",0.140480039695092,7720.14921230208,0.198409072591319,0,7720.14921230208
"MHH-ES-1.53",0.0388420860505111,28.694739482877,1.6408124994015,0,28.694739482877
"MHH-ES-1.54",0.116593288266119,3286.50531232938,0.247404258722126,0,3286.50531232938
"PC-14.59",0.157391343949632,25858.23333301,0.161321134370691,0,25858.23333301
"PC-14.60",0.120430556135474,69.269408903802,0.497586569439197,0,69.269408903802
"A-375.54",0.0476202739231339,NA,4,57.6743278569301,9.30014072393268
"A-375.55",0.0348524874880245,19.7960540117666,2.94241764281082,0,19.7960540117666
"PC-14.61",0.176804029028183,8785.16223267707,0.318360841871132,44.4843005075805,8.64104932928985
"C32 [Human melanoma].49",NA,NA,NA,NA,NA
"C32 [Human melanoma].50",0.0777715051724388,NA,0,84.4456989655122,0.00739702791257423
