"","aac_recomputed","ic50_recomputed","HS","E_inf","EC50"
"A-204",0.233829633466278,7.53884847961477,0.43444591954344,0,7.53884847961477
"MES-SA",0.460321688455701,0.331437876102187,0.916115355956198,16.7492476125916,0.212329857768641
"PL4",0.302151748690144,1.40471421684102,1.13498376116835,42.5489819482395,0.262518305499805
"OS-RC-2",0.18862568676366,148.743709759991,0.249411465820788,0,148.743709759991
"WM793",0.356861854844696,0.735024307196482,1.2890698327362,15.1122162415984,0.555973513233052
"KYSE-50",0.280169625438014,1.1305315251385,1.71066135550288,26.0132451149526,0.735878245049339
"KE-37",0.639606264340492,0.115624286155659,2.35847171854076,1.1286207676144,0.114510391015961
"Jurkat",0.49911759066565,0.223552387674827,1.76996332951963,13.1817862987159,0.188056735354701
"KM-H2",0.4301535003445,0.389997828773757,4,9.95683632957084,0.36893663614193
"697",0.57185806181011,0.180048072212106,2.50235296317623,2.07857428149688,0.177018763113847
"8-MG-BA",0.454027237562934,0.353651162957168,1.87559573719854,9.06513494883372,0.317874433192543
"PaTu 8988t",0.406199854658276,0.487910980914389,1.8988417156858,10.9759736107819,0.428207721603616
"FTC-133",0.411575098063272,0.476973731346073,0.974157304798036,20.4866650307765,0.277631701189358
"KMRC-20",0.329776368164185,0.947005492929483,1.04474156827072,26.7224257589189,0.455553784636715
"NCI-H1975",0.344577690936909,2.03147571049957,0.396171492898108,0,2.03147571049957
"OVCA420",0.309030063473236,2.06803722052089,0.539008128372452,0,2.06803722052089
"HCC1954",0.220830100012938,2.78505831784876,1.00000056310105,7.41840108631359,2.37184493933367
"ASH-3",0.141429607818188,6.35046835120396,1.46349626945682,40.2175452755943,2.08293613830909
"NCI-H1568",0.317441368280385,2.35856840244609,0.64121171721741,35.7604132683414,0.332627481521154
"NCI-H1563",0.193517723193922,6125.32630868629,0.147254389354401,0,6125.32630868629
"Daudi",0.261009536680773,1.27872274891337,4,16.3793156922221,1.15793858978062
"CTV-1",0.452520425380523,0.326713006841412,4,10.1261895197248,0.308742103410739
"EM-2",0.429511504423634,0.31851492717884,4,16.3233834400298,0.288548886198329
"WM278",0.245191691681737,16.1006026306476,0.310380100108067,0,16.1006026306476
"GI-ME-N",0.223013420970881,5.12396039212159,0.565432600643946,0,5.12396039212159
"EJM",0.37245711357825,0.409508107103357,3.11595070847495,24.6228232679821,0.329412628851862
"HT-3",0.217809506744722,2.63690235188089,1.1364497147111,14.2728854657137,1.96177123622609
"Hs 746.T",0.291349603201527,1.5592719324844,0.918816570275234,23.9364022273552,0.767338546183484
"EW-18",0.33848319774847,0.403254003342285,2.70187316069129,36.9413624042915,0.245344180548094
"RPMI-7951",0.413079495844992,0.36985007430098,1.38395897654134,24.4537219818158,0.227664443545239
"CA46",0.314590144699979,0.711556524149324,2.55492146193237,25.740818516196,0.536133084427412
"RCC10RGB",0.375798389185564,1.82502622957443,0.317303924295724,0,1.82502622957443
"U-251MG",0.244236537344816,5.44251134388096,0.842452319542108,42.6125075662951,0.562365898765504
"Karpas-231",0.589116104403167,0.137063130334598,4,5.82519289655948,0.132883730163723
"BALL-1",0.565703775599465,0.169268577346572,4,4.7899566518754,0.165060278627264
"IGR-1",0.279860332324991,1.85915608419203,0.845188506643455,17.6668319831141,1.10998323763515
"KP-1N",0.274368351092534,1.2943579326471,1.45224356826809,26.6900774731483,0.765306964563421
"OVCAR-8",0.435996997260773,0.470416144071412,1.57094371592041,2.71633715600625,0.453983403210175
"JJN-3",0.323229286044383,1.00973474169701,1.77419470657253,5.84708484809075,0.941380002993004
"ALL-SIL",0.397205923440689,0.607103046431926,2.34445976532274,3.00603291690724,0.591257489210494
"HEY",0.356340700436928,0.870624847701358,0.847040814915852,23.5942058049968,0.409723194641858
"HeLa",0.375758718513461,0.612219544683199,2.23037503644661,10.4824092584085,0.550927525126776
"SCC-15",0.229193281147373,5.67526017425047,0.511927243976071,0,5.67526017425047
"CAL-33",0.381106440400711,0.628385435393652,1.08345133170611,16.4307724810047,0.435035547456597
"JHH-6",0.20616705637705,3.30789894795583,1.09062038388996,28.9368405650005,1.49727594364328
"ES4",0.227169975886283,NA,1.74576783677146,68.3083280212173,0.0694146937532826
"UACC-257",0.11796573821994,887.463817136761,0.266715953321253,0,887.463817136761
"KCL-22",0.416971826227019,0.447972037996603,4,8.65904848776056,0.42717273225056
"CHP-134",0.397670642623342,0.536341468718074,3.28233080362805,7.72340540853851,0.509613222139571
"KMS-12-BM",0.464913563285791,0.337524884721008,4,6.14397249738295,0.326640941835405
"OE19",0.271323697314586,1.12467443577598,2.53855727984474,22.6917114156602,0.886242332559779
"MDST8",0.283384967014531,1.2278650478512,1.37332845825392,26.6328873049794,0.705655579423093
"HCC2998",0.380868840539255,0.681304751441549,1.19424924426642,7.5260359037783,0.594316490321015
"G-401",0.506367504104474,0.267607084361926,1.2355767416902,5.80698219387138,0.242160790962548
"OAW28",0.222792208029497,14.3700438811936,0.824110174765277,46.2733584525286,0.615362286460105
"DMS 53",0.175150566370535,9.32790672812097,0.573359605280313,0,9.32790672812097
"TOV-112D",0.27792524146223,1.28564556376059,1.36680177534601,28.6132448364115,0.690678446033371
"AsPC-1",0.150121430724825,NA,2.32548436423958,72.7927017289673,0.22115983104234
"HSC-3",0.347251637290238,0.824999576951064,0.994028391170622,34.9762737161837,0.246107201707987
"Evsa-T",0.189237260303353,2.52115610692982,1.96151255364714,26.5642337606524,1.71326963301432
"VA-ES-BJ",0.237813592329124,1.64626095144503,1.82306536227312,42.8793568240559,0.565194381517502
"GOTO",0.385634295317791,0.285365610455811,4,29.5294802350084,0.228266064509264
"SNU-175",0.288374468933909,1.02740875608267,1.81962521819947,25.3497358002742,0.696539310659694
"IM95",0.240378405565857,2.37250208603124,1.00379534774109,20.9067076035433,1.38330731828525
"OVCAR-3",0.359834796818093,0.669178720872543,1.49067097256251,16.649119400095,0.50999579107854
"LXF 289",0.349168999287129,0.680243554974541,1.82556104568301,17.6458412291959,0.535935798622147
"AGS",0.34937628027884,0.699991760463112,1.88109333584243,15.6539325687244,0.573312963184916
"AU565",0.273558367752387,1.38820103649564,1.42916573819223,41.9366388855822,0.387226716999896
"LN-405",0.188831123234839,71.0046078390135,0.287749801013258,0,71.0046078390135
"TE-4",0.325911275022116,0.86993027815774,2.62941257970516,11.4010932471337,0.788386461942529
"42-MG-BA",0.219625650033232,14.6467456995525,0.368785226524297,0,14.6467456995525
"TUR",0.461845440426295,0.330409008357372,4,7.56086158082335,0.317139997227613
"EMC-BAC-2",0.246986520569624,1.86774688523634,1.26602119318467,20.8800602478988,1.2186282952923
"LC-1/sq",0.47700669950874,0.218390070000005,2.14798115152014,18.3725976580667,0.176453912497826
"Hep-G2/C3A",0.163464618128891,NA,1.69850218786141,67.92579512691,0.295812442784472
"Karpas-45",0.440267935404797,0.318908062003895,4,13.75,0.294272717620928
"A-375",0.369095817353847,0.66855619455109,1.41612445777388,12.747585659149,0.543101009939449
"C32 [Human melanoma]",0.253789196052591,NA,1.65992264567376,53.3698697797406,0.232511078722737
"C32 [Human melanoma].1",0.194834011423828,NA,4,61.8862986648586,0.292780614508528
"C32 [Human melanoma].2",0.233911045230443,NA,1.23108875789954,55.9125891704204,0.254539656965879
"HT-29",0.437691713682421,0.181283232024132,4,28.3516428221731,0.147052147288218
"HT-29.1",0.420666518658909,0.269167552053051,2.85738666088431,24.5557166213004,0.212494915539898
"MHH-ES-1",0.239441010760134,1.26721523414982,2.33427654054415,39.8379189509404,0.640330533285957
"MHH-ES-1.1",0.235587395670692,1.12200559055789,3.03781442108497,40.4428763394278,0.650772641136268
"MHH-ES-1.2",0.227090372734056,1.51566599800703,2.23221356294874,41.4508289487985,0.687033297014049
"SNU-C2B",0.321729311774344,0.828026882223918,1.34978187544562,30.1018360731239,0.418392550961697
"SNU-C2B.1",0.320067544988868,1.04852583622789,1.03579203049164,27.9671235725427,0.475311689479243
"SNU-C2B.2",0.315529017715154,0.622464781159191,2.20379862441169,33.6173669361531,0.375169868591593
"U2OS",0.317017480307855,1.00645165779996,1.30309116200793,16.8897905234619,0.733535344731309
"U2OS.1",0.344772291448184,1.09173037441042,0.801530362987085,0,1.09173037441042
"U2OS.2",0.344296013018932,0.903048589624265,0.998269082759457,16.5315502210892,0.604052143091323
"PC-14",0.439218367205195,0.285132607351186,2.22728962889479,19.8201769558345,0.227304151832762
"PC-14.1",0.398552219777885,0.31826392749826,3.31106217425537,24.6261120602185,0.259309296388146
"PC-14.2",0.457021531391766,0.288648080226098,1.3636173707062,18.602026319442,0.205202727204813
"SW620",0.339792985145556,1.00728166316945,0.95573928336212,8.986775314049,0.818690984423753
"SW620.1",0.238513197052585,1.7149329469233,1.66820922313917,24.5792682295118,1.14324934841548
"SW620.2",0.249848150007007,1.91559365104173,1.18596547777581,14.9688337077334,1.41911238622289
"HCT 15",0.369114611931298,0.894881460731239,0.798742573557982,0,0.894881460731239
"HCT 15.1",0.43340927275584,0.574423540076393,0.596876778917806,0,0.574423540076393
"HCT 15.2",0.351916562802766,0.81022388298757,1.43286306880098,8.54611407824035,0.710873598250445
"A-375.1",0.37249838962116,0.536444772951309,2.19232549095549,17.6486089547657,0.43982513880153
"HGC-27",0.374021430484039,0.674090373760292,1.57062311543299,8.41953203800299,0.599420497199618
"B-CPAP",0.358769826714902,0.944325306404581,0.866439347276382,0,0.944325306404581
"SK-MG-1",0.37494973765473,0.726743165986615,1.01518233484361,10.1925422477477,0.58057195201262
"NCI-H1650",0.310251696861635,1.7900603384159,0.698428179445529,26.8844209284488,0.593097126962675
"786-O",0.368181678003314,0.589929341522873,1.13169382432805,29.9571894865528,0.263019738808041
"TGBC24TKB",0.322727439111083,0.763506124441932,1.41498489958522,34.1741905378053,0.338634868674445
"KP-2",0.197588512243547,1.52880967052243,4,40.4626084411482,1.01034180538351
"HDQ-P1",0.410020102182269,0.46970322330614,1.77866774356747,11.7843895035604,0.403827804211081
"NCI-H716",0.230750242867026,2.21713146950269,1.23713008768521,16.2210275469746,1.61478640391794
"MHH-PREB-1",0.403649129492436,0.515096121536157,2.75089329011251,7.95495352712786,0.483650510720305
"NCI-H513",0.263999712302013,7.06141829336493,0.527559815121865,33.6290529424496,0.850671061145344
"Huh-7",0.10354804899252,NA,2.0244220004254,69.8542350194021,0.936160287703655
"HT-1197",0.224102168533529,NA,2.54567234402979,57.2864118125059,0.266753066977736
"J82",0.194674762773983,30.6397369345031,0.3402958025905,0,30.6397369345031
"NCI-H1568.1",0.303560235884624,1.72559806840632,1.08127172671522,44.4561435547056,0.225722186626831
"SK-N-DZ",0.491450581477444,0.257784211706509,2.16864996277032,9.63699303918367,0.233549381485921
"NCI-H322M",0.518911949954548,0.18519982875358,2.21715257840502,13.1134505141948,0.161457701882624
"LB996-RCC",0.458219940516371,0.283886461927396,1.47286949212482,17.9855253002374,0.209741585183943
"NCI-H1944",0.302267510425411,1.31468964952695,0.983896055163409,25.288682980446,0.642302268012778
"MCF-7",0.190152603777996,NA,4,52.8146173024283,0.618190493781943
"KYSE-180",0.33097294800628,0.809142546556113,1.4278273797965,21.8408915835082,0.541238034317359
"NCI-H23",0.432132043790215,0.394258564988312,1.68227040897626,12.2149135363163,0.333786214418166
"L-428",0.486225227360884,0.206851897056896,3.95162199727515,15.4424684435732,0.188391660876518
"IGROV-1",0.538326092513883,0.176459921924381,1.18472591678994,12.4660854640961,0.138522249884026
"LN-229",0.287775253749511,2.75813319090786,0.516509966591153,0,2.75813319090786
"HSC-4",0.254919486087686,2.02039008805236,1.3405064413271,43.2938155657668,0.451404529772748
"Mel JuSo",0.166458740729136,NA,1.81711089339906,60.1146978289712,0.56127781294154
"639V",0.259370277472646,1.55301122014645,1.49526259773258,18.2180952424601,1.14700562688769
"SK-GT-2",0.496126316686174,0.256034557165252,1.40699107842832,10.4029453531882,0.216918159687737
"NCI-H2373",0.283430191485285,NA,1.18857619080729,59.240124246841,0.0765617681908486
"U-118MG",0.278916071967772,NA,0.647406023669273,59.7830851127485,0.0567403024568861
"TE-1",0.40013251299338,0.705810166648398,0.763142201915264,0,0.705810166648398
"SKN-3",0.311904707729918,2.08751852291706,0.520763706394625,0,2.08751852291706
"SiSo",0.279618991905128,1.1962361379823,3.88472519431031,11.9635127667617,1.11491928945332
"SNU-C5",0.386168632436273,0.430025598991555,2.50864312026904,20.5589228350028,0.348180768408071
"MFE-296",0.199645997604577,NA,1.86074869461637,57.9147983094141,0.377751672249305
"NCI-H2170",0.407338150361155,0.743656725630545,0.570271184379024,0,0.743656725630545
"NCI-H1694",0.250403479137511,1.40080588084714,1.96888119870752,26.5675803622096,0.953235787483915
"8505C",0.221104860292305,7.7409067457347,0.464927293212796,0,7.7409067457347
"JHH-4",0.227196295602943,21.4123441383891,0.620108989299862,43.8211545714613,0.735028905263682
"TT2609-C02",0.261475334886976,3.91934217512895,0.93277284630532,43.9674651034565,0.406019314997041
"SW1573",0.193818710165229,3.89889781306199,1.25949402168489,39.0302918833071,1.1692155019297
"LOU-NH91",0.359314509974613,1.34868928232748,0.485442320227231,0,1.34868928232748
"NCI-H1048",0.361425821682416,0.77325860161451,2.03635508861775,4.1565889172475,0.740993993549955
"C-4-I",0.392003356393187,0.492401855360813,1.2738842891096,21.6812875029662,0.315141622582097
"Jiyoye",0.449653321701699,0.367390820675913,4,7.06599754258955,0.353660164257818
"SUP-M2",0.516842228354547,0.250907227514465,3.77581777224455,3.65442155148105,0.245914132046541
"CAL-120",0.251657734585753,1.20171723945658,2.31835306360491,32.3203927643889,0.767455312939932
"SW756",0.200807653724112,NA,2.32472678513507,61.3633195832954,0.275981568245106
"G-402",0.2513959601443,2.87396468549201,0.797399248555415,26.2156970543217,1.13192177716528
"WM35",0.165004210009542,2.88697216594534,2.46366645073726,40.0123924675468,1.50145634685188
"UMC-11",0.318445658008856,0.741552224897694,2.09986766161831,24.9906656766214,0.533165817178745
"HCC827",0.358491388404223,1.06052135934384,0.663846204721871,5.38788687151865,0.89315746476106
"HOP-92",0.248038812476727,NA,2.61703232190879,56.8548863929378,0.188528620578055
"SW780",0.0795139398532435,20.5100172568106,0.806225240969114,0,20.5100172568106
"OVCAR-4",0.215909884608981,3.08684503561104,1.05423796535655,28.8681086420452,1.36372312713433
"RERF-LC-KJ",0.228959925894495,3.11527704671059,0.784674489867435,0,3.11527704671059
"RL95-2",0.320191069224323,1.04268023198315,1.5856462861514,6.30393385415419,0.957723666141501
"DEL",0.599295241978875,0.147756921208582,2.7523464820052,2.15255713115385,0.145413324834477
"KOPN-8",0.428846945869666,0.461104140528354,3.06533433972325,4.72795302389231,0.446401410247001
"ETK-1",0.258606438317991,1.04884294939464,2.28466142040253,37.9068903067725,0.5635042217486
"GB-1",0.224569259320479,44.8719062170625,0.294876937730434,15.024398060806,13.3547869203425
"Calu-6",0.325056685427614,0.793392451217085,1.97238575358493,19.3587125634492,0.618967547756455
"BHT-101",0.20622580576063,1.96314787856098,2.29315234159675,29.5789540601685,1.32850936863346
"Daoy",0.414760526523333,0.499395168665832,1.35716515681795,9.0481362802346,0.431085959014226
"CADO-ES1",0.218906449079392,1.63481884948062,3.57619069106349,24.2979586745713,1.35724022843261
"ESO-26",0.317522289877783,1.3495537522714,0.827085729097568,0,1.3495537522714
"NCI-H1623",0.249301376921379,3.24143555938044,0.62876403434021,0,3.24143555938044
"HTC-C3",0.308858752663126,1.47413491104265,0.805100745385845,0,1.47413491104265
"KM12",0.473122249601322,0.355889321822127,0.960386890582557,5.40940988781158,0.315890882221304
"LOU-NH91.1",0.365199475302687,1.01077755400821,0.661022181842231,0,1.01077755400821
"PWR-1E",0.249800301898297,1.59293392274183,2.7650364108588,10.1916914074521,1.46688097716186
"SNU-182",0.281165389385226,4.57826837693688,0.510471039638733,27.425382496008,0.964206401471902
"SNU-398",0.446878692408484,0.281383132830465,1.45581942270173,22.1597784562636,0.188200878264744
"CHP-212",0.375675789713941,0.341508312947405,2.39442538245362,31.6180441900575,0.224856487775565
"TYK-nu",0.404688032935874,0.358195747931708,1.27399148388221,32.1108797144936,0.159860260818266
"DBTRG-05MG",0.248211170904278,51.6377506820304,0.22753368535573,0,51.6377506820304
"ESO-51",0.362451065400654,0.262185559573727,4,37.0955858315913,0.186874842899839
"RPMI-8226",0.311203989511843,1.14177035462143,1.79817097521263,2.88594601640403,1.10463802650632
"OVISE",0.337337303875289,1.25408206785646,0.723804115385836,26.4578886698185,0.442969808444404
"DiFi",0.305150556012754,0.586471872543646,2.86067025385262,35.5427833661759,0.380075517972255
"KG-1",0.312175207646839,1.07630603046632,1.41869659648874,11.3195121359576,0.89816881268069
"ARH-77",0.517552254745958,0.247531330752793,4,3.87524480096521,0.242589050200725
"EBC-1",0.229297395250614,5.77397603361709,0.507002202596289,0,5.77397603361709
"HuO9",0.418634195822157,0.393524142911741,2.86181976824872,13.5785409697971,0.35227811306468
"Raji",0.388970911694211,0.625415904179523,3.61661460984715,3.84126679026346,0.611744192167615
"Granta-519",0.440826455851993,0.274383527892433,2.33742052386671,20.2391863549437,0.219765213323657
"TC-71",0.242814098878554,1.64893678964515,1.65648517819908,24.9151129733658,1.08733800017792
"HuO-3N1",0.23633364283364,2.55030558550008,0.95264769460067,16.6422408731663,1.66756244841333
"BT-474",0.142869766655369,NA,1.05326111605635,74.2071005315145,0.21350397308723
"RERF-LC-Sq1",0.326720107871988,0.968537286104974,1.05435371205074,26.9058294728601,0.465524595002558
"RD",0.180929860608894,2.96832700933109,2.03083017959904,43.1264344022958,1.11727277130253
"CAL-51",0.41431934174855,0.428209094282507,3.8072234603829,11.016550440938,0.401111567713381
"IMR-5",0.34080751749334,0.897944719116881,2.47175143049787,3.56877872536111,0.871442276533607
"BPH-1",0.334516600415818,1.0408622778693,1.17953736704467,0.71377559909372,1.02825133841334
"SNU-1",0.272166797117066,1.16172907274061,1.81400089563566,27.9036198400499,0.740625072537665
"JSC-1",0.541886851952988,0.190149095379582,1.80360969000486,7.6097412272944,0.173515577058009
"SAT [Human HNSCC]",0.232031044501933,NA,0.994785811219681,61.124373368878,0.154387256263423
"P30/OHK",0.340646651391983,0.732967550120245,1.93275567954674,16.7494630564487,0.59349492536387
"NCI-H2405",0.159081722929556,13.2608880679778,0.670511604902269,26.7996814568582,4.21916898281563
"C2BBe1",0.236217835467075,NA,4,54.4959495805138,0.277189680195302
"TCCSUP",0.331901861211919,0.760276908304693,1.52950947444741,23.5029730728521,0.501961371067625
"HuP-T4",0.197749809407031,6.2521848263586,0.603720266412754,0,6.2521848263586
"A101D",0.355356041251382,0.498446893717102,2.29047470662769,26.0923012445599,0.361177889811743
"GA-10",0.453873572792012,0.376411365889822,3.03396374296612,5.52187719730861,0.362168931670909
"CESS",0.598383948421045,0.112866320490881,4,8.81200971850983,0.10752625405394
"RT-4",0.278550376964786,1.95166701783623,0.78716543935549,0,1.95166701783623
"NCI-H1155",0.244131865055251,1.58216321383935,3.28848913507697,12.8314485307282,1.44572626980571
"COLO 678",0.166480686543752,NA,0.296875,67.8124999999999,0.24582440689202
"A-172",0.267007386659565,1.8164384453684,1.0117217007893,22.5166195892646,1.00538407628419
"647V",0.310240535007054,1.06416936723041,1.37396500738012,15.0320282363354,0.820314781580247
"EC-GI-10",0.503011859765089,0.307724595829741,0.571366286984232,0,0.307724595829741
"LN-18",0.327520355630522,0.973287121214187,1.29112615430582,11.7147116763899,0.791489003218562
"M14",0.457148088292664,0.188965997114147,2.68007072840157,25.409499266606,0.145005914400788
"KYSE-140",0.444138565464144,0.438114015245139,1.00049649986924,6.31525162639158,0.382803659625697
"COLO 829",0.260198047005363,58.1283422286745,0.354183695604304,39.0138706947074,0.805825756684149
"EPLC-272H",0.4565768533147,0.225498629931756,1.70435236727665,24.6486148528232,0.151382693075384
"G-361",0.234182744991181,3.05296650021521,1.38587029444706,45.8188449865446,0.509456244703205
"GDM-1",0.456819864544997,0.269289331652972,2.76100358459856,15.9355964944294,0.234343925946016
"JHH-1",0.354014146591001,1.00749793236411,0.808929935947097,0,1.00749793236411
"MM1.S",0.412004372789414,0.413851862395062,2.06170824637344,15.3889043216003,0.346224953200544
"MOLT-16",0.574451555720755,0.175402966026118,4,2.12757109308599,0.173506519308875
"NCI-H1693",0.248789928603108,24.4071850550069,0.459168680805198,39.5734087196971,0.803115383149292
"NCI-H1781",0.222602512727145,2.02280156964954,1.59351815221191,27.4427503781928,1.22750154717403
"NCI-H2141",0.22371304236782,1.4711697821202,2.56293127029386,44.7756013028941,0.609429985992098
"OE21",0.319850423607251,0.555500879892283,2.18401684252048,37.0198759909315,0.299580271458378
"Panc 08.13",0.196481051936495,NA,1.21574902663645,51.5791426046517,0.61994500396378
"UPCI-SCC-090",0.219292217740271,3.61307524620614,0.915147886059335,29.8130221568005,1.34108465234695
"SU.86.86",0.213549674218916,NA,0.960650277480056,51.8623492505856,0.481153786880899
"SU-DHL-10",0.462890048295422,0.359863797572311,4,4.50838217393914,0.351462102793752
"SUIT-2",0.33035280427048,0.697962258507378,1.51078354275645,44.4240741296407,0.163404159694401
"SUP-HD1",0.406711697057443,0.31408124125727,3.45281352879317,22.7474091596799,0.263456796067693
"NOS-1 [Human osteosarcoma]",0.387219840245908,0.969262700785941,0.522444061278077,17.4795600444185,0.425466375312671
"CFPAC-1",0.358219879224459,0.970787592384085,0.736644084978609,24.8022132142759,0.382930188229877
"A2058",0.383150357382189,0.678759746617824,1.61192564840227,3.45804189937042,0.649242073821051
"CAL-27",0.291263185325554,1.68637667740515,0.828125384464549,0,1.68637667740515
"COLO 205",0.310532195174943,0.747164783794159,2.32139904418447,26.5698269238437,0.539023532028117
"COR-L23",0.502354729522321,0.159127416785258,1.16423694471487,26.5474954269662,0.0830509850261957
"DAN-G",0.360891707613941,0.381103939052179,2.63019693833375,31.6891275571351,0.260122047149966
"EW-1",0.495252727276369,0.175262610777492,2.65644103795006,19.0118039975722,0.146377461471216
"GP5d",0.354886810943939,0.870142222918405,1.59654998766446,0.201422800356745,0.867945002202376
"NCI-H2722",0.214230043241734,NA,0.771790876214576,68.3561853285637,0.0747803159629112
"HCC15",0.342329459211576,0.912251656240141,1.43230960998083,4.80655581753902,0.850097341009037
"MFE-319",0.398698042574973,0.401631094788109,1.94521163318659,21.3315320187519,0.301746770810939
"NCI-H1876",0.453403792120293,0.299596227957519,4,12.5194655672376,0.278769517719629
"NCI-H661",0.318554580662362,1.63636857830036,0.658194734005011,19.2163334758925,0.78314032686581
"T-47D",0.215347934258684,101.517236022789,0.284871511073718,23.6609486401998,10.6994839557274
"U-87MG ATCC",0.16090301261792,5932987.19413179,0.203125,45.9374999999999,25.4829674797935
"MC/CAR",0.481867218668213,0.277220115741363,4,8.33817609743626,0.264860264945352
"23132/87",0.349403585522484,0.708807124001878,1.23452606507522,24.7604399124964,0.407418235528085
"ATN-1",0.689059656563613,0.0655680278904267,4,5.91206586351916,0.0635374173352342
"BB49-HNC",0.389675953302614,0.676593292521115,0.758754101436055,23.9211506828658,0.286924404300144
"SK-N-BE(2)-M17",0.319325021017561,0.891807537541245,4,11.044684282011,0.837857805125187
"BFTC-909",0.421239829797013,0.411651056382517,1.81543607230818,13.5066997628224,0.34609808676441
"BICR 10",0.426368807353366,0.266357280191641,3.04285908501526,23.0870848912607,0.217299050195208
"BV-173",0.502689920847988,0.294139412556056,1.91555350156422,2.16920046134117,0.287407072885174
"CAL-29",0.376090096547774,0.483175901892542,1.61930975006118,24.737607343679,0.31696063102764
"COLO 678.1",0.130646661038437,NA,4,79.7490751887514,0.116071051888561
"COR-L311",0.252117976479845,1.2750834780223,2.52824404776513,25.845183987836,0.956233656615841
"DG-75",0.396134490402941,0.486541520751655,2.38011684795392,13.1874083618396,0.42781044728061
"EW-13",0.0850807758412658,NA,1.23850594161793,72.3671465787187,1.26346012377846
"GCT",0.272313999634415,1.41574149279205,1.29487858713285,33.8734739106928,0.590835233691825
"Lu-135",0.212569802382088,1.85477038617958,2.14333189634364,41.1515452112106,0.826773785432761
"MOLP-8",0.304323571151564,0.744498240016346,2.25025648213846,30.1142252018518,0.494215301774939
"SF268",0.150302287373206,3.10306388321903,4,48.2282115214101,1.34632894783432
"SNU-61",0.239803991965918,27.3894760276813,0.587659302637478,44.8671255908358,0.56924671642689
"HC-1",0.502789313583724,0.24853296931464,1.68666521785347,8.77570211342445,0.221661490119913
"A-704",0.315946242707148,NA,1.41374018984659,52.9746767876409,0.0938139890461236
"ALL-PO",0.405951976790093,0.401467151315229,4,15.175126634511,0.366758258419421
"AM-38",0.144280975705967,8.78984824420282,0.737659330927656,0,8.78984824420282
"P32/ISH",0.493900326815962,0.271006241256182,4,6.33048612195889,0.261987988857115
"SUP-B15",0.317644120919893,1.03023509851823,2.39462281658371,5.58700937987114,0.980497595173806
"MHH-CALL-2",0.36319187907007,0.511956381710893,2.09316026007736,23.3548791074465,0.379000558909093
"ES-2",0.309503555315849,0.712057385018568,1.75537621760663,38.9832073307067,0.30080480898276
"NUGC-4",0.131890255217712,NA,1.5830182184901,66.4942012722305,0.664596227499937
"HCC1187",0.171715902704979,2.40216304086492,3.19015906111795,32.4142683614241,1.73120908593513
"NEC8",0.359900464625713,0.778765759591468,2.77126811325454,3.65925052151335,0.757698511856318
"CAL-78",0.22452763330624,3.56499070028336,0.7210508745064,0,3.56499070028336
"AN3-CA",0.232770096702209,1.80570780524535,1.82153759587188,19.5392202052188,1.37559191193919
"DU4475",0.4133516592231,0.483120471183332,3.18005523948758,7.29106152271803,0.459759033298895
"PaTu 8902",0.253405566630736,11.4607110588896,0.329955129834038,0,11.4607110588896
"HT-1080",0.318820073795667,1.71239439881967,0.590012455929454,2.79565248425932,1.55328855125974
"HCC1806",0.487051681811683,0.302985228278757,1.66101073875262,5.75136266780931,0.281495183026945
"HOP-62",0.228127917538277,1.71999122337032,1.83017624703512,36.5945639736329,0.837833886530555
"JIMT-1",0.374289656286603,0.680909286274074,1.06363517461564,15.2669842105552,0.483423973218678
"Rh1",0.604013327776532,0.127233802972961,4,4.97549287590718,0.123943069960535
"RC-K8",0.358955106014144,0.551172554468587,1.80195346532854,23.9824319844866,0.383570767511475
"SU-DHL-5",0.56244610956422,0.203188334491188,1.27478694691537,0,0.203188334491188
"A3/Kawakami",0.556210202292045,0.195766846759868,1.27191328365735,3.30409950424003,0.185521982677934
"A3/Kawakami.1",0.56307414986514,0.183991438948886,1.52697603872779,3.70729497437298,0.17493902377158
"CL-40",0.316746744684135,0.918369195401372,1.55171766217727,19.2777669752282,0.670973917257796
"COLO 792",0.226367818190555,17.8044052883719,0.33423645216411,0,17.8044052883719
"COLO 824",0.327878749931294,0.703194142136367,1.97662557198679,24.3418487914991,0.501752732262106
"HCC1143",0.268799283588194,2.36624931607873,1.08248563256993,42.8598440317819,0.391928965224339
"HCC1143.1",0.339296698420497,0.449305059447355,2.1040930577626,38.018775371223,0.227852991457249
"HCC1143.2",0.332915260815872,1.18018703258182,0.877888813539197,36.9446436004472,0.25565314648921
"HEC-1",0.239677384681648,2.14156100342074,1.18425447318727,30.1933980137586,0.979808605407979
"Hs 445",0.486029870159029,0.184853325163128,2.10582063193805,20.9530102401793,0.142829926375757
"HT-55",0.309289395726008,0.843363573969906,1.77701656051645,26.1222435868183,0.556401412569872
"HuP-T3",0.295889457817699,0.945676219555624,1.58411081587616,32.2035517882827,0.492642710444562
"JVM-2",0.55094096106094,0.112442857058148,4,17.1432772785557,0.101238437025174
"JVM-2.1",0.569415687924256,0.102268044696713,1.21559233133153,20.2997721628507,0.066626871426721
"JVM-2.2",0.549739128553484,0.12518409364233,4,15.0538256624443,0.114460742285825
"NCI-H2228",0.277184879259691,1.67450935460139,1.04718223966942,33.4509945037179,0.582539611184776
"SNU-5",0.321382372150379,0.954460068218763,1.47628023677983,14.3764213664315,0.758622484251798
"NUGC-3",0.285950873011518,0.777616858363333,2.16612026717945,43.4850353412829,0.303510937992862
"OACP4 C",0.421972766312598,0.453038359431261,1.13674824634229,13.8067442447909,0.3409380644856
"OCI-M1",0.46006268408742,0.312860504487018,4,9.68134378140285,0.296472729973518
"OCI-M1.1",0.477586283423756,0.298556142092778,4,7.06163465428689,0.287405374920685
"OCI-M1.2",0.470656931950567,0.306686862925203,2.52773064124442,8.67913752751201,0.284405683192525
"OV56",0.116082330876953,NA,2.53694964883794,50.2251189248938,2.01052063481107
"RS4;11",0.27085328516119,1.40082026516095,3.62185942448492,6.71652953246954,1.34612454409207
"SCC-3",0.331500791470394,1.04016853239578,1.42327185513505,0,1.04016853239578
"SK-ES-1",0.447745657856536,0.339186165477976,2.01796997112882,12.1947023750969,0.295304501974255
"SU-DHL-8",0.491521747695816,0.182097873904536,4,17.4590354922074,0.163557317620363
"TK [Human B-cell lymphoma]",0.403068807259382,0.338172341335392,4,20.9667530591463,0.295202128974912
"A3/Kawakami.2",0.572298039997275,0.182054803982148,0.875078787904956,0,0.182054803982148
"NCI-H747",0.253966738839365,6.47049778593889,1.01991272705473,47.3793551956132,0.359234036483778
"NB1",0.311184149428046,0.465400499857792,4,36.7831574797721,0.333707734916377
"HPAC",0.332901413507872,0.648812011801307,1.66676399640554,30.06557795067,0.373691363439211
"EW-16",0.290171635420648,2.12851436139534,0.743957838281982,29.0080979590193,0.662883749267582
"OSC-20",0.121599491356218,22.8439736196695,0.640803837801284,20.0685200524899,10.256946580713
"EGI-1",0.187016187370833,17.4392260106072,0.418387764597984,0,17.4392260106072
"SBC-5",0.364580556756082,0.74791540647292,1.67028527025565,5.79969704264142,0.694696684217229
"NCI-H2369",0.183858038829236,NA,0.624328482148917,71.0353512475557,0.0957336693432983
"H9",0.421541169493506,0.506205902559467,2.41815633148039,3.33757063177441,0.491948861227235
"OACM5.1 C",0.386156265349369,0.472633121813059,1.30054682027886,26.4784708454873,0.264669303992846
"U2OS.3",0.264125675533339,1.45363777982176,1.44815093705731,24.0425310153897,0.924390306123858
"A-375.2",0.419927104099293,0.59793956306621,0.778868944912512,0,0.59793956306621
"A-375.3",0.417969074668003,0.591841580713275,0.84783653789891,0.784308341707413,0.580907160052103
"HT-29.2",0.440266404116076,0.171726450841993,3.921091042128,29.0527005941956,0.137554802630483
"HT-29.3",0.463598940052787,0.208813961621748,2.82332368993347,21.2124508134601,0.171726162226522
"HT-29.4",0.495272106618574,0.157624603619925,1.64033718190671,24.963395504669,0.103393737505412
"A-549",0.277858638548475,1.81276524504797,0.889675749874627,0,1.81276524504797
"HCT 15.3",0.476842847025995,0.361856288097364,0.997018711910557,2.33638925328052,0.344898188338419
"HCT 15.4",0.392894815463968,0.560717821572993,1.90782423886985,9.21876098263049,0.503908185569204
"HCT 15.5",0.444165357446278,0.479066850407256,0.963480218191095,0,0.479066850407256
"A-375.4",0.381760040275274,0.647356570895133,1.22769255168617,10.4290005064829,0.535047574036936
"U2OS.4",0.35811606587547,0.797998716453615,0.953041299704256,20.1183795536549,0.464965458536129
"C32 [Human melanoma].3",0.283450026420041,11.0269253257211,0.504019992125536,40.6805667361169,0.393487999555475
"C32 [Human melanoma].4",0.230142520110786,9.20712850344541,0.758826071126611,43.0402965473008,0.684803792862153
"C32 [Human melanoma].5",0.230805374470867,12.7846429121479,0.513437534881515,33.7111952551197,1.43887310906662
"PC-14.3",0.432369585898259,0.244663350392743,2.60402986964693,24.853996529478,0.187905070895581
"PC-14.4",0.435058596296457,0.341304766206474,1.244956139374,21.0589003617059,0.219992940858471
"PC-14.5",0.449323484841256,0.255668454890791,1.74198428797863,22.5609445441119,0.181166188862322
"A-549.1",0.208907156398611,3.30569123112079,0.977957401537476,18.2718825175877,2.0762730673917
"A-549.2",0.238984125145272,2.6603130638397,0.910695569287571,21.5482381684165,1.43238715231807
"MHH-ES-1.3",0.305027756208701,1.16243310978371,1.09950810965255,27.0261202378217,0.573057492090468
"MHH-ES-1.4",0.276833729847405,1.0826130687966,1.71687874688892,33.162410000196,0.574319864116251
"MHH-ES-1.5",0.277025088888406,1.22852617621403,1.44971286587568,31.3981017202713,0.621125046336525
"SNU-C2B.3",0.306101820507213,0.995593104920342,1.33358814427996,27.6651289734963,0.544054138289381
"SNU-C2B.4",0.319657685010145,1.2388770158968,0.873008556223177,27.3215818526764,0.500869725092548
"SNU-C2B.5",0.289729217196608,1.37017863434003,1.0940437068283,22.3622623846806,0.796969159137247
"SW620.3",0.284655495365205,1.43081157456085,1.19164356087583,11.5925505406786,1.14670287063831
"SW620.4",0.327070153087031,1.563921725506,0.591490255649389,0,1.563921725506
"SW620.5",0.28274788179066,1.47515414474725,1.13027658978021,13.8823494003174,1.10628631369048
"HT-144",0.258138091172875,NA,1.55611913903345,52.8056204067055,0.227956651491273
"HuH-1",0.265769985515715,0.635686057983869,4,44.4877121281725,0.366296828034755
"LB771-HNC",0.353186040251954,1.22286693844209,0.799133709659957,40.7386516176138,0.148257673320978
"LCLC-97TM1",0.332405505645547,0.579834799526778,3.2013821455347,25.0985262733067,0.466377214097243
"NCI-H196",0.195555912339224,86.726938422206,0.267018358509061,0,86.726938422206
"NCI-H1963",0.361637685971041,0.635677660168956,2.06180209090333,14.5615448132609,0.537935099371497
"NH-12",0.307926150364277,0.594274931670695,4,30.438784792953,0.469995681475379
"OAW42",0.245395463553035,NA,0.596470568945176,50.4431042282413,0.330218036092956
"PFSK-1",0.450393379505365,0.488180143001898,0.622597406598214,0,0.488180143001898
"RERF-GC-1B",0.340877720527033,0.605205866563381,2.41672510324535,23.0875140367757,0.468369684708375
"TE-6",0.303447252611196,1.76249814006869,0.70551676208649,17.9778362754431,0.937204185741055
"A-253",0.0608277091970085,12.3854033875183,1.33408551540895,0,12.3854033875183
"DMS 273",0.290395457637878,1.18296315607505,1.98914032845133,11.888554245033,1.03202935908754
"SK-MES-1",0.220679097078779,NA,2.56601783603205,61.9517779529603,0.181988588990246
"TOV-21G",0.411583695001581,0.544028775736167,0.733144561673599,34.358890127833,0.111484391562457
"MS751",0.279215465571358,1.41388833000227,1.84961936244253,4.57609948753402,1.34238696602269
"DK-MG",0.20196831333001,NA,1.23214045876276,77.1324143887993,0.0154120192719479
"CHSA8926",0.166972707229799,NA,4,77.0055149512804,0.0663258336349894
"HCC2157",0.35734767922208,0.79329188396625,1.12114238251497,12.4250908386157,0.614847284072398
"KY821",0.561625894966065,0.20139572372984,1.0309361665974,0,0.20139572372984
"NCI-H1092",0.197308994058545,NA,2.90070460719944,53.8022324983237,0.523402503184946
"NCI-H1793",0.20619226006225,NA,1.32369127094501,59.2960312111638,0.302000411427774
"PC-3",0.186789879876313,8.99391919380813,0.540362420838201,0,8.99391919380813
"NCI-H1915",0.319439896025294,1.36854079936782,0.826651726120629,31.5706712446863,0.409167291382222
"NCI-H650",0.311663441395431,NA,0.364387467276504,51.7601463975939,0.0493700364015814
"Rh41",0.497869158960846,0.321580391557208,0.825845096446663,0,0.321580391557208
"KU-19-19",0.390094112709072,0.404255798027985,1.84107953604745,24.68299207397,0.279332391159874
"CAS-1",0.206303187014375,NA,2.39062597063056,54.7508603083683,0.428940715954534
"HPAC.1",0.305941507849392,0.774124818797178,1.67523687951086,41.052269314453,0.277172686652508
"CL-11",0.251997387830298,1.06992603862514,2.39333140118688,42.0915557590296,0.495135881827365
"HCC1954.1",0.216859996390471,1.44041601830412,4,31.4749272525774,1.12379066907246
"HCC1937",0.238208891652317,62.8142540848084,0.229976169916961,0,62.8142540848084
"PA-1",0.258787378140752,1.13370525147848,2.15144974301422,33.9739214296265,0.668068814956506
"EFM-192A",0.16900872185578,NA,0.590232360554424,64.4956286295252,0.392313423808674
"MOLT-13",0.438896636680388,0.389538756952481,4,7.79168520592843,0.37338569566873
"MHH-ES-1.6",0.246062069003986,1.88416252646113,1.26414468355305,29.7277607676519,0.922514625392783
"U2OS.5",0.310691737645229,1.42345864970661,0.833589209154867,0,1.42345864970661
"HT-29.5",0.366901370627123,0.476315670471858,1.64638658391021,29.0452335171606,0.280860824725855
"A-375.5",0.275726587327873,1.64188533015108,1.08153657301899,7.11618444239611,1.42460005405309
"PC-14.6",0.433636212342987,0.302000334800542,1.80749487811343,21.2895031001321,0.222184025378683
"KYSE-150",0.271349316236556,1.58261192721209,1.13953216468586,27.4840168143798,0.785815572758828
"SiMa",0.44859448978129,0.327142349688742,2.29961643192226,12.6308866503454,0.288234659174118
"SW626",0.206432621208216,NA,4,57.568842471973,0.347196842487573
"KMOE-2",0.43290494929333,0.310718505582719,2.11031805791553,19.1993429241678,0.24697998443019
"NCI-H2591",0.173566022320588,457.932235455965,0.223190159332401,0,457.932235455965
"HCC1937.1",0.250414389294964,5.98996223392903,0.802199269053415,43.116413611275,0.505744492968041
"KLE",0.262558604279576,2.23594889616559,1.0869745692668,40.5481779218718,0.482941820624037
"KYSE-410",0.23221228516085,1.60054071202012,1.93372780334265,40.7104657782831,0.670274636424647
"LNCaP clone FGC",0.322825202336356,0.519419948978365,2.31674769108263,36.9831245294713,0.290563562582516
"NB(TU)1",0.404063835989564,0.463806135289224,1.34809991765408,17.961923748975,0.333385602446473
"NCI-H209",0.497691165929921,0.23916932128792,1.48889704575559,12.1934906597042,0.198228596052775
"NCI-H720",0.311596213201271,0.45223505163415,4,37.4739558359965,0.31994490897479
"NB1.1",0.247714652082008,NA,3.85796048942493,52.1760221795711,0.279385170429738
"Lu-99A",0.274546870861348,1.10242298221555,1.67744907625279,37.6043356856592,0.480025328845035
"MOLM-13",0.588277162385701,0.148159267478306,3.66295721249879,4.05576927344007,0.144776789753344
"Lu-99A.1",0.245517924845064,2.88432423615678,0.86411455950629,29.4756638369495,1.02927860815122
"Lu-99A.2",0.249764943411687,2.05634905347862,1.10976393315638,30.4452767763563,0.882480036618333
"NCI-H2347",0.133897421959498,NA,4,75.0849977435417,0.24427112217746
"NCI-H1341",0.362914990067796,0.663325607967943,1.35069809437542,17.6256249563612,0.480806612788899
"NCI-H1573",0.198519682232358,NA,0.792347403731551,57.9573667196849,0.393699452650864
"NCI-H1688",0.137585798425517,NA,4,57.4357393633587,1.07240959266691
"A-498",0.210152461688427,8.17958999162148,0.94932544512039,44.6106649748194,0.782808418597278
"MFM-223",0.321278412684184,0.52284845598669,2.93326707027153,33.2274191099724,0.360292393942349
"AU565.1",0.136661180140462,5.02919253611426,1.31052752299688,0,5.02919253611426
"CAL-51.1",0.255955114732558,1.49344105784521,2.1110502982845,14.0233537555957,1.27783063679073
"HCC1806.1",0.313853797958769,0.924848255067045,3.48743600234704,11.3794902317087,0.85883871032809
"MDA-MB-361",0.1273062980622,3.54284641586378,4,31.4008029638493,2.76683571865376
"BT-474.1",0.157076920233638,12.3698075531553,0.567071181583099,0,12.3698075531553
"CAL-85-1",0.159434151056299,3.35323255425987,2.01261886757287,33.6119427768336,1.92646491677953
"Evsa-T.1",0.222046802166585,2.26406626637109,1.61536582587997,0,2.26406626637109
"MDA-MB-436",0.189423317502169,7.31763356514418,0.584967721501312,0,7.31763356514418
"MDA-MB-361.1",0.327690453731791,0.434737034832154,4,33.7521906680018,0.328233452830533
"LS411N",NA,NA,NA,NA,NA
"HL-60",0.299922053315882,1.14137541808951,2.32357962282908,7.71455080761812,1.06195609062484
"PF-382",0.514770390628383,0.193683750752874,2.45758868138887,12.4222245814124,0.172433395926438
"SNU-407",0.287856663954517,1.74722274316462,0.818449094974448,9.35120274276364,1.35668532262591
"NCI-H1417",0.52331876445024,0.1907787457158,1.80729650522401,12.0089152456672,0.163880114736361
"NCI-H1417.1",0.488091939916687,0.223443592504446,2.56568440094549,14.2541373389772,0.196048129395518
"NCI-H1417.2",0.510081779590264,0.208725042562416,1.87685516169547,12.309560199093,0.179547172167061
"P12-Ichikawa",0.479336074995297,0.3431861305257,2.10374934319069,2.53023472397918,0.334818450643203
"P12-Ichikawa.1",0.509665921141838,0.292584651237629,1.44636795599965,0.468803736962768,0.290685216976933
"P12-Ichikawa.2",0.499983870011238,0.310178764474604,1.53461334199462,0.893143224897946,0.306556965756325
"SiHa",0.188049560010146,31.356494499108,0.350280755485272,0,31.356494499108
"OVTOKO",0.240181046069097,4.96601174395527,0.765118112460424,37.6863050192816,0.795424621135683
"FaDu",0.271444713414089,1.81771054277862,0.964136018519386,23.2100503176192,0.951581561232848
"5637",0.414006257194554,0.513014389880887,1.46549163846007,7.17860090489777,0.461530224495847
"Detroit 562",0.347143817425416,0.915097880229819,1.00022337692358,11.0817174272955,0.712320615593654
"NCI-H2052",0.195874479914144,3.65311517822815,1.91584183490603,47.5171873638435,0.762094849358927
"Rh30",0.484604234886887,0.352753694179902,1.26870195862025,0,0.352753694179902
"T-47D.1",0.184460500611201,67.2177858074214,0.297616154103332,0,67.2177858074214
"KYSE-180.1",0.399282504238728,0.426276072152567,2.10775840629213,18.1437250217409,0.344197659813709
"HCC827.1",0.223713978500098,1.61516500445014,2.1939438952928,34.5566631456764,0.945484677977227
"A-375.6",0.394831934863918,0.642567941474006,1.3136458165633,2.71380403046967,0.615842874842929
"A-375.7",0.347800543349016,0.887847959758764,1.42862933144705,3.66101514029855,0.841827474890838
"A-375.8",0.34528530329164,0.888233939276203,1.70712203186806,3.53955367340541,0.850841719973009
"A-549.3",0.18613239460717,1.84775259705768,4,35.8595471762824,1.34746393345151
"A-549.4",0.159305216770233,2.84262664049744,4,21.234620160399,2.47568194298187
"C32 [Human melanoma].6",0.232879294407974,6.18897063438063,0.664799107494412,33.8000110676068,1.1359861056611
"C32 [Human melanoma].7",0.218481830489263,6.86761151895368,0.693572457445362,33.939053572682,1.33569237433377
"C32 [Human melanoma].8",0.147929268824843,NA,4,60.5075536138213,0.752247673347202
"HT-29.6",0.372174293587827,0.336225108418142,4,28.7110285200141,0.271597839718041
"HT-29.7",0.369703810685465,0.251447297440294,3.46634167600922,37.43414552093,0.168817658688086
"HT-29.8",0.430294870500153,0.341064253435701,1.49404202134033,20.0766992484226,0.241881756844985
"MHH-ES-1.7",0.304282526430851,0.928535755120969,1.84640117713496,21.9828423279269,0.678520288271587
"MHH-ES-1.8",0.302554517386006,0.971476694973389,1.56016403572965,24.7263730419047,0.627357218431703
"MHH-ES-1.9",0.283645773165923,0.955941956677706,2.4929294087261,25.739173500392,0.715236141067865
"SNU-C2B.6",0.273031350036175,1.05884926947495,1.8525060786777,34.5747366787974,0.561220253967838
"SNU-C2B.7",0.300085349773281,0.886549354907589,1.55825237295734,39.7765316855641,0.320112284709917
"SNU-C2B.8",0.345807339175823,0.771997264536589,1.07493797240961,36.1381638316183,0.234049377172256
"SW620.6",0.32466861545056,1.16436258536578,0.952379375953763,5.77534754690217,1.02356940137734
"SW620.7",0.270764877248459,1.51625456951755,1.30388266971082,15.4969085040136,1.14079829075248
"SW620.8",0.267971069991324,1.37109960700366,1.60574574157426,20.7171159071816,0.982575769312425
"PC-14.7",0.412385691800442,0.364190282705104,1.93524682972771,20.5734566266747,0.276924402544532
"PC-14.8",0.377233714141041,0.456426075256986,1.93971566806157,23.8275722796778,0.326918049376126
"PC-14.9",0.388770793897941,0.360406262665496,2.95654369800339,24.3259963080448,0.287661618199858
"HCT 15.6",0.37499544190947,0.81758833188273,0.914367553179685,0,0.81758833188273
"HCT 15.7",0.388540215633937,0.764051348234464,0.7997991056124,0,0.764051348234464
"HCT 15.8",0.375087142166353,0.851191593479175,0.801840205804945,0,0.851191593479175
"U2OS.6",0.255068365305768,1.55493918281702,1.64644707513384,18.1673120263576,1.18198091582145
"U2OS.7",0.316635528702441,1.71351575522099,0.59905746219193,0,1.71351575522099
"U2OS.8",0.262563648459582,2.14225962196279,0.845530733094565,3.15346987313539,1.98340215466166
"HCC1428",0.154385304120765,NA,0.510413359742447,72.3578367909888,0.178235576785885
"HCC1500",0.119061036475164,NA,4,84.4507637632081,0.0504541754331718
"KYSE-520",0.218697676644669,4.41581577278807,0.732724204178529,21.0657083871214,2.09314868174498
"KYSE-520.1",0.225706389829212,NA,4,51.1421670047835,0.411347745563312
"KYSE-520.2",0.237980123448937,1.23194285787328,4,49.5217811854805,0.385260716184272
"MeWo",0.104276889941058,NA,4,74.1368521066381,0.617351288924035
"NCI-H1838",0.146982694073344,NA,1.92332780662467,69.8771654657216,0.343853287258462
"NCI-H446",0.386001763464572,0.566803573592151,2.92724454346222,9.3460474310154,0.528119616643498
"NCI-H446.1",0.439426350266566,0.347630749286274,3.20362459419934,11.8626986327392,0.319450451608319
"NCI-H596",0.218522669660757,4.2937341560825,0.910953447089447,35.9153077725738,1.06863090545955
"NCI-H2122",0.403942693253144,0.540856497731201,3.84873549481828,5.30101166881053,0.52533427806383
"BT-20",0.243403179048004,1.30031250447931,2.14441411368493,42.3554736130295,0.541628735264336
"HCC1419",0.0344278144375686,NA,4,79.0384670947118,3.22460627691404
"CAL-120.1",0.217787171228774,4.20912562675254,0.713467748289934,13.282400829973,2.73050287750866
"JIMT-1.1",0.230980231547797,2.59798535063221,1.02528087242017,25.2968346961724,1.30608023218532
"MDA-MB-175-VII",0.148392211606653,6.28257845046408,1.76670094457556,45.9082375819465,1.52346719459089
"HDQ-P1.1",0.188256653801586,3.18681937509989,1.35343505339759,27.3841979920008,1.77327898940463
"MDA-MB-157",0.120612155106266,4.15145722356377,4,12.7503409109175,3.85690233596498
"HCC1419.1",0.111087910644802,20.6738352986956,0.62718332428994,0,20.6738352986956
"MFM-223.1",0.20014670051732,1.44100626494966,4,46.0271736656194,0.765064874407722
"HCC1187.1",0.11948156789997,102.779030363946,0.38120552122001,0,102.779030363946
"HCC2157.1",0.143071207007132,4.10118806471538,1.78004329424284,14.3812084492737,3.38972170170903
"T-47D.2",0.0843162924917313,6.63273870191658,2.05651088590462,0,6.63273870191658
"EB3 [Human Burkitt lymphoma]",0.373863871826028,0.460948926180789,2.66786638508438,21.4357101489945,0.373692038769168
"JHU-022",0.19599328375095,NA,1.83750354117505,50.6195478993205,0.646850385694898
"IGR-37",0.304236704819484,0.968378325999017,1.97256438362206,18.0888750983753,0.77121387165051
"IGR-37.1",0.273539737796444,0.91736700989035,4,26.7860763461257,0.757247337397075
"HD-MY-Z",0.190622883679962,NA,2.68045084084118,58.4994453565039,0.418940469732859
"HD-MY-Z.1",0.184189873896004,NA,0.882162001744325,59.3216110695831,0.452973311937994
"H4",0.447615109278288,0.2652585007259,2.5760213132265,18.9445111060104,0.220484564743564
"H4.1",0.430225202574391,0.392171646574275,1.622154761534,13.3845486391741,0.323642206753173
"Calu-3",0.156011653879011,NA,0.44790135060683,52.8935029238205,2.02633800204062
"Calu-3.1",0.103174291002821,NA,2.82017591791312,62.7772442267176,1.47645013804829
"Becker",0.195520069673615,5.0687197941833,0.701093085311437,0,5.0687197941833
"Becker.1",0.19145853164159,4.37721850641667,0.975818671711895,27.3355414812674,1.94562151606836
"DU145",0.167658341944422,6.64542461137451,0.834580696405858,20.9900804234281,3.46129480015596
"DU145.1",0.10061448140657,11.3162065784276,0.92483248355615,2.10561566038253,10.8018157585048
"NCI-H2595",0.0847102862221029,45.3121315066717,0.581165502498432,0,45.3121315066717
"NCI-H2595.1",0.0115890490720964,12.7585534933931,4,0,12.7585534933931
"CaR-1",0.240516839649089,1.84164597488352,1.39642403692522,29.8953872875223,0.95908678795052
"DOK",0.358006304177183,0.335120513913336,2.5114869094913,37.2173712979268,0.194690510965
"DOK.1",0.363493206146647,0.332370676465172,3.31253503635055,32.5371344016531,0.241938967148829
"CW-2",0.182802408463064,4.25438801621123,1.06752377649276,26.2117823311733,2.12145993424313
"CW-2.1",0.217534366288384,2.53399347830511,1.23420134695353,24.8415923663382,1.45251752938366
"22Rv1",0.0257171090054656,9.91417043670285,4,0,9.91417043670285
"22Rv1.1",0.117640371767425,NA,4,62.2880529053759,1.15946403114986
"CAL-39",0.454300981020255,0.464097547480285,0.678606299311529,0,0.464097547480285
"CAL-39.1",0.357902718681498,0.76486403539243,1.36095267930452,10.226202262335,0.646497795344482
"K5",0.216429508225638,4.27041976216028,0.834114830047397,29.4452787356183,1.47107399081731
"K5.1",0.159259401204496,7.98312361963462,0.807787534566939,22.2510125470617,3.85124296774138
"COLO 679",0.166932452980656,NA,4,73.8882135706922,0.12084910768119
"COLO 679.1",0.148395138190682,NA,3.19063955787522,65.7600626470252,0.501089038274711
"769-P",0.434896304466595,0.258402155964067,2.79083199136397,22.3357037963249,0.209021445589239
"769-P.1",0.432679134415079,0.312857578129172,1.78860092921618,20.4646496900381,0.233088957252375
"GI-1",0.412791067892614,0.523583189377333,1.46717262897243,6.53117020528758,0.475938524096492
"DOV13",0.386392141198718,0.387028426692104,4,21.2823361235214,0.336928416162401
"DOV13.1",0.337076563956615,0.624179384339995,1.98878194016831,25.8768904580624,0.432661571579126
"DB",0.463530033986148,0.344233269101537,1.55314463150864,8.03991197977912,0.307492006379838
"HCC1937.2",0.210324259683636,10.6139422457447,0.457956492080994,8.92921239854598,6.90741243891157
"A-375.9",0.222663073846996,2.17735125134054,1.65698198322622,7.38624811347336,1.97711945284021
"A-375.10",0.253636729643454,1.71491254344954,1.50687187632667,10.1021564440665,1.4763622392777
"A-375.11",0.274545912224795,2.30303856297334,0.677357390906512,0,2.30303856297334
"A-375.12",0.262602847969938,2.5730800632317,0.68208167295534,0,2.5730800632317
"A-375.13",0.255200392652863,1.73070642377882,1.35974549445027,12.3524566235605,1.40473265826241
"A-549.5",0.22265917133148,3.93656959779103,0.675979009614309,0,3.93656959779103
"A-549.6",0.180913650783611,2.22166801555792,2.90736588156828,34.5995905203555,1.48172677794196
"A-549.7",0.235220621109422,3.00968539664148,0.763348315706469,0,3.00968539664148
"A-549.8",0.221562001597931,2.75600312135239,1.04490654329243,20.2784223608405,1.67528961404954
"A-549.9",0.221508671819155,4.04682363663042,0.66829629263466,0,4.04682363663042
"A-549.10",0.272881776161566,2.86126373290713,0.56838587996739,0,2.86126373290713
"C32 [Human melanoma].9",0.219634318759344,11.4363975288712,0.562255134765029,33.5560546161793,1.582386933321
"C32 [Human melanoma].10",0.225745370784641,8.0271301535421,0.836258248291153,43.5995858931864,0.687057429497508
"C32 [Human melanoma].11",0.18208883182809,NA,1.67554930227007,50.794118459427,0.782250197392954
"C32 [Human melanoma].12",0.15214314281965,NA,4,51.7937607192138,1.13048156582748
"C32 [Human melanoma].13",0.188015022037004,NA,4,61.3224717061536,0.348163885742972
"HCT 15.9",0.358899612682471,0.784641254873979,1.27759640563464,8.74856537719546,0.674978302441153
"HCT 15.10",0.368806038542127,0.842250141129612,0.925327624629222,2.12708586423777,0.803595243606252
"HCT 15.11",0.369483330272206,0.734902637540065,1.35804811148054,6.45387680079793,0.663794499235427
"HCT 15.12",0.377623350639574,0.635212690376411,1.29992060280635,13.0626693835807,0.503217437045262
"HCT 15.13",0.327396537284913,1.21640028729919,0.866113865999442,0,1.21640028729919
"HCT 15.14",0.33789935966573,0.877799647765705,1.29784586697468,13.2769964149475,0.692026754859243
"HT-29.9",0.491231306597601,0.193447867138421,2.34028704877368,17.9337856750105,0.160003184020916
"HT-29.10",0.492654833137959,0.163587921477333,3.44167496930282,20.1785820167191,0.140779138354484
"HT-29.11",0.479136055244274,0.188412559003492,2.49536977513483,21.0080275377012,0.151445814871415
"HT-29.12",0.418400754444619,0.363713448347373,1.18351527299624,26.6370914050225,0.191229373494294
"HT-29.13",0.390898455093138,0.455759237144599,1.27643957168868,26.5493412466076,0.251844371338289
"HT-29.14",0.357458320244798,0.333931668745549,3.84589609193822,32.8680905713125,0.252759100474646
"MHH-ES-1.10",0.289952333891771,1.22094937742489,1.26007202754654,26.3396644650088,0.674242748480958
"MHH-ES-1.11",0.254112399758508,1.41062962030834,1.66207254703341,31.9778663557432,0.763448511719672
"MHH-ES-1.12",0.180335178063162,1.95299935142249,3.57236277281424,43.5464711057706,1.1010292016471
"MHH-ES-1.13",0.232525036028177,2.6337112946892,1.0257393472635,27.9909979070992,1.18342587459959
"MHH-ES-1.14",0.225902747498198,1.27219562327562,3.17925667371556,37.5960319650702,0.820595406403964
"MHH-ES-1.15",0.20878026453571,2.25650309445331,1.77953748654781,40.1655537667502,0.90485700517884
"PC-14.10",0.434694024836736,0.363948856999098,1.46095969625293,16.0561123043363,0.279193172172891
"PC-14.11",0.446153228667397,0.262458295534172,1.93885426885204,21.5972009525171,0.196057284806539
"PC-14.12",0.467938497497552,0.213621682281588,2.57067738027577,20.1173784535434,0.174857114029989
"PC-14.13",0.410640334500103,0.425038314880279,1.375749947703,19.1499280745633,0.299221005420536
"PC-14.14",0.422443747716072,0.385514841551005,1.46818085688823,17.9986778305171,0.284472046739454
"PC-14.15",0.412170819925915,0.39653630253474,1.97208734613,17.3157819153002,0.31963944878962
"SNU-C2B.9",0.257365206413002,1.23987935631314,1.8758479262135,41.9368255874028,0.468730307462745
"SNU-C2B.10",0.276492411485113,1.78281907844355,0.959466478277059,28.6968911797016,0.732701377954114
"SNU-C2B.11",0.231386421796294,2.45865498797983,1.67149136302995,46.4132083893259,0.508301041431827
"SNU-C2B.12",0.255588838652353,3.99732828941751,0.518170212072299,0,3.99732828941751
"SNU-C2B.13",0.289816205050215,2.54023510143172,0.540025894684108,0,2.54023510143172
"SNU-C2B.14",0.305022568718777,2.54256677052916,0.568677975381015,25.1586247889608,0.743123113008214
"SW620.9",0.179262095844506,2.61047483881331,2.20071639753311,37.9886437889007,1.365449756431
"SW620.10",0.235768498747607,1.80051886475825,1.55555252326112,27.7980739337634,1.06841279204207
"SW620.11",0.239881465785405,2.36655146606493,0.984044714809682,8.15858291382122,1.97468561110115
"SW620.12",0.201342220915648,4.40424270756368,0.742221727833852,0,4.40424270756368
"SW620.13",0.189427310523687,4.18236974000639,1.04021164351939,28.2667176249061,1.87743813573805
"SW620.14",0.201045444202243,2.99905381594681,1.2803796471517,30.1386566155562,1.45823010504147
"U2OS.9",0.233487721650097,1.93540991591091,1.4419433300674,27.0276288089525,1.12857551068474
"U2OS.10",0.259923799303768,1.82828786849807,1.09820396238841,15.8283435901094,1.29277359018099
"U2OS.11",0.271751124313701,1.60225415414137,1.15394102385685,14.6409515077187,1.186684539129
"U2OS.12",0.255583968205694,2.57239058203284,0.75430738837615,9.42702191822388,1.95007021374655
"U2OS.13",0.268428690432876,1.90390732972762,0.927541686470163,8.78089958574341,1.54604589503478
"U2OS.14",0.240163768627512,2.02321549777123,1.23318288664229,24.1184161426835,1.18614795547373
"MFM-223.2",0.239591283714632,1.29705460627056,3.09853323697002,28.5317589606424,0.98732268282001
"MFM-223.3",0.219753835673994,1.52356958243766,3.57478794287906,28.1901126574824,1.20800424284499
"MFM-223.4",0.216120172757768,1.84411715397435,2.01094155412406,34.185575444159,1.04037576775223
"MFM-223.5",0.2004461872764,2.06296008383567,2.37779450767745,28.6549829505101,1.44218759594852
"MFM-223.6",0.222568481010754,1.41282121397181,4,29.4639694674636,1.13102923718365
"MFM-223.7",0.228337855187868,1.36133535757568,4,28.4635704104259,1.10284898995388
"A-375.14",0.294939588551154,1.5910036311209,0.863206440314891,1.54025930161865,1.53436540188007
"NY",0.340568494254114,1.10770061382973,0.83868235603239,0,1.10770061382973
"BICR 78",0.205824595551493,4.29142918584942,0.938391556706401,32.2658266522214,1.42196365571905
"ES7",0.257725703376904,1.9487523485831,1.0682066952339,1.195732085594,1.90509075987222
"ES7.1",0.244847141990217,1.73275245836853,1.62401408567919,16.094773540727,1.36413090610623
"HLE",0.298978529474124,1.15132281145656,1.66179943405326,11.3029351127036,0.986793647347171
"HLE.1",0.253323108041512,1.71574178965796,1.41860875958799,13.9019255799334,1.36369173287614
"Kelly",0.616187575011172,0.125698124951146,2.19690171230083,3.41989527354636,0.121709062859959
"Kelly.1",0.562169702193428,0.190199243407882,2.65422510022236,2.46486217854203,0.186610885887255
"KINGS-1",0.168679244367502,NA,1.63548651751318,64.3203033924075,0.382310336082793
"KINGS-1.1",0.124416638485497,NA,1.98953708950639,65.1332794042777,0.85343557929406
"KP-3",0.212538994883052,NA,0.558273131648257,54.0439390847374,0.447890318425305
"KP-3.1",0.13480071582785,NA,0.70576603848249,71.9047040829733,0.37354676684083
"MKN1",0.390408742799804,0.587365840721235,1.02788523482729,17.1803644552339,0.389971216426474
"MKN1.1",0.384367938145814,0.751639539122955,0.748091050992403,14.1849945424995,0.481182647123854
"SJNB-13",0.446917184166913,0.305772324317298,4,13.4254846171897,0.282781060295317
"SJNB-13.1",0.24229396395025,1.68752623757826,3.96151710932579,8.31917935991928,1.61175921209045
"SJNB-7",0.339949179064427,0.935387300105101,1.19538694990204,7.88135097006351,0.810349293792775
"SJNB-7.1",0.174561587092056,2.72703076834333,4,11.875,2.54829674797935
"NCI-H1993",0.330594807377352,0.934888450691458,1.08559397001019,22.4956910479272,0.539083875480137
"NCI-H1993.1",0.231752167159917,1.57600085882484,2.21923787278374,27.7731957376355,1.09370838666233
"NY.1",0.387286772598801,0.819272213555999,0.682984584435197,0,0.819272213555999
"BxPC-3",0.318455531138295,1.36942170514331,0.775397270694765,13.7423785289305,0.904770137906887
"BxPC-3.1",0.286525047955375,1.84497324437147,0.808260598671179,21.3229061499637,0.927429455106928
"CPC-N",0.44099444988866,0.395848168481494,2.41452846146051,7.64166281559363,0.369569627367628
"CPC-N.1",0.423874918039293,0.481960951963893,1.74290614748054,5.64832588135842,0.449927158835135
"GaMG",0.275797786071263,1.46921005261118,1.27561866903253,15.0955513004139,1.10846081990499
"GaMG.1",0.290141100543614,1.27021133350311,1.39376435888411,13.51743327478,1.01312682794374
"L-540",0.434092192328961,0.192478097786403,4,27.810031737427,0.157100651899495
"L-540.1",0.46202027100254,0.199657244429237,4,21.2421272925723,0.173872845295454
"LCLC-103H",0.246853897223174,1.89479987146552,1.27599129029118,14.5693242733501,1.446533707072
"LCLC-103H.1",0.254490141974573,2.2117880627798,0.937675867488855,22.5523028531404,1.16672164366084
"Loucy",0.600194492484726,0.149319891852371,1.11587734331275,0.964295026376563,0.146736567647014
"Loucy.1",0.501451561441706,0.29237428362348,4,2.26451320677269,0.289006099421011
"MOLT-4",0.503139124476557,0.26804591030768,2.96732182901263,4.88595789966515,0.258916162592213
"MOLT-4.1",0.327348857243482,1.10827843556154,1.15856387378243,0,1.10827843556154
"Mo",0.14532487362945,NA,4,56.5873482801294,0.990444119171668
"Mo.1",0.10595990393716,6.71521970429036,2.06705918846372,40.0936499118866,3.0685717175122
"NALM-6",0.450052833343405,0.408753085721513,2.83201410829617,3.55877493815583,0.398233913362241
"NALM-6.1",0.453986291216861,0.416435406935992,2.96603907874693,1.71079122003205,0.411575930667806
"Namalwa",0.536379273892511,0.218484405211968,1.92520296681008,4.22354808951971,0.208694958417263
"Namalwa.1",0.472351018326124,0.331412730486998,4,4.96605936263307,0.322858090255716
"NOMO-1",0.521099636117784,0.215758057466506,2.99370645672725,7.47774213109118,0.204393223822751
"NOMO-1.1",0.492489637248469,0.282411860050665,4,5.38851509638075,0.27447456148192
"OPM-2",0.391506074996093,0.542818737608827,2.89698500840149,9.4292753685605,0.505041028111315
"OPM-2.1",0.322602384522508,0.831972859927426,4,13.0253285456069,0.771512095351652
"OVCAR-5",0.197200856228906,4.76803776421117,0.803733404986045,18.3363733063921,2.70072295464367
"A4/Fukuda",0.622295499808193,0.0837742051563765,2.82478341815511,11.8644688654007,0.0761140047026681
"A4/Fukuda.1",0.574445831891929,0.142544425628028,2.20983508870134,8.41987787683899,0.131132493588171
"ACHN",0.617428035132232,0.0746226881436483,2.48029331384429,15.4276421526106,0.0643080324588756
"ACHN.1",0.534075965877857,0.119403352800909,2.72133605374565,20.0791194562598,0.0988719462425823
"BE-13",0.580021370713999,0.136918407498962,3.45003556302321,7.67072626274833,0.130465917720558
"BE-13.1",0.544906616319332,0.205666943659199,2.87440692741826,3.77145256868037,0.200131374413494
"BT-483",0.103198480348748,NA,0,79.3603039302505,0.0370229081833169
"BT-483.1",0.100315850938459,NA,0.886222433952517,86.4038697718669,0.0481015085807296
"CAL-62",0.451787906576736,0.363177102077387,1.28310311554575,11.074897946555,0.298793123248899
"CAL-62.1",0.333355193373101,0.789764390710534,1.83225189430585,16.6676347987968,0.632971557202788
"CAL-85-1.1",0.28776721160198,0.602935599980297,4,36.6841092589559,0.433132709260873
"CAL-85-1.2",0.305391928122539,1.13516374327143,1.12567923949238,27.480493302775,0.558886097436796
"CHL-1",0.336774678965665,0.685351975181041,2.23024119327549,20.1095373812549,0.544162206579299
"CHL-1.1",0.266790199706262,1.14846280274876,2.1882476272036,26.7616716957278,0.809184785120968
"COLO 668",0.26723485038672,1.71588496896521,1.09716297464331,29.0935036191141,0.775060286818233
"COLO 668.1",0.171035526376856,2.43659364345127,4,48.5425341837824,1.00679302978156
"D-263MG",0.184271087916469,3.29841335317287,1.42213394871939,31.3206253441184,1.65053513496203
"ES8",0.354459181542777,0.607449915032256,4,15.3669140328864,0.554167142668687
"ES8.1",0.345159595226444,0.714067783029012,2.15312099702549,15.0624981299941,0.60455518782213
"EB3 [Human Burkitt lymphoma].1",0.249230491860033,0.938781243455191,4,35.7589013672176,0.685816258221159
"JHU-022.1",0.312401627881062,1.82479717100953,0.848668291014058,40.2854262393083,0.264720626300953
"JHU-022.2",0.28833336205567,1.4353190917394,1.05721239559282,30.5335045673024,0.588080400319956
"JVM-3",0.662406282938304,0.090965402158651,1.88110034756275,3.18912055776426,0.0878334701419905
"JVM-3.1",0.622562310807569,0.109645589533886,4,5.30555336054135,0.106613464670027
"L-1236",0.427946623450854,0.236839716428442,2.04181788790574,29.0798129829239,0.154570747834375
"L-1236.1",0.476960510121298,0.251533698132458,1.11557536447228,19.6253338112939,0.160902623755038
"LAMA-84",0.476253557633895,0.284281516517,3.54965260607461,9.04090595958617,0.268748674375858
"LAMA-84.1",0.452688084918314,0.313961552437722,3.96115744944645,11.3174582596843,0.294265595908377
"LC4-1",0.481158256406742,0.242893011842831,2.01928252602531,14.4781624526024,0.205062683479768
"LC4-1.1",0.417088952827742,0.348371275509328,3.19005622035361,17.5022898537485,0.304358846356037
"LoVo",0.442315077731899,0.308120961283087,1.88518172330682,17.6511974106339,0.244571786231727
"LoVo.1",0.432717028122902,0.420069792282561,1.87332309802628,8.64991488942283,0.379564409878308
"LS1034",0.235311754610432,1.73038266046454,2.06625283782789,17.5973188846841,1.40271002951806
"M059J",0.267559222995682,1.36019467194878,1.43983300277613,31.6287671778274,0.678577703375678
"M059J.1",0.243143728877655,1.72305819000734,1.51353942161507,24.8432728698423,1.09446471447134
"MFE-280",0.170488530557752,6.80317374887395,0.702635575661809,0,6.80317374887395
"MFE-280.1",0.172754950795049,5.63797936219979,0.88856140721809,20.4306130330236,3.12165749606064
"MIA PaCa-2",0.229711570159153,1.83122582532502,1.81164831222035,21.6315707208141,1.33930533935356
"MIA PaCa-2.1",0.156329398596065,4.49680239086037,1.17412709570509,0,4.49680239086037
"NKM-1",0.393697156940056,0.540782878978242,3.8571685273959,8.25764581963137,0.516058505875737
"OCUB-M",0.243792802787904,2.52235656617246,0.850876938986819,0,2.52235656617246
"OCUB-M.1",0.188228747564482,2.59875513008142,2.03915215910442,18.1241825136156,2.08395303603497
"COLO 320HSR",0.508812446221991,0.210192738279417,2.70973934002757,11.1439740407578,0.191515367205052
"COLO 320HSR.1",0.486710591603874,0.231108407452985,3.15081136609742,12.9674927572506,0.210103719617466
"CaR-1.1",0.216243067361946,2.2172566534549,1.55536950594031,34.9576420065263,1.02429911874193
"CaR-1.2",0.202437069544389,2.58745370619364,1.47937504207207,25.0537786885011,1.61717058397155
"BICR 78.1",0.180527354131959,9.98883039308644,0.893528641980005,41.3009622570385,1.41096181910131
"BICR 78.2",0.169753188268947,6.08235752094018,1.2457508663661,41.7993778294969,1.4250529480396
"NCI-H1435",0.0625792094988848,NA,1.40702529677787,72.9835134570885,2.18429907676654
"IHH-4",0.371197749789944,0.733404447498159,0.966465418759889,14.8368366500492,0.509514731526751
"IHH-4.1",0.353523254384717,0.545367773507728,1.73874611913255,27.5216308098107,0.34435179535996
"EFO-21",0.260958286834344,3.58018583332102,0.643567881486077,25.7493714922861,1.16309916335987
"EFO-21.1",0.282093902820088,1.38007867435775,1.18465829578551,32.2636513863665,0.575384524101891
"IA-LM",0.0434639549787152,18.36339382814,1.26707324736477,0,18.36339382814
"IA-LM.1",0.116740787119584,20.1631586259776,0.610479140903625,0,20.1631586259776
"KALS-1",0.319174239100795,0.712064087119709,2.50653607108059,24.1101354935547,0.547622314030806
"KALS-1.1",0.352261635052967,0.557302307999421,2.97023464693425,20.6598917701501,0.465744869374869
"KS-1 [Human glioblastoma]",0.105017309513562,NA,4,59.2378386262767,1.68750105815631
"KS-1 [Human glioblastoma].1",0.11597338724753,7.14154386261813,1.30346216001941,23.2628141262203,4.41803197066675
"NCI-H2818",0.180272922735565,NA,0.34201167091617,63.7914340077585,0.325193646863082
"NCI-H2818.1",0.195887640179516,53.9322359522929,0.294796660938198,0,53.9322359522929
"Kuramochi",0.239636687596228,3.62193732635208,0.74106019415641,25.3390729017069,1.39547721853803
"Kuramochi.1",0.294741076203398,1.58375288358435,0.871751978072604,23.5447900922366,0.763057592456595
"KP-4",0.278557739891175,1.1392918290353,4,14.8856458696006,1.04295039455449
"HOS",0.247257384674302,1.39524090447762,3.0336706587004,20.2270981434803,1.1760683474252
"HOS.1",0.231980087335434,2.14004331613874,1.35476124957857,8.4038407661835,1.86824144500889
"WM1552C",0.258979920664974,2.45878762535973,0.741034466277128,0,2.45878762535973
"WM1552C.1",0.263747511367594,2.23123446596338,0.819936362119657,15.5226750975647,1.41793466194352
"JHH-2",0.261663656303463,4.12578344629914,0.510156095235223,8.45010357897422,2.87016914236112
"JHH-2.1",0.25029515463799,1.18178049467503,2.20555272743112,37.3687174145864,0.633314517754722
"NCI-H2461",0.264363914361457,NA,4,57.9374831413714,0.130206576483766
"NCI-H2461.1",0.383369570328367,0.275643691302554,1.85143970323044,44.2981088613646,0.085318089312976
"VAL",0.450739296922477,0.339922804184584,4,9.31515135362917,0.322846420707114
"VAL.1",0.449447496674371,0.352872630140349,4,8.43519833836805,0.336943359367974
"BL-41",0.53862722625352,0.224616610419865,2.64648141881688,2.48140840812585,0.220337655372284
"BL-41.1",0.483021317410077,0.338807160772,4,1.68364528906438,0.335918266005994
"TE-5",0.208955364299185,12.4142389495399,0.531435851031925,28.606591920722,2.5128006973565
"TE-5.1",0.166408410687273,3.92898365996399,2.06202943104304,45.5114572354167,1.22065703514611
"GCIY",0.18397310373194,6.79516394241468,0.635649279076344,0,6.79516394241468
"GCIY.1",0.132794745432544,5.14003473200428,1.40354967904084,10.0166102422311,4.38319875586789
"TGW",0.342403514173096,0.751426976301839,2.07289932530464,13.9090480230881,0.642081758001002
"TGW.1",0.331527165552346,0.810052341169974,2.74176470337175,12.5680718836644,0.728880874832781
"HAL-01",0.447645941834295,0.417169825663426,2.828125,3.4375,0.406794432108305
"HAL-01.1",0.430661193665145,0.471440037371573,3.29401910264383,3.26435798658587,0.461875513043361
"L-363",0.471923243502846,0.332625724661834,2.15313551939252,5.80742452719542,0.314088688268044
"L-363.1",0.450659540178358,0.394377683435139,3.67891347364005,4.47097042695541,0.38446276164943
"D-263MG.1",0.222893585018935,3.09492045419585,0.936128289436724,23.0913025253161,1.59666244215133
"HCC38",0.296244157167997,2.52314774764727,1.25294887881465,48.0082263143243,0.192661146138239
"HCC38.1",0.372816121451405,0.613126649341142,1.04705242575136,27.1843984798862,0.289817225475952
"HDLM-2",0.428590792837562,0.383410130488236,1.03539947948523,22.3343134252593,0.216482419070122
"HDLM-2.1",0.358541629359381,0.518899890829542,2.4042828464442,22.9533313295799,0.401875521291184
"Lu-165",0.210669195197218,29.8052331099807,0.315069116983996,0,29.8052331099807
"Lu-165.1",0.177806449972376,NA,1.8257017049824,56.9104712000808,0.579866979863835
"ME-1 [Human leukemia]",0.29687231098472,1.19510856917383,1.16704551579757,30.8099068784958,0.526069876406068
"ME-1 [Human leukemia].1",0.30086185332407,0.474198756743627,4,39.620338391589,0.320083810619734
"MN-60",0.229203005418426,1.63769502069886,1.92614975116971,36.5707446103389,0.827616701817096
"MN-60.1",0.206618997799936,1.42481527165824,4,38.2136126190559,0.992798787364353
"NB69",0.376835113577912,0.64604258261192,3.58470587024507,6.26404591052076,0.622364253035484
"NB69.1",0.383118957882511,0.665834653028933,2.75968014926381,3.18453576916482,0.650144478591057
"NCI-H1792",0.418504838378507,0.51863348810907,1.22989813847292,5.95134818133205,0.467854713684379
"NCI-H1792.1",0.39820273618886,0.531055344034983,1.69160647823674,10.7053542115727,0.460557033941998
"NCI-H2023",0.274571702253361,1.20120501525798,2.02735438885321,47.618871306024,0.267573731286881
"NCI-H2023.1",0.301070035773347,0.447655918828049,4,41.3252986365525,0.288911921771603
"NCI-H28",0.297504863015545,16.2860863993335,0.612567361522198,46.7437249434697,0.188493672209742
"NCI-H28.1",0.330767984561289,2.15978743963158,0.448263428416638,8.43236530002191,1.43042661477296
"NCI-H841",0.310394303415371,1.32140185538267,0.91748048829449,9.20858324204642,1.05848026508758
"NCI-H841.1",0.274153415824163,1.87426571822495,0.887094362717069,0,1.87426571822495
"OV-90",0.217911968575371,3.47832258001525,1.40542261136457,45.3029148525197,0.646439774501989
"OV-90.1",0.251363588653799,1.60630330150202,1.5267812410239,40.2558885377566,0.55036115374548
"OVCAR-5.1",0.236451567235076,5.05488990278388,0.56748983691924,14.7414988799611,2.73138730437919
"PL18 [Human pancreatic adenocarcinoma]",0.160961928459782,14.0701905231269,0.707335580401618,32.7336476383797,3.12946904280956
"PL18 [Human pancreatic adenocarcinoma].1",0.243162411887173,5.02128266041806,0.651363126463777,30.8119328829078,1.15411214332657
"SK-HEP-1",0.0987836941745216,11.7349349104936,0.910642989694273,0,11.7349349104936
"SKN",0.200493888619592,NA,0.979850786947036,52.2192039673279,0.574294352590117
"SKN.1",0.210548897259767,6.8029955166186,1.14583500910129,46.3954016146278,0.685406744573826
"SK-UT-1",0.325074828211709,1.20109178410297,0.902420860339966,3.46407203423352,1.10923327306706
"SK-UT-1.1",0.34394817073587,0.967488266944767,0.943242117965916,10.8615343950542,0.746240996750533
"SN12C",0.205778949191942,22.0717977081146,0.351021920182245,0,22.0717977081146
"SN12C.1",0.246978407436876,2.85375046786451,0.811805921019165,23.6684968428279,1.29527105439845
"SW1710",0.231901875717782,2.42986439364617,1.22644483375194,36.8205353333012,0.819269704307006
"SW1710.1",0.219822137237155,1.99104060580161,2.0227439301583,17.3084884683878,1.6138013723409
"SW684",0.130766965372516,41.4257259690906,0.44490206463787,0,41.4257259690906
"SW684.1",0.0672444670044186,NA,1.25723092963066,51.7718783243385,5.05530704537716
"SW982",0.432632984963737,0.372147972519765,0.917783275415434,25.8911110820235,0.168090807199184
"SW982.1",0.422962140563607,0.343710155748151,1.45303747770474,22.8256989209218,0.225915190220395
"MG-63",0.222770754976359,1.82249491134872,1.98284197140232,26.1824594120827,1.25382316567162
"MG-63.1",0.203951288908745,2.01654887328703,3.27731648828045,19.7554885676688,1.72978540536183
"RKO",0.271618282248544,1.12122140955534,3.53660371930984,19.3683197171885,0.976159736665995
"RKO.1",0.332032675154093,1.10830039024103,1.00908467903738,0,1.10830039024103
"COLO 824.1",0.184975279382253,3.66988506957876,1.12285631631061,17.3325471349667,2.51202204833264
"HCC1428.1",0.156507197184727,8.48455246928944,0.683130227563185,0,8.48455246928944
"UACC-893",0.0727477222094856,18.123450171846,0.908362641399954,0,18.123450171846
"DMS 114",0.209063784015972,5.22866664395858,0.61836871291933,0,5.22866664395858
"DMS 114.1",0.179655657164302,3.80394453214306,1.50590285499214,40.1046060944036,1.29732280339135
"MDA-MB-157.1",0.381638090691052,0.676048929133664,1.53201168066152,4.75241301999924,0.633382347791088
"MDA-MB-157.2",0.361214564919258,0.790936235942023,1.75841986122513,3.41170329934592,0.759777624623619
"MDA-MB-436.1",0.134846101185876,18.9755138932226,0.554191916450998,0,18.9755138932226
"MDA-MB-436.2",0.138515143101225,11.9930994561657,0.654118029170655,0,11.9930994561657
"NCI-H1666",0.253120092563652,12.7809205870991,0.399923805897123,25.6730365966228,2.10963757983233
"NCI-H1666.1",0.207245701768577,284.809634358107,0.512490755514526,47.3833689379266,0.900644623361807
"OCI-AML-3",0.402753292748533,0.510219175302185,2.56376805556898,8.83357490601351,0.472961738620325
"OCI-AML-3.1",0.338236392523513,0.756524111601919,4,11.8029823854939,0.707273908047477
"RPMI-8402",0.584674076800202,0.158515603500444,3.19794970412166,3.01127918582296,0.15546638288887
"RPMI-8402.1",0.545295447105883,0.229648884554927,4,0.223220569987066,0.229392142554003
"SR",0.490423610235648,0.166075483454884,4,19.8036574984466,0.146403550782252
"SR.1",0.509624595033741,0.161016753549549,4,16.8072250981216,0.145341438806195
"SW13",0.19737249387289,2.94925007912474,1.30138872504174,0,2.94925007912474
"SW13.1",0.224358925313799,2.12502848768114,1.47909786409065,18.84878738257,1.54323500198051
"BT-474.2",0.116515346920723,8.24147399513246,0.97938580319137,0,8.24147399513246
"BT-474.3",0.119598643738309,8.85969340266308,0.901122953496264,0,8.85969340266308
"BT-474.4",0.0867367540038632,NA,4,50.3760514276157,2.9832661978705
"CAL-85-1.3",0.175856771561914,4.12420040616804,1.01682426621477,0,4.12420040616804
"CAL-85-1.4",0.15632958405052,3.64478721813435,1.84149387444918,31.9638569556243,2.09508153722475
"CAL-85-1.5",0.14433173682631,5.0103723256205,1.18126861745373,0,5.0103723256205
"HCC1937.3",0.12524484748122,NA,1.54937126188021,53.4077787726054,1.60979247958341
"HCC1937.4",0.126103313360532,NA,1.8942421811006,58.7944904386882,1.21025901555011
"HCC1937.5",0.140891349630509,NA,1.14058983438325,55.7918982223976,1.17711857891706
"MFM-223.8",0.191183749375824,2.33827688107673,2.09199534797508,37.1595735332493,1.22090493496261
"MFM-223.9",0.223465416363181,2.68630720601766,1.11048810415526,29.7397338092963,1.19087235425216
"AU565.2",0.146400666381573,3.41701804134214,2.92584652419236,17.6045309794952,2.94595663234616
"AU565.3",0.139169568338849,3.39012168014412,3.65883036428366,23.0228755465936,2.86401208094526
"AU565.4",0.146196394924636,3.77136839253752,2.02575273029992,20.1187127630662,2.92505944440799
"BC-1",0.482273469338515,0.31552247109412,4,4.22687654188043,0.30863162868159
"CAL-54",0.377669167286452,0.255947167358191,2.87545853302582,36.8208000689718,0.160976686231559
"CAL-54.1",0.387511279384493,0.4589219452264,1.29500395467654,27.5318817738206,0.247442642783446
"CML-T1",0.408832651732389,0.48562495735913,4,7.96482313310554,0.465009383524278
"CML-T1.1",0.446246793134767,0.41991087411379,3.18116564047125,3.46192584842547,0.410545662091131
"EW-7",0.386011921343834,0.324198044370743,1.69053604787739,36.4576235167368,0.149710090890007
"EW-7.1",0.473911119025413,0.126332643965784,4,28.5799265796914,0.102206454512363
"HMV-II",0.224030038135017,12.9667601092915,0.607968056158952,39.3131560289671,1.02471155237197
"HMV-II.1",0.216509170219457,NA,2.643352217864,59.3659851790262,0.252125636169688
"IST-Mes1",0.156471444404861,458.951702739884,0.242244654244497,0,458.951702739884
"IST-Mes1.1",0.129751545783894,1094048.68334072,0.207043112795889,41.94095158116,162.342386428279
"KP-4.1",0.311928902125417,1.30781602710909,0.984245148664195,0,1.30781602710909
"LS1034.1",0.183286317786281,1.80416554195827,4,40.4987470800436,1.19118468909975
"MDA-MB-453",0.184062898315163,1.88510206380293,4,36.032307390249,1.37048262847011
"MDA-MB-453.1",0.0948934419689757,7.14292090349726,1.48602274994572,0,7.14292090349726
"MKN28",0.281708863083394,1.54541313571254,1.05793784764686,31.2612244322065,0.611164580162002
"MKN28.1",0.237758385231783,3.04632243497967,0.735840681555095,0,3.04632243497967
"MPP 89",0.269839628836001,4.19572861604896,0.454969070225352,0,4.19572861604896
"MPP 89.1",0.17848288881066,6.25261064047818,0.699834382272802,1.00000818914745,6.07469024660391
"MRK-nu-1",0.190621842311104,2.32469658597036,3.24331061996349,17.2589632745705,2.04019589430395
"MRK-nu-1.1",0.200064175577602,2.18527321320293,3.07631597896363,16.3115688970235,1.92203259059246
"SJNB-10",0.302860091640012,1.0869287380271,4,7.4110057777026,1.04419814270694
"SJNB-10.1",0.220702809107096,2.37883112523846,1.40537412000246,0,2.37883112523846
"NCI-H226",0.202553075550447,16.8083379053857,0.473084287773753,24.8726779266115,3.92531526307944
"NCI-H226.1",0.104989387047379,NA,4,55.9877874717581,1.92559812346159
"NCI-H520",0.305212148208845,1.57818968936475,0.779166053466891,20.9631457833244,0.785678790381426
"NCI-H520.1",0.253976103675529,1.31553742790618,3.27061061670214,19.5292547760314,1.1306798944457
"OVMIU",0.313630111456223,1.4601863051166,0.757212370526627,10.0381814104754,1.08612031017818
"OVMIU.1",0.268371886635353,1.50478471883977,1.30841375520957,20.6250135690104,1.00214503086482
"PEO1",0.234987062297238,7.47140716162834,0.545027415610446,27.2241127145181,1.76537976423404
"PEO1.1",0.192116914332099,3.51430363215452,1.26160192045554,33.8763174455647,1.43301471577083
"RKN",0.170942708162746,3.61779973277893,1.42424005819761,23.147772613969,2.33817482165324
"RKN.1",0.174898757435394,3.46755673334247,1.38778123624265,0,3.46755673334247
"RT-112",0.392819909754937,0.571459768198413,1.10783715587339,15.2819497913006,0.411141304020961
"RT-112.1",0.407854597407198,0.567747949491272,1.05140858710869,7.54975683994646,0.485894168359799
"SK-HEP-1.1",0.0709720874313715,NA,4,84.3752895023731,0.433925285755175
"SK-LU-1",0.219636780993443,NA,2.81544342545728,60.5314965581915,0.214113504254796
"SK-LU-1.1",0.241296200800026,NA,4,57.3071992269224,0.20162915863998
"Ku812",0.497430711723305,0.311265026020805,1.00682061292891,2.05253122972799,0.298572173640283
"Ku812.1",0.421256672725984,0.328826326265601,4,17.3736761783815,0.295539895170174
"BC-1.1",0.459211100086144,0.324895009557299,4,8.71573391096457,0.30970390519912
"D-392MG",0.129170287277676,NA,0.925154666560063,84.4530305400001,0.0206761557175448
"D-392MG.1",0.129006911167637,NA,3.77028378272221,80.0565490874997,0.114695329308726
"EB3 [Human Burkitt lymphoma].2",NA,NA,NA,NA,NA
"GAK",0.240201365748385,0.920753501937796,3.97238924130233,41.2437138141557,0.593835366947731
"GAK.1",0.244731070875132,1.0487507641107,3.46604284838055,35.0840664494465,0.739793527554205
"NCI-H2731",0.295115251101851,2.08532035333276,0.885320055724162,40.1218604172411,0.333923585467771
"NCI-H2731.1",0.264856922811939,2.27294769466719,1.02846692629888,39.4644642687398,0.500029622614374
"HARA [Human squamous cell lung carcinoma]",0.559221596150514,0.157831020058846,1.61084559516342,9.5986904326455,0.13826836244106
"HARA [Human squamous cell lung carcinoma].1",0.413130336766032,0.435975079327997,4,10.6132819516639,0.410730177462017
"HCC44",0.319352022832718,1.07362995926616,1.25808744247161,9.11923354685162,0.914836692952679
"HCC44.1",0.2890598937232,1.30725930123861,1.54627588983912,7.96960533605439,1.16840980622005
"H-EMC-SS",0.101548023533992,43.5990313779923,0.524139934747819,0,43.5990313779923
"H-EMC-SS.1",0.153894203792702,NA,0.535728137835835,68.7827855806551,0.338092706791835
"HSC-2",0.200942398470723,2.20670923837622,2.47622133174879,18.5781872343374,1.82925690424715
"HSC-2.1",0.198677569321668,2.82771555171764,1.39898546868961,2.1674617554517,2.73954346857389
"KYSE-220",0.372989897618553,0.558373026717438,2.57455981366188,14.7151261856848,0.487669362482209
"KYSE-220.1",0.387252201088986,0.561807978076302,1.99056271599478,10.9818120007869,0.49599938505925
"LK-2",0.335829509274335,0.760420243476316,2.02181461157301,16.4036973143636,0.624663281361425
"LK-2.1",0.290043064600914,1.10155117444331,2.21649954251096,15.812252688331,0.927936111372342
"Lu-65",0.313391887100598,0.84350961062321,2.40465644585607,18.9893809063771,0.691537819688897
"Lu-65.1",0.344572124543649,0.708516982564639,2.52179082706763,14.4836853565287,0.618652599743604
"MDA-MB-231",0.223674915267298,1.28679280558132,4,33.7197782282178,0.972033431835273
"MDA-MB-231.1",0.204542925131301,1.51804424075002,3.93054844905942,36.0938794895875,1.09619642372505
"MEG-01",0.486837826911059,0.268628727875227,3.80846140016213,8.22887521214051,0.256240105989349
"MEG-01.1",0.464558943526679,0.31266472701314,4,8.65113012500518,0.298162004477916
"ML-2",0.502191891505773,0.281256482711307,4,3.3319160300244,0.276449006113865
"ML-2.1",0.46649818212226,0.389805436204352,3.82887850168995,0.825906704613062,0.388113418819865
"NCI-H1355",0.233370449782715,1.76804141876352,1.6393865290932,36.005025488635,0.813153278499714
"NCI-H1355.1",0.215441166516859,1.84511162606081,2.04494476207642,40.0098536650427,0.83947819414399
"NCI-H358",0.26964882831508,1.96705159125203,0.901303397349926,22.1006064368527,1.0296623426026
"NCI-H358.1",0.278399116994601,1.62274102615813,1.01481442173788,24.2580901348332,0.843585396622294
"NKM-1.1",0.382934672635054,0.613003209667253,3.67119115190604,6.54235803018093,0.590028621632044
"SNU-423",0.226923015758713,1.25327953002944,3.54381407652468,35.2854504794166,0.887455223197143
"SNU-423.1",0.290591610883169,1.80403119121952,0.759106650467252,5.81206412449162,1.53301852383412
"DoTc2 4510",0.242682657447895,3.96416162359964,0.583410388010255,3.56657979044056,3.49190673245613
"DoTc2 4510.1",0.136020006461853,4.54243232845557,1.78118821155218,27.4396104933112,2.90567836376915
"DSH1",0.249174411024956,2.50307867269808,1.05622269460304,38.0015554919951,0.648072766872445
"DSH1.1",0.206990339091547,8.50387186556095,0.487316895094393,0,8.50387186556095
"ESS-1",0.504664612313765,0.273173540970271,1.73754734630329,4.63284854585427,0.258306375656109
"ESS-1.1",0.229575633454853,1.95187947092092,4,4.26821417407591,1.90882025823609
"HH [Human lymphoma]",0.0818479967322,NA,4,63.0165732361757,2.16950724045529
"HH [Human lymphoma].1",0.0814970077555632,NA,4,59.4779286859724,2.49524602716169
"Karpas-1106P",0.405134172440613,0.328248302398343,4,21.2897970711346,0.285738692538713
"Karpas-1106P.1",0.239894041059484,1.75164544654843,2.66545114812578,8.86711791031066,1.62794182871578
"Karpas-620",0.222951172217589,2.18739190661833,1.4113809665635,22.4714863232682,1.43313044539619
"Karpas-620.1",0.20537775707453,2.46467653791997,1.58805474782611,15.6935646037101,1.94421519524336
"KATO III",0.160329268829814,35.9972395295472,0.391685005388712,0,35.9972395295472
"KATO III.1",0.107629784969042,18.4928139535992,0.673936982598424,0,18.4928139535992
"MDA-MB-468",0.305966935256037,1.1819362882065,1.1528793468971,15.6198658638553,0.854086255511603
"MDA-MB-468.1",0.229355374997936,2.50747122277498,1.04169760195665,0,2.50747122277498
"MS-1 [Human lung carcinoma]",0.344259720562617,0.788842376223538,2.22178622765118,9.96459962868035,0.713748298693997
"MS-1 [Human lung carcinoma].1",0.283377433437452,1.2519030958141,4,7.64952616653817,1.20099937320398
"NCI-H522",0.174394432850176,3.44877093603525,1.4537441315062,23.5366572373208,2.22631180186647
"NCI-H522.1",0.14596560211949,3.21641542654512,2.92491329599599,34.1096373990507,2.17353522010888
"NCI-H929",0.206023526963711,1.96291137915286,2.27249517944059,30.383005860281,1.30045076433168
"NCI-H929.1",0.169074053603901,2.45429070396212,3.59096246735741,29.2256283690798,1.92177790918368
"P31/FUJ",0.621340427859222,0.129546087850835,1.15513094021276,0.615042534210819,0.128165422317494
"P31/FUJ.1",0.396118748192038,0.694220641392519,0.916749273874597,0,0.694220641392519
"Panc 03.27",0.427168435693654,0.276317867851309,2.03920430633478,24.80711135809,0.197435188714071
"Panc 03.27.1",0.407911983397457,0.317214573070024,3.08202433210656,22.7609908224509,0.260475540548122
"KTCTL-195",0.178222948668805,63.7420157415188,0.409542782590853,30.8546996904719,6.11564446282694
"KTCTL-195.1",0.0794995923096015,NA,2.70574663881401,69.0107901845789,1.70519283022951
"WRO",0.163154551455948,144.158256594909,0.28435453544747,0,144.158256594909
"WRO.1",0.0765585264533198,154.517247225574,0.454947026862283,0,154.517247225574
"SCC-9",0.170953323765054,35.5851554789797,0.371036979088818,0,35.5851554789797
"SCC-9.1",0.0811785240236102,NA,4,52.3597157146486,3.08906049108214
"SNU-C1",0.0884362451110306,NA,3.23146347198972,59.2331998774466,2.24036247519236
"SNU-C1.1",0.187876401108491,4.14007425478183,1.15087844943326,34.0843862307806,1.53121684301443
"HCT 116",0.325203148343869,0.900400046479696,1.15457158803353,36.3417500461747,0.292624561445183
"HCT 116.1",0.278804294312795,2.02352153061628,0.748644476808646,0,2.02352153061628
"FLO-1",0.470864701033057,0.349725112137896,1.03201064503418,6.97830383463533,0.302321656043283
"FLO-1.1",0.229352603149582,1.98281259991144,4,3.0619247450196,1.9517333724836
"JHH-7",0.125043168737697,5.21623030461846,3.80509970723606,49.059761335826,1.83580030019596
"JHH-7.1",0.139209162272881,3.02445733757131,4,38.5699506942645,2.0913031310837
"TT",0.136526075501659,656.240565125156,0.253419665956335,0,656.240565125156
"TT.1",0.0400272817483871,NA,1.2358954458115,76.8008427548283,3.74656386584648
"NCI-H2087",0.171153789869111,8.06599400151804,0.633816440050245,0,8.06599400151804
"NCI-H2087.1",0.181914551553274,11.2132313951165,1.01048442650967,45.1687197493838,1.11007758186192
"SK-LMS-1",0.174372943498196,NA,3.32206201575707,51.9065183313617,0.817339000425994
"SK-LMS-1.1",0.169355964723267,2.1348075684627,3.89500441040558,41.4076036149238,1.35828328168877
"COLO 684",0.308384792648036,0.707640117337573,2.38829294247575,29.526597465303,0.486906349458424
"COLO 684.1",0.247095311870739,2.29609586440609,0.933013720206988,0,2.29609586440609
"DU4475.1",0.245247563701987,1.81219252275363,2.50669683663604,1.46775824166294,1.79078027071355
"EFM-192A.1",0.0156042316321151,NA,4,80.4339757965032,5.92275371229832
"HCC1954.2",0.0858652616830324,7.49894209332456,1.59375,0,7.49894209332456
"MDA-MB-231.2",0.245349472231892,2.44771630404589,0.860217209277342,0,2.44771630404589
"MDA-MB-453.2",0.179294428332761,2.99284743814771,1.68674121678071,27.9497034298839,1.84200243015902
"MRK-nu-1.2",0.0917759936709519,5.098677669061,4,34.0584071249314,3.83131610083802
"CAL-72",0.296649376209401,1.3202790510251,1.04485266907856,26.2119035918704,0.648491363986494
"COLO 680N",0.0812648497705321,57.3543962319683,0.556937814395279,0,57.3543962319683
"KYAE-1",0.312444549675849,0.753611383172289,2.82762116689501,23.0319062465496,0.605795135926446
"LB831-BLC",0.241717370095845,1.75890617756363,1.83137207428712,12.9585835013156,1.49314998369993
"NCI-H1435.1",0.185153414556443,NA,1.49007669626043,50.864361502828,0.750303851602206
"ONS-76",0.281843973533778,2.02626835573612,0.727782364876984,4.16961318256062,1.79777655277368
"Panc 10.05",0.259124852279486,NA,4,50.0440722573388,0.277969929733041
"SF539",0.513339111713526,0.260873636530996,4,3.19610163475728,0.256600913442999
"SK-N-AS",0.380442385742818,0.408753675820934,2.88259398313822,22.9447542055409,0.330319651775458
"SW1271",0.182968992013697,9.4451522854925,0.541660005205528,0,9.4451522854925
"AMO1",0.449963733984693,0.399307758289511,2.08824310198678,4.9897688832794,0.379702162976754
"AMO1.1",0.409576443623019,0.556644979805932,2.55130676079444,2.83169912426298,0.544069098471285
"BFTC-905",0.272034221103847,1.35396360920133,4,8.05004848870686,1.29582799021202
"BFTC-905.1",0.335965729690866,0.984373970940786,1.56362391267587,1.29196507607873,0.96803027158281
"BICR 22",0.278273404577729,1.5218422962431,1.1233596733912,17.0693082145439,1.04934239455442
"BICR 22.1",0.226403937055474,1.3653056784927,3.36970208840732,31.6989488202213,1.01319960690428
"Capan-1",0.336453916623286,0.761192755224732,1.20126135661602,34.2306742245416,0.291274480986241
"Capan-1.1",0.306140354307723,0.463494672533379,4,38.5181697404713,0.320852203446706
"DND-41",0.453798507872606,0.272878195283754,4,15.0785095562119,0.249459200326406
"DND-41.1",0.466664088086725,0.311444959145543,3.4573220214101,8.50691885815423,0.295089944918355
"EW-22",0.266249352055293,0.777258236481349,2.90632278847087,44.1451533702918,0.371597593749886
"EW-22.1",0.335648160894638,0.822256835386961,1.12129844847625,32.8742850509314,0.316244626878285
"HPAF-II",0.254787153748391,1.48161979956883,1.64755221199775,42.3827426342707,0.472874165072621
"HPAF-II.1",0.218054648640495,2.06174658842889,1.91756603706047,44.0506605583085,0.67938043027102
"IM-9",0.527998349746712,0.256991037805654,0.967267807264487,0,0.256991037805654
"IM-9.1",0.495739924588786,0.296107872964016,4,3.16043761927055,0.291313533313714
"Karpas-422",0.322799870112505,0.840350742816974,3.29331159917302,13.2438327034785,0.765387629103321
"Karpas-422.1",0.29980139837753,1.19354779858659,1.95755070338786,5.57209670969956,1.12363782719027
"NCI-H3122",0.275419166336966,0.869465288607615,2.88797587105554,31.9409016202368,0.611095411612766
"NCI-H3122.1",0.2726407750731,0.845200551052414,2.78100154372796,35.3199999177649,0.543968892333973
"NCI-H441",0.213101775259881,NA,0.508449769261947,70.9798852137201,0.0273944336848251
"NCI-H441.1",0.135798055420629,NA,1.71396201487716,78.6867161344982,0.121715722318281
"NCI-H82",0.39083711601144,0.393324439349573,4,19.6711386753538,0.34711426159714
"NCI-H82.1",0.327322297742717,0.70594719852774,4,18.2007319730195,0.630425829940084
"OCI-AML-2",0.455263866652039,0.40954084633106,2.50708735152938,2.11805872672779,0.402530857166295
"OCI-AML-2.1",0.413558195598494,0.534865381948727,3.47617384846612,3.05144095681514,0.525263587024615
"Reh",0.328788970060935,0.920307925959228,3.52657503357219,6.30831026580655,0.885777512291814
"Reh.1",0.324110925049723,0.99548799409326,2.26303839011941,4.95059606660964,0.950664126723174
"SaOS-2",0.188150741529157,2.80336779148283,1.66883733700236,17.2320829593267,2.17625911181076
"SaOS-2.1",0.248638400784373,2.27378466636993,0.927559698951873,0,2.27378466636993
"SBC-3",0.250608540645098,1.54230568393021,3.21204055481186,11.1655613544219,1.42561160776987
"SBC-3.1",0.241236435157791,1.74953079898897,2.64760416308888,8.09731981261366,1.63659550124061
"SK-MEL-1",0.181189149438294,NA,3.05312607533697,61.4669709389544,0.388561087192597
"SK-MEL-24",0.13710895120652,NA,4,76.9300368059491,0.164884724975096
"SK-MEL-24.1",0.116817495561217,NA,1.36452560892483,68.715440190557,0.773708702321276
"SK-PN-DW",0.408798691370803,0.492424872357958,2.13028458062714,9.07554241869007,0.448235692008935
"SK-PN-DW.1",0.376363103283371,0.633160785671951,2.17197032355474,8.75792572666571,0.579442076072844
"SUP-T1",0.403444802331467,0.299285987135143,3.14292177813557,25.375747447701,0.238898519406043
"SUP-T1.1",0.416612913747514,0.331543425736253,2.543660640703,20.3223125704481,0.270072160462258
"WIL2 NS",0.471605041525392,0.358104017966093,1.50097991085831,3.64782316374098,0.340478949655208
"A2780",0.399290588155891,0.544472469303684,1.34551067269061,11.2090232854478,0.450863144610273
"A2780.1",0.391943948116855,0.627871540136277,1.5566708106956,4.52972824240165,0.590713350644011
"C-33 A",0.479368638743136,0.333651649041509,1.78066109042769,3.91686430512395,0.318711184592124
"C-33 A.1",0.466212252469449,0.395061197008581,1.9010403710454,0.536352612965628,0.392826277322657
"Capan-2",0.155194268605981,NA,0.887646427727629,50.9685439081264,1.31492669244906
"CCRF-CEM",0.57570820362479,0.164634706284454,3.9427805867579,3.61363569996,0.161531889424632
"CCRF-CEM.1",0.555787766814196,0.206675863622601,4,1.19065736852982,0.205434320360457
"DB.1",0.409156460223013,0.521426077522222,2.54116961340954,5.90095836725059,0.496283519801871
"ECC10",0.303301898964516,0.912631215487254,2.5946414354801,18.6055338592734,0.762776848233187
"ECC10.1",0.293704471970802,0.962407616992381,4,17.0273252067887,0.867271540567037
"NCI-H2795",0.292641925279456,7.10968314767248,0.768327639174735,46.5875020460545,0.215974148709251
"NCI-H2795.1",0.29343389681194,NA,1.57701412113904,50.8290729979201,0.161002845360268
"NCI-H3118",0.423959202354733,0.373606322118474,3.34545754623198,13.3639669955263,0.340441574284507
"NCI-H3118.1",0.429536891769253,0.430833527241562,2.65176280938815,7.44152868708712,0.40543197563772
"KP-N-YN",0.463225758542553,0.309640996546463,3.14869588850434,9.70357099511347,0.289133898017427
"KP-N-YN.1",0.424177485585906,0.428327107935763,4,8.32604797049083,0.409259935671004
"LOX-IMVI",0.345533723653077,1.27770033896109,0.608916441409897,0,1.27770033896109
"LOX-IMVI.1",0.349821699437002,0.711789884625892,1.27029742178906,22.823084866992,0.440474154581784
"MKN45",0.422617000725826,0.223661714352197,1.53933691830422,37.883452327341,0.0890604682656978
"MKN45.1",0.40832672234066,0.274049824038953,1.78650963219478,32.5762746580219,0.151900581190589
"SJNB-14",0.452499213550696,0.381876976972433,2.79913109085665,5.48032299316631,0.366362874592641
"SJNB-14.1",0.4320517401346,0.446503883882817,3.56869327971088,4.89077826341259,0.433808781597801
"NCI-H1299",0.344247280684901,0.652988547967441,1.73864013138198,22.846318845858,0.459627843421133
"NCI-H1299.1",0.358238023175261,0.623545254900727,1.5495599596273,20.8570901370817,0.440124242689132
"NCI-H1651",0.310092037157362,1.03599050058061,1.85446807402135,11.0538061177591,0.905410951224293
"NCI-H1651.1",0.314933646790414,0.947619495784779,1.55276547598028,18.0514186356113,0.710169042213933
"Ramos.2G6.4C10",0.453777970456094,0.379846710676593,4,4.91763950586596,0.370141287018609
"Ramos.2G6.4C10.1",0.395145144020351,0.652614837052753,4,0,0.652614837052753
"SH-4",0.194516457622827,1.55733785121928,4,42.1502269732603,0.980290091812027
"SH-4.1",0.228206392925166,1.44343168118768,2.34843019307339,38.3662691717915,0.775796113162462
"SNG-M",0.29205660119088,1.20044103371349,2.35941537594764,8.24977631969426,1.11211551379032
"SNG-M.1",0.29240574734563,1.31575445134623,1.61188359941822,3.67464925917801,1.25489690333058
"SW1990",0.255753454198145,12.0805401975552,0.47242147808656,34.8240097909462,0.968286205801053
"SW1990.1",0.24806438088354,3.76288416718736,1.49172959264134,48.4934703468275,0.359669992889149
"T98G",0.241881775261187,1.16656823002677,2.59200558714404,38.4266628032138,0.663328728701742
"T98G.1",0.265304978740916,1.08297433697919,2.29240249673618,30.3668494863474,0.720311116014634
"TE-8",0.406190069929608,0.586480579650714,1.17370990521684,4.35940149760709,0.542623444958772
"TE-8.1",0.412831166652314,0.629776703076464,0.756088580338174,1.80526500567845,0.599879730856689
"TK-10",0.231899816093452,35.3405642641496,1.03642669168412,49.4861520776681,0.426593200689767
"TK-10.1",0.261237608758171,4.07096359188528,1.35868422661033,48.558267013453,0.299353956060662
"COR-L32",0.286321603416994,0.485009012360127,4,45.444450235045,0.266466431789586
"COR-L32.1",0.280145226252318,0.649248862615776,2.95951546749513,45.7061476683266,0.283253688559377
"VM-CUB-1",0.211938542692685,3.9420896650096,0.974708575663961,34.1304129005088,1.21447809192695
"COLO 680N.1",0.0958323712294551,126.305451510995,0.469311910144796,19.6227550133876,43.6792762889862
"EoL-1",0.477824315858961,0.324327782138021,2.64578735307611,4.79565992885199,0.31220033318962
"EoL-1.1",0.550865812497903,0.219677985214657,1.16413139827202,0,0.219677985214657
"Karpas-299",0.487746229115817,0.279888798286514,2.01005322683665,8.01229457634496,0.256596815136655
"LB831-BLC.1",0.202609242087978,1.88909933272558,2.65509858605428,31.4580723112428,1.30015531968653
"ONS-76.1",0.200002125955428,4.54293664206171,1.03377564537177,37.0651174694492,1.22832836538135
"Panc 10.05.1",0.243950203290986,10.138075381712,0.663748380515473,42.240502547138,0.612230042354396
"PSN1",0.184919214700116,2.92834159599824,1.77733053297033,39.0104797462415,1.24855739243868
"SF539.1",0.535788174353211,0.229933235755149,1.6079180533934,2.72660652840759,0.22205263871919
"SNU-387",0.27838117216935,4.04384626468881,0.43996140631012,1.266520423317,3.8147700343773
"SNU-387.1",0.207461855263977,3.39510982719663,1.61350977659114,46.00086424365,0.709524041091739
"SW1271.1",0.268221886640606,1.243254977067,1.79931877293042,45.0714063282013,0.343022377346601
"VM-CUB-1.1",0.219220315840248,NA,4,58.2651722211909,0.265651063662987
"EN",0.324427456267468,1.16746310621895,0.876759887330305,25.4009239383567,0.519865879728843
"EN.1",0.331442480090943,1.13612518247732,0.838317544272787,16.6567837321222,0.7006910799469
"GR-ST",0.402717690040136,0.38231368285673,1.51025969958339,25.4791523740072,0.238523708255272
"GR-ST.1",0.35194697875862,0.522713167825874,4,21.338372285988,0.454826910304748
"KYAE-1.1",0.190348461970933,5.06722671759296,0.73169266051469,0,5.06722671759296
"NCI-H1581",0.317464793662,0.906006858343219,1.51157481896215,20.5910011387591,0.637746797325512
"NCI-H1581.1",0.24874039538455,5.22815211234482,0.468225990245108,0,5.22815211234482
"OCUM-1",0.17934186480051,NA,2.57454005524477,59.618964327253,0.465354330884502
"OCUM-1.1",0.211507414915417,NA,3.60848996145067,67.427791486812,0.112740863066961
"RF-48",0.281699670185976,1.1932988033606,1.55218457418306,23.8345936329818,0.786244806017655
"SAS",0.417045202103,0.334192986124577,1.28028327975207,29.1255923192619,0.168923921383859
"SAS.1",0.417787186741542,0.387353231616493,2.48539981743369,14.9835407087854,0.335632936338631
"SCC-4",0.122740419035203,NA,4,76.1772715305908,0.284738200256625
"SCC-4.1",0.0877358540133689,10.6600994885456,1.08662476584629,0,10.6600994885456
"VL51",0.354197420318857,0.67111732087562,2.6136201787673,13.2151652501685,0.59675482001837
"VL51.1",0.34779056903583,0.697379949489243,2.03479567356346,15.6961551615035,0.579501939288567
"SW900",0.259863518953694,NA,4,56.9545075643264,0.154543589594024
"SW900.1",0.23194275968418,NA,4,61.5123942223088,0.155671044863302
"TE-15",0.32880481950932,0.608846047792684,2.13456223924852,29.2952667449962,0.402834147541477
"LS180",0.250951256491041,1.45405811609697,1.64741744983167,36.808848557922,0.64760827555719
"LS180.1",0.270158000259232,1.28832715303122,1.66508524249108,23.636475628314,0.877178216624483
"NCI-N87",0.253515407165138,NA,4,61.446838282199,0.106517571301583
"NCI-N87.1",0.337021850716919,0.52344501466695,1.71768532545668,42.0803044078316,0.179050595860521
"Fu97",0.143625791961637,NA,4,63.5480687283655,0.657732838012477
"FU-OV-1",0.163666986603596,7.97357995614699,0.673365794922471,0,7.97357995614699
"FU-OV-1.1",0.120291157466766,5.61541998721219,1.8530191573207,34.8905640279021,2.94380671936824
"EW-3",0.203463603669998,3.31941617641611,0.966289930596913,0,3.31941617641611
"EW-3.1",0.271482869765791,4.87087537486726,0.416373241254229,0,4.87087537486726
"UACC-62",0.0503597322916432,NA,4,66.0571298893551,3.603722800235
"UACC-62.1",0.166382300153316,NA,3.52166376724149,63.9944157974162,0.410963229758126
"WIL2 NS.1",0.522216244116861,0.228472607912302,1.57935800325522,6.70439655585973,0.20856647626423
"WIL2 NS.2",0.446896398105661,0.36882920336922,4,7.61705544565588,0.353900014948298
"A-673",0.221242924779474,5.26012555383841,0.563953049484215,0,5.26012555383841
"A-673.1",0.279137760593804,1.43527585672199,1.16582762039715,28.0221224673399,0.709134568158911
"HCC1395",0.249496403117811,1.61055549723667,1.66867247824476,18.2937607013269,1.22581013602746
"HCC70",0.0709546027840716,NA,3.17969445797412,56.1037289271579,3.29109808707139
"MDA-MB-175-VII.1",0.18715690063463,7.38347985336732,0.59140592530649,0,7.38347985336732
"MDA-MB-468.2",0.149549428173957,4.45904944974767,1.30479804681769,0,4.45904944974767
"CAL-148",0.267796495620669,3.53377122272979,0.593197577482125,22.4697592046067,1.29226613066793
"EFM-19",0.134065238812874,7.10056816990216,1.04339719196762,19.3989341763408,4.43535616346951
"VCaP",0.142230294052066,NA,4,58.6252920223537,0.930684462514149
"VMRC-RCZ",0.109973524036432,NA,1.17007841560682,59.3396808779912,1.70560124092807
"VCaP.1",0.131032715386721,4.75413867521957,4,49.2145483580263,1.68309723902245
"LS123",0.254909890592953,1.54008633242379,1.5109119857063,39.499887640386,0.548223541519149
"LS123.1",0.200605678222216,3.37581726646265,1.03866396128423,17.1208322401571,2.25479191843175
"PSN1.1",0.292554998721244,1.24120699644498,1.41184387945352,13.3660151046914,0.99578086333329
"PSN1.2",0.263237914579871,1.31517573587374,2.41120655924911,17.8808045040712,1.09463779883983
"CAL-72.1",0.386080622528716,0.531307654744033,1.32251584232143,19.4419032851078,0.366143600541782
"CAL-72.2",0.363138501980325,0.679044031899681,1.58506835279239,13.1232290880544,0.560381504793053
"CGTH-W-1",0.0492868639050744,30.5448165045772,0.907599175015299,0,30.5448165045772
"D283 Med",0.469557395917967,0.364416519899117,2.87182738326858,2.62725806453591,0.357631274097295
"D283 Med.1",0.455390233590484,0.407633555413174,2.8337523023798,2.18580139865448,0.40125388408622
"HCC1395.1",0.419784700412524,0.59033327317469,0.708759885511168,5.48807460524635,0.501019982567303
"HCC1395.2",0.391041152366196,0.505456774652554,1.6131321880711,16.5050295478083,0.394298642376148
"HO-1-N-1",0.330470194744965,1.49624726683566,0.598966195742513,0,1.49624726683566
"HO-1-N-1.1",0.304508600597666,1.22127478717206,1.13582027905354,13.5292832111481,0.92506678118506
"Karpas-299.1",0.545367042066122,0.18071109294706,2.78956508399783,7.47661612006793,0.170517371024921
"Karpas-299.2",0.512092440635069,0.2429718957326,4,5.60352196599758,0.235858032203471
"MLMA",0.425247077846372,0.156463022582312,4,33.8442460078215,0.117964416147508
"MLMA.1",0.416991795644533,0.256804875677508,2.56642669720917,27.505232567981,0.188121860597057
"SNU-16",0.435214329763989,0.400708197857782,3.1940032809416,8.14850243527051,0.379000218559301
"SNU-16.1",0.400136420106645,0.549069453702837,2.78467350701898,6.33897463207554,0.522979160177715
"PCI-30",0.226509498124524,19.9209158544292,0.323151172481207,0,19.9209158544292
"PCI-30.1",0.232323310477645,3.24326345148139,0.915109314960677,32.0303495197536,1.060044246885
"RCM-1 [Human rectum adenocarcinoma]",0.306651351897983,1.42406695961466,1.14802915274776,43.9924560299313,0.224863617645618
"RCM-1 [Human rectum adenocarcinoma].1",0.255948984665147,3.02079490144807,0.895674735951088,38.0136163504815,0.613184276998105
"SK-N-AS.1",0.363263059003943,0.516586932314469,2.37642083940049,21.6317884182313,0.406975539174352
"SK-N-AS.2",0.36765908287335,0.489445507183868,4,19.0451871607924,0.434154084141457
"SW1116",0.134763329265082,12.238859611412,0.665424625160499,0,12.238859611412
"SW1417",0.285702935621982,3.39732560276785,0.505030432806435,15.5609210169907,1.62377498904577
"SW1417.1",0.304761835209786,1.42440549234261,0.976247614451739,37.2090442126632,0.352501908191462
"VMRC-RCZ.1",0.153428057231995,NA,0.520904916171081,68.9790815995455,0.333239349885992
"BT-20.1",0.0969267660758341,NA,2.47028449568802,50.2544124802956,2.62921036795666
"A-375.15",0.358576886173935,0.923813283898014,0.93202992668645,0,0.923813283898014
"A-375.16",0.321976640489722,1.17761661959048,1.06876342547125,0,1.17761661959048
"A-375.17",0.2278522756206,2.08415954008989,1.40613205047733,25.1014249744623,1.26937998494275
"A-549.11",0.223043749572967,3.79674031797786,0.693196483340852,0,3.79674031797786
"A-549.12",0.156969730021761,3.22613418546363,2.27229992108552,28.9235107248968,2.20584919969167
"A-549.13",0.182383624878529,3.196530330083,1.45925668361946,25.8726938675189,1.94005567560809
"A-549.14",0.196039062386352,3.00814354149633,1.30138217092279,23.8040202458782,1.83053331235094
"A-549.15",0.201663919152811,5.85850097857371,0.609455206583192,0,5.85850097857371
"C32 [Human melanoma].14",0.0975400614126046,59.7958288771622,0.493636729739615,0,59.7958288771622
"C32 [Human melanoma].15",0.0831808083384327,38.0304177413565,0.620224998981383,0,38.0304177413565
"HCT 15.15",0.347213755868602,0.842872932558061,1.73260360870739,6.18188987226208,0.781053978015739
"HCT 15.16",0.391548329443283,0.690614545815102,1.07906718046858,0.931968988723272,0.678676941948195
"HCT 15.17",0.330983330420493,1.11190914593755,1.02573424431588,0,1.11190914593755
"HCT 15.18",0.301120034089442,1.54094299007845,0.831313131496303,2.1529990444251,1.461478695314
"HCT 15.19",0.298935023288758,1.15472728721779,1.29954761710949,19.4141145427749,0.791098889682663
"HCT 15.20",0.339097129132459,1.08901843481933,0.861267755642243,4.17050139351108,0.98427744239256
"HT-29.15",0.416803863154731,0.350317328841693,1.67120736691786,22.2260624236816,0.246421352562666
"HT-29.16",0.381426444410284,0.370834641532745,4,23.7628730935304,0.315621707418755
"HT-29.17",0.479934354610565,0.198623311557001,2.77049396184261,18.9670611739481,0.167209599024191
"HT-29.18",0.468751165773238,0.226637200394492,1.43331939603753,22.9674376844408,0.147568123102583
"HT-29.19",0.415359817711838,0.278906971869726,4,23.1925954607524,0.238660508417009
"HT-29.20",0.462531437694578,0.258997326730234,1.44401891560861,20.1995846362554,0.180990124095876
"MFM-223.10",0.266925512732748,0.920489160060297,2.55179508624256,36.218952162249,0.555504626200241
"MFM-223.11",0.321383413782526,1.22657344694778,0.862561575575477,26.1480823520686,0.520029923382915
"MFM-223.12",0.299301601446522,0.839648344423169,1.7319925261969,34.4009689468521,0.42857028145347
"MHH-ES-1.16",0.253464595638657,1.10030625521209,2.37181738163095,36.7102407744586,0.629350386493038
"MHH-ES-1.17",0.250933570538043,1.33986959480854,1.8298983902062,39.3687632977313,0.574933967326161
"MHH-ES-1.18",0.288090518732203,0.907170741774782,2.05756807023086,30.2375060313175,0.577782533882443
"PC-14.16",0.48524580513872,0.224159095721208,1.20763013190589,20.1811533216575,0.146107439670408
"PC-14.17",0.470450982345087,0.212758304862085,2.08462611991937,20.9117857091816,0.164072251260636
"PC-14.18",0.456287865905016,0.249973598172079,1.65539995109448,21.8078025075779,0.176837075201112
"PC-14.19",0.461411525655523,0.244398926313147,1.39548179624518,23.0368072624092,0.157003215517868
"PC-14.20",0.471086638318294,0.287779150904618,0.977850378383674,17.9140911587832,0.182826758338342
"PC-14.21",0.442270122693821,0.425171396401961,0.822327591115264,13.4391673198323,0.290560020193818
"SNU-C2B.15",0.353344014126488,0.635874927120012,1.53905037481395,22.3685585783695,0.432531312788615
"SNU-C2B.16",0.357585301578739,0.742046449517846,1.06819187252591,21.1627789456939,0.443274734549345
"SNU-C2B.17",0.337975078328306,0.845673882206567,1.13397367053075,22.9599950626084,0.491790499489681
"SNU-C2B.18",0.312625465672599,1.18696268664309,0.992893722596217,20.7912945659876,0.690730260055222
"SNU-C2B.19",0.278909066054776,1.15770642898609,1.60648813297824,27.9287717646833,0.695873352319192
"SNU-C2B.20",0.2901825430485,0.95177681133482,1.82058051325149,29.6059140633355,0.581582296554721
"SW620.15",0.28107386607975,1.37675551585472,1.46998259167992,10.7472996313647,1.167774703678
"SW620.16",0.280517367736144,1.33308661279175,1.62770378513592,11.8837078340698,1.12836604788756
"SW620.17",0.268775551627861,1.47145407324731,1.67571767007757,10.6448285112545,1.27556540057865
"SW620.18",0.254509914553109,1.91601452152342,1.09926981385485,18.2860671154733,1.26629250393437
"SW620.19",0.227949768369308,1.25973997358473,4,32.5770728977456,0.967873700650695
"SW620.20",0.239596718026243,2.08778899650997,1.18856742127709,20.5824770359379,1.33619599886689
"U2OS.15",0.357553771610974,1.10215265537891,0.641708441933158,0,1.10215265537891
"U2OS.16",0.331666784856944,1.1131568854629,0.851644952723775,20.5813423130295,0.597149617428355
"U2OS.17",0.323027764364457,1.03686032568675,1.05320820878503,20.283375012145,0.632653325103864
"U2OS.18",0.265126747015077,1.78449515016527,1.05736528853656,23.1906140401347,0.989732017162743
"U2OS.19",0.237477807443016,2.24771115122138,1.16007602731061,30.8244810972062,0.983900516558878
"U2OS.20",0.313773381377974,1.4868758817034,0.738478223886545,8.43769390064807,1.15765117394201
"AU565.5",0.0961040565418657,4.91337783339711,3.94413411180644,28.1575926802495,3.98280615918846
"AU565.6",0.0855938463053849,5.98623824991275,2.77726875806615,15.6708383227106,5.22820697512955
"AU565.7",0.0911460713739663,5.15306006763235,3.96857975031187,28.2405102294254,4.17849332474347
"CAL-85-1.6",0.118236291004763,5.35785303903656,1.60218564808013,0,5.35785303903656
"CAL-85-1.7",0.131432933092535,4.700452560085,1.73349508975207,21.0291837498852,3.43096520845606
"CAL-85-1.8",0.137305458292407,5.24163943237507,1.2437223137611,4.64764272294412,4.8461844652571
"HCC1937.6",0.181666689311759,NA,1.3939826055813,50.1043967727028,0.81786171856357
"HCC1937.7",0.182960899452893,NA,2.12756392024777,53.4188009415795,0.657985718413792
"HCC1937.8",0.172078738090124,NA,2.00739044148399,55.593925326934,0.682995456585528
"BT-474.5",0.0826703257406248,12.85691569487,1.00234016386531,0,12.85691569487
"BT-474.6",0.109339616868487,13.6788808295275,0.76130122437823,0,13.6788808295275
"MFM-223.13",0.211013545011399,1.77311662745699,2.29086649245219,36.5624351946244,0.99917064044944
"MFM-223.14",0.210155513131299,1.90756360369028,2.08684154977466,34.119999523823,1.1009906236937
"MFM-223.15",0.209888027155441,1.75431121550285,2.4835118493246,33.6113974468807,1.11956406713602
"MDA-MB-330",0.128264258298865,13.8060765957492,1.71179508792409,48.4102591361739,1.84150837961702
"EFM-19.1",0.213554914924507,1.5404312949977,4,49.1975267232972,0.548286403956846
"EFM-19.2",0.206221968655107,NA,2.82502370945265,50.559539086823,0.560793949055808
"IST-MEL1",0.283089219758169,1.15368835017011,1.53284049589127,42.6017852909622,0.331674815457563
"IST-MEL1.1",0.229294882407781,8.31562559411594,1.73703005769166,49.7092248478764,0.429515050767956
"IST-SL2",0.434554297778526,0.291209844582663,3.75428787597875,17.8544524020286,0.258883697811255
"IST-SL2.1",0.438787724145851,0.31134373137288,2.04817820103529,17.691440313548,0.251561669775866
"NCI-H810",0.406203962690974,0.508464521074754,1.80669358510827,9.34492807552803,0.45344644992084
"NCI-H810.1",0.345821098080793,0.790670827767912,2.10297713447625,9.50237034195291,0.715264645876733
"SW1088",0.229978484935274,1.93542299416153,1.7269353841269,43.0551013418833,0.617085005723427
"SW1088.1",0.188319172350175,2.53223280552252,2.05488356545996,40.4308424695234,1.13251833537021
"SW1116.1",0.191519821732656,5.91159715665065,0.72228565901479,16.7506858936035,3.36039321067937
"SW1116.2",0.241631462996761,6.68608104280263,0.439399037768244,1.42858094382658,6.25922636232719
"SW837",0.322680093640612,1.19153877733213,0.938546590408742,5.78820846309131,1.04514781956156
"SW837.1",0.258862527383873,1.44522286093881,1.85817062784493,18.3254257103527,1.13041758919694
"TC-YIK",0.424378780962776,0.402107573238802,3.61562621454582,10.6229450769683,0.376403614974274
"TC-YIK.1",0.405682360119835,0.482460380363209,2.6292764659938,10.1157626979057,0.442715651954381
"TE-9",0.270451979323511,0.861361316033571,3.27504769385072,32.7076628739621,0.622857273816265
"TE-9.1",0.266665740682465,1.82960251537615,1.00175456626062,14.6363892703004,1.29481223273799
"YAPC",0.255894688168619,1.80037852654804,1.3399381800254,40.7266847993164,0.511997391175209
"YAPC.1",0.214016762634214,2.06774180338453,1.92343858647143,42.6939377553207,0.760727169572299
"HCC38.2",0.253985235510105,1.21731499414467,2.19895092980374,30.7091571961234,0.789413829296276
"OCUB-M.2",0.131148748469678,4.38363975385934,2.03275938290112,0,4.38363975385934
"CAMA-1",0.078932368355192,NA,4,63.1729374819659,2.27689455770085
"CGTH-W-1.1",0.0629112671871883,NA,0,87.4177465625623,0.00845591233179886
"CGTH-W-1.2",0.0446094685620844,NA,4,93.0026273818074,0.12234572243988
"EB2",0.426517439436472,0.352689968575277,2.40802085534557,15.9213019178792,0.300783897590491
"EB2.1",0.474507540483943,0.305627756664175,1.10185528155266,12.0023378679792,0.238231784426884
"HCC70.1",0.265553448222235,1.75371644536799,1.09541120272303,29.6524913151679,0.77180908624355
"KNS-62",0.224873564164582,6.09681396262888,0.66821996976535,31.0120500625933,1.43163144310809
"NCI-H1755",0.411868672750771,0.316501858060887,1.41126872076997,31.1537575269539,0.158532352809456
"NCI-H1755.1",0.454936753253182,0.233367778017285,1.57838356107807,24.9736238454653,0.150525681770684
"RPMI-6666",0.490053503131461,0.26826953656584,1.33565005600253,10.7471738599273,0.223812210593201
"RPMI-6666.1",0.455014818359128,0.30128354224835,2.25663491035442,13.7732970177701,0.261193394883433
"SK-GT-4",0.238327508010784,9.39112990605017,1.07200652497811,48.2000625601776,0.422648393832885
"SK-GT-4.1",0.183339937375332,NA,3.46974472873955,55.4447391938016,0.582953594273644
"SK-OV-3",0.300940937996883,2.74891436480775,0.465420367242166,0,2.74891436480775
"ST486",0.5216047441194,0.222696377000668,2.90868628668266,6.47171200864774,0.212332790261054
"ST486.1",0.482154161986413,0.293575391501666,3.63834593921887,6.64487833098815,0.282291816923283
"SU-DHL-6",0.372431031623161,0.727230475941876,2.57814574340393,2.65775170706668,0.711985621414264
"SU-DHL-6.1",0.382607796899253,0.715082771779943,1.78071124562623,0,0.715082771779943
"UM-UC-3",0.125009975674227,6.00497349561008,1.21627895353194,0,6.00497349561008
"VMRC-LCD",0.251611953578274,1.06463933976092,2.64225708889124,36.4231288709476,0.650020803153616
"WSU-NHL",0.434084823657444,0.474662881365997,2.58282804329596,2.17889786521828,0.466544763650294
"WSU-NHL.1",0.493508855639402,0.330912638561487,1.65908721549301,0,0.330912638561487
"YH-13",0.258489496218397,3.65751932306627,0.536196403833849,0,3.65751932306627
"YH-13.1",0.220187395420419,1.22135308344106,4,38.3420131379269,0.848700821348166
"WM115",0.127301884439912,NA,2.34123560456008,71.089714247202,0.477778115762409
"U266B1",0.212507684598452,1.30605861694851,4,39.473508949542,0.884689910099056
"BT-20.2",0.0996686072591653,4.90372083223449,4,43.3908274551158,2.95678679075078
"A-375.18",0.352524622556961,1.1171683378196,0.675904863803478,0,1.1171683378196
"A-375.19",0.346622871101716,0.810615513619017,1.78997548239516,8.82063476288893,0.72731857878958
"A-375.20",0.330640643308083,1.00242631920346,1.37912108443772,4.79515772312561,0.931759750221608
"A-375.21",0.344993070097473,0.80928831253418,1.68795378773126,10.3358904584512,0.705538786105816
"A-549.16",0.234226285812709,3.05107860253026,0.7604029187142,0,3.05107860253026
"A-549.17",0.249427668477587,1.53002510463568,1.84398099374749,21.1702260143974,1.1350574554109
"A-549.18",0.238167162170003,2.922834625038,0.763633030106771,0,2.922834625038
"A-549.19",0.284572388193963,1.85971045084236,0.78091618084205,0,1.85971045084236
"A-549.20",0.205816274122306,2.2363455697325,2.2452098743199,14.2760246307228,1.92533821809733
"A-549.21",0.241501134035476,1.18150118263027,2.93480536175053,33.8134763027753,0.804516667338832
"C32 [Human melanoma].16",0.202786080023374,8.06070587491913,0.51265966284603,0,8.06070587491913
"C32 [Human melanoma].17",0.235348436176423,8.94819646580897,0.401292467897198,0,8.94819646580897
"C32 [Human melanoma].18",0.222938223611194,6.56692425598939,0.495819497396338,0,6.56692425598939
"C32 [Human melanoma].19",0.174042923169076,6.09303296121053,0.861568445843841,23.7597296441407,2.88298820866029
"C32 [Human melanoma].20",0.157843850272822,13.1393232342009,1.59478838337138,48.8855763740958,1.20989934150562
"HT-29.21",0.468944213084884,0.219385337216598,2.65503792565482,19.0136038822195,0.183206845349085
"HT-29.22",0.40785854587327,0.241692056747324,3.6869277885928,28.7693319795273,0.191585944265954
"HT-29.23",0.446527217399368,0.242886791330727,3.63584835735507,20.0744038158886,0.210906629509487
"HT-29.24",0.500055497945497,0.174299560648397,3.15367293192042,17.4863261851439,0.152065539164704
"HT-29.25",0.465285405268215,0.254010663355008,2.66602173578556,15.7544375807671,0.220394067535101
"HT-29.26",0.521509141365999,0.170092796070542,2.02122163191989,15.2895007748701,0.141991868539636
"MFM-223.16",0.292524151547825,1.76737650181509,0.803611761273348,23.5678228202691,0.799535987728637
"MFM-223.17",0.31884678035317,1.07924458936423,1.02443679407581,24.6742158892737,0.555596347796294
"MFM-223.18",0.261278168336747,0.891062878523615,3.27538049017965,35.4056580607384,0.611834612658973
"MFM-223.19",0.274943185486618,0.640343664471922,4,39.482103547361,0.433663468107206
"MFM-223.20",0.246700589930849,1.25152197708767,2.11633120771582,40.4541300736809,0.572303757993035
"MFM-223.21",0.235575069992743,1.10217699853794,4,35.1355645429725,0.813852959803932
"MHH-ES-1.19",0.173231262657635,3.74889538146033,1.44739930184147,33.4660351722257,1.74527688210127
"MHH-ES-1.20",0.217249401336334,4.19511257442788,0.85081996650873,30.5303599191876,1.38455902492575
"MHH-ES-1.21",0.214234774133714,1.57860740428519,2.6329021759356,38.3072160962554,0.909064842309798
"MHH-ES-1.22",0.269596192181515,1.36930223562635,1.46142018374733,24.5619322445788,0.862336827450933
"MHH-ES-1.23",0.254136952262463,1.2319270269408,2.05278659251124,33.1649439992694,0.724912557440659
"MHH-ES-1.24",0.223977481681276,1.89847607430135,1.70925893579801,30.2903705597931,1.10122184710635
"PC-14.22",0.445066703452463,0.281452231831599,1.79452563510352,20.3553729838096,0.210327224319317
"PC-14.23",0.464865068289771,0.295024676200408,1.4608557107877,14.4291007351254,0.233686333585112
"PC-14.24",0.449365204038955,0.301720387768649,1.1928531062652,21.5228003261703,0.188216099879497
"PC-14.25",0.470835787528818,0.253100134962654,1.85996589035208,16.3521496824124,0.204555303899851
"PC-14.26",0.466059554407825,0.221070501590943,3.13363564676212,18.7434615803258,0.190292381089861
"PC-14.27",0.429101061220247,0.351264383413734,2.67644241587478,14.8389326967422,0.307966211518051
"SNU-C2B.21",0.321792355830306,0.69425923629811,2.24042795885632,25.6325396754643,0.503722395953626
"SNU-C2B.22",0.344581872462081,0.753374080052925,1.31823795769561,20.7027013671654,0.502238644712915
"SNU-C2B.23",0.313909037306646,0.886514556935996,1.46986318927102,25.9658151935663,0.538571719721344
"SNU-C2B.24",0.30394318236716,0.819745737696502,2.08778354868762,26.9178340898797,0.566095595520096
"SNU-C2B.25",0.300994503256016,0.872144812311114,1.92177426252552,26.8449902653218,0.58428096872825
"SNU-C2B.26",0.325838016996582,0.794267562807224,2.06466577892189,18.3231769877333,0.636732344483993
"SW620.21",0.274253876061295,1.57535761676319,1.13186361252768,16.2264402882039,1.11387644524279
"SW620.22",0.307310682772402,1.0226671173981,1.39090721662019,21.0185061018344,0.690955849620137
"SW620.23",0.305116200036852,1.09928666652724,1.266550946225,20.2402656595206,0.729783353444745
"SW620.24",0.293866244324536,1.09269376520354,2.21190839664818,14.3084501368592,0.938229744615412
"SW620.25",0.326864991814364,1.04698360718786,1.22508362890074,6.01432425407376,0.942990419995356
"SW620.26",0.339251017476203,0.90988185432425,1.37660577938408,7.73125865920447,0.80536331888823
"U2OS.21",0.271971539367928,1.84723492192892,0.925417185450669,8.61741600877506,1.50573575635232
"U2OS.22",0.247707134603913,2.00894706538958,1.15344815198504,8.7607220057291,1.69996136468689
"U2OS.23",0.296594695068759,1.66437541020967,0.784895638061078,8.99866242982212,1.29259797935974
"U2OS.24",0.295225624292896,1.40750885225258,1.01691212529648,12.5785903977485,1.05850829305989
"U2OS.25",0.282973817376076,1.39742809714441,1.32035778515091,11.2012934671752,1.15319572951464
"U2OS.26",0.289662822891873,1.62350008015524,0.907548816272087,0,1.62350008015524
"A-375.22",0.344333152590803,1.20897933505053,0.669878927448572,0,1.20897933505053
"A-375.23",0.372018131257235,0.733595483140103,1.02840811291646,11.2373622599572,0.572735254212147
"BT-483.2",0.0757281463549273,NA,1.80800441985205,71.1640155234033,1.65397973602333
"CAMA-1.1",0.144650071879949,16.9384240330441,0.795328571321672,37.4200723902608,2.98784582892901
"HCC1500.1",0.152674362884191,5.82927178132884,1.19673066576627,33.1345376236827,2.35087767800283
"HCC1599",0.314857172685822,1.0056092363214,1.77699531045536,10.3821114180744,0.882160202726415
"MDA-MB-415",0.022940057138466,NA,4,83.2975583328085,3.88137273174503
"UACC-812",0.06961203638522,NA,3.40724138782721,50.1315946087392,3.84232213249325
"EW-24",0.159894320037608,2089.75362474666,0.194358472263405,0,2089.75362474666
"COR-L88",0.206422490732239,1.37410459911161,3.79436977541341,45.1205932932003,0.744178323185166
"Capan-2.1",0.234315955497936,NA,1.35185285737049,56.4382019308369,0.242238610030019
"Capan-2.2",0.227362827315991,NA,2.6719691660482,58.4469138136804,0.228353043870925
"SK-OV-3.1",0.283916008311027,2.57360700214257,0.914822408605345,42.1909096886717,0.338137193291914
"SK-OV-3.2",0.290886719730212,3.61650963514956,0.642309306126244,37.1739806778358,0.434872494122476
"WM115.1",0.120371259560418,NA,1.7289208965248,79.005341627698,0.190032435858562
"WM115.2",0.157647030203791,NA,0.810698091091387,69.041313178537,0.294361584875392
"YT",0.392806105233373,0.638349851828884,1.9480773800338,2.33870515872582,0.622844205894627
"YT.1",0.391658114940613,0.598782513687952,4,4.75902402990753,0.583995632701708
"VMRC-LCD.1",0.183631663015284,5.01142360924187,0.781662849486405,0,5.01142360924187
"VMRC-LCD.2",0.158970487270069,5.9803126234002,0.846877354737593,0,5.9803126234002
"UM-UC-3.1",0.110525279754451,5.97701330487546,1.51622110018651,0,5.97701330487546
"UM-UC-3.2",0.178498668232981,5.04623252037068,0.813828840752401,0,5.04623252037068
"KNS-62.1",0.128088894057072,6.35940348071813,1.69921407391273,40.7254414044629,2.35949586157744
"KNS-62.2",0.19704372367766,4.76698105484738,1.12993056175034,40.732900374062,1.07248899281143
"HCC70.2",0.329579332724373,0.940991266798937,1.07530119860775,24.0162404542246,0.511946171274962
"HCC70.3",0.368318993254829,0.651091569732159,1.03205594836034,26.6752585805131,0.31101018834157
"CAMA-1.2",0.132624952481742,NA,2.4836273599871,57.7233488328263,1.14750534927068
"CAMA-1.3",0.124769993796649,NA,4,53.9756521533356,1.53757325828132
"ZR-75-30",0.0261179435846983,17.9964660005367,1.71710930835604,0,17.9964660005367
"TGBC1TKB",0.14065255998138,NA,4,64.0017398361166,0.672868664953391
"TGBC1TKB.1",0.211283500149476,NA,0.76852271322931,54.4168124643942,0.422928168423338
"OE33",0.362495234770979,0.730201522187668,0.949237188172316,34.7766823460963,0.208623402048625
"OE33.1",0.318979050504082,1.02063698938783,1.08788614737119,26.85123819025,0.502860323877899
"NCI-H2342",0.137445445650304,2943.82788128873,0.423825819156145,46.4422955932869,5.76400132391136
"NCI-H2342.1",0.109585199286697,NA,2.50269648840285,54.2023051496325,1.92755519804116
"KYM-1",0.464823265713114,0.268225013329011,1.36160429824635,18.8370131950301,0.189538980740269
"KYM-1.1",0.488371894498963,0.265464175317261,0.807042389495667,16.7526912829412,0.160111316917306
"EW-24.1",0.16281357230262,65.1541390359401,0.334658812016964,0,65.1541390359401
"HuCC-T1",0.410282751751354,0.324596806071718,1.92401705676428,25.286967433478,0.225050065454306
"MV4-11",0.473213019764904,0.349665717604809,4,2.97113134492734,0.344351267950666
"MV4-11.1",0.461591630144775,0.371086820164206,4,3.77949593135223,0.363866185628855
"NCI-H1648",0.357527728733619,0.325784809041353,4,33.1967626618345,0.248048479452013
"NCI-H1648.1",0.334123246698999,0.642288537328375,2.31810714163724,23.6165610607844,0.487484309748231
"NCI-H211",0.355252239603566,0.74283964924065,1.64539348510455,10.9786112394359,0.638939140019294
"NCI-H211.1",0.350576357076265,0.805279624354663,1.61886423532738,8.20477158626578,0.720877678229942
"Panc 02.03",0.397051419404659,0.464156971699261,1.08231979072133,28.1312445716806,0.21618974996143
"Panc 02.03.1",0.275695366795746,0.603616869683663,4,41.3176880250771,0.389652722005507
"SK-MEL-2",0.29289973043384,1.06747304358565,4,12.3526133208553,0.994370254511313
"SK-MEL-2.1",0.24592778649527,1.23759079982132,4,24.8923960735915,1.04180368283157
"SK-MM-2",0.115647267400935,NA,0.246145086301759,80.0071630683783,0.0810868900025387
"SK-MM-2.1",0.145110486933007,263.14538752029,0.310293989406404,16.8530281613083,69.9601290463344
"U-698-M",0.444040949491006,0.451538459486288,3.00490551739901,1.25872412948696,0.447723340668468
"U-698-M.1",0.439388000452883,0.467585470422469,2.97268773631595,1.16477272300623,0.463892544674558
"NCI-H2085",0.202199844140259,2.27231441164324,1.82799104469353,31.554034131547,1.31691830938237
"NCI-H2085.1",0.134358097589142,7.50767744105236,1.12864518323634,30.2122941476791,3.30230575715686
"SNU-449",0.144193848252803,68.3457636203826,0.365055198228505,0,68.3457636203826
"SNU-449.1",0.12697711938595,66.0843783930828,0.404159007022661,0,66.0843783930828
"SK-MEL-1.1",0.0535048449199433,NA,4,67.868373429064,3.1738114132043
"SK-MEL-1.2",0.0909133808481316,33.7404628202058,0.609400892449238,0,33.7404628202058
"HT-1376",0.270201223237477,1.93586681255449,0.889479359876643,0,1.93586681255449
"HT-1376.1",0.208999705568082,3.0512575860241,1.31732729234597,38.9180792112348,0.972186640597148
"Lu-139",0.252666158995439,0.86491419398621,4,37.5782507212515,0.610627294565391
"MDA-MB-415.1",0.120392289831349,4.50922730983772,2.58398349349226,35.4436121337621,2.79706669370718
"MDA-MB-415.2",0.0893757328313461,22.3666060444425,0.715909967804367,0,22.3666060444425
"NCI-H2066",0.233001411609261,4.61110237651494,0.560229402502634,0,4.61110237651494
"NCI-H2066.1",0.135707066345296,4.40877584654484,2.00917394425772,34.5325730122135,2.45869901967541
"SK-CO-1",0.430941810926045,0.477334834341969,0.882457048685636,10.1867035410847,0.368724709762693
"SK-CO-1.1",0.379821001680434,0.610728893569982,1.26903549164852,14.9935951244489,0.461156504415819
"SW1463",0.337541367247428,0.810830715905659,1.29429014315935,20.5259965280331,0.539000371164485
"SW1463.1",0.267103088229019,0.938245180081652,3.23991664418753,30.6080876050231,0.700411705391329
"COR-L105",0.273165651230773,NA,4,58.3062053011964,0.108300136302129
"COR-L105.1",0.26583096796407,NA,0.834844275352307,50.3356573080051,0.240833954375624
"EW-11",0.240169186559596,NA,4,59.3654767622804,0.168652384516347
"EW-11.1",0.243666984046404,NA,1.91208329538132,61.7297311057854,0.122522105145032
"NCI-H2029",0.214520973781099,2.28146198766912,1.49716764155841,29.2102146811082,1.26955805729801
"SW48",0.319011567887077,0.958957516769536,1.28729121934686,20.6160831375792,0.634543356647013
"SW48.1",0.246158096818914,1.37765667802092,2.84151215412764,22.4607048058464,1.11682802532557
"ZR-75-30.1",0.00780535169557246,NA,4,94.5069071868583,3.76628912206252
"ZR-75-30.2",0.0424801203913482,NA,0.0504507935864968,91.175632039333,1.38879151230238
"ME-180",0.309007855027523,1.43384407896936,0.84447403990176,0,1.43384407896936
"ME-180.1",0.260490919649033,2.00699750708736,0.964955373462415,0,2.00699750708736
"MSTO-211H",0.039490715440289,NA,4,58.767308438372,5.25633667290671
"MSTO-211H.1",0.0920894921270877,NA,1.63336998061634,50.2175147486015,3.02191945405247
"NCI-H835",0.25378145971708,1.1888807948384,2.05022015613952,37.9460601762502,0.593997788895237
"NCI-H835.1",0.354807182084053,0.777358361585892,1.06793259316927,18.9212616615731,0.498024613756218
"SW872",0.22825860262805,5.55888866096186,0.520859597892404,0,5.55888866096186
"SW872.1",0.161902526332504,6.35423439286086,0.788373543116851,0,6.35423439286086
"HCC78",0.249460438275901,1.26781468385344,2.06237391428412,43.2086768676174,0.481569388747075
"HCC78.1",0.199426950861914,1.45871191569206,4,42.9896488841996,0.892610460550086
"HuCC-T1.1",0.446760457275314,0.191280593417444,3.50817159921753,25.9030693254372,0.15534886736129
"HuCC-T1.2",0.415442318785732,0.337620403356348,4,18.0152723109175,0.301940832199346
"AU565.8",0.118801927695509,3.875806345203,3.97736679350955,30.9662774690535,3.0402114269838
"BT-474.7",0.0962152657734054,21.3206102896094,1.0113040252643,38.3136230072144,5.06484167422187
"BT-474.8",0.0723364807114449,NA,2.26862097248603,55.6161402368262,3.34765025555473
"BT-474.9",0.0874323803973157,17.6728762906544,0.804683459354734,0,17.6728762906544
"CAL-85-1.9",0.212913900796255,2.19325690066086,1.78785406070824,16.1227973052633,1.76411883438845
"CAL-85-1.10",0.1937050395546,2.39528751516543,2.09668147055727,21.531124749891,1.83103755879687
"CAL-85-1.11",0.180159624446559,2.65358399112398,2.22527819570475,21.8370577923688,2.05024379381122
"MFM-223.22",0.244238785886142,1.31611880965721,2.43422921744604,29.0774168695435,0.920161561994588
"MFM-223.23",0.257765497995852,0.976213266739754,4,30.1384044881876,0.77500720069261
"MFM-223.24",0.239237323342491,1.17496031194179,3.56127038748405,31.4880321018601,0.888901582354184
"HCC1937.9",0.141552122153806,NA,1.59762863937016,52.7052048421781,1.28521530740277
"HCC1937.10",0.174301070990416,NA,1.66079974193758,56.5767085593955,0.6222813344308
"HCC1937.11",0.139399034346286,NA,1.23503724182928,51.3481618209213,1.47344970971669
"HCC1569",0.177436631178095,6.60658919856798,1.5336433319003,47.2908262069502,0.987200139318534
"HCC2218",0.0996330146081235,111.630102153682,0.420078935423082,0,111.630102153682
"AU565.9",0.110341149081058,4.2473515443675,4,28.807644799116,3.42705057136202
"AU565.10",0.106693114915199,4.37624698687786,4,30.9813942489933,3.43679788649553
"Ca Ski",0.4262209803071,0.416029692953666,1.27933356482739,14.7212401231987,0.316764969390816
"Ca Ski.1",0.378319514099844,0.604594092142623,1.86569165986705,11.244942841203,0.527424895751793
"CCK-81",0.426461053553897,0.518860389626715,1.17202971910755,2.31414659134752,0.498299964343724
"CCK-81.1",0.404593521294507,0.546179620377205,1.51133058880761,7.42963509363322,0.491031757993435
"COR-L88.1",0.29593978316945,0.748761757709825,2.21671298304918,34.4896160718661,0.441589529420304
"COR-L88.2",0.275967923559519,0.901854248125171,4,26.5493745840157,0.746332685110183
"CS-1 [Human chondrosarcoma]",0.309844104862808,1.43047997083128,0.856456615778614,29.8466890379469,0.495129371123754
"CS-1 [Human chondrosarcoma].1",0.26667470037445,0.910751321122055,2.84633818336132,34.276681735906,0.606573256976311
"G-292 clone A141B1",0.130683955819847,NA,0.691705985683198,64.5056594281089,0.961030332643672
"G-292 clone A141B1.1",0.11859038579331,83.2291261933125,0.418525367016238,8.14294236339435,54.4270819513031
"K-562",0.371542653268951,0.630594310305189,2.47241060834637,10.1288265813445,0.575422495218714
"K-562.1",0.339555412685195,0.837239190887613,2.35914330894527,8.3282525393672,0.775012016982871
"KYSE-270",0.349861120058922,0.933194037493304,1.18925259762245,0,0.933194037493304
"KYSE-270.1",0.29579208122559,1.35790397576147,1.35778081439988,0,1.35790397576147
"NCI-H524",0.374610135240735,0.419805223040462,3.77439125233152,22.2063241828633,0.359319602850991
"NCI-H524.1",0.322721825968099,0.741913108436905,4,17.7726590374566,0.664762728701006
"U266B1.1",0.286125869328065,1.03728630173351,2.47158780395127,20.1790270397777,0.841564301421355
"U266B1.2",0.322115720663764,0.800514720922336,2.34643107262525,18.1343850142727,0.660675728563899
"Ca9-22",0.366383087846724,0.566126964859639,3.35874287786467,15.0167235968116,0.50901785237673
"Ca9-22.1",0.379777777844558,0.579254604424109,2.93551607351456,10.4168355069401,0.534942064846812
"HCC1599.1",0.484639370692725,0.227341133010493,2.98604943871365,14.0390291557808,0.203583344283706
"KYSE-450",0.329817718541201,0.821911517951283,4,11.0509487379982,0.772159086240122
"MFH-ino",0.0667646343799799,NA,4,85.5096337173852,0.414810825560179
"TGBC11TKB",0.462907381489611,0.362766604507747,2.16865089626003,4.98300591579619,0.345623603914757
"UACC-893.1",0.258758842514393,4.74296482964595,0.548614246189135,23.3083569115202,1.51067580530306
"MeWo.1",0.0782888898151302,NA,4,77.7628060925851,0.878817299315203
"UACC-812.1",0.159142972337926,7.10941220748356,0.74718172546182,0,7.10941220748356
"8305C",0.207266074936032,NA,1.03687943955639,57.0197995564192,0.360133673432268
"Caov-4",0.425236762492317,0.417031813431548,1.48989687932541,13.1930601399218,0.339526924457525
"CAL-148.1",0.479950213843366,0.303261960714201,4,6.03052237010664,0.293672488938095
"CAL-148.2",0.470925893190855,0.386738141912754,2.2113972027532,0,0.386738141912754
"SJNB-12",0.3004471721504,35.6864754236388,0.631368313813522,48.3904685893955,0.154508972683951
"SJNB-12.1",0.241524489471594,0.899446354471394,4,47.9165546786817,0.406376224947042
"SHP-77",0.335662914474409,0.830270885789606,2.49666113200999,10.1333219759152,0.758268842339991
"SHP-77.1",0.266934558544528,1.44886744859804,2.11874064976764,9.52334684982931,1.31134618361803
"SK-N-SH",0.267609058436809,1.16665626569245,2.42431407063794,48.4724165700427,0.276718564978023
"SK-N-SH.1",0.24801017274067,0.90070414095628,4,38.0396977525521,0.629905205019466
"T84",0.40022488783673,0.374446309840076,2.98423355021048,20.0159435636341,0.31548006024587
"T84.1",0.360838547303055,0.606762725625374,2.50712091933649,15.5364878172756,0.523068194186286
"KYSE-70",0.314144772862819,1.17872023031153,0.972520500403704,26.0498604786938,0.552988914828711
"KYSE-70.1",0.255205414544513,1.17606782479922,2.17979686156414,33.4692994373702,0.707810471023082
"BT-549",0.3291716385803,1.12302140712073,0.899267994069977,11.9048461529323,0.829962928602832
"Hs 578T",0.392223129392478,0.557916308098651,2.30909281868134,8.79035325427137,0.513101924746488
"NCI-H345",0.175952220820448,NA,4,58.4648953156199,0.536079338445306
"NCI-H526",0.328826934806541,0.81477679365557,3.74505668910365,11.9874315430989,0.757272185556621
"SK-N-FI",0.264091794791907,0.866729236091216,4,32.7187251263064,0.664561059212681
"MCF-7.1",0.00897838420702635,NA,4,77.2202331126708,8.42738961455135
"SNU-407.1",0.306587788509067,1.20099592841934,1.08218006546391,15.9662267098098,0.841720791688097
"COLO 205.1",0.266007765472465,1.21088759168554,2.68254934474563,19.8565471549267,1.00271016461872
"MDST8.1",0.274229121499028,2.03319858736926,0.776675397706588,0,2.03319858736926
"DiFi.1",0.316896772920324,0.527908073469336,2.53825992730355,36.4252858994453,0.315846896909835
"CW-2.2",0.322693511319019,1.67503265844168,0.569918308116474,0,1.67503265844168
"HCT 116.2",0.252912176672672,1.94589989744671,1.10628510626482,9.22468286372167,1.61829375229037
"LS180.2",0.25383708957046,1.51737109182521,1.54474854954736,25.8636160106804,0.94696731129341
"CL-11.1",0.305710307409487,1.44306827726931,0.921525897468299,35.0003276282092,0.390725012190199
"Hs 766T",0.25777098127625,NA,0.747003296719657,50.7290344980906,0.262528438400665
"Hs 766T.1",0.208570926205374,20.8182843364172,1.54933372276309,49.8101196859174,0.570383414377725
"SJSA-1",0.248365751292367,NA,4,53.0302880507035,0.259289668992143
"SJSA-1.1",0.194516408479459,4.16494606528196,2.28413014662732,49.1089033262588,0.714284805493112
"MKN7",0.286857833438726,3.85431976825334,0.422330051975696,0,3.85431976825334
"KYSE-450.1",0.399023326216868,0.560265983488138,1.58027136985098,8.04067848516939,0.501431574991325
"KYSE-450.2",0.366779708790643,0.676180449987453,2.45651593903278,8.5678804263716,0.626370735208048
"BT-549.1",0.372176838718679,0.821816940730469,0.828017841597506,8.02393614927026,0.665315928062077
"BT-549.2",0.335329363778723,0.964489339117253,1.17984276633176,8.98602267994212,0.815406287269276
"UACC-812.2",0.108789210400456,NA,2.59041169026381,52.7265792471059,2.05315670478975
"MFH-ino.1",0.139890181341702,NA,0.481012664946599,65.053095619176,0.879446287199987
"MFH-ino.2",0.0914102283783734,NA,4,81.623403864271,0.321981978404518
"HSC-39",0.479687604981135,0.298278067960604,3.98574006766252,6.61206064629859,0.287849830699185
"HSC-39.1",0.479476838499397,0.365055759887859,1.5091692369912,0,0.365055759887859
"NCI-H1703",0.522290418216554,0.165501833187673,3.27993893094623,14.1637244315018,0.149521019877747
"NCI-H1703.1",0.497426622756051,0.269434991620911,1.53312873813078,7.61452964474021,0.241909163165025
"SW1783",0.33752729752128,0.92233571015395,1.08579992406757,15.8904969779893,0.648513781154787
"SW1783.1",0.323559399215174,0.640267017304562,3.59771071828125,23.625945415085,0.535978387720851
"KGN",0.337573363016648,0.294289192612939,3.21939537340727,45.1033391004355,0.143001202876558
"KGN.1",0.341208051785976,0.378364731545065,2.32392442414959,41.9427277972309,0.172492946341437
"MeWo.2",0.212576545760416,NA,4,61.8901958089345,0.212190852254524
"MeWo.3",0.211336428673184,NA,1.80300445327236,56.663518227111,0.344561388276291
"CL-40.1",0.299619167566677,0.999547478471394,1.43556563535567,27.9517602179425,0.565065664596743
"GP5d.1",0.380856517462174,0.658800462813339,2.73458537663061,4.03444660194711,0.638840783678338
"8305C.1",0.230676381353767,NA,4,59.5984719660033,0.19375425206173
"8305C.2",0.239912155008307,6.54326809783433,0.685198794472651,37.9042372633746,0.824696380435601
"KYSE-70.2",0.275387485457288,0.978718183240575,1.94806069388744,36.7109846176834,0.495732456410324
"KYSE-70.3",0.257189296533158,1.03169320982011,2.9537279772862,32.2530974721387,0.726528034259222
"SHP-77.2",0.338042272157679,0.943025990370281,2.30609815007644,1.87853670638867,0.92749555302175
"SHP-77.3",0.338399409101079,0.858742284554064,2.39576118588792,7.31495607899335,0.80387698131995
"SKG-IIIa",0.256743261048962,1.59643799880596,1.4411642778872,39.8152752953066,0.529254113233766
"SKG-IIIa.1",0.237024692638315,0.911086107947776,4,44.223932557835,0.531159541616251
"SK-N-FI.1",0.324098010632594,0.847237461189099,1.70282313561992,18.3648337571864,0.647527057786794
"SK-N-FI.2",0.334420104755906,0.698415491280492,2.34603201913565,19.6487846561963,0.564553494697218
"NCI-H64",0.500186998861399,0.143915327263196,1.86802568857444,24.9608526954726,0.0993852813766456
"NCI-H64.1",0.526058343065616,0.166936885198555,1.93551957064058,14.9757325772272,0.138891805911754
"NCI-H526.1",0.279953565204859,1.09660428285221,2.1216662019218,22.458972604041,0.827905648367715
"NCI-H526.2",0.246830139051249,1.09318800637911,4,30.3125,0.865964323360065
"TGBC11TKB.1",0.467961224632649,0.286241647281457,3.09545267806856,11.0598322442673,0.264032924625262
"Fu97.1",0.26669594967666,1.32243695594238,1.95832095732984,47.1474320347289,0.30638870356949
"Fu97.2",0.21066913489075,1.28873894154559,4,46.7651183230533,0.649960629478416
"Hs 578T.1",0.334826621915835,0.292096840377303,4,42.105383010036,0.184126850402936
"Hs 578T.2",0.312904544975243,0.91323535874473,1.33049164244314,30.300309447428,0.453473378637302
"MeWo.4",0.199236342059766,NA,4,61.4926017358781,0.280495289152533
"A-375.24",0.313391953045804,1.10336056222266,1.98153949043865,3.78149790679227,1.06042826131021
"A-375.25",0.352616661397231,0.833518140837023,1.98993186859939,3.5290996070347,0.803415450084711
"A-375.26",0.308421315041906,1.11957039397113,2.09788464457625,5.12925385811861,1.06327275508623
"A-549.22",0.257388631511214,2.72095502038832,0.679696100266457,0,2.72095502038832
"A-549.23",0.236561910755916,2.02366290369998,1.29652807404261,23.222336512552,1.25016174595542
"A-549.24",0.254196834507521,1.92391316178755,1.11955199961532,28.6432307811153,0.899914573057283
"A-549.25",0.217993212492948,1.7736462792603,2.22371963993687,29.3391174287361,1.19196583640303
"A-549.26",0.242684510904262,1.67914970049231,1.56509190982166,27.3369333373295,1.01278392205999
"A-549.27",0.269732980257668,1.98324292122914,0.861348545537736,0,1.98324292122914
"C32 [Human melanoma].21",0.17086567368373,14.7153792225829,0.487409708726816,0,14.7153792225829
"C32 [Human melanoma].22",0.161621422501879,14.1444390689076,0.907669260829036,42.5268993328515,1.7423983400192
"C32 [Human melanoma].23",0.165551505625281,11.8809640258981,0.740547853594241,33.0672564707215,2.75333287573873
"C32 [Human melanoma].24",0.101942196213432,NA,1.76572825347972,56.589817908544,2.04160391647256
"C32 [Human melanoma].25",0.105488928478209,NA,1.94443025019756,52.815278205842,2.19140527427574
"C32 [Human melanoma].26",0.0909669850177259,NA,2.33704305136881,58.3716883158782,2.23884940781067
"HCT 15.21",0.381101463826158,0.752335631444648,0.934924433441447,3.76303081645821,0.691935729380943
"HCT 15.22",0.3972459407816,0.687192700984023,0.852253501775176,2.38024182665012,0.648968279915482
"HCT 15.23",0.371444210710345,0.82465183426379,0.928214888940114,2.04464265335106,0.78837967496391
"HCT 15.24",0.400289116778797,0.643275399054098,1.09050195946263,1.33654589757087,0.62748945594944
"HCT 15.25",0.383871846731943,0.741520138015896,1.0494437671945,0,0.741520138015896
"HCT 15.26",0.317259186998464,1.05585089861748,1.48051221416975,8.31884999793266,0.933731927788268
"HT-29.27",0.477118417654076,0.158581438472958,3.75618859026395,23.6111462722921,0.133770731136691
"HT-29.28",0.46513117735448,0.193471312077554,2.61217354394444,23.2087627950775,0.152363265026989
"HT-29.29",0.471481043348511,0.1973946188251,1.68715567293833,24.6075858938298,0.132105184319624
"HT-29.30",0.495146019941282,0.212496046167884,3.32195566071099,13.2934730352005,0.193617640488089
"HT-29.31",0.482465872504908,0.237025722451085,4,12.6494408763849,0.22035720478648
"MHH-ES-1.25",0.343207052343461,0.58919338061245,2.41767768956882,23.3206692226726,0.454385374044259
"MHH-ES-1.26",0.327805547849516,0.662290442085055,2.1541759256113,25.8234956027637,0.472664796813177
"MHH-ES-1.27",0.307617564548903,0.688761290946189,2.58287811966179,29.7886776444333,0.485028874864885
"MHH-ES-1.28",0.324673016586158,0.747061297432786,2.07978768259372,21.948055245682,0.565805887128872
"MHH-ES-1.29",0.314693129208598,0.889548849653123,1.83914156763374,18.9819410019355,0.686157883017636
"MHH-ES-1.30",0.326425822255778,0.765979791707926,1.93086690789733,20.9535083027169,0.578171225840227
"PC-14.28",0.457736617588342,0.285804403488795,2.67941802922585,14.0371829912241,0.252729368433788
"PC-14.29",0.44044487577216,0.331060255854204,2.13962802637074,14.8421687466266,0.280817149881973
"PC-14.30",0.485330852427161,0.237375924606893,2.42371070362392,13.3455483596221,0.20883419601832
"PC-14.31",0.462493167653053,0.318588354548438,1.49952396241754,11.8868241569343,0.265832679291343
"PC-14.32",0.449680314816373,0.320132599691817,2.33795082045341,13.0052694638929,0.281430124173416
"PC-14.33",0.446352152642258,0.372664958743715,1.90282393867343,9.25075750357604,0.334675989924965
"SNU-C2B.27",0.343386991874422,1.16771581599159,0.702015597807679,11.647153203003,0.800345600086481
"SNU-C2B.28",0.31735362294856,1.17529248392638,0.940840042936044,25.256812672676,0.5564432463033
"SNU-C2B.29",0.317777900892564,0.868635344108521,1.31612813285063,31.4964167991755,0.408149393221296
"SNU-C2B.30",0.265932993876048,1.07304304845939,2.07097970940061,34.0478889751355,0.618078523662118
"SNU-C2B.31",0.282526374461603,1.06178454746185,1.72752371207987,29.0732548912434,0.641314072069792
"SW620.27",0.262889932548811,1.36250600949713,1.71303917342054,23.5076686135857,0.940392021643827
"SW620.28",0.297722160907497,1.13724550362562,1.33822176966228,20.8666210535304,0.759560803511019
"SW620.29",0.281414905165784,1.36153693026974,1.38064604520539,14.4285648186302,1.06396757651416
"SW620.30",0.236970707728681,1.70241693895961,1.96175286219728,19.3548810099588,1.32644434503539
"SW620.31",0.271500784604526,1.3818079878429,1.70530552699819,14.5593194783913,1.12927292866505
"U2OS.27",0.302222289175983,1.3365920916559,1.02127823876724,9.67391252288671,1.08283083923766
"U2OS.28",0.324500547630742,1.08364799943065,1.0461002307653,11.4422326656195,0.84528587821394
"U2OS.29",0.231214001289019,2.41294955967998,1.08735104234642,0,2.41294955967998
"U2OS.30",0.250067395817718,2.07172205288475,1.0693438276788,2.03906761885002,1.99260718555492
"MFM-223.25",0.252610832488422,1.37440726951468,2.05438786605531,24.96387335258,0.981500316855719
"MFM-223.26",0.18296289111979,2.41468353455534,2.34258390375858,33.1473115340042,1.5179060681634
"MFM-223.27",0.19585972295278,1.71903794508414,4,33.7395921658171,1.29815281852678
"A-375.27",0.412911500113283,0.537928399868382,1.32497451315796,5.632460773605,0.491530407571064
"A-375.28",0.381926012666002,0.581643521196479,1.86105456527791,11.7914931829681,0.503374763897793
"A-375.29",0.411642600829144,0.546325909913735,1.30585888379568,5.37385086536008,0.500768671680518
"Mono-Mac-6",0.414180936137452,0.483876879027514,2.38967835418685,7.66606815025696,0.451323073867541
"NCI-H2009",0.343709406329174,0.807458310341367,1.9867127433057,9.61184976907647,0.725190393969743
"NCI-H2009.1",0.326752291160868,0.984003302869447,1.58607256916175,7.00236706544243,0.894712553121157
"Mono-Mac-6.1",0.46419593127721,0.345162990451734,1.89867405389842,6.92509656115461,0.319097752656354
"NCI-H727",0.140312041886283,NA,4,57.2400659780966,1.03674146220809
"NTERA-2",0.350491249065401,0.702120945396878,1.2345151412858,24.6934579964796,0.404440426879743
"NTERA-2.1",0.337343050301074,0.760747248898422,1.29823043635165,25.979338606561,0.432508841760541
"UACC-812.3",0.0812432986646447,10.3118022281227,1.20218079642857,0,10.3118022281227
"UACC-812.4",0.0874007870285834,NA,2.81379057582335,63.2553129426743,1.94088223640974
"NCI-H727.1",0.180698448176555,3.20521365488383,2.54931993397578,47.992869267447,0.908040623092466
"NTERA-2.2",0.272469927567859,1.21075239476697,1.79634407879016,24.4665241794224,0.83287698066023
"NTERA-2.3",0.242931676845516,1.48057468180167,2.11084494413669,25.4860918492628,1.05628071980618
"COLO 320HSR.2",0.466369264547579,0.262127397334073,1.80760076757511,16.165154515904,0.211194777733377
"KM12.1",0.465398087413623,0.268812798950339,2.68960196670253,13.6190764957768,0.238839105807126
"LoVo.2",0.448702580624974,0.292001903898011,1.43008651674206,19.8737128517466,0.204895197665763
"NCI-H508",0.351482752678643,0.294721714346817,4,36.8562304463938,0.211032633065228
"RKO.2",0.399558971538746,0.505653968288074,1.68633529092807,12.0967710241412,0.429060933163903
"SNU-175.1",0.418655247091107,0.461613685212313,1.27008084782309,11.9030557906948,0.372656177135404
"SNU-C2B.32",0.382981978811327,0.53747962402025,1.06128827235002,27.8607911268258,0.249451505554449
"HT115",0.253794174363565,1.65723842694466,1.61908110176533,10.9716585981307,1.4221119253026
"LS411N.1",0.396457732628672,0.380713407496218,3.37338541132801,19.5340614722321,0.328713770843371
"SNU-81",0.232893547423551,2.45071139254671,1.19493452737073,36.6779700990616,0.810208343820182
"LS513",0.442058189662729,0.348751002951484,1.58062806890514,14.0029635155758,0.283291038944328
"A101D.1",0.323123025529164,0.950888544048715,1.20260488715832,21.334061748639,0.598727466249182
"A3/Kawakami.3",0.546872972133511,0.22232118650892,0.918149342533656,0,0.22232118650892
"ARH-77.1",0.540532626395727,0.229170690034699,3.27743334064807,1.33565066234489,0.227285211259251
"AsPC-1.1",0.203704801875876,NA,2.58409070431505,67.1838939581887,0.13731318369368
"BALL-1.1",0.598546634234629,0.154785132080985,3.6875,0.9375,0.153992652605949
"BB49-HNC.1",0.431408110861177,0.53293787199479,0.88787459997391,0,0.53293787199479
"SK-N-BE(2)-M17.1",0.351380400490946,0.969498230375819,0.956435811446741,0,0.969498230375819
"BT-474.10",0.187714120854583,24.8217353641396,0.40963660830956,14.22768726839,10.9604222130263
"CA46.1",0.379370807333419,0.508514116645727,2.38063157039912,16.8597055354376,0.427833881800978
"CAL-51.2",0.337739558879585,0.743886288021157,4,12.679065743792,0.691436304955187
"DBTRG-05MG.1",0.134132993124619,NA,1.73624519985734,75.1900997537338,0.238540395171073
"DMS 53.1",0.201063154175462,NA,1.61942513367172,54.0772703261379,0.487666888480897
"EC-GI-10.1",0.390474956060392,0.625787137971549,2.15881633949938,4.07702964766541,0.601610473863564
"ESO-51.1",0.454855063585464,0.200487922824835,2.71777843152313,24.3973955119071,0.156722394451824
"NCI-H2591.1",0.0682600785631913,NA,0.385966925159174,78.9256531023979,2.76572242690308
"HSC-3.1",0.265420442311178,1.03648674653837,2.19703890439396,45.5265850363077,0.345467753007028
"HuO-3N1.1",0.180095312658243,3.05463619512858,1.63420794928108,28.813264563073,1.80622525869718
"IGR-1.1",0.0430682683986327,NA,4,73.1752827777333,3.30877391231997
"IM95.1",0.039179615800205,NA,4,89.1133472628593,0.83258281915814
"SiMa.1",NA,NA,NA,NA,NA
"HEY.1",0.224176913192154,1.38927447693323,2.83060356034857,36.3564437593967,0.878056131156984
"697.1",0.608973359844496,0.148981159183996,2.76655399167207,0,0.148981159183996
"A-375.30",0.336421376776901,0.824721695848415,1.94963320031722,11.8985507515787,0.717411925230388
"A-549.28",0.266683970702452,2.38035194504778,0.708612397634624,0,2.38035194504778
"A-549.29",0.218589437508579,2.01998355605861,1.91176175356817,19.0792678482459,1.57098097920203
"C32 [Human melanoma].27",0.170167408248135,NA,4,51.1659508166831,0.900959272058977
"C32 [Human melanoma].28",0.1833119862447,NA,1.76972976619258,51.6319133386155,0.73346707008091
"C32 [Human melanoma].29",0.147586975357935,12.690918714068,0.598946250415,0,12.690918714068
"MFM-223.28",0.20494030001055,NA,4,51.7882645329908,0.530696920181835
"MFM-223.29",0.273987761211227,0.737980205888315,3.21378782711956,37.917985156894,0.474364431654719
"MFM-223.30",0.287892260411993,0.735977023974874,3.49661593964963,31.1471106386294,0.556827679940928
"MHH-ES-1.31",0.278176629459988,0.993439169168249,2.15233506046223,29.4530585172978,0.657200140207564
"MHH-ES-1.32",0.266766326812198,1.56333495989193,1.31285752757722,15.695156713465,1.17334917407627
"PC-14.34",0.35939148183268,0.596631853693617,4,14.5473154988463,0.547490032186176
"PC-14.35",0.51904315631607,0.227824559637259,0.992985512900393,9.35800558272441,0.184914010975666
"PC-14.36",0.504116996674906,0.254861213648983,1.05000524310563,9.52413829101124,0.208401321313952
"SW620.32",0.300576571161417,1.26558359909145,1.09985736070274,16.242575635612,0.885480859646886
"SW620.33",0.29228341178709,1.13914776166219,1.71430626380152,16.2633503713933,0.90554122131532
"SW620.34",0.312111513259963,0.92997220932465,1.64195926178696,19.8730366662677,0.683085048075997
"SNU-C2B.33",0.346625868230313,0.892334956390951,0.92827423871765,23.1363645491578,0.45695708595217
"SNU-C2B.34",0.310678968381329,0.863606495234401,1.53240931110024,28.7989779071668,0.493356388933927
"SNU-C2B.35",0.292522754372902,0.784598451797328,2.25268686545284,33.4650701218168,0.480083276439179
"U2OS.31",0.322420389820727,0.839461430756566,1.55972319314332,22.0357573755717,0.578360141915121
"U2OS.32",0.290243048812261,0.912021511285921,2.22869280943337,26.8778178372682,0.645236824849856
"U2OS.33",0.313772204084639,0.834858121885629,1.74849924761631,24.5558141496527,0.567312357758251
"HCT 15.27",0.313459160341155,0.963751400665129,4,9.48970577518803,0.914352950245647
"HCT 15.28",0.245979270533734,2.17207176828136,1.0478112802916,0,2.17207176828136
"HCT 15.29",0.346114222822338,0.918151518139121,1.51895982659023,1.23584734439057,0.903147304165319
"HT-29.32",0.481334015858113,0.217014111897039,2.00062148571791,17.9248427176437,0.173827033051033
"HT-29.33",0.482488175358217,0.22344302491106,1.94936816539096,16.923137599297,0.180764664921666
"A-375.31",0.356634981079773,0.785787959587066,1.45472911901668,7.89580286428952,0.69822223837829
"A-375.32",0.349114812229485,0.811762588962062,1.42617250564308,10.1602591465614,0.692237979797262
"NCI-H727.2",0.147986619412491,NA,2.55906362261766,52.8740794680751,1.14461651161816
"NCI-H2009.2",0.418552963740083,0.452428306500684,1.72069496176111,10.670935239221,0.39351389568675
"786-O.1",0.429352836811998,0.399640372338648,1.53998199878071,13.3152536889487,0.326844173174901
"ALL-PO.1",0.388493739423503,0.314938332267533,3.31547753791509,27.4345590194143,0.247747574374051
"ASH-3.1",0.128421968576216,3.43459442446709,4,36.5123921496914,2.47523645191231
"ATN-1.1",0.711544683635709,0.0702884678933567,1.96526200507791,0.811091717704135,0.0697059566502381
"BICR 10.1",0.461632614705832,0.26794656431001,3.37353875149825,14.2643595126791,0.242554421171981
"CAL-27.1",0.248957092743512,2.41578000527194,0.85674449003428,6.94365136775211,2.02893071197585
"CAS-1.1",0.285938023022845,0.537183383933566,4,41.1794134094038,0.348140410068354
"CHSA8926.1",0.246269615318072,NA,4,64.3605687871644,0.0845526409847319
"CTV-1.1",0.492226283522295,0.304067130857551,4,3.11309322548294,0.299219484707799
"ES-2.1",0.419816831086232,0.362735219901267,4,14.8281465057479,0.33219725415791
"FaDu.1",0.297070595337846,1.42037592028476,0.955916362480682,18.6791473450093,0.870760873758751
"GOTO.1",NA,NA,NA,NA,NA
"H9.1",0.447498947192938,0.412980572886883,3.18938235935602,3.74953173147823,0.403009300494801
"HeLa.1",0.33118234568608,0.874700007975067,2.84154762549221,8.61984448667609,0.818349864554125
"HuH-1.1",0.259076463574682,0.909471259702943,3.79802165899892,33.4352666755636,0.679929455395905
"J82.1",0.185088286019,4.82853087701276,0.795201878883324,0,4.82853087701276
"NCI-H716.1",0.267061310918549,1.43706272426869,1.35277423521536,33.2718733588331,0.63967452127757
"HT-29.34",0.532208052223525,0.0929336763302406,3.27774804008177,24.451443768935,0.0757196307827155
"SK-CO-1.2",0.431699620664547,0.370982363746724,1.08987415301316,20.5085216627256,0.228552697309456
"SW620.35",0.346396812078393,0.800903716251828,1.44810834244306,11.81461192111,0.664867309133578
"BT-20.3",0.200982811588058,2.33653252200676,2.08732201731229,44.1817454196455,0.833726480356226
"CL-40.2",0.31106847469733,0.763367058237875,1.82686291898641,30.3738288529005,0.457531433754623
"COLO 792.1",0.188669837952236,54.69995780441,0.304856883375755,0,54.69995780441
"HCC1419.2",0.0868207559718632,1288.36600464993,0.300415919138449,0,1288.36600464993
"HCC1428.2",0.173111704963195,NA,2.06669355074005,55.9689160061239,0.662748414722193
"HCC1937.12",0.376452636366577,0.597266189040935,1.48761045218878,15.206030146696,0.468075898742022
"HCC2998.1",0.299000466674875,1.04738172643378,2.08107724764318,15.0654407424278,0.881618897521407
"HuP-T3.1",0.256476758322645,1.41613048683202,1.64124021806587,28.6894931130677,0.842237877176678
"IGROV-1.1",0.482544140483628,0.239568279020989,2.16370368483448,14.2207028925058,0.205238241772837
"KLE.1",0.244404437661365,3.87130661185101,0.586501030294247,4.12703349692935,3.34246675063291
"KY821.1",0.532683244639233,0.252233165500603,1.91698290789767,0,0.252233165500603
"KYSE-150.1",0.223158613495043,2.56342245384554,1.1133428007135,19.3424580039709,1.65201511675097
"MCF-7.2",0.197979996548124,2.31447579340935,1.97603399840974,39.62571967484,1.04425059420426
"SNU-C5.1",0.374728228191547,0.586172471661375,1.57861823130037,16.1667864927267,0.457691389173011
"HT-1080.1",0.204870059123912,8.24161965282203,0.735739746741631,36.6140881572767,1.37444077582617
"SAT [Human HNSCC].1",0.242428623776551,NA,3.87195436257409,54.8868266201561,0.244335282751399
"HT-55.1",0.304717058032738,0.98254687404608,1.55109483927069,22.3739316996222,0.670261396498325
"COLO 205.2",0.263771602214114,1.13891448440634,4,21.1201124393057,0.992881662166605
"42-MG-BA.1",0.0918781314571836,10.0273816581555,1.08902431623208,0,10.0273816581555
"Caov-4.1",0.401471220587741,0.496824175804468,1.24316745423766,16.9084239960204,0.356461417146345
"MDA-MB-175-VII.2",0.23665822543806,NA,0.54879516959716,53.1084150280278,0.302732932852759
"MDA-MB-175-VII.3",0.117156037566409,NA,2.57666169228617,73.2125959627348,0.487638368752245
"NCC-IT",0.463197818259288,0.37809054290341,2.0306038988403,3.32105596339588,0.365507468810788
"NCC-IT.1",0.443776574938408,0.411795553501458,2.99449936483428,4.94036387417016,0.397734453272982
"NCI-H1869",0.280236363188091,4.5398563644698,1.28815644883592,48.9667726798388,0.223432597541346
"NCI-H1869.1",0.187085037159515,NA,1.38544186016065,54.9018083748807,0.575955733271434
"NCI-H2029.1",0.150869258668648,NA,4,56.5935633810538,0.906497147315105
"NCI-H69",0.317737730551043,0.928030479051959,4,9.73710761104272,0.87911558915959
"NCI-H69.1",0.22454519348698,1.83469056022144,4,12.1521743860768,1.71131737147998
"NCI-H847",0.551912307148956,0.182903680716718,3.17934155425657,5.6105669324216,0.176183094683656
"NCI-H847.1",0.517701206003935,0.279907622067033,4,0,0.279907622067033
"OVKATE",0.0877704275447074,NA,4,82.2739987038688,0.327085345491754
"MDA-MB-175-VII.4",0.270902593833366,8.8601042675942,0.325296866600252,0,8.8601042675942
"MDA-MB-175-VII.5",0.14058512917953,NA,4,60.7483011372943,0.842554315605992
"NCI-H69.2",0.275880463823155,1.13057289747955,3.98682279893095,16.4102208098862,1.02321077029811
"NCI-H69.3",0.231353158161701,1.8541447118103,2.68740963217056,9.60132401792318,1.71271690909784
"NCI-H847.2",0.570241546677629,0.191635923035003,2.69461440142824,0.492831086077514,0.190932754274203
"NCI-H847.3",0.550714210698706,0.222694342819061,2.05518309243608,0,0.222694342819061
"SNU-C1.2",0.210906499961741,1.62393257513429,3.15552017761332,31.4321151492071,1.1864053055887
"LS1034.2",0.281981031845775,0.910971923095084,4,23.4832248590405,0.777396654359168
"SW837.2",0.350476097670929,0.589657736424633,1.97670218555889,22.4725843881896,0.435983646922858
"CHP-212.1",0.476320220809584,0.171131923627407,3.02303197154525,22.9728603882646,0.139621693031027
"COR-L23.1",0.387611668182774,0.410342775043911,1.84548272422946,24.9530514513965,0.282144181418819
"ES4.1",0.155948919761812,NA,2.91132618043577,75.1105359143816,0.131936242439069
"HCC1954.3",0.217904804639916,1.76214551044135,2.48235279859761,26.0344618360835,1.31032924890322
"HOP-92.1",0.215864836857948,NA,0.762107676599384,59.7936516684785,0.235589236232118
"KMS-12-BM.1",0.485281522965577,0.346586342176356,4,0.358403589786912,0.345963576711102
"LC-1/sq.1",0.376984500206831,0.319709846852248,2.01689319927725,36.140101631171,0.169232818413066
"LS411N.2",0.443329684072656,0.305157533150363,1.74319967743126,18.3483436992458,0.234752827866935
"NB(TU)1.1",0.406905630655156,0.615878485884011,0.706970099025266,36.0289527478432,0.10144614266038
"NCI-H1341.1",0.363298443382048,0.558837655810735,1.67822655290525,22.7028506114322,0.389637169520265
"NCI-H747.1",0.278316258981079,2.30381835045629,0.786081840411001,30.320929688964,0.703523622609143
"P12-Ichikawa.3",0.481944728913512,0.337348911535706,3.43619943091447,2.1488799922611,0.333063682098567
"WSU-DLCL2",0.435182595512846,0.494941545301384,3.62631169986766,0,0.494941545301384
"WSU-DLCL2.1",0.405771612244134,0.606488088843156,2.89211652525778,0,0.606488088843156
"Hs 633.T",0.367927973390747,0.779987693010364,1.00397866731176,9.23959163892498,0.636367374931089
"Hs 633.T.1",0.342486107628644,0.718220688794309,3.50030565280736,13.0209084219625,0.658913908974659
"ES1",0.497352244417322,0.274610429284446,0.944671265581072,9.20506778438513,0.221400110532025
"ES1.1",0.533263535366603,0.221935454459049,1.02751414566746,5.33233385207545,0.198866400616863
"MOG-G-CCM",0.318203641110674,2.15297995546707,0.480011641935704,0,2.15297995546707
"MOG-G-CCM.1",0.182433749043228,3.40594642677941,1.2860564609545,16.909620283047,2.47083671696829
"MOG-G-UVW",0.426799328637703,0.42924579035091,1.63253553533196,10.5000111204586,0.371533560214984
"MOG-G-UVW.1",0.387869032483086,0.610427241509516,2.28093560602095,6.13391273490986,0.57638653008584
"OC 314",0.371898965608783,0.793725652332163,1.19410434541692,0,0.793725652332163
"OC 314.1",0.378730126728985,0.760884582522389,1.13152286262983,0,0.760884582522389
"ES1.2",0.473077114347505,0.356158341599649,0.881898095843366,6.09611832159714,0.307336459745942
"ES1.3",0.527030938134276,0.163223517391675,2.35247277726485,14.5606829339018,0.141006490079716
"Hs 633.T.2",0.320378498367353,1.38559250188811,0.755871017093522,0,1.38559250188811
"Hs 633.T.3",0.352022913000204,0.627841336431337,3.33956642299884,15.5656015050169,0.561496884715973
"MOG-G-CCM.2",0.239268182463407,2.3809163220035,0.982633810216154,0,2.3809163220035
"MOG-G-CCM.3",0.21257406913908,3.08787775111269,0.962988287999012,5.66424715091918,2.72544425096057
"MOG-G-UVW.2",0.41025599422245,0.572385686297096,1.56729983429465,2.04413891405648,0.557342520343139
"MOG-G-UVW.3",0.394737949818552,0.555970369918916,2.16686148016352,8.33309743269844,0.511105879196581
"NCI-H2452",0.413396145192485,0.314426706197459,1.49768807206237,29.3797334257129,0.174049614936768
"OC 314.2",0.379581625419408,0.809512697240235,0.836033799566697,0,0.809512697240235
"OC 314.3",0.342101207160978,0.923274831879821,1.63340172338853,2.63229498497655,0.893205520522067
"WSU-DLCL2.2",0.443197386295297,0.468296439881327,3.04456468681057,0,0.468296439881327
"WSU-DLCL2.3",0.398740944878655,0.616568664443287,2.80962020055913,1.54790457987105,0.60970603377049
"BPH-1.1",0.360998721457904,0.855750772251216,1.23043670729248,0,0.855750772251216
"A-172.1",0.221608381347225,1.29908653989341,4,34.3360544649724,0.97189841304021
"CADO-ES1.1",0.228005824293963,1.99451111596035,1.50149371086953,26.052763502525,1.22153364103257
"CAL-78.1",0.500976173382813,0.190791782918654,1.33050250512568,19.8517032459955,0.130445366147048
"COLO 678.2",0.140998967142085,NA,1.16184473407532,66.6686935361288,0.54969373949906
"Daoy.1",0.455375248708391,0.408227800234186,2.20973036875406,2.32704894738647,0.399517527828768
"Daudi.1",0.370396672784993,0.739447616572282,2.32256956788373,2.69271874416354,0.722031161313362
"DG-75.1",0.421813826081822,0.408411250803014,4,10.5538058249469,0.384907588526224
"EBC-1.1",0.126068098436863,NA,4,56.5949283679419,1.34513337794095
"EM-2.1",0.496095682256663,0.282865524719118,4,4.52602205861632,0.276234714155297
"Evsa-T.2",0.134103678634892,5.2150607170736,1.40877257464754,18.0732857002675,3.79290328720288
"G-402.1",0.166006863079949,NA,2.48379042795883,55.806314027326,0.74723254354727
"HGC-27.1",0.355005569974386,0.89521906148894,1.21844087706928,0,0.89521906148894
"IMR-5.1",0.444123274176469,0.465374794020835,2.49277714341485,0,0.465374794020835
"JHH-1.1",0.301160123654656,0.962283322183579,1.7865965179397,22.2185393337956,0.692553253582359
"JHH-6.1",0.149266667881929,6.27065542735695,1.52658452683387,43.1918932176191,1.69851905153353
"KE-37.1",0.634822501420873,0.121936936378577,1.36477827942867,0,0.121936936378577
"KMRC-20.1",0.3302374351703,0.679585949246407,2.33655903929509,22.5828096475315,0.525489847222209
"KYSE-140.1",0.40810660214143,0.438783105420225,4,11.7196809880898,0.410441516406372
"BT-549.3",0.24697935334717,1.16503932487771,3.43407704441536,28.5683011215873,0.910341932310568
"HCC2998.2",0.372982876293489,0.733626418566295,1.48980061259259,3.01508446820598,0.703629398280728
"LS123.2",0.316086255455102,0.726495905694877,1.87425119805541,29.0204847325166,0.457080865528992
"NCI-H716.2",0.36709140887718,0.799197769680996,0.952374096075626,8.27859938198761,0.660863837662669
"SNU-C5.2",0.463940904649215,0.267238649492023,1.86209878181752,15.9917001571018,0.217274479669573
"SW1417.2",0.285982692816003,1.60455454067717,1.20394233038951,43.2642691701921,0.303558482021865
"SW1463.2",0.243769205344316,1.73535150366771,1.42899966383019,31.0721001917572,0.879363933725372
"T.T",0.420455651662936,0.52538239926281,0.998046437418796,6.74252706487088,0.45440544099068
"T.T.1",0.400061561872236,0.58920672995131,1.23141837575485,6.8249268610979,0.523008501675606
"T.T.2",0.346170902434611,0.808775963274271,1.30128819069586,14.3532136773835,0.623594054201373
"T.T.3",0.309573688777164,0.89795582366969,2.87319527664971,15.9545395520221,0.785529641191551
"PC-3 [Human lung carcinoma]",0.313752395967017,1.08463443286343,1.07296962800385,27.9104584611286,0.506556501555787
"PC-3 [Human lung carcinoma].1",0.33453086430258,1.08462003296369,0.864962947767662,30.6597755938009,0.361716865905802
"RMG-I",0.294647428660183,1.9842426332317,0.644808461786714,0,1.9842426332317
"RMG-I.1",0.304550894630824,2.22230496501025,0.528360175805308,0,2.22230496501025
"RMG-I.2",0.172860332325307,5.03389002171702,1.04873593760711,28.5589765643503,2.24526600389087
"ES6",0.182507464795424,NA,2.07268087675136,51.8732907542346,0.729979354642232
"ES6.1",0.217431397550413,NA,4,59.5465387085344,0.244155711637163
"Caov-4.2",0.431682686743171,0.289659447510534,2.03938409484404,22.0791864597679,0.217675761519694
"NCI-H2452.1",0.494699496266737,0.22569829299634,1.20178886149879,16.8616136252613,0.160281840742822
"NCI-H2452.2",0.501414257689973,0.20849967598919,1.28542565754709,17.037253332768,0.150777844417455
"NCI-H2452.3",0.452798157605782,0.257330039026314,2.78197219344118,18.1759842821894,0.218755800804455
"OVKATE.1",0.221601132385678,NA,1.53675390509546,69.6565929920366,0.0620491942022578
"OVKATE.2",0.256784461801463,NA,0.855629166500441,66.7357077806198,0.0344299821375178
"23132/87.1",0.381833743017008,0.399653434539806,4,21.5150115792267,0.347212266920618
"8-MG-BA.1",0.388470082001134,0.605352214435863,2.49550387968719,6.07226086666446,0.574744931376948
"A-498.1",0.240585804442225,1.99177199210724,1.73004232613275,46.0209327889355,0.461196452349965
"AGS.1",0.34281013213766,0.772675611298883,2.36103543823809,11.3113874490081,0.693138601508857
"AU565.11",0.403771116929558,0.423034408737501,1.57599661868293,20.024470330788,0.305762029091884
"CAL-120.2",0.264035529761525,1.28417153225844,1.65394182317655,31.220293027638,0.710380684987956
"DEL.1",0.581829373569402,0.179714159358669,2.70088430258201,0,0.179714159358669
"Detroit 562.1",0.377051496661913,0.447576563658189,3.49978762166514,19.9029469250726,0.387149707456658
"DiFi.2",0.296392548282758,0.624671414304847,2.40245099735259,42.9349785588972,0.276634289838623
"EFM-192A.2",0.099393070380645,109.240712461011,0.423365325237483,0,109.240712461011
"G-401.1",0.329742367681326,0.52134056698822,2.85584084402762,30.7235397475608,0.373401034096819
"GP5d.2",0.382401277660874,0.706431707495905,2.6016757544481,0.48679475619637,0.703780160527004
"NCI-H513.1",0.183687849070915,NA,1.25094502403898,64.2591445603907,0.286521084942449
"Jurkat.1",0.416165886691703,0.480782475500131,2.73749661892024,6.96646057127901,0.455139771682106
"LN-18.1",0.163768735864939,2.24926339224073,4,41.961414692419,1.42427129040171
"NCI-H2052.1",0.191975806775069,5.64525607475114,1.00008147335504,38.5100736640785,1.29742695275449
"HO-1-u-1",0.393729992381163,0.577980045965433,2.85633618301912,6.10800404101633,0.552207901000827
"PC-3 [Human lung carcinoma].2",0.259013639754185,2.05189810677872,1.05533737061282,34.177509765011,0.689703606025161
"PC-3 [Human lung carcinoma].3",0.238778457093426,2.0160662759969,1.5432055579178,43.2772042194071,0.549316961732849
"PC-3 [Human lung carcinoma].4",0.259490365219503,3.20226365661321,0.691141563631393,25.3144630909778,1.15331568326717
"ES6.2",0.244765787178196,NA,1.02004360060998,60.251303468236,0.134580379122428
"ES6.3",0.22579820729977,NA,0.849649312801836,57.0169591523163,0.260373011989066
"HO-1-u-1.1",0.440284207079073,0.385633308584161,1.09404687467792,14.8786157176075,0.279230368260908
"HCT 15.30",0.427305761011208,0.507687300449694,1.38558721776572,1.72272583416527,0.495001534636308
"HT-29.35",0.472273857660044,0.130195200885424,3.58190397739891,28.4700127233708,0.102904715739929
"SK-CO-1.3",0.367449252008852,0.571301648064519,1.22692881303575,27.413521396446,0.298934857560554
"SW620.36",0.33428750251258,0.901213282038197,1.22848226881207,14.5446142181551,0.681248325624328
"SW948",0.331286148841447,0.500807947575876,3.24228247991611,30.247976482176,0.376067251235955
"SW948.1",0.296898125217682,0.772249256622506,4,25,0.649381631576211
"SW948.2",0.3544551639878,0.418243479177191,4,27.4134817584772,0.342885405033662
"SW948.3",0.345735729236761,0.564318360801384,4,20.5941574421835,0.494185600261537
"Caov-4.3",0.441168842118827,0.267193618816145,2.38290379702276,20.8086227772323,0.213179771242769
"CESS.1",0.374742422641999,0.683071132384252,0.950090103680004,20.3533712262696,0.394045901164157
"GDM-1.1",0.33528148735992,0.487380567420556,3.50132782345329,29.2245325060459,0.379256142093635
"HPAC.2",0.200875663881322,NA,2.87384268561664,53.0637431298071,0.520236295630361
"HT-3.1",0.238048131628828,1.71130687297097,1.7338549383583,22.9399800891802,1.20099807576882
"JSC-1.1",0.42930239567782,0.320782560853478,4,16.16942222729,0.290934753445374
"JURL-MK1",0.602128810752476,0.146444854913358,1.72488275342445,1.93462509471218,0.143132600397164
"KM12.2",0.396035882328439,0.527714851419561,1.31829749162301,14.9524568788925,0.403037067016634
"LB996-RCC.1",0.358966132433581,0.432233063616871,2.05233051993003,31.7214030459995,0.264713500645991
"LN-229.1",0.0938680737676001,NA,2.4964621048412,67.6379305172811,1.35229740918123
"MOLT-16.1",0.596559518814052,0.162351528471482,4,0,0.162351528471482
"NCI-H1623.1",0.207855194333759,1.58574584353443,4,48.9769007170609,0.599750371578937
"SNU-5.1",0.309875677434227,0.899121885093766,1.67041561535354,23.2282637745656,0.618597001203696
"SiSo.1",0.219949231505858,2.05389324338353,1.85125480706906,16.2857472738634,1.66005916522949
"SUP-M2.1",0.539168198999445,0.240480096857221,2.51903629071192,0.117464301409856,0.240255662927408
"SW780.1",0.0654419199601895,10.3350993484242,1.48005575829833,0,10.3350993484242
"TUR.1",0.42479508664039,0.446902395854949,2.68494093669392,7.36379981093344,0.421155489211104
"VA-ES-BJ.1",0.166798299095591,6.35754254937582,1.06782522203759,36.3204403363137,1.88862207844429
"WM278.1",0.139616224573611,NA,3.55502940296996,64.3364903549546,0.66934753739867
"WM793.1",0.315710982536803,0.585884501573627,2.09478412380684,38.0682214294576,0.295636205986943
"Panc 04.03",0.212092418427238,NA,0.944298495169269,66.159393908721,0.121765695189978
"Panc 04.03.1",0.275186909157935,NA,1.05618826984325,57.4007062463353,0.108037912567365
"Panc 04.03.2",0.15461032519889,NA,4,66.530801996598,0.411397512403007
"Panc 04.03.3",0.165384804227702,NA,2.56406775342816,64.5855703096218,0.397321133034643
"KMRC-1",0.163624589842535,10.9349097010041,0.729188965136033,29.1512398535915,3.29487881940196
"KMRC-1.1",0.167026832027081,10.839723250993,0.564702909606223,0,10.839723250993
"KMRC-1.2",0.0434079921186823,28.3348529125495,1.56575107030142,42.183792088805,8.66101325098147
"KMRC-1.3",0.111595858428095,NA,0.86865036279313,61.573178269114,1.65172154316684
"COR-L279",0.21235244771525,4.4380142138514,0.781412434503045,23.1682595602461,2.00101124877713
"COR-L279.1",0.225099078674413,2.27216872383351,1.31476588101218,30.3964482363825,1.11469792771675
"COR-L279.2",0.200197913489265,4.7514656729576,1.40205847632905,45.9755366748211,0.787697403470855
"COR-L279.3",0.156418306955058,4.18469343878741,1.85171346820065,41.5280452574681,1.60435285205255
"B-CPAP.1",0.268814730742906,1.64258017910479,1.1984776511163,10.109297279961,1.36042354636388
"CAL-29.1",0.260790406418357,1.02623382155921,2.61454639472692,33.0608584098587,0.678348334121294
"C-4-I.1",0.455672756242167,0.33099079368642,1.49963901770008,12.5577930390404,0.272933418013168
"EGI-1.1",0.0656941258464933,NA,4,81.7161824217261,0.835952211673656
"GB-1.1",0.150839913431729,88.0149455938674,0.434242430172526,31.0437111910308,9.43089480895718
"HC-1.1",0.524152343589519,0.247646140286027,2.84198045279602,2.60044810657433,0.243035508879831
"HCC1806.2",0.476566760858866,0.339258049019212,1.5801224071001,4.34229842966888,0.320302234694144
"Hs 746.T.1",0.252470402939813,1.64400826064956,1.38807189283751,33.7829267923658,0.730497188016779
"HT-144.1",0.286370570310075,NA,1.47896573381426,50.5548445982722,0.181720928719958
"HuO9.1",0.409715641684304,0.48710994924504,2.14993028915871,9.20562293073428,0.443122173222808
"KCL-22.1",0.411198076738509,0.503188692479639,4,5.99259057167625,0.48738237852781
"KOPN-8.1",0.448938419848632,0.416763158740486,2.96860403047718,3.07207936346001,0.407955388102681
"KYSE-180.2",0.382933883197614,0.586105347035745,1.95526804591273,10.6699482585852,0.518394629758087
"LXF 289.1",0.389367318972516,0.544304689938528,1.91779678365941,11.9480444820039,0.47206729848743
"NCI-H1838.1",0.137118847964604,NA,4,73.2435166790152,0.290207294771032
"SNU-175.2",0.419025588204378,0.499232648885138,1.49047749253248,6.47696105646488,0.454861480489715
"NCI-H1155.1",0.188171905581226,2.09512738324681,3.31113125564275,28.5671091909756,1.62219708470504
"NCI-H1944.1",0.2606617307125,1.33854432668961,1.99668154698752,21.8405938365762,1.0040429627005
"Rh30.1",0.415185326528118,0.430060831056825,4,10.5380379640941,0.405351754699708
"5637.1",0.402762538672647,0.517914615913359,1.94447156201543,9.30798584082584,0.465854600357388
"HT-55.2",0.368216770499703,0.572204069128294,1.48542285673324,20.9793512344119,0.396731464544711
"NCI-H747.2",0.352053957361214,0.561437435509601,1.37902679373922,42.6985968178765,0.139121145365028
"RCM-1 [Human rectum adenocarcinoma].2",0.258592030236116,3.75483386112869,1.04896983434385,45.5277790126308,0.375914771405438
"SW948.4",0.383732747786217,0.416241679332378,4,19.4545773251315,0.367993034901398
"8505C.1",0.173471831896597,10.4152335797126,0.55125640137639,0,10.4152335797126
"A-253.1",0.0899510442079321,17.7315409640964,1.08403285675238,35.3860624053695,5.70104470030941
"CAL-78.2",0.35217893997238,1.02728460392296,0.796137142205621,0.624150993671438,1.01120313435769
"DU4475.2",0.427213007990268,0.481569871091064,3.54511785091376,3.33897876900853,0.472272349076226
"ESO-26.1",0.287714155008778,1.04828772551593,2.18883008585391,20.4142899067011,0.824833766405645
"NCI-H2373.1",0.180956331609613,NA,1.22532203490229,68.6748023290314,0.181853856453759
"NCI-H2722.1",0.0724313851829794,NA,1.50601030132511,87.1754510719634,0.201115167358986
"HCC2157.2",0.0598738611264278,61.0842067329686,0.645745899638225,0,61.0842067329686
"HT-55.3",0.27420897261762,1.06970613926102,1.87305668158656,31.8259154569216,0.623177800016461
"JJN-3.1",0.300269664855521,1.04063471772644,4,10.7220648061802,0.979699693072054
"KP-1N.1",0.226955394250202,2.47461688725624,1.40275511144819,41.6363484994764,0.691674342348824
"LNCaP clone FGC.1",0.232778697396567,NA,4,52.0580839646581,0.349527768099264
"Lu-99A.3",0.156879444226597,NA,1.31070075470264,52.7387070960132,1.04785819979889
"MDA-MB-361.2",0.372334007154744,0.505910209668403,3.31776129371733,17.3771790688129,0.444813309366651
"MES-SA.1",0.38072175696975,0.568361061173852,1.25498349949502,19.4817032112465,0.383510870180263
"MHH-PREB-1.1",0.353913812063919,0.667562452157369,4,11.8961251587575,0.623722894576697
"NCI-H1693.1",0.118819635780742,32.7830321907614,0.510883463666185,0,32.7830321907614
"NCI-H1975.1",0.175370593848632,6.85025832529857,0.693082831975306,5.54818282083847,5.78104759673624
"NCI-H720.1",0.225804882788041,1.54810369825359,2.2407579693111,35.7722085480235,0.883501407219208
"NEC8.1",0.37914397987623,0.673255319115381,3.48989514717583,3.73685247010054,0.658435689597838
"OE19.1",0.188062375733272,2.57548561050996,1.93663960356863,25.2501449696079,1.79128489381588
"BFTC-909.1",0.401619836471677,0.66271033818381,0.890053144501706,1.22542274443037,0.64448980588401
"COLO 824.2",0.30619749376131,0.8251794271015,2.82417692395674,21.4869441800251,0.67635959540371
"EW-1.1",0.452408937227333,0.327194578058098,1.95745549602916,12.3227557504018,0.283155609522248
"EW-16.1",0.294346379908056,1.10579472296879,1.33480113179772,29.275069483879,0.571652703755812
"KOPN-8.2",0.445688546698382,0.429648807989781,3.06925137295902,2.76150876232678,0.421768869733117
"KYSE-50.1",0.262208693726407,1.09048467741828,4,23.8336694033478,0.927497553151335
"LB771-HNC.1",0.319221567404393,0.633068099880054,1.98244604999848,33.6861953453315,0.359823505513849
"LXF 289.2",0.338289295531241,0.773907041129266,1.6953905837133,16.5818184238851,0.610204353160488
"MOLM-13.1",0.619067743828897,0.131388372131192,2.77816524175951,1.54632410334262,0.129911033598549
"NCI-H1781.1",0.278939091035471,0.636273059771523,4,38.1338218226495,0.444097931692043
"OACP4 C.1",0.4378349846714,0.370278821979222,1.33553667543786,15.1469918959676,0.282602173571019
"OS-RC-2.1",0.105684861117334,292.847515422926,0.337957966576324,0,292.847515422926
"OVCAR-4.1",0.270576550303885,1.34284300297037,1.6607636913457,19.1247795236126,1.00452972478105
"OVTOKO.1",0.289042127747432,0.891909572702501,1.97343932079244,46.01551230555,0.247530666717904
"PC-3.1",0.0931505880373032,NA,1.2451416604361,64.7505699382015,1.75621096791175
"PWR-1E.1",0.336461584782775,0.895640836189469,4,4.64325134070589,0.874081371175982
"Raji.1",0.349771789298769,0.79999489347952,3.92986603208899,5.44535440925523,0.776863180438801
"RPMI-8226.1",0.243684574884342,2.01365277286812,1.34694163931886,0,2.01365277286812
"HT-1197.1",0.136202302160293,NA,0.88687761104286,77.137505084583,0.152340002583099
"HCC1187.2",0.307592791241792,1.08251185382273,4,5.73035753879609,1.0500661608192
"TOV-112D.1",0.231671807335369,1.8776321214652,1.58081354579178,24.8032208711161,1.2171306839558
"TCCSUP.1",0.301867522044546,1.0597204595311,1.32105826701452,25.6909934947593,0.613912604027143
"NUGC-4.1",0.227554202012521,8.34805563759212,0.432574257839128,0,8.34805563759212
"SNU-1.1",0.311857734898572,1.2922121721137,1.03559950862793,39.9291777293502,0.275011600081449
"NCI-H23.1",0.441446910723676,0.414498782055747,1.35144976890267,8.03249306208018,0.3641206427646
"NCI-H1048.1",0.347678457805463,0.859196191219644,2.4641242111883,3.27007944463006,0.83593264860059
"MS751.1",0.286117723559638,1.26199010621598,2.09567039402261,8.83098441259963,1.1502246472648
"MC/CAR.1",0.465696358501805,0.35786850971207,3.07427017569568,4.23665973654557,0.347708819833434
"LOU-NH91.2",0.270556940915716,2.40792473115512,0.673764445572564,0,2.40792473115512
"KYSE-410.1",0.258621264372165,1.67423315763012,1.28600570969493,35.623175188527,0.635177012201678
"KMOE-2.1",0.411945716260655,0.424607160380275,3.63796575820571,12.0407096961704,0.393638461993862
"KG-1.1",0.288497655669516,0.890315026516524,3.34283248470425,23.6698972697537,0.734896032315707
"JIMT-1.2",0.288500779572243,0.861505065063938,2.3131050727717,30.0825794160372,0.578687162396155
"HEC-1.1",0.240189727674753,1.23016284770229,3.06916491318593,31.3657536290228,0.891859713340143
"GI-ME-N.1",0.197935421446765,11.6435287693877,0.45291851245671,0,11.6435287693877
"EW-18.1",0.458347965197039,0.325206360158349,1.19812333596053,14.5330746526745,0.244160627877816
"DAN-G.1",0.370616003922974,0.462976124336647,2.02254847006566,25.0855556672661,0.328084352370831
"Hep-G2/C3A.1",0.242373635937481,NA,1.78276450805396,58.3676716256919,0.178799971965436
"647V.1",0.284573936029752,1.57172221239721,1.00656096617709,8.6651546512946,1.30095075336547
"DMS 273.1",0.278623261294348,1.28939374041025,2.39573598600319,10.4211950426537,1.16954129334011
"NCI-H1793.1",0.20865928605212,NA,1.65371854305686,60.4037844382479,0.262223527895473
"OCI-M1.3",0.465055187332933,0.346218532908381,3.93066755945862,5.29194663537901,0.336503827437373
"OE19.2",0.290068118061513,0.878156521034487,2.25266651246221,28.8080212410288,0.599901348802797
"OE21.1",0.365092732814854,0.408167753314726,2.04564754452584,31.6043439522022,0.250355081955493
"P30/OHK.1",0.42345974936274,0.482245797792941,1.60350131631592,6.14631511908372,0.44436899167673
"P32/ISH.1",0.550583405663465,0.21889160185018,4,0.564680994725441,0.218270947455075
"PaTu 8902.1",0.193731659280238,4.39800578555852,1.03234982013793,33.2227632371068,1.52709958361052
"RCC10RGB.1",0.288890445214563,NA,1.00494563541332,55.1417951087976,0.108379536323223
"RS4;11.1",0.503045025329896,0.285343386272077,1.56562296099906,3.54146766077707,0.272263641489559
"SiHa.1",0.18167450254703,7.57137540350386,0.608734011082312,0,7.57137540350386
"SK-N-DZ.1",0.493862349156184,0.267862118554533,2.67907643817059,7.26390428911167,0.25261785142208
"SU-DHL-8.1",0.444811214582429,0.444478436516013,3.68090050275057,1.59641709988005,0.440577334459322
"SUIT-2.1",0.348207013880669,0.65015976520891,1.28598141919973,42.3047913059926,0.151709516089105
"SW756.1",0.163720083882666,NA,3.33841774324135,62.2585519477019,0.49971603939365
"T-47D.3",0.187429654305242,NA,0.742354770762909,54.3217907445023,0.654710320791981
"TE-6.1",0.255920097143124,0.948191674616585,4,32.476889164459,0.729552312952885
"TK [Human B-cell lymphoma].1",0.522809352798869,0.219702868377531,2.74929829770982,6.69488096680826,0.208510454726977
"TT2609-C02.1",0.208578192145519,52.0784048822055,0.523645759881049,43.1668977879389,1.16416598127005
"U-118MG.1",0.151951395732699,NA,3.5560278543119,71.289109930813,0.25845239046372
"UMC-11.1",0.272691707969726,1.14685999449363,2.79408933176257,19.6825184772047,0.958842692656332
"WM35.1",0.144740423326772,4.86014635107408,1.51429994269722,31.9033802198391,2.48416050075932
"G-361.1",0.223388575486652,NA,4,53.9558141802168,0.350450889924497
"HCC1143.3",0.318688851818104,0.994123978816164,1.40389363510831,14.1051252732139,0.785078620571527
"HuP-T4.1",0.13903462501261,NA,4,60.1977397274614,0.895667339303011
"MOLP-8.1",0.501140373299155,0.25716269158289,1.27185225301159,9.15745649775651,0.219346038025932
"NCI-H1092.1",0.263829574024,1.39419173109342,1.4606955800997,34.3778347894891,0.628695253130335
"NCI-H2141.1",0.307337772729365,0.937135781096145,1.50600148425637,25.4484933492476,0.584379871182744
"NCI-H596.1",0.272995424099055,2.54447361618255,0.625313580464189,0,2.54447361618255
"NH-12.1",0.346526317488707,0.630592457153844,3.74581554438877,16.654846065777,0.565952201502834
"NOS-1 [Human osteosarcoma].1",0.265714413697811,0.973047769894082,2.81681982865513,31.6863521007108,0.681209037029448
"Rh1.1",0.506149426512153,0.302018701399892,0.915215325094594,0,0.302018701399892
"SK-MES-1.1",0.290723164897085,0.632727322804671,2.60643888153692,42.1013220785352,0.311703214018927
"SU-DHL-10.1",0.421135263543203,0.545370341116938,4,0,0.545370341116938
"TC-71.1",0.219689031850835,2.75728625679051,1.02223397289429,0,2.75728625679051
"GA-10.1",0.499561497840974,0.315903782557436,2.10069441570053,0.172331526390325,0.315385007201955
"KU-19-19.1",0.38722339764497,0.433742267299047,3.25090330786705,18.4426740808182,0.376487386597776
"MHH-CALL-2.1",0.383324334713939,0.635027426159336,1.6327932467615,7.42491225632002,0.575486051141946
"MOLT-13.1",0.500191294182428,0.315892914218295,2.15185037888725,0,0.315892914218295
"KM-H2.1",0.484732720409045,0.337742885550878,1.92515011636813,1.70352287352687,0.33171588813729
"AM-38.1",0.177723684480439,5.895267044973,1.22645696243633,42.5038259687211,1.2547095947499
"HL-60.1",0.246953753697942,1.55593259668308,2.89016524534534,13.3936205868089,1.39681107634219
"A2058.1",0.291138933184196,1.19448251871505,4,7.01694819276215,1.15016886991731
"AN3-CA.1",0.340169328134621,0.82185743045461,1.73972533880371,11.4614097335523,0.707621574251757
"CAL-33.1",0.348277780275269,0.592871614630955,2.48594408036065,20.9821436006651,0.476326063047938
"Calu-6.1",0.400631037291535,0.385247213242765,2.02407695890176,21.8200874615896,0.290205384997804
"CFPAC-1.1",0.361715318613322,0.786244482792207,0.884193199233259,31.1074553864845,0.261527764879722
"COLO 829.1",0.176362610465462,NA,4,75.3745603787029,0.0710525251483838
"EMC-BAC-2.1",0.209038814599597,3.5339245914629,0.915411683257263,17.9859350759241,2.17138010266377
"EPLC-272H.1",0.492335389479775,0.175516519641503,1.52932375093611,23.4375420988856,0.116063318053533
"NCI-H2369.1",0.140557795996181,NA,1.48640367729182,77.6038327853127,0.129229139348754
"HCC15.1",0.261951800202493,1.3327857998515,3.22971679288728,14.8400359351167,1.19512150847617
"JVM-2.3",0.661670447177929,0.0844106332818447,1.32627816532038,4.89920102675312,0.0780960651760032
"KYSE-520.3",0.264446270849577,3.37485290116465,0.819355008591691,39.0175097459046,0.530707987940174
"L-428.1",0.50013266434435,0.207510721934464,1.9752341361856,14.6977531560807,0.173983886621165
"LCLC-97TM1.1",0.352145496572991,0.591114148918564,3.566516368281,17.5302983226021,0.523722667795631
"M14.1",0.412843054790284,0.355954672493771,1.40075374441222,25.9684752983881,0.210979067550389
"Mel JuSo.1",0.235389555978985,1.09755058761985,3.32981800621767,47.282996315314,0.457677970645701
"NCI-H1568.2",0.307407001748243,0.82563993552788,1.61833253746196,32.4676924965941,0.43207207811344
"OACM5.1 C.1",0.329786976699864,0.802092852989116,1.55776361137496,20.6882373680749,0.569297619723361
"OAW42.1",0.129171142595622,NA,4,63.9758378072499,0.840201099207785
"639V.1",0.235905729025261,1.73297601643542,1.95118438840887,18.5735464334044,1.36594258152378
"BV-173.1",0.613980564866482,0.119886239610402,1.10024598989623,4.93919876072983,0.109072153509684
"COR-L311.1",0.356351147973815,0.641827576982066,2.61713115322899,14.423635294766,0.563561216904672
"EGI-1.2",0.183777993217224,18.6461333565394,0.696487568820575,41.0239549634176,1.58367177348384
"EJM.1",0.576300711236768,0.143836263323187,2.57698559110577,7.52316493487686,0.135016704487522
"ETK-1.1",0.24969896190226,0.94480499463794,3.08318421928398,40.4550484743896,0.552176669408528
"GCT.1",0.353717144151715,0.826811259126884,0.971376178669156,19.1860088452476,0.502330626739021
"HTC-C3.1",0.319722282023752,0.937511130375949,1.7337829097312,13.65634181237,0.779954822056661
"JHH-4.1",0.163421333153931,12.7664245069016,0.539103984435349,0,12.7664245069016
"KP-2.1",0.18864029346798,1.66514700927984,4,42.6587155615771,1.03074940645987
"NCI-H1417.3",0.488719722349817,0.267566422543048,1.70714828548815,9.97053593179555,0.2348830845948
"NUGC-3.1",0.430571491330448,0.406507243858957,1.06859648537697,17.1010706688483,0.274757523783561
"OVCAR-3.1",0.410108109956248,0.61328518926686,0.7546110858653,8.56297888686677,0.478136446551651
"PaTu 8988t.1",0.391738041220649,0.604355974520393,2.71389950822623,4.85853296212138,0.582015679218928
"SK-GT-2.1",0.493321412619815,0.291741260779339,2.07558978756529,4.93362265231421,0.277498557580971
"BHT-101.1",0.246874263459126,1.35762274858447,2.11791851667579,29.6628663481655,0.887799408554591
"TE-1.1",0.254839022391809,1.51991832078013,1.64999462818609,21.1486422127767,1.08915636694015
"SNU-398.1",0.416410269452955,0.448986117142054,1.21202287302698,15.9076528241218,0.327350848482912
"SK-MG-1.1",0.169583863532983,2.94246862039973,2.23906631568369,40.3606721496874,1.41064126497971
"SCC-3.1",0.579054958559297,0.168977093563368,0.784344155643818,0,0.168977093563368
"RPMI-7951.1",0.386151526521047,0.591410571194085,1.18440134610258,15.1452940768624,0.43609259483043
"RL95-2.1",0.351867728018006,0.818643950561535,1.58101852761444,6.58381326302652,0.748705442893889
"RERF-GC-1B.1",0.397062054179888,0.657985144885627,1.02711676625258,2.42950575195974,0.626837342224873
"PL4.1",0.22309215042778,1.22997778914938,4,36.3096362152529,0.889730575054509
"OSC-20.1",0.275273220663518,5.38339702203348,0.453138978086377,20.5805512539383,1.67011173675718
"OAW28.1",0.224059731547662,4.61842722902801,0.844568096293699,36.022518768804,1.02112967070025
"NCI-H446.2",0.529509423390709,0.253404914921847,0.919171342597948,0,0.253404914921847
"NCI-H322M.1",0.535382591862922,0.200986740761723,1.19027166395192,8.52995281496042,0.171758359484303
"NCI-H1915.1",0.24218087285627,2.30475366897663,1.37381623196939,43.4772150295361,0.52332395193152
"MM1.S.1",0.453338398162152,0.393970571080718,2.02218556102276,4.59223334762964,0.375641326122577
"Karpas-231.1",0.634041147149431,0.115001797698236,3.37770112469862,2.21643484589164,0.113468363150726
"FTC-133.1",0.31923160183986,1.02509943544009,1.30648753458863,12.9667139640821,0.814654422914613
"A-204.1",0.200348764765193,10.8481423399484,0.458825955451439,0,10.8481423399484
"HSC-4.1",0.172324606583815,NA,1.32750450716743,57.4248786231085,0.620196182458467
"NCI-H1650.1",0.234458762552456,NA,0.493060322855664,51.1218174639831,0.387492721732673
"NCI-H2228.1",0.260695973153876,6.76044142848084,0.507530353123629,29.6283580472299,1.15254662863684
"OVCA420.1",0.222803580612476,1.17492031977491,4,38.8421236735549,0.807534897873068
"RC-K8.1",0.431627786452394,0.626035032328034,0.496853126874451,0,0.626035032328034
"RERF-LC-KJ.1",0.230656754548877,2.84658041696186,0.851685175898631,0,2.84658041696186
"RERF-LC-Sq1.1",0.362858835104873,0.557073863273546,1.61834372590736,23.7525914459513,0.374083306469316
"SBC-5.1",0.387646110454205,0.628897290139072,2.11575678063894,4.93866805255239,0.598731749832114
"SCC-15.1",0.202458831932093,3.14742850555346,1.2634582095933,34.4210754815891,1.25062013650761
"UPCI-SCC-090.1",0.190665252127742,2.41940645301293,2.3627020264072,44.9852865771312,0.91412316138273
"SF268.1",0.125527468726509,9.1863173321122,0.839488901072102,0.563037491380486,9.06322681884473
"SK-ES-1.1",0.501370472614173,0.261674355415859,1.09563943408839,9.09088724252005,0.217880630220206
"SKN-3.1",0.303451297290163,0.812919583842229,1.63529346431242,39.8810466598476,0.306027311455935
"SNU-182.1",0.227205129607246,2.37755545011481,1.22910490665237,31.2767547552806,1.06919730875413
"SUP-B15.1",0.399657403807595,0.593848161823104,2.52708069493372,3.12321760137066,0.578882747213961
"SUP-HD1.1",0.48868812561427,0.255770211210043,1.16666502626204,14.1958015858869,0.192102569439376
"TE-4.1",0.322348499923961,0.927702120359823,2.09520037053785,10.8109796338275,0.825865861304069
"TE-6.2",0.284481687884745,0.818477829204131,3.1964958867004,29.279680818112,0.621328996073737
"Granta-519.1",0.446890337624405,0.333412472704823,2.89233677196707,11.6129439988145,0.304295738092488
"PaTu 8902.2",0.258060145919512,1.02675541218982,2.65439964518207,34.2878932446245,0.663849916965784
"OE19.3",0.25174849950068,2.71734637611582,0.718396547506042,0,2.71734637611582
"OVCAR-8.1",0.375565998860848,0.63496678548689,3.13368172046647,7.68475493389346,0.602037928863524
"U-251MG.1",0.224006242262808,2.51453559211428,1.11754675022074,9.40560480563715,2.08676392040941
"A-704.1",0.268656280770309,NA,1.53517572702674,51.7860626261956,0.212152614295499
"HCC827.2",0.256736987847806,1.46398386182434,1.78929191129002,20.0831415948743,1.09869157085763
"Lu-135.1",0.376523134476554,0.424284380490064,2.69801298554449,23.3556887010552,0.335997460752117
"MFE-296.1",0.210881754997968,26.0686292470818,0.326071989839869,0,26.0686292470818
"MFE-319.1",0.392508894735753,0.42634204794924,4,16.7644268104995,0.384960756595629
"MOLM-13.2",0.635841507129229,0.123700812670778,2.58758125870643,0,0.123700812670778
"NCI-H2405.1",0.137890257862546,NA,1.92646749082976,67.0802961439935,0.554943950768286
"NCI-H650.1",0.233934415937397,1.6819289042184,2.0718764484034,45.8371922933179,0.506689589243892
"OVISE.1",0.30793773296016,1.48788070203577,0.794106792773225,15.9060934425648,0.918668762326966
"PF-382.1",0.53141238528076,0.203771402130578,1.37666349386771,8.73397014213068,0.177246822242765
"TYK-nu.1",0.361212473910165,0.313563233134971,2.56320906197478,37.8375881141301,0.180634645802587
"UACC-257.1",0.0938529376666945,NA,1.93892122671038,71.9601392438815,0.99644847632644
"HCC1143.4",0.188716169713423,1.95500353978462,3.99634286055952,29.5009594414581,1.56404714041283
"Rh41.1",0.42883251308928,0.419413178604328,1.34969428111106,12.5378369006098,0.338648432866631
"DK-MG.1",0.247329289891466,NA,0.474260749831463,50.0070709489535,0.333856099897494
"CaR-1.3",0.167776711252765,9.88176999398006,1.52276412716643,48.287479632725,1.07782676914218
"SW48.2",0.30501197970333,1.05112806660803,2.67132687443561,9.27201724820316,0.973441803233172
"T84.2",0.319184111104042,0.85555401676254,2.84548609491523,14.0838811145139,0.761646084094917
"COLO 678.3",0.188999503922441,607.207797583304,0.285129025935249,34.9201087879828,9.0697682376214
"HOP-62.1",0.16069792431353,NA,4,55.1923099760457,0.839788588167997
"U-87MG ATCC.1",0.138200053613682,NA,1.88974970952183,68.6159650291717,0.478218155621591
"TOV-21G.1",0.408515275917905,0.453317866712282,1.37922707921166,16.8116059788388,0.336788159991511
"TGBC24TKB.1",0.315707469131321,0.67892215410279,3.777802545294,23.7688300518116,0.57235106265775
"SW626.1",0.273524467178305,4.58745297144435,1.00657880296502,46.9904738729513,0.281239621787846
"SW1573.1",0.237701250614142,2.65801879547524,1.06319335607012,35.5161743884423,0.828807665196609
"SU.86.86.1",0.0728890069833273,NA,1.53227735087025,78.4790218853863,0.98113757093897
"RPMI-8866",0.472160985896558,0.36911833318966,3.52438033211695,1.38744111863249,0.366182772019348
"RD.1",0.353459082062994,0.539555238341955,2.58203351044072,22.5375968467415,0.42780951674112
"PA-1.1",0.381382757129539,0.463423834128373,1.71091091549885,23.4699477215549,0.319970348230023
"OCI-AML-5",0.393101879820859,0.460694711769064,3.49605140250064,14.4948023502191,0.417720510805264
"NCI-H209.1",0.490247762303669,0.265024368770854,1.48003524991092,10.5814404446777,0.22568928856857
"NCI-H1876.1",0.509155626741929,0.296830097801327,1.72711559374166,0,0.296830097801327
"LN-405.1",0.110454311043383,9.85969813893812,0.914632702301894,0,9.85969813893812
"Huh-7.1",0.115926742474679,NA,4,67.1850201547244,0.871496293052819
"CCK-81.2",0.482768276590107,0.314685651277373,1.28747163549177,5.80846570172529,0.285904464077629
"PC-14.37",0.405241087905004,0.339109721782152,2.25532366690697,23.7050164240304,0.255029187518294
"PC-14.38",0.395001787207801,0.316175542168509,3.72068260512716,25.0665390738701,0.262246676323214
"PC-14.39",0.419527672289424,0.286773409249801,2.68419928567632,23.5045469263037,0.226354915985269
"MHH-ES-1.33",0.33262506647724,0.615058119167353,3.8093124419771,21.8342320809658,0.529035503409606
"MHH-ES-1.34",0.418541235853274,0.482390616322514,1.1455976900109,11.5296079577396,0.383728610697537
"MHH-ES-1.35",0.374299153107696,0.562928979832256,1.42905123382788,20.3497949739427,0.390523642735024
"SNU-C2B.36",0.315662111503444,0.884274084214276,1.54688655420348,22.9440926322248,0.594526142368568
"SNU-C2B.37",0.277753139418674,0.92992647063467,2.37843339401288,31.1180517030841,0.617493999158087
"SNU-C2B.38",0.345500444317647,0.828693928575113,1.00834431539759,27.7531779961067,0.371195377924879
"HT-29.36",0.495635533310328,0.179232025112602,3.01356586597,17.8692307561146,0.154770253456586
"SW620.37",0.229333488364969,1.94419009397638,1.61205472529026,20.0685078869453,1.41417836869167
"SW620.38",0.272745060946056,1.22374939077676,1.90433142133141,21.6061472836358,0.909173654021423
"SW620.39",0.288165003631119,1.32430155187379,1.37591618377433,10.8667428010771,1.10825359333121
"U2OS.34",0.207350363195946,2.89853412648917,1.12966600793246,0,2.89853412648917
"U2OS.35",0.20587005327869,2.60408195532962,1.39625706488363,15.3076238943653,2.00432376719827
"A-549.30",0.218637785411983,1.25241943232285,4,37.9201919639701,0.878056181275319
"C32 [Human melanoma].30",0.145625034726037,NA,1.54115825909143,58.9306499321635,0.876153898581992
"C32 [Human melanoma].31",0.138153983059406,NA,2.59907592568443,58.2621548240065,1.01742345843947
"A-375.33",0.353107907182455,0.732947052568669,1.60481572286115,13.2247487196613,0.605255645191403
"A-375.34",0.38218646177995,0.718136061659169,1.05953954929548,4.35532872245685,0.658947722116174
"HT-29.37",0.473747688169789,0.177880111994994,2.94342895334426,22.3840596148187,0.145391499673548
"HCT 15.31",0.450860533686724,0.43790206265515,1.07114378261007,1.43135711733621,0.42618755179322
"SK-CO-1.4",0.378789405680487,0.605071328941697,1.32112276592745,14.6280235184551,0.465619997817895
"SW620.40",0.310757564629922,1.06518389179047,1.49703932670886,11.2273423650291,0.898771621644363
"C2BBe1.1",0.152784383278223,NA,4,59.0805120217727,0.758498792414847
"CHP-134.1",0.359052342308964,0.559346442553602,2.89361210731663,18.5105576360205,0.476743636633204
"CL-11.2",0.342383507722243,0.509829620169638,1.79493621964731,35.4187090944593,0.25660633716666
"Karpas-45.1",0.518589311029665,0.252436315278206,2.29142972040576,3.45598513901268,0.244667807860826
"NCI-H1573.1",0.164792348254027,NA,2.54663381266546,55.0289652459049,0.796212544946241
"NCI-H1688.1",0.231984760907302,1.2798134138765,2.62085227592708,39.9509299607795,0.693844430470655
"NCI-H196.1",0.278338858563769,0.904258892933175,2.02298771787956,39.0828002845781,0.426204632653747
"NCI-H196.2",0.246261905063887,1.25453939324634,2.12313937165843,39.8852499595868,0.59102093630343
"NCI-H2122.1",0.410722400881105,0.524871775887993,2.70333371743463,5.000002192556,0.504808771407092
"NCI-H2170.1",0.423845011850588,0.438705614646675,1.31109295028956,12.631816858065,0.351328349957386
"NCI-H661.1",0.342150801950126,1.0087752044995,0.87176295934416,33.3708025467789,0.285342836895459
"PFSK-1.1",0.305800008264403,0.999974164901583,4,10.5761418760202,0.94229320535914
"SU-DHL-5.1",0.47000090431587,0.389235599687819,2.15853786613792,0,0.389235599687819
"CL-34",0.263580060831376,1.16349971237321,2.25204924783092,26.6547294755176,0.829641897843341
"U2OS.36",0.183412460888964,3.69590238585115,1.07751935011784,0,3.69590238585115
"U2OS.37",0.22085678790219,4.07133704421677,0.66885962952201,0,4.07133704421677
"U2OS.38",0.191020390263844,2.65922156461876,1.7546199751574,19.5832900239214,2.00323549104481
"SW620.41",0.227963297075716,2.0438243002432,1.44279742039671,29.8935475433132,1.08700124813052
"SW620.42",0.205608407819666,2.08108513726554,1.98643641222921,33.2472397854732,1.20012575244097
"HCT 15.32",0.341775726867669,1.17147962245938,0.73313967695747,0,1.17147962245938
"HCT 15.33",0.351915541039053,0.684725962463597,1.51176815090526,19.1176298206462,0.497847704597966
"HCT 15.34",0.305024334983604,1.21694185093033,1.19030421469271,10.36848715154,1.00109875397746
"A-375.35",0.292887529503145,1.07705540623198,1.86303044153585,18.4451190315814,0.841274816273326
"A-375.36",0.308246118132698,1.17620119308236,1.12254132329513,15.328766465828,0.848863949043084
"A-375.37",0.290108889688161,1.16817830767558,1.66828001569695,16.33231108457,0.92162612919349
"PC-14.40",0.427499174056899,0.296766627916264,2.16365232804103,21.9775399889036,0.227087474080749
"PC-14.41",0.495339490654177,0.334114481647952,0.390577603263909,0,0.334114481647952
"PC-14.42",0.498383488614287,0.321228827553538,0.530150195091137,0,0.321228827553538
"C32 [Human melanoma].32",0.196994480261989,NA,2.67920778663873,56.7954463278944,0.42880467452068
"SNU-C2B.39",0.28839152918194,1.0302978513259,1.71221710147736,27.2056884803817,0.651211381717569
"SNU-C2B.40",0.267529906066526,1.28070734946808,1.63507669882088,27.9443870691174,0.776352497055239
"RT-4.1",0.231071560645692,1.65867140228616,2.08937120479548,25.6122561420454,1.17633124348945
"NCI-H2347.1",0.104624429590338,NA,1.90445125239695,82.5485700225709,0.158668714044185
"NCI-H1563.1",0.0929562616199885,NA,0.79578804372157,66.1737324163263,2.00249092943246
"NB1.2",0.260568452371273,0.964712277445423,2.43838689347447,44.4408113786727,0.391897529621687
"C2BBe1.2",0.239752402252384,4.08078277380758,0.826010749478978,37.0163488583029,0.797675680302269
"SW1116.3",0.184462781885889,NA,1.4877247575687,54.2973159216435,0.615116328830761
"OV56.1",0.104947508934385,NA,4,68.0776584892645,1.0323123697885
"HDQ-P1.2",0.289734282937148,1.22997324280545,1.38964259722897,17.9246248501167,0.893626844446315
"HDQ-P1.3",0.316403290575952,1.13684150762534,1.04870260744367,14.9515975838582,0.810147404648055
"Panc 08.13.1",0.159850967859318,69.1341723701442,0.994511979418524,49.0505648539225,1.28436446084264
"Hs 445.1",0.514011677756014,0.23509327754008,0.809588891921563,10.7818372779995,0.174160014605018
"ALL-SIL.1",0.358859963675632,0.712084226332209,2.34867566802712,9.17566303419146,0.653193396649679
"ALL-SIL.2",0.390462288748224,0.589049687972431,2.20467736614834,7.04445178412745,0.549842013664365
"ALL-SIL.3",0.357577600588956,0.798951488540572,1.85139037830368,4.24460581319328,0.761570766102801
"MHH-ES-1.36",0.318411038049902,0.808187914771821,1.82712656087259,22.949728658205,0.577419715851792
"MHH-ES-1.37",0.329918553117394,0.850627457894816,1.41189109181216,19.0677551553498,0.605373823184715
"A-375.38",0.295923792714727,1.1053183508881,1.91816192554479,14.1746228088842,0.92898622114317
"A-375.39",0.32665009247982,0.853463699536403,1.69737804623882,16.529692277422,0.673738238129747
"A-375.40",0.304180817673202,1.1076548744789,1.46316881022199,14.0204054300479,0.884566186712063
"HT-29.38",0.366703326178328,0.343758594921576,2.95947313212901,31.742168560788,0.244577311236552
"HT-29.39",0.369299758442433,0.420596708661273,2.3751582250454,27.0433448552411,0.303063554487747
"C32 [Human melanoma].33",0.114264323330373,NA,1.92264384459587,53.5619168847699,1.86486450568873
"C32 [Human melanoma].34",0.165411512737754,NA,1.76249603476064,50.8740821837531,0.986266378877011
"SW620.43",0.223626251655822,2.7084785406908,1.13490624761255,32.0099830528271,1.10041855775365
"SW620.44",0.210543209475386,2.58828757104736,1.33321710137283,28.2420570590709,1.38667527285639
"SW620.45",0.214377092455487,1.71265581610587,2.29375567006991,38.0954730343458,0.916116524719122
"U2OS.39",0.267551688660342,1.603872832917,1.17888046982757,23.1305871953593,0.947073146461801
"U2OS.40",0.291952853703802,1.50271981535979,0.946623091643287,18.1225408806861,0.934047339295846
"SNU-1040",0.377615358915543,0.376716303922948,1.56751216223826,35.7309250980002,0.169278328868782
"SNU-C2B.41",0.28211067962035,1.16148257411467,1.50581288274439,28.234004022658,0.668571607179458
"SNU-C2B.42",0.262213906044024,1.12279638410199,2.19920559393515,31.2270276386768,0.719201713907793
"SNU-C2B.43",0.27586543304304,0.936573350621213,2.48868494227469,30.7760422132071,0.637875539943507
"PC-14.43",0.404364006093899,0.348313376178866,3.09275252886102,20.9367940378279,0.292269497632831
"PC-14.44",0.399246589619228,0.375830850140992,4,18.8867410114413,0.333799976143463
"PC-14.45",0.358010405129892,0.509471865717836,2.60126311464644,23.0874018058602,0.401516483784633
"SNU-C2B.44",0.281542986035856,1.09495826398088,1.96732025089844,23.2090766122532,0.797362340924869
"SNU-C2B.45",0.356102119748089,0.737755625756211,1.19103057299184,17.8048427549112,0.5097961343924
"SW620.46",0.272830061934694,1.64482750365673,1.09233674112722,12.8451750308142,1.25333250077601
"SW620.47",0.244326641715234,1.34543620016316,2.33520261062372,29.1575343546368,0.92496941998816
"HT-29.40",0.456390009892348,0.175147097428518,3.23403268495402,26.259227676595,0.139117163600741
"HT-29.41",0.498242235298157,0.211310498934232,1.42143803105921,16.6929264788407,0.158780736105047
"HT-29.42",0.488740297733585,0.169022553263346,2.04548238486675,22.861694429733,0.125372282669473
"U2OS.41",0.27249831655945,1.39116594836862,1.38622232656031,22.3310613489732,0.907818901656197
"U2OS.42",0.280906947497159,1.08160603221548,1.77252929638214,27.7456302536556,0.685068565609554
"U2OS.43",0.317774302567715,0.937692760469383,1.42355470134733,19.5272429080216,0.662200137185473
"MHH-ES-1.38",0.288108500442634,0.881215488742026,2.16525057117707,30.5807919030206,0.569359445784876
"MHH-ES-1.39",0.25329754295639,1.20820734868646,2.17970197443808,32.8825555147504,0.73886638726181
"MHH-ES-1.40",0.274210619662082,0.790053296417545,2.65614158003911,39.2052660566656,0.443616641635694
"PC-14.46",0.442252259433599,0.267829802291601,2.30529503357946,20.6814157834764,0.212469239423167
"PC-14.47",0.44447451120055,0.270966530246677,2.19006998185362,20.1075917267663,0.214242497629877
"A-375.41",0.341048126943588,0.86444015125133,1.46297434370583,9.76885931699113,0.745081217999301
"A-375.42",0.313798638462874,0.876415708188305,2.60150599955358,16.1476501071218,0.754399265712626
"PC-14.48",0.433183709307087,0.296370279512673,2.63946095055755,19.1744304286338,0.246746293029862
"C32 [Human melanoma].35",0.159375080543132,5.78071895486628,2.1663278992145,48.3669162209885,1.19136874896987
"C32 [Human melanoma].36",0.224315831839184,1.64210588546658,2.36521393248494,45.8894495090842,0.57100415209349
