"","aac_recomputed","ic50_recomputed","HS","E_inf","EC50"
"PC-14",0.621254249124455,0.00110491542711496,1.67011614482515,37.3892530157581,0.00048432052683834
"A-549",0.221478479121329,NA,0.369296276472383,59.4009677659762,0.0361514099810338
"A-375",0.0640886673932943,NA,1.69482022539507,85.2170134019428,0.100417198032569
"DEL",0.214914526234251,0.385054298370135,4,14.2862470026686,0.353987843047073
"EW-13",0.0639972395763412,NA,0,87.2005520847318,0.000136536918389585
"CL-40",0.0437014368460507,NA,4,92.675120064389,0.0324575449898225
"C32 [Human melanoma]",0.09625058770251,NA,0,80.749882459498,0.00104413861402059
"U2OS",0.118503202221681,NA,0.0630277783613172,54.590260057658,999798.78907834
"TC-71",0.0518175020485954,512.089159732981,0.345748525905488,0,512.089159732981
"DiFi",0.661180930864515,0.00444242932822262,1.85104437851391,27.7813599026639,0.00286629696659659
"RKO",0.0489651724745231,28.9222621806803,0.570357435513312,0,28.9222621806803
"CL-11",0.0349443971418997,NA,0,93.01112057162,0.0887597127251476
"PC-14.1",0.624218500335176,0.00158337775446838,0.650382654235934,34.0748385717027,0.000272642811565655
"A-549.1",0.0668125468550247,NA,2.92749119528454,78.0253341974845,0.24506786417199
"A-375.1",0.0855284664824089,NA,0,82.8943067035182,0.0036717676316284
"SW620",0.0325412247265535,NA,4,93.5937397695759,0.0598779415762846
"HT-29",0.103952951105122,NA,0.373262139519116,88.1702643341752,0.000183007120221516
"HCT 15",0.0450106659903911,2.02629664846315,2.18393991195527,0,2.02629664846315
"SNU-C2B",0.15845075539189,6.37558385069747,0.409023900501891,0,6.37558385069747
"MHH-ES-1",0.0312900660599316,282.822643406153,0.450377971907941,0,282.822643406153
"MFM-223",0.0497872086821418,NA,4,87.1253543456701,0.138356233405453
"C32 [Human melanoma].1",0.0676992360329419,6135.15289724051,0.236626945538746,0,6135.15289724051
"U2OS.1",0.0736386431314899,NA,0,85.272271373702,373.47611925326
"SR",0.115472028453912,1.07220051848518,2.95378290252666,45.8955804727691,0.459946451994856
"SKM-1",0.0962752743523178,NA,4,62.1702952531817,0.344901203485231
"COLO 320HSR",0.137313994401074,NA,0,72.5372011197851,4.81427248831058e-05
"DiFi.1",0.69032921231609,0.00514603785659252,2.3259751926838,22.3185570877074,0.00399094479294785
"CCK-81",0.536147467462825,0.0174445889900844,0.821038183999846,34.2812334236753,0.00426155372119491
"COLO 205",0.0719692063208629,NA,0,85.6061587358274,0.00512930510736136
"RKO.1",0.0614300427354394,NA,0,87.7139914529121,0.192654550097405
"SK-CO-1",0.0169445425124829,NA,0,96.6110914975034,22.1507496184242
"LS411N",0.111707232992855,2.00033334428716,0.895578233957222,0,2.00033334428716
"LS123",0.111878214967596,NA,4,87.9106891612123,0.00323705732256746
"LS1034",0.0718190003858444,NA,0,85.6361999228311,0.000690527960131896
"HCC2998",0.00988633436505246,2.67155752096624,4,0,2.67155752096624
"NCI-H929",0.0530668222544557,3.24701910364915,1.20757836118366,0,3.24701910364915
"CP66-MEL",0.0138414164535836,8.9230288265739,1.33391205548579,0,8.9230288265739
"Ku812",0.0652792640853477,2.05664984310359,1.93386027899725,31.648396821117,1.22480967062224
"RF-48",NA,NA,NA,NA,NA
"DB",0.0125643976980647,2.49180384494431,4,0,2.49180384494431
"SR.1",0.0482001994579373,1.614794896392,3.34502387882845,0,1.614794896392
"Lu-139",0.0395005421126206,NA,4,77.1834585867076,0.606198620274632
"MDST8",0.0346809425102949,NA,4,92.8325082827842,0.0707208603153043
"HT-55",0.373198402476063,1.25255169300784,0.179047485379426,0,1.25255169300784
"Ca9-22",0.279684836881709,NA,2.48866157052107,64.0590012640073,0.00917865050565053
"DOK",0.412924764616272,0.340084220400636,0.218995739574205,0,0.340084220400636
"CaR-1",0.147531143700397,NA,0.565647681826871,65.9049409343687,0.117736840897838
"HT115",0.122944950939858,NA,2.8186901622232,86.974084767438,0.00255158491515108
"GP5d",0.0144764536375066,2.38829365228121,4,0,2.38829365228121
"SW620.1",0.100648593811879,51.3519113870918,0.461613435786321,33.0303281867169,4.94211157130788
"CW-2",0.276356459373741,NA,4,58.0343960461119,0.0211631040286919
"HuTu 80",0.202226951041052,1.90152329055293,0.478513396607462,0,1.90152329055293
"HCT 116",0.0165553612518793,2.29180878656101,4,0,2.29180878656101
"PC-14.2",0.63062308738173,0.00250332897984438,2.48388492413678,35.3862307944788,0.00152562739591581
"PC-14.3",0.679653856993119,0.00174119324026724,4,31.5595079129646,0.00135689923584875
"PC-14.4",0.635124794855223,0.00218023253594821,1.88811791407543,34.979471978168,0.00115315103109964
"A-375.2",0.10607411305129,9.30572040929699,0.5,0,9.30572040929699
"A-375.3",0.11611547746403,NA,0,76.776904507194,5.94190478690137e-06
"A-375.4",0.0998962022720696,NA,0.00943590814156754,79.6202446370433,4.07930723187011
"SW620.2",0.0119794496839803,5.26785293019417,1.85490750433042,0,5.26785293019417
"SW620.3",0.1223108854777,999749.586383003,0.120195218557934,0,999749.586383003
"SW620.4",0.0754819803784678,NA,0.0939836529854238,57.0127110982401,1e+06
"HT-29.1",0.125390862295789,555.374111910816,0.221865830276459,0,555.374111910816
"HT-29.2",0.0425396640355464,3.44533987342733,1.33988075962994,0,3.44533987342733
"HT-29.3",0.014507440785059,2.38674487223396,4,0,2.38674487223396
"SNU-C2B.1",0.109686761689547,48086099355.7778,0.0993281543983001,32.8638346682114,1e+06
"SNU-C2B.2",0.115736780538483,87.0433071416688,0.299867300607342,0,87.0433071416688
"SNU-C2B.3",0.249737304684396,NA,4,74.7183219214715,0.00159147190948815
"MHH-ES-1.1",0.111035960927726,37992.3635016196,0.159264887216503,0,37992.3635016196
"MHH-ES-1.2",0.0607624685045841,NA,1.65315621824832,51.3466173673576,0.996700037785153
"MHH-ES-1.3",0.0618687687647754,NA,4,72.4227440588195,0.424874816144055
"MFM-223.1",0.113717945420529,NA,1.70490016063089,86.0921154196327,0.00655608940266368
"MFM-223.2",0.0847997884412273,NA,0,83.0400423117545,0.0438994577112129
"MFM-223.3",0.0802130907237025,NA,4,85.5475056754662,0.0432633599201868
"C32 [Human melanoma].2",0.104346686707696,NA,0,79.1306626584608,0.510162745448423
"C32 [Human melanoma].3",0.10154453439208,NA,0,79.6910931215839,0.000195929006319458
"C32 [Human melanoma].4",0.0490916755657249,NA,4,71.5574363122392,0.608411388596406
"U2OS.2",0.158930894342087,NA,0.234335502471301,73.9714646707827,0.00837907630382562
"U2OS.3",0.124547014448524,7361.78715628164,0.170882041324042,0,7361.78715628164
"SNU-C5",0.113796303519232,66350.3148609069,0.150549358515853,0,66350.3148609069
"SW48",0.247707122074584,999992.9308425,0.0672911127657109,0,999992.9308425
"NCI-H747",0.164345287847053,NA,0.621907963731156,64.5083961508711,0.087386915482666
"C2BBe1",0.212412346532306,NA,2.55149697537343,77.9208151398786,0.00196285108242132
"COLO 205.1",0.0566526883220195,NA,0.102189848776689,88.2748763736407,0.123099968762853
"EM-2",0.0733587953234487,NA,0,85.3282409353103,0.0181818112036365
"KCL-22",0.113475657630367,28.5400358336078,0.369264980085472,0,28.5400358336078
"CS-1 [Human chondrosarcoma]",NA,NA,NA,NA,NA
"SKN",0.104317242643582,NA,2.43331396229504,82.5207671063038,0.0324004128535619
"PEO1",0.209797495149785,NA,0,58.0405009700429,1.00003021101756e-06
"TE-12",0.33306836790762,NA,0.636040626544641,55.2792123491342,0.00666867528916882
"CW-2.1",0.288288262816432,NA,4,58.3395693552683,0.0167950096640241
"SKM-1.1",0.0176272062839551,2.24715728932854,4,0,2.24715728932854
"HSC-3",0.119839947406323,3.19698632549412,0.656193129852716,0,3.19698632549412
"Ca9-22.1",0.247958670460634,NA,1.04364447871127,68.9190227596027,0.00629404295778126
"PCI-04B",0.311567796175791,NA,1.99246301166639,50.3763616329696,0.0260809082742653
"DiFi.2",0.602696273722766,0.00587849956896651,1.88043083439557,33.2230621852267,0.00328896886191344
"LS513",0.249674306492788,NA,0.63854548282576,61.0533847812896,0.0183286046593103
"OACP4 C",0.212141351644537,NA,1.50443253351714,73.6252200908429,0.00704329644723993
"SK-GT-4",0.25393454587494,NA,1.52926093375894,69.9584146234389,0.00505592505466276
"NCI-H841",NA,NA,NA,NA,NA
"SNU-175",0.275221147949565,NA,0.482840426908438,70.0586498135478,0.000194386089460253
"COLO 678",0.181472125051458,NA,1.46605460421977,79.9982816906826,0.00270692842843613
"SNU-1040",0.169004421996809,NA,4,77.5661142952282,0.0109913224518207
"SNU-407",0.172476182251246,NA,4,82.4013802662872,0.00185285991164416
"T84",0.116737045215379,7470.23059898969,0.177337675739146,0,7470.23059898969
"NCI-H2135",0.0415326152222167,NA,0,91.6934769555566,51884.3769650626
"ABC-1",0.0471684986624702,NA,0,90.566300267506,0.0112777982464213
"SK-MEL-5",0.0483425166299514,NA,4,72.8523477995799,0.585663997207505
"CL-34",0,NA,0,100,913.129048138642
"NCI-H841.1",0.15551612972078,NA,4,78.4071130885959,0.0138194033988605
"NCI-H1876",0,NA,0,100,93.2804299398358
"OVK18",0.0200598713095777,NA,0,95.9880257380845,0.10616072472515
"A-427",0.0651708608084594,NA,0.0621802237977817,86.847545773264,0.0845774576729558
"LP-1",0.0328393498253675,NA,0,93.4321300349265,5.56568821971389
"EM-2.1",0.0663209446144509,NA,0,86.7358110771098,0.00240436110406948
"Lu-139.1",0.00521754845015493,3.18715144878548,4,0,3.18715144878548
"MRK-nu-1",0,NA,0,100,0.0121214427871667
"NCC010",0.0879886218736274,198.126914697394,0.309407199165843,0,198.126914697394
"RKN",0.0678621172979844,NA,0,86.4275765404031,0.130666687243163
"SW1417",0.173339632825834,NA,0.603670729965094,76.4871203315222,0.00677468985902302
"TE-15",0.4958373851675,0.0206575193211593,1.7156437167174,34.3521275476536,0.01049568704569
"5637",0.314003203744088,6.84965359914658,0.171422543872197,0,6.84965359914658
"697",0.116838502185578,3.55544447276159,0.641128036494883,0,3.55544447276159
"OSC-20",0.220692934877672,NA,4,72.0135100282325,0.00861362637681518
"CaR-1.1",0.205616085779361,NA,4,74.374777122742,0.00782634154125194
"8505C",0.164143461304841,NA,0.282414230435297,59.6850752404824,0.265164858622928
"786-O",0.104652216023109,NA,0.811700334708171,75.2540549171507,0.115713927600617
"647V",0.0157135319340112,NA,0,96.8572936131978,0.00551610424052415
"42-MG-BA",0.012736551520105,2.48177887775286,4,0,2.48177887775286
"SW837",0.0201432166901865,NA,0,95.9713566619627,0.00594739657471393
"A101D",0.013021777242431,2.46550199677094,4,0,2.46550199677094
"VMRC-RCZ",0.0147811460077965,NA,0,97.0437707984407,0.980701866816294
"639V",0.120729067791245,NA,0,75.854186441751,0.000347822216480827
"B-CPAP",0.0694396458893387,NA,1.68740805003181,72.8180312609655,0.353271933392732
"A-172",0.15013488114793,588.168179862101,0.195469921593028,0,588.168179862101
"8-MG-BA",0.0765503762458416,5.31116584248262,0.741822142572101,0,5.31116584248262
"BHT-101",0.0550250919789097,54.7553580803533,0.475380212989884,0,54.7553580803533
"H-EMC-SS",0.0521329719175532,6849.58501038957,0.260371016150777,0,6849.58501038957
"SW1116",0.224098909450458,2.36377571733728,0.386656713007282,0,2.36377571733728
"LS180",0.0512828486142669,NA,4,87.4739082372653,0.11827701265883
"A2058",0.0442428190197337,NA,4,92.0503096694719,0.0428106147203924
"BPH-1",0.517034530202602,0.0221680246558367,0.605450610686414,38.155188607341,0.00205450976707474
"Jiyoye",0.125513577440895,2.09767969506978,1.07640266803596,35.3592364180621,0.670183730120172
"697.1",0.0891957109071779,1.21039548437046,2.35109478874111,0,1.21039548437046
"SUIT-2",0.0871791300745497,NA,0,82.5641739850901,0.00100378745197053
"C2BBe1.1",0.216284888150114,61561.8241289165,0.097229646901157,5.41231541723719,18948.898965275
"UACC-257",0.0687765193795507,NA,4,91.1833001624892,0.00913578426639935
"LoVo",0.204832261085981,NA,0,59.0335477828039,0.0591345397950988
"23132/87",0.0665741307083497,2.82730578787802,1.12442088885618,0,2.82730578787802
"WM793",0.0376390689726125,NA,0,92.4721862054775,0.223817999492466
"647V.1",0.109764608924228,NA,0,78.0470782151545,0.000587551026549779
"A101D.1",0.105075750663687,49900512.5588571,0.116623975383252,18.309415611079,1e+06
"A-172.1",0.122633580149429,88303378681.1932,0.0915694381302754,32.378121723336,999561.477593071
"BFTC-909",NA,NA,NA,NA,NA
"8-MG-BA.1",0.0888256230352588,1.13114663801664,4,43.6379567392556,0.675578099519141
"SW948",0.00654577993921902,2.99731816428148,4,0,2.99731816428148
"NCI-H345",0.00746553039760723,2.89090641722818,4,0,2.89090641722818
"RERF-LC-KJ",0.141185860752859,NA,1.70395634003676,85.8814110814037,1e-06
"CHP-134",0,NA,0.214331875842361,100,0.195703058530214
"HuTu 80.1",0.119389281098186,NA,4,78.9038361045036,0.0401210445773764
"C-4-I",0.119026833743691,NA,0,76.1946332512618,1.42084015852398e-05
"SU.86.86",0.140227296333743,NA,4,79.6208927752281,0.0172539099990872
"BT-474",0.473397281733431,0.0215360807789025,1.5940513937263,40.707386232274,0.00749362653227443
"EW-18",0.0163788562831521,3.41337825541429,2.28435390399847,0,3.41337825541429
"SK-N-BE(2)-M17",0.0710953172663606,NA,0,85.7809365467279,0.00040920423464839
"A3/Kawakami",0.0252347780171433,1.99594999974175,4,0,1.99594999974175
"HCC1806",0.299279140838257,NA,0.727316627355238,65.0376350806016,0.00221315753818011
"CAL-120",0.0687415744016951,NA,0,86.251685119661,0.000354705394297887
"GOTO",0.0022770728368498,NA,0,99.54458543263,0.275626094490605
"G-402",0.0411734126882948,NA,4,54.159478915813,1.09919305670559
"Hep-G2/C3A",0,NA,0.893634334937612,100,8.19122991239285
"BT-474.1",0.249517396846509,NA,0.881124642981052,54.4305504178495,0.0440528414181306
"SUIT-2.1",0.0199313904921566,NA,4,87.305886441105,0.678351535677194
"CADO-ES1",0.00944575396663396,2.73841963426436,3.921875,0,2.73841963426436
"Panc 02.03",0.26622754249676,NA,0.601010814279326,66.2298766400245,0.00376889312892757
"B-CPAP.1",0.0771440771863555,110179.357510161,0.176301474490961,0,110179.357510161
"FaDu",0.38146520186257,NA,0.715233461389655,50.5866400825461,0.00576587273073866
"CADO-ES1.1",NA,NA,NA,NA,NA
"SiHa",0.0859196165682009,NA,0.0178752874830572,83.0662510185093,0.0121055842829496
"Hep-G2/C3A.1",0.00118204360817837,4.68546731959636,4,0,4.68546731959636
"SNU-81",0.0731737684206407,NA,0,85.3652463158719,0.00333395030555129
"BT-474.2",0.368975403225067,0.313904553501969,0.454002177283729,24.476963008233,0.0713749726942615
"BB49-HNC",0.137399890819766,NA,0,72.5200218360468,0.126464861228883
"ZR-75-30",0.396686923813168,0.653974471745541,1.36912497943348,49.8884357108725,0.00756767929445599
"HC-1",0.102537483029422,1.79270283838537,1.33796638936594,29.688453303552,0.914332365905403
"TK [Human B-cell lymphoma]",0.0569695127884023,NA,4,91.5670136118023,0.0188149835133003
"DAN-G",0.0838097059772033,353.352314677585,0.29324015399542,0,353.352314677585
"CAL-27",0.325319562047769,0.806701418760084,0.312643392756683,0,0.806701418760084
"NCI-H1781",0.398147540190046,0.101605266342543,0.908505524245809,32.8666279564323,0.0312569555224758
"CAL-51",0.0262215917883923,NA,4,89.2562395004111,0.370700846930975
"EBC-1",0.0929516465672493,316569.34280786,0.150026589088465,0,316569.34280786
"ES-2",0.0071787487949203,2.92234606479775,4,0,2.92234606479775
"ES4",0.142511132981498,NA,4,79.9179271162657,0.0148670950722336
"COR-L23",0,NA,0,100,1e+06
"KYSE-410",0.274742432493383,NA,1.10845852908181,60.630846476726,0.0147456329946272
"RD",0.0481179554653884,NA,0,90.3764089069223,0.0119779935311298
"RC-K8",0.0128572326427653,2.47484224412317,4,0,2.47484224412317
"NUGC-3",0.350935852227398,NA,1.82713910793337,55.7017718132088,0.00806610407204754
"VA-ES-BJ",0.0905930583833823,NA,4,89.7855172512973,0.00432144314083296
"CAL-78",0.123065084374441,NA,4,85.5269405787422,0.00560481105082167
"EW-1",0.0924577450771034,NA,0.0650311598978418,63.6957336629311,999996.787006131
"CAL-29",0.287105613910986,NA,1.65581304265169,69.6528694281034,0.00181780954275338
"OE19",0.513657225733055,0.0402308480193463,0.611125645766227,20.5685300052248,0.0169023029042105
"Jurkat",0.0101545602057798,2.65116785567315,4,0,2.65116785567315
"PL4",0.0792444729304024,NA,4,88.3535225201212,0.0181937571179215
"OVTOKO",0.247265842186758,NA,0.504467055779598,56.6500631732554,0.0315309374409058
"NH-12",0.0959283668765202,NA,0,80.814326624696,0.000387277199466609
"A-498",0.188558928153812,19654.2714263706,0.116728566813026,0,19654.2714263706
"IGROV-1",0.400431244026827,0.139396395903112,0.652236489794939,30.4145288827217,0.0331275704404117
"AsPC-1",0.117063403457699,22592.6081049364,0.161094544407374,0,22592.6081049364
"Rh30",0.00453859132379116,3.3081125742895,4,0,3.3081125742895
"NCI-H661",0.0414780323713466,4.25775078911247,1.19070456786449,0,4.25775078911247
"COR-L23.1",0.0322085338350032,NA,0,93.5582932329994,0.0107324957661318
"Daoy",0,NA,0,100,19266.4799093982
"G-401",0.121779446479398,90.4752848890304,0.288753129110477,0,90.4752848890304
"Evsa-T",0.110597482310441,NA,4,85.9264684804229,0.00877714642612907
"Calu-6",0.143288921548698,NA,1.1896732141855,85.6709018175933,1e-06
"EC-GI-10",0.464153371962809,0.0406003850475088,0.927784657206037,41.9996315283441,0.00563278692904394
"HCC78",0.267857129208503,255.405797764756,0.122768038492315,0,255.405797764756
"AN3-CA",0.069459276947353,NA,0.0601363922475962,82.4580780481247,72.7551499128482
"HuH-1",0.0913207175505926,4466.78161677417,0.212250165466596,0,4466.78161677417
"CAL-33",0.274765717094085,NA,1.23442476779772,62.337363183223,0.0119214719340655
"ASH-3",0.0391671692011306,NA,0,92.1665661597739,0.00897718103456441
"GCT",0.0570418497299368,NA,4,86.964029133533,0.0973671828762516
"ALL-PO",0.139773880922489,2.20958381838505,0.674589162650848,0,2.20958381838505
"TE-4",0.554313151197595,0.0348847299908638,1.34376729885851,8.02929112011858,0.030623887278772
"COLO 792",0.0456918757532516,NA,4,94.7915384498289,0.00463153201814495
"EPLC-272H",0.337384909884889,222.114894967633,0.0832275287875561,0,222.114894967633
"ESO-51",0.0951932148412612,NA,1.64741869845727,82.5762988730917,0.0458286618196956
"CFPAC-1",0.29262460392445,2.47220980550788,0.521418562936785,43.1259663596067,0.055000463947337
"Raji",0.067322923413598,NA,4,71.8826420928975,0.382757728386738
"Detroit 562",0.129893622805346,2.96203196658724,0.63182459945015,0,2.96203196658724
"Daudi",0.00600473401248591,NA,0,98.7990531975028,0.272750882513883
"NCI-H2591",0.149692116478434,72638217.9312705,0.150658332901405,43.9538296216232,59.0602713094663
"CA46",0.010582151245484,3.53266606417232,2.68611694490226,0,3.53266606417232
"ALL-SIL",0.0129682703965283,2.46852457986211,4,0,2.46852457986211
"Granta-519",0,NA,0.200382932811332,100,11.5963815959599
"NCI-H2369",0.0587304929814499,5670552.13072175,0.161660217542973,12.230714709588,1e+06
"DBTRG-05MG",0.0646988282458092,363.256893465819,0.329546957360343,0,363.256893465819
"EGI-1",0,NA,0,100,0.180329732266384
"LXF 289",0.032410381030715,NA,0,93.517923793857,7252.65157754388
"NCI-H513",0.222587579409226,NA,0.510220046982528,53.6560561334534,0.0766995061197261
"ME-180",0.319091643169253,NA,1.0428741802992,63.3110534630245,0.00306314824546961
"NCI-H2373",0.0106400735046374,2.61579265718352,4,0,2.61579265718352
"CHP-212",0.0527182811295166,NA,3.21237837737467,75.9654586424195,0.440649536645928
"HC-1.1",0.0472921309587168,NA,4,70.9650153599411,0.651089152562406
"GB-1",0.0301267671843032,NA,0,93.9746465631394,78.9732127376064
"DK-MG",0.0235544203822736,2.54460342475223,2.62146540736945,0,2.54460342475223
"GI-ME-N",0.0731005773805504,NA,0,85.3798845238899,0.00303159077108685
"AU565",0.376714710151043,0.0335476929517287,3.49300702264858,45.6161971745715,0.0167118293241775
"G-361",0.119273895422872,NA,0,76.1452209154257,0.533823275086738
"EW-16",0.18600601562003,2142.62325768896,0.143995702543516,0,2142.62325768896
"LN-18",0.116384254827172,NA,0,76.7231490345657,0.012066322903055
"BT-474.3",0.427005130043916,0.111419073385757,0.581091022509925,29.1731188690957,0.0246843793995261
"SNU-61",0.160839245919815,77.8410206054573,0.243203645296884,0,77.8410206054573
"AM-38",0.203099592136807,NA,1.85026042427977,79.6900395475727,1e-06
"NB(TU)1",NA,NA,NA,NA,NA
"HeLa",0,NA,0.0803662498971872,100,1.16022952589863
"NCI-H1623",0.526356558661158,0.0277927304688393,1.80450853633471,20.1765203737001,0.0208722634487695
"SW1463",0.229331600962836,NA,0.549590544460384,63.1787455384684,0.0197252731859899
"NCI-H2122",0.234484599807284,0.602652967860619,0.768043350785248,0,0.602652967860619
"LN-405",0.0500229193491266,NA,0,89.9954161301747,0.0444241039196782
"NCI-H2228",0.123620077025722,NA,0,75.2759845948556,2.29126540172232e-05
"MOLT-16",0.0194273646378024,2.17844444264668,4,0,2.17844444264668
"RC-K8.1",0.0469053383869506,NA,4,85.3330385601245,0.219639711871492
"SNU-C1",0,NA,0,100,0.280042163708154
"P12-Ichikawa",0.131115036023489,1.29781067921017,1.31469044118651,30.7239734474792,0.628556692778953
"DMS 53",0.059375,NA,0,88.125,1e-06
"SK-MM-2",0.0258659080557734,NA,4,93.870761114557,0.108418159168809
"NCI-H1563",0.194836255520232,NA,3.26304398609375,77.7472189121609,0.00463706832391628
"GA-10",0.0555381489465246,3.85244467680538,1.05653318611179,0,3.85244467680538
"CESS",0.0741580558978626,1.45696473383345,2.11463684497905,0,1.45696473383345
"HTC-C3",0.0590289541731224,NA,0,88.1942091653755,2.1594796041469
"KMRC-20",0.107746559165948,18.8962773781437,0.415842366737182,0,18.8962773781437
"HT-1080",0.0152511069137126,NA,4,96.2653654623261,0.119128701966787
"HT-3",0.145586032215125,2189.65769262548,0.326494075131871,44.9477480585825,1.95597018559521
"SK-N-BE(2)-M17.1",0,NA,0,100,0.0111041499108015
"EJM",0,NA,2.43371230602794,100,945.5198840577
"HCC15",0.0627986212624529,NA,0,87.4402757475094,0.10625195105812
"KP-1N",0.0303417665401112,NA,1.39091474372758,81.168775402807,0.780287229668912
"JHH-1",0.165800377776939,87297758.7908276,0.0864684866353345,17.4909458151325,600845.098162529
"BT-549",0.0136714598284241,2.42988096399678,4,0,2.42988096399678
"HEY",0.0236338214658476,NA,4,86.7724017726954,0.583232353420157
"HOP-62",0.0481888138572173,NA,4,92.2521623264268,0.027244265674928
"KM-H2",0.00759926439774634,2.87672782056362,4,0,2.87672782056362
"KOPN-8",0.0774114424738776,NA,0.707191530119923,57.3093507076953,1.18098905810062
"HC-1.2",0.0224576129111756,NA,4,96.2358729506836,0.0324562784082386
"JJN-3",0.0146854999248279,55.5397436623178,0.758297935226744,0,55.5397436623178
"A-204",0.00621123453004902,3.04050151539617,4,0,3.04050151539617
"JIMT-1",0.00861997474190306,2.7773274867438,4,0,2.7773274867438
"ATN-1",0,NA,1.03293068472132,100,2.13315511215186
"DG-75",1.43899751546859e-14,NA,4,96.4057683978176,1096.66702996117
"OCI-M1",0.00292174573136476,3.71421188981948,4,0,3.71421188981948
"KYSE-520",0.296172019323615,1.67151628893396,0.307875613504051,11.2934201733543,0.727735963980811
"HuP-T4",0.0346568822659576,NA,0,93.0686235468085,0.0165984879058203
"KMOE-2",0.00110172076066159,4.76995753868377,4,0,4.76995753868377
"JSC-1",0,NA,0.891619499276626,100,0.121791269911453
"EFM-192A",0.521730868386865,0.021821133281468,2.05935926968043,25.9398124472652,0.0152974873015304
"RT-4",0.0661335332900778,NA,0,86.7732933419844,0.000319170727136316
"KYSE-50",0.118741722388365,NA,0.414925359225082,76.839722074234,0.0548506031039954
"U-251MG",0.0647241353183674,NA,0,87.0551729363265,0.286722680634072
"IGR-1",0.00768298300107862,NA,4,95.8714104514792,0.553901917954358
"NCI-H1563.1",0.118892065750049,NA,4,83.3837588546764,0.014275790380841
"FTC-133",0.0523938867342905,9.59734053694183,0.743972992583921,0,9.59734053694183
"NCI-H2228.1",0.0941477833324099,2637.55210198985,0.220052458855405,0,2637.55210198985
"CAS-1",0.0106666435927622,2.61391055867232,4,0,2.61391055867232
"HEC-1",0.0655066703645534,6839.77346830192,0.237554276704764,0,6839.77346830192
"MFE-296",0.137638455137641,NA,4,81.9979550116476,0.0101701807726055
"M14",0.0704933400759058,NA,4,90.8605097051745,0.00970724027915766
"MM1.S",0.00693089030640275,2.95073634064777,4,0,2.95073634064777
"HT-144",0.106187139530389,NA,0.0699247215553905,55.7103269043315,1e+06
"LB996-RCC",0.188155430575465,13.0223939171072,0.294124441632276,0,13.0223939171072
"IMR-5",0.0983480203448761,NA,0.601990552064063,73.5486087108697,0.201189068555001
"HuO9",0.0782881485514754,2.32845935352546,1.32112852980965,23.5494819750919,1.43797316566619
"OV56",0.0559419732779596,NA,4,87.7444003602014,0.0854580974529509
"NCI-H446",0.0194808907459552,NA,4,67.1726136380248,1.40099796508054
"NCI-H1417",0.0205924641672888,2.13754448151959,4,0,2.13754448151959
"OAW28",0.0843678178253264,1372.83008604981,0.248841200281617,0,1372.83008604981
"OVCAR-4",0.0573211906052585,NA,0,88.5357618789483,0.041533347855701
"SK-N-DZ",0,NA,0,100,1e+06
"NCI-H2405",0.0125900766099308,NA,1.18876593617824,65.9775679679265,4.77722492692958
"SW872",0.0483092192478725,NA,4,88.8940806303601,0.0991223272109072
"SW1573",0.0363201268537601,NA,4,90.9178001510096,0.126301842077881
"RL95-2",0.104553293503951,NA,2.05318621204536,82.2058238207073,0.0345059331698805
"TCCSUP",0.0545762961232821,NA,4,85.7697504922777,0.141433117847348
"SK-ES-1",0.0380893316777572,NA,4,88.6606877603449,0.196517657099703
"TT2609-C02",0.0849878027428981,NA,0.781062358666922,80.408853491908,0.106943506736656
"WM35",0.677023736944228,1.33518120330112e-05,0.370306917043787,30.8497397981222,1e-06
"SU-DHL-8",0,NA,1.12080336006503,100,5.99532659738958
"RCC10RGB",0.168540042807622,23.5856277437943,0.287528577735069,0,23.5856277437943
"SiSo",0.0456938964462442,NA,3.92288562958078,82.0734921191704,0.343963307914803
"UMC-11",0.075707544780265,NA,0.0134844167388217,84.9693521969908,0.0211812326772823
"SK-MG-1",0.110818883107536,836.073599831701,0.227774102233917,0,836.073599831701
"SKN-3",0.15938016006659,NA,0.743367477539278,76.1844968059808,0.0156510556138752
"LNCaP clone FGC",0.0367856333387784,2.23256796306995,2.26764580232021,0,2.23256796306995
"NCI-H1944",0.204758445337391,NA,3.34850823671952,79.2087947067989,0.00154460311490157
"SW780",0.107423006216245,NA,4,88.5799326922048,0.00285674288809253
"OVCA420",0.37196526588831,0.142665553473995,1.08035418662979,44.7751466259642,0.0176351818773835
"OAW42",0.0883063802682413,NA,4,86.8746072961567,0.0191778495789896
"WM278",0.0989981857218375,52.0745308474768,0.358264506488712,0,52.0745308474768
"OACM5.1 C",0.0871039604697373,30.6058064422238,0.425552446168356,0,30.6058064422238
"Karpas-231",0.0508202440816162,NA,1.24106768922585,55.366738022259,1.33281787984023
"A-704",0.165530835766089,NA,0.431670953400381,70.1009188724311,0.0351500345982931
"MC/CAR",0.00848602873862465,2.78956364849872,4,0,2.78956364849872
"JHH-6",0.0896341792460633,NA,4,87.9276566479793,0.0118491012852944
"MHH-CALL-2",0.0612788566291628,1.8271221861931,4,46.9157292285636,0.910569741800516
"JHH-4",0.16787886022719,NA,4,82.3767063342994,0.00256628337763588
"ESO-26",0.254789168722378,NA,1.53011683865866,64.0243361564862,0.0145669565684269
"OE21",0.303170310569936,NA,1.07874136888948,60.16257645665,0.00881530693033337
"NCI-H1693",0.227793055330679,NA,0.371986972849655,71.4603237564961,0.00102611206953641
"HCC1187",0,NA,0,100,0.000402822697037067
"HSC-4",0.126481574400722,NA,0,74.7036851198557,5.55418378657779e-06
"Lu-99A",0.0449824532263419,NA,4,87.360545355345,0.171178678173023
"MOLP-8",0,NA,0.847568052802266,100,0.00293423541359958
"MHH-PREB-1",0,NA,0.781285197322986,100,0.236098379414267
"MOLT-13",0.0420934699196049,1.64228543253163,4,0,1.64228543253163
"MDA-MB-231",0.0633083976493934,NA,0,87.3383204701213,0.00216606459791989
"NCI-H2722",0.0839552874367028,NA,0,83.2089425126594,0.620257722668775
"OS-RC-2",0.130920885612619,NA,2.093657306338,86.9079113277965,1e-06
"OVCAR-3",0.0760402864458236,NA,0,84.7919427108353,0.000212178470412701
"KY821",0.0937642081770936,1.09853498877126,3.0595943612806,0,1.09853498877126
"Hs 445",0,NA,0,100,0.926882461692682
"SNU-1",0.00254718709562712,3.84884957096442,4,0,3.84884957096442
"HCC1143",0.230947142028206,NA,0,53.8105715943588,0.0210593261091963
"NCI-H1650",0.214242034307617,447682269909.901,0.0548670987892443,25.514009263214,1e+06
"NCI-H1048",0.0216072189114045,NA,4,85.5521355401562,0.714762853687946
"Hs 746.T",0.0141861793056587,2.40298436211179,4,0,2.40298436211179
"Karpas-45",0.0130587443642018,2.46342191268224,4,0,2.46342191268224
"YAPC",0.0757692015280743,5373.74135250774,0.227971648484402,0,5373.74135250774
"SUP-M2",3.0745662840847e-11,NA,3.40538639509911,99.1833291938791,235.559053350265
"SCC-3",0,NA,0.869887110418353,100,90241.7332509888
"P32/ISH",0.077972562401673,1.32838786785798,2.4315404970809,0,1.32838786785798
"RERF-LC-Sq1",0.302735966199717,NA,4,63.406285352642,0.00658305867684539
"MSTO-211H",0.0766833353502469,58.4853107570164,0.402233852414369,0,58.4853107570164
"MOLM-13",0.0467283205704254,NA,3.65607323329551,55.9795362203278,0.97956076607706
"MFE-319",0.0664123551628505,NA,4,82.6870710454884,0.141358253022018
"LN-229",0.0946170827244872,1474.37167894067,0.233144780616336,0,1474.37167894067
"J82",0.0213356362690207,NA,1.01878463758554,67.5219825293634,3.3653760530681
"IA-LM",0,NA,1,100,0.0200070258505549
"OVISE",0.166132316434466,NA,4,77.5435266326661,0.0120705285419927
"HCC827",0.0589856922056923,NA,1.31144290836048,81.8321925878048,0.220966756550162
"HCC2157",0.27740013175324,0.239632270473018,1.47604033390107,37.4239740125751,0.0940677664328813
"NCI-H1155",0.0127650882737708,2.48013192503925,4,0,2.48013192503925
"RPMI-8866",0,NA,0,100,1.79279353915384
"BT-20",0.228925754176314,NA,4,65.1183870280502,0.0214927279590351
"COLO 824",0.0903986112909349,NA,4,73.9462243194629,0.182057612544757
"DU4475",0.0223829562281936,NA,4,90.596414452386,0.386508013647241
"HOP-92",0.078324313505781,3247.54331621942,0.235733935160064,0,3247.54331621942
"HuP-T3",0.0679097408782012,NA,0,86.4180518243598,0.000448502727937891
"KG-1",0.00336823118051214,3.57888244392089,4,0,3.57888244392089
"Mel JuSo",0.0267682099441704,NA,0.0833662585226794,94.9810720464328,0.0126030252232597
"MES-SA",0.0816839892058078,NA,0.0866497146245539,57.7946351505583,1e+06
"NCI-H1568",0.382887840613931,NA,2.53825901321653,52.4170713924075,0.00761246226004595
"OVCAR-8",0.0981795550351501,NA,4,81.7115510208299,0.0490495582323798
"P30/OHK",0.021800542162118,2.09767200301667,4,0,2.09767200301667
"SW756",0.0762387602543312,2736324.70937839,0.1479765326952,6.91962709420717,1e+06
"A2780",0.186684204252274,1.10358472550948,0.76675161089451,14.0389038101956,0.718002277543093
"Becker",0.091674852205238,NA,0.329090793046532,66.6944855406846,1.59698600353912
"ES7",0.0108853256789494,2.86120072445294,3.42308088697069,0,2.86120072445294
"A-253",0.198407407333176,NA,2.3447311810648,78.2201068050536,0.00329889809634886
"NCI-H716",0,NA,0.265148999727212,100,0.146092784996653
"A-375.5",0.0634142941013632,5.66104780664478,0.812223375468613,0,5.66104780664478
"A-375.6",0.12662058907053,NA,1.87631962780624,79.9052071878333,0.0256428257725456
"A-375.7",0.060826505997517,NA,0.0220969889689132,87.7975707782305,0.0833305667422947
"A-549.2",0.133483581579713,8.06484072332682,0.441202357495334,0,8.06484072332682
"A-549.3",0.130343520240075,4.39254186711515,0.541262397987463,0,4.39254186711515
"A-549.4",0.184682043284091,NA,1.63756859347825,71.0252050659514,0.0242538652147156
"C32 [Human melanoma].5",0.062410664284495,5.16133685463079,0.852259165814078,0,5.16133685463079
"C32 [Human melanoma].6",0.120376933239725,47.3731108712888,0.323647837980909,0,47.3731108712888
"C32 [Human melanoma].7",0.106502288791493,10.8469313634046,0.478593109916084,0,10.8469313634046
"HCT 15.1",0.203391939462924,3.32484305547666,0.387628616737488,0,3.32484305547666
"HCT 15.2",0.157356467405053,2.31549771107237,0.727807736617598,27.9437804235499,0.752099142240572
"HCT 15.3",0.226346283451266,7.33062520469004,0.275679834629835,0,7.33062520469004
"HT-29.4",0.0220656878998246,2.0892356473825,4,0,2.0892356473825
"HT-29.5",0.120699817657588,NA,4,79.2666343952869,0.0358677793622263
"HT-29.6",0.0884001390463713,NA,4,88.4216081371769,0.0102463630786973
"MFM-223.4",0.112863275507203,NA,0,77.4273448985593,1e+06
"MFM-223.5",0.0786384189379478,11523840645.2346,0.12201559529671,34.027704592741,999538.424093171
"MFM-223.6",0.117879176251786,NA,0,76.4241647496428,7.73391119309261
"MHH-ES-1.4",0.104234130108746,NA,0,79.1531739782508,0.0762375366321688
"MHH-ES-1.5",0.151871436600129,1.87832257169553e+23,0.0582230094938577,45.0655458346175,1e+06
"MHH-ES-1.6",0.0448858845702833,NA,0,91.0228230859433,0.000268482766280168
"PC-14.5",0.57721489591113,0.000434313427977171,0.217322934566497,36.6428175024933,1e-06
"PC-14.6",0.521402884976273,0.00597731034496053,0.0462473263737945,16.5561160465512,1e-06
"PC-14.7",0.519409980869954,0.0161278718021227,0.488385074126482,42.0329564988589,0.000375223840692281
"SNU-C2B.4",0.172997296346581,3.85273059852181,0.438561523740267,0,3.85273059852181
"SNU-C2B.5",0.162634968338756,5.8275581588448,0.409912000383983,0,5.8275581588448
"SNU-C2B.6",0.185911684273239,4.10987583638499,0.399644717873219,0,4.10987583638499
"SW620.5",0.00492329797567286,3.23710611785608,4,0,3.23710611785608
"SW620.6",0.0378338446240423,NA,4,75.9461268387101,0.677046834981948
"SW620.7",0.00814958898486476,2.8213203743633,4,0,2.8213203743633
"U2OS.4",0.0372770551081189,NA,4,70.3170936546463,0.846718407294225
"U2OS.5",0.055669593226989,NA,4,90.1260443668084,0.0407147106568962
"U2OS.6",0.0421240524766157,38.7047864887995,0.851896400649817,42.6149657114079,4.09961395305348
"AGS",0.0702237227638088,NA,4,91.1655724821418,0.00824469381462417
"ARH-77",0.0107089858734798,2.610922332685,4,0,2.610922332685
"BALL-1",0.0695034061212546,NA,4,56.7238224739748,0.661524038573637
"COLO 829",0.0747370112041042,NA,1.20884820267723,88.2665269024342,0.0236759271915047
"NCI-H2722.1",0.0492004998918138,NA,4,93.1154642652365,0.0143613542567184
"HCC1428",0.101491924048546,155155824909.492,0.102333126187398,35.2842473653644,1e+06
"HGC-27",0.00594371868397514,NA,0,98.811256263205,2.5730251596443
"PaTu 8902",0.0323212330001258,NA,4,86.7323734750163,0.371865718075669
"Kasumi-1",0.0637930392279016,NA,4,50.0118320368211,0.834551466804993
"Huh-7",0.037246058845973,NA,3.48662436126975,78.0028672835566,0.624065977986162
"HuO-3N1",0.134706545365166,NA,0.498615025726608,80.2096740625926,0.00987099028000547
"NCI-H196",0.0571388381846513,NA,4,85.3113849715853,0.136181703529319
"NCI-H2141",0.0112434576507173,2.68435175065972,3.71831961428989,0,2.68435175065972
"BL-41",0.00985937212748345,2.67364236910305,4,0,2.67364236910305
"ETK-1",0.151110976081653,NA,0.809335867975851,60.8783503559669,0.1550579836205
"EW-3",0.0721351874890538,NA,4,52.6195386376311,0.701382025758318
"HPAC",0.126775939937688,NA,1.09132689109356,68.1397663620867,0.132873994659218
"IM95",0.181522147294122,NA,1.27889480634449,58.2075075721816,0.10074046666636
"JURL-MK1",0.0708800422421811,NA,4,52.4017993130798,0.717980519136004
"NCI-H1694",0.00104461020958341,4.83481557433254,4,0,4.83481557433254
"NCI-H2170",0.461814163322181,0.0301965735867769,1.47946262514489,36.8569860567058,0.0122387630813656
"NEC8",0.029493197069759,NA,4,92.7772208838487,0.119156355391659
"NOS-1 [Human osteosarcoma]",0.0447317870694516,2.09102714206304,2.09594803615724,0,2.09102714206304
"RERF-GC-1B",0.140931879767191,6.77236445789045e+59,0.0566639719426231,49.9554644884546,1e+06
"TE-6",0.463207968291842,0.0551713732509392,0.706719071091008,38.0932493383787,0.00724311366047171
"TYK-nu",0.010333390480373,2.6379158310733,4,0,2.6379158310733
"OCI-AML-5",0.00772235051018174,2.86393503190966,4,0,2.86393503190966
"CHL-1",0.243942274154806,NA,1.42107233855296,63.1251117091917,0.0202206449332935
"HCC1954",0.261023240001885,NA,4,61.6765299398456,0.0181072842939962
"KM12",0.106021824365461,2.40232580700417,0.957279544052043,20.3913310408403,1.38971542124863
"NCI-H1975",0.319343504217462,0.18823442043165,1.18320922594251,29.3727315168374,0.089065903554453
"NCI-H2052",0.0730623416516691,NA,0.00348934917594056,85.3544442306356,0.230955693267904
"NCI-H322M",0.485238429215448,0.032050176664276,0.847936861015278,39.549939755219,0.00505893847905948
"NCI-H596",0.0551206437230348,NA,0,88.975871255393,0.0849783369511197
"SF268",0.102171607115714,NA,0,79.5656785768572,2.2783479213366
"Rh1",0.0350676766872061,NA,4,92.774464793312,0.0700086472929224
"A-673",0.05169429272481,NA,4,92.9884025648948,0.0122833555507847
"BxPC-3",0.228102882030936,NA,1.45947725761924,63.2091703062002,0.0272409775080489
"KE-37",0.0277663043350732,1.92980647085399,4,0,1.92980647085399
"PC-3",0.0311201901550152,NA,0,93.775961968997,0.134653238352711
"SCC-15",0.281768309666663,25.2872271557339,0.159871083853681,0,25.2872271557339
"UPCI-SCC-090",0.490985807991322,0.0202038535200741,1.56253018639094,37.2695372789656,0.00841784714747795
"PWR-1E",0.128626264444113,NA,0,74.2747471111774,0.00654084064095115
"SAT [Human HNSCC]",0.484669059471471,0.0271190057968383,0.967698544307493,42.3743497222323,0.00388436201775767
"SiMa",0.0203527841799664,NA,0.038861153834728,96.0055181706166,0.0237015728594295
"TE-1",0.08345007597308,123.748260353956,0.340628439467998,0,123.748260353956
"LOU-NH91",0.400434367565489,3.85410470609835,0.0991678133976161,0,3.85410470609835
"NCI-H1092",0.00541280690434883,3.15583042822257,4,0,3.15583042822257
"NCI-H720",0,NA,1.00394581730312,100,0.233915251851709
"KYSE-180",0.227299156689666,NA,0.879611421921086,71.0669158645108,0.00619406051596157
"LC-1/sq",0.255573115683922,NA,4,65.958733331201,0.0111883885472007
"769-P",0.231065083979287,NA,0.548506021378049,62.5297444001683,0.0209218941483463
"BICR 10",0.112364159779008,NA,0,77.5271680441984,0.00881741588173667
"CAL-39",0.552996082945306,0.018647069884593,0.668752182281774,28.3077106584789,0.00534946239592823
"HT-1197",0.0736523365627007,NA,0,85.2695326874599,0.013099462693967
"KLE",0.141842819637275,NA,4,82.4635982270179,0.00748372374722604
"L-428",0.0168510478705377,2.27918107589735,4,0,2.27918107589735
"SNU-5",0.0164771012835983,2.29519252206181,4,0,2.29519252206181
"PaTu 8988t",0.0961400476031793,NA,0,80.7719904793641,0.283229249301588
"PFSK-1",0.0225365603411773,3.16278387678066,2.08798661890003,0,3.16278387678066
"RPMI-7951",0.062171156448298,NA,1.2643646142096,65.6695996813528,0.686429473671328
"SK-GT-2",0.748594420298209,0.0047984526334033,1.11393192649141,12.8150675935254,0.00367833772095438
"SNU-182",0.213986929028835,NA,1.35831535774125,72.4371264267846,0.00852127962810172
"SUP-HD1",0.0181038426639837,2.2282462090216,4,0,2.2282462090216
"22Rv1",0.112242134806883,5.21285599697192,0.57365016628887,0,5.21285599697192
"8305C",0.10625,NA,0,78.75,1e-06
"ACHN",0.30418483058305,9.2505638461,0.527527173181985,47.6069467700539,0.029100066788175
"Capan-2",0.208396878449018,NA,0.881373476130932,59.8203447120393,0.0548965162000282
"Ca Ski",0.258829616848213,NA,0.832057243584386,61.7589070043788,0.015591047407741
"FLO-1",0.119165303384946,NA,3.60383536375856,57.5797766738053,0.287379803899817
"GR-ST",0.170148594217216,12.8108405574851,0.323477985582301,0,12.8108405574851
"KALS-1",0.0302281185374526,NA,4,92.3969245895982,0.128348336386843
"Karpas-422",0.0794250873931613,4.66719992515077,0.762943500520659,0,4.66719992515077
"Kelly",0.0166999208519627,2.28560446664229,4,0,2.28560446664229
"KP-2",0.0296102131117362,NA,3.12294472703446,91.9980216808156,0.155257833307003
"KP-3",0.133516897089723,2690.41556464317,0.179856009230063,0,2690.41556464317
"LB771-HNC",0.0794210740401025,NA,4,88.969698693685,0.013837839080344
"Panc 08.13",0.0128198644907422,2.47698223606526,4,0,2.47698223606526
"SK-HEP-1",0.102159698608221,NA,0,79.5680602783559,0.00141553759999811
"SN12C",0.102797334182021,NA,0,79.4405331635958,0.013278378641495
"T-47D",0.0913893598244068,NA,2.60112480369771,86.9387744330532,0.0158976214064718
"TGBC24TKB",0.218785454061977,NA,0.798327233737558,68.182985311367,0.0139199697306259
"TOV-112D",0.0828499591706689,24.6124062093468,0.457782142972702,0,24.6124062093468
"TUR",0.00677962329305713,2.96865898273414,4,0,2.96865898273414
"U-118MG",0.00966040815450403,2.68923391349094,4,0,2.68923391349094
"U-87MG ATCC",0.253877082759961,NA,1.78310391614851,64.2172470469066,0.0146502189178541
"HD-MY-Z",0,NA,3.82360627864087,100,92849.4615372964
"NCI-H1963",0,NA,0,100,1e+06
"NCI-H209",0.220300445519151,577.847343060948,0.141002558629539,0,577.847343060948
"NCI-H250",0.106867188096038,NA,0,78.6265623807925,3.03254579931027e-05
"NUGC-4",0.286970170220189,NA,0.922187794895387,56.7201835135865,0.0182137580406284
"SBC-5",0,NA,0,100,6.59915670012632
"SUP-B15",0.00468654677296981,NA,0,99.062690645406,5.23321925172218
"COLO 679",0.0725781796924644,1602.93329210536,0.262544924471078,0,1602.93329210536
"HPAF-II",0.0519477575270349,NA,4,88.5632334295822,0.0867926134882114
"NCI-H2595",0.0349367761408066,NA,4,94.2339164052234,0.0304412633994448
"C-33 A",0.259758051646561,NA,1.18079304629143,64.4135212237166,0.0117294547028638
"HDQ-P1",0.196831307533759,18.558965960899,0.261789273350672,0,18.558965960899
"CPC-N",0.0454689450282648,NA,4,53.6610985829471,1.03312383383727
"D-263MG",0.059668421494922,NA,0,88.0663157010156,0.00188460665951354
"EB2",0.0545120573645787,NA,1.53423813403287,82.784735302614,0.22961635749833
"ES8",0.0136365346224425,2.43174698531857,4,0,2.43174698531857
"EW-11",0.0299683163482562,4.39013872960657,1.39341337984907,0,4.39013872960657
"HL-60",0.080933092956951,NA,0.0829195409413348,84.2154013302616,0.0340780501415595
"BICR 78",0.0512016531908987,NA,-5.55111512312578e-17,91.1584621319342,0.0131133588003787
"GaMG",0.142503510007943,NA,0.35959463987022,62.0276605618757,0.310483360340273
"JHH-2",0.100948563391665,NA,1.20112196569899,85.4436639334437,0.0155673138427982
"CAMA-1",0.0741996811275738,NA,3.60592487521187,90.5300172365994,0.00891424510374899
"LCLC-97TM1",0.0873182687676753,2.52416495873581,0.970858710636018,0,2.52416495873581
"BFTC-905",0,NA,0.576283160091174,100,21.7668630848941
"CAL-62",0.00517581411464328,3.19402822908661,4,0,3.19402822908661
"D283 Med",0.0944823746956188,NA,4,85.9264445949748,0.0193700440585229
"JVM-2",0.169027578341699,4.13596716597014,0.438464188951068,0,4.13596716597014
"SNU-398",0.0242590714765009,2.02329829860203,4,0,2.02329829860203
"BE-13",0.15968891091207,1.03107079223926,0.959288430691072,0,1.03107079223926
"AMO1",0.014875822887219,2.36861045189508,4,0,2.36861045189508
"BC-1",0.0258157297774533,1.98018372658548,4,0,1.98018372658548
"DND-41",0.0726706204919515,18.4086135875839,1.27155536184634,48.801154011184,0.979102911952813
"DoTc2 4510",0.268606525412956,1.62716771001349,0.34042774418171,0,1.62716771001349
"DOV13",0.15644989896921,21.3815840941734,0.311495548648844,0,21.3815840941734
"EB3 [Human Burkitt lymphoma]",0.013639203401813,2.4316042055631,4,0,2.4316042055631
"EFM-19",0.103838250940514,NA,0,79.2323498118972,0.0203170277437499
"GAK",0.0309689102110029,NA,4,94.7258403228399,0.0346431594530642
"GCIY",0.351822996152682,NA,4,57.8453639910013,0.00625586523399399
"HCC1419",0.440830448333286,0.0593794497468496,0.917432134728386,35.7331488347392,0.0151348156725378
"PA-1",0.077489059503665,1.31436394110946,4,44.0160842842697,0.773071213264659
"RS4;11",0.0110010793152088,2.5906708740795,4,0,2.5906708740795
"ESS-1",0.102324377771978,26.6368646909883,0.399089488940329,0,26.6368646909883
"EW-24",0.0301250784448269,NA,4,93.0202796370494,0.101462003530766
"HCC70",0.037800582589516,111.591378641449,0.486907165450093,0,111.591378641449
"SU-DHL-10",0.132771537970871,NA,4,78.0895512337823,0.0304260645582222
"COLO 668",0,NA,1.07239464315844,100,2.28833318001265
"ES6",0.0792940682208011,NA,0,84.1411863558398,0.0242381081470754
"EW-22",0.106364063045738,NA,0.799825399407977,51.7329413429828,0.665559593658228
"GDM-1",0.18821883353175,2.34215160039512,0.478968185483016,0,2.34215160039512
"GI-1",0.0617098390371576,NA,4,91.2051588164402,0.0157102629491332
"G-mel",0.0591653605302782,53.3970040103321,0.462510936613703,0,53.3970040103321
"NCI-H2803",0.0121533516830186,2.5163833005933,4,0,2.5163833005933
"NCI-H2804",0.0821747212863704,9516480817128.36,0.110317027170845,41.5057461383012,1e+06
"NCI-H3118",0.332808329903529,NA,0.336424130869876,51.0594369108028,0.0053200520098209
"HEL",0.0523789758016958,NA,1.47633425981965,62.1197161298413,0.930094301858428
"HMV-II",0.11372275013317,1036.04260864643,0.219081517390508,0,1036.04260864643
"HO-1-N-1",0.218268308665559,5.03657804290333,0.316444723200126,0,5.03657804290333
"Lu-135",0.0422834833639005,NA,4,88.7668822647568,0.148547468898706
"HARA [Human squamous cell lung carcinoma]",0.236960773782396,1.84489826648576,0.392793681832525,0,1.84489826648576
"CAL-72",0.124589344872868,NA,0.658089742677206,87.2144828572372,8.45025081061148e-05
"CML-T1",0.0148643498179484,2.5472600454868,3.48602612952276,0,2.5472600454868
"CCRF-CEM",0.0230043990651466,2.06020740885468,4,0,2.06020740885468
"D-392MG",0.145485609339253,NA,2.79083732474145,85.4514379318676,1.63966944458102e-05
"DoHH2",0.035640548077194,1.7574966284365,4,0,1.7574966284365
"DSH1",0.512270024141442,0.0161290982613132,4,29.9060113439548,0.0128420431495147
"EFO-21",0.128311719544484,10288.1765166501,0.162916912589756,0,10288.1765166501
"EMC-BAC-2",0.232325206845292,2268.16753462902,0.115315094231861,0,2268.16753462902
"EN",0.107931165486254,12740405044982.9,0.0932580970552075,39.1268811147593,1e+06
"EoL-1",0.0280690109468465,1.92231554779711,4,0,1.92231554779711
"NCI-H2810",0.136307349944395,NA,0,72.7385300111211,0.00134371644476111
"NCI-H2818",0.0532542262070521,NA,0,89.3491547585896,0.00253839796679348
"NCI-H2869",0.0709346312780309,NA,0,85.8130737443938,14.5445695783013
"HAL-01",0.0151704433857528,2.35446339619549,4,0,2.35446339619549
"HCC44",0.0845537277751611,NA,0,83.0892544449678,0.00356819873557145
"IM-9",0.0883455925252161,NA,4,54.3860364229858,0.525469322343617
"NOMO-1",0.0551008960409188,NA,4,74.9475582830581,0.438029330871849
"OCI-AML-2",0.011245912886467,2.57416502442506,4,0,2.57416502442506
"Ramos.2G6.4C10",0.0108725003364777,2.59950861191923,4,0,2.59950861191923
"Reh",0.00739244019466622,2.89878242662298,4,0,2.89878242662298
"VM-CUB-1",0.0220273260256548,NA,0,95.594534794869,0.0400830008889124
"DMS 114",0.0184719889252821,NA,0,96.3056022149436,4.21143818580999
"DMS 273",0.0303788442201423,NA,4,87.1620659679104,0.390248379481611
"NCI-H1793",0.149426852104095,NA,0,70.114629579181,3.75498209549531e-06
"NCI-H2795",0.120555148722775,124.544354290022,0.276881074588494,0,124.544354290022
"KTCTL-195",0.189490968438689,NA,4,80.2657649528849,0.00238022120145103
"Calu-3",0.363833979735903,0.147410280406199,0.947913715015232,24.3884580379216,0.0727828601393364
"COR-L105",0.568800723053862,0.0190148376989543,0.627851788294987,22.556569862854,0.00731367127197522
"TGW",0,NA,0,100,10.1805184791277
"H4",0.0765595080418088,NA,0,84.6880983916382,0.106198429013414
"HCC38",0.0198652154169203,NA,4,73.9028486536136,1.22129990929691
"SW13",0.308230421666183,0.0964497943886409,4,36.6873983840865,0.0692826577070299
"SW900",0.134309161716479,NA,1.4355684417149,83.3014105578289,0.00694161762031647
"NCI-H23",0.0428261856915593,31.7752808387047,0.591124699121554,0,31.7752808387047
"PL18 [Human pancreatic adenocarcinoma]",0.0190864667565574,NA,0,96.1827066486885,6.51220263243396
"COLO 680N",0.101276067431223,NA,4,81.9632670417893,0.041367666613838
"DU145",0.0232992473428603,NA,0,95.3401505314279,0.00749734742205192
"EKVX",0.326210729711939,NA,0.742854245532026,61.3550082181928,0.00267739620658735
"NCI-H2461",0.0555493690921465,38.6021148185457,0.507044775283061,0,38.6021148185457
"HCC1937",0.0917421075500554,NA,0.640016254059822,63.9583429660567,0.59993222848361
"HOS",0.0873133358739016,NA,0,82.5373328252197,0.127424088650875
"K5",0.072860877756314,NA,4,91.8540717624877,0.00409125329615773
"KP-4",0.0420243989053912,NA,0,91.5951202189217,0.0264682687725637
"KS-1 [Human glioblastoma]",0.0605166034283556,NA,4,61.938347573126,0.669003621484467
"LC4-1",3.44213093083067e-15,NA,3.4564220536713,99.813825143171,1981.29828831214
"Lu-65",0.0964911086966539,NA,4,85.2406562784349,0.0218717419724943
"MG-63",0.119188789343135,NA,1.69466071490214,85.7067515408601,0.00575472742066681
"SJNB-7",0.0850781257481597,NA,4,90.4079921836137,0.00431954033145661
"NCI-H810",0.0313547407361688,NA,0,93.7290518527662,0.0159464442620722
"OPM-2",0.00203825340929358,4.07664604360236,4,0,4.07664604360236
"PSN1",0,NA,1.55093154753515,100,4.85120440863112
"SH-4",0.0234745154015072,NA,4,95.3464178233469,0.0613516609481368
"TK-10",0.373906735109483,0.89218786310871,0.538809559895122,45.511661417505,0.0101741519844634
"YH-13",0.137645059002269,NA,0,72.4709881995462,8.92242303543023e-05
"HH [Human lymphoma]",0.00410096922598146,3.90224109873072,4,30.5224828087757,3.08286847429509
"TC-YIK",0.021407509506508,NA,0,95.7184980986984,0.00946586544535104
"TE-9",0.0379162401487469,NA,4,90.4523601021408,0.128748510649901
"SNG-M",0.121885131342133,1e+06,0.12043977734104,0,1e+06
"KNS-62",0.0994619684810917,5.3854562322174,0.619089187071675,0,5.3854562322174
"ECC10",0.109035739113493,7954326.03097636,0.120061336454501,11.0199530405822,1e+06
"EFO-27",0.224087705039808,NA,0.419902374449613,51.469595021779,0.0969425920889082
"NCI-H3255",0.625766495193621,0.00547462856001147,0.219856038357634,0,0.00547462856001147
"KATO III",0.00424067549429692,3.36827590982751,4,0,3.36827590982751
"NCI-H1666",0.368644447363436,NA,1.23521634224015,52.0703746093665,0.00873914755203778
"Rh41",0.0517650163113647,NA,4,63.3603515789946,0.75758368116467
"RT-112",0.0679134241472905,58444414.4105792,0.143687893179463,22.1317034531878,1e+06
"SHP-77",0.0151095377881002,2.35736275937962,4,0,2.35736275937962
"ST486",0.058594351871718,1.74453467211706,4,45.2694597744204,0.967530778034355
"SW684",0.0820605427751044,NA,0,83.5878914449791,0.000550524955216225
"WM115",0.110851682651963,NA,0,77.8296634696074,0.853180528860317
"HLE",0.0388991112416149,NA,0,92.220177751677,0.165500381906466
"NCI-H2731",0,NA,0,100,1e+06
"RPMI-8226",0.013026706110372,2.46522427208799,4,0,2.46522427208799
"HA7-RCC",0.0960046008755981,NA,0,80.7990798248804,0.00700213494526903
"SW1088",NA,NA,NA,NA,NA
"COLO 684",0.00846735104060722,2.79128778574132,4,0,2.79128778574132
"GMS-10",0.232132602857291,NA,4,67.4133526572325,0.0145911549419045
"COR-L311",0,NA,1.16353934875446,100,2.2439014199401
"U266B1",0,NA,1,100,0.00200105397013264
"HDLM-2",0,NA,0.67225401834419,100,2.24901499012272
"ES5",0.0436982863329606,2.79287121484834,4,48.6130418916739,1.1397884317737
"EW-7",0.0349564867680552,NA,0,93.008702646389,0.00761294457658246
"Farage",0.0571881920399581,1.743895008351,4,44.7421012499433,0.993072345725225
"IHH-4",0.0392609862121052,NA,4,79.2525104394465,0.541950609101993
"KYSE-270",0.169645869495517,NA,1.6868296576692,81.8288403578229,0.00219367718158558
"MDA-MB-436",0,NA,0.442718572108698,100,0.129044491125258
"MN-60",0,NA,0,100,1.89563619560596
"MS-1 [Human lung carcinoma]",0.0265020700511911,1.96202380194795,4,0,1.96202380194795
"SJNB-10",0.00362783921652924,3.50986364619831,4,0,3.50986364619831
"OVMIU",0.381593333708238,NA,4,52.8064517599983,0.00749812580596621
"PF-382",0.010995801651772,2.59103129417282,4,0,2.59103129417282
"SBC-3",0.0480806955451776,NA,4,88.4122866812045,0.113852173981769
"SUP-T1",0.0322686479219358,2.33175966052758,2.36819415258645,0,2.33175966052758
"SW1710",0.0973408874700717,NA,4,86.9913920201281,0.0113829760358444
"UACC-62",0.0883809331636071,NA,4,87.8022218828241,0.0134104841600762
"HA7-RCC.1",0.084515479461125,NA,4,88.408926875043,0.0129929345020199
"G-292 clone A141B1",0.109538797266559,NA,0.847976818358809,83.4373557251086,0.0178666459201114
"HLE.1",0.0931916633426466,NA,4,84.2002912959885,0.0340148904171654
"ST486.1",0.069463035687799,1.61501128554428,1.91460632256848,0,1.61501128554428
"CAL-54",0.240950972692588,1.24942966476976,0.451789086724847,0,1.24942966476976
"CAL-85-1",0.145619600251832,NA,0.528338327389616,66.1460525714138,0.123809446714119
"Capan-1",0.0516736323104737,NA,4,86.1419462792688,0.152224648480273
"HCC1569",0.202978524721352,15.5269013099799,0.263141294441079,0,15.5269013099799
"IGR-37",0.00535793403992386,3.16449413754898,4,0,3.16449413754898
"MKN1",0.155151617193139,29.1397920750969,0.295382635067869,0,29.1397920750969
"ML-2",0.081943854466917,1.95717557313195,2.55500212039921,46.1287315877995,0.719036282039501
"MS751",0.0583285780047282,NA,4,92.7903672350761,0.00747391922479099
"OV-90",0.0126803987788798,13.5095276795393,1.16683695885707,0,13.5095276795393
"OE33",0.343495239270931,0.521428963205959,0.340459887878134,0,0.521428963205959
"SCC-4",0.15689186541492,NA,0.478472526323559,76.444550164449,0.0110593988988962
"TE-8",0.103210192031933,6973.66258551435,0.191123416029086,0,6973.66258551435
"VCaP",0.0341743816469317,NA,3.86525611440619,83.0889533422523,0.495835626442506
"HCC366",0.119357501390947,34.3004512583614,0.345069323878516,0,34.3004512583614
"Hep 3B2.1-7",0.0426902394640989,NA,0,91.4619521071802,93.3561155448624
"JVM-3",0.0653461086019395,1.53901201997968,2.30371528309125,0,1.53901201997968
"KYSE-140",0.460260789412586,0.0159029014580978,2.6773561171148,42.5949175361062,0.00779252435195056
"KYSE-220",0.311554335236123,8.94575039770859,0.164174589671059,0,8.94575039770859
"M059J",0.142005397152704,NA,2.52785220445107,85.258444938745,0.00191767332863007
"MLMA",0.0842853776617622,8.50940889942797,0.594065000545716,0,8.50940889942797
"MPP 89",0.0675459155120255,NA,4,78.8656584157089,0.219943460810305
"Namalwa",0.259696700634211,3.32689697115288,0.283355133473923,0,3.32689697115288
"NB69",0.301516455017284,NA,1.63933009966977,63.5418278946508,0.00602425637023341
"NCI-H1915",0.155788109612463,6.65003705034209,0.410266742416737,0,6.65003705034209
"NCI-H358",0.285700351938893,1.48560958061831,0.420544869258392,28.9061367829222,0.190830122848493
"OCUB-M",0.431323386940501,0.128150994596208,0.467513135950373,3.1852550108909,0.111320283574079
"OCUM-1",0.152660900420821,3207.36316023627,0.161498975439769,0,3207.36316023627
"ONS-76",0.0678516133868831,NA,0,86.4296773226234,0.00792595020229969
"QGP-1",0.0896160309553945,2011.89042166104,0.231939562500891,0,2011.89042166104
"SAS",0.296381485436654,5.69588516976772,0.199195060480778,0,5.69588516976772
"SNU-423",0.169498391545059,NA,4,82.300280994258,0.00244360315178214
"SW982",0.107231292792037,1810199236.37906,0.106579080856814,27.5227460153781,999540.613370452
"TE-5",0.167825364799936,NA,0.351525474729334,67.9834928817775,0.0464738698352532
"IST-SL2",0.116849466373419,1.35372761134313,1.17443033602883,0,1.35372761134313
"A-375.8",0.152386460557416,NA,0.0428830377991838,53.7789875881826,999998.100402422
"A-375.9",0.120748603290638,NA,0,75.8502793418724,0.000222846438233906
"C32 [Human melanoma].8",0.108648063541554,NA,0,78.2703872916893,0.00386421595686006
"C32 [Human melanoma].9",0.0411454755323191,NA,4,91.3839594765742,0.0738761470487555
"C32 [Human melanoma].10",0.0648997017475842,NA,0.227343198511069,90.9837241616727,0.000819455539074112
"HCT 15.4",0.152719674766365,19.11010635118,0.324794233847644,0,19.11010635118
"HCT 15.5",0.120621821641779,1.34810913150079,1.1275004464238,0,1.34810913150079
"HCT 15.6",0.161828712855219,3087.4011075952,0.155332554472707,0,3087.4011075952
"HT-29.7",0.112018793358955,NA,0.0669899471059578,54.9451950925294,1e+06
"HT-29.8",0.0955525887459295,29.8147984626706,0.406105760227049,0,29.8147984626706
"HT-29.9",0.152222600396229,NA,1.49660836513627,82.9137657300324,0.00327350918400672
"MFM-223.7",0.0757228046309749,NA,0,84.855439073805,0.0381544712884176
"MFM-223.8",0.0937878634522922,NA,0,81.2424273095416,0.462357953591593
"MFM-223.9",0.0529165526381936,NA,3.28162834958388,80.3161433018198,0.3125315357418
"MHH-ES-1.7",0.0110827465751272,NA,4,95.0680518352763,0.423799072423312
"MHH-ES-1.8",0.0529906345306438,NA,0,89.4018730938712,0.0215799345252667
"MHH-ES-1.9",0,NA,0.543125771770093,100,0.213412979282924
"PC-14.8",0.602139033751001,0.00234314455235184,4,39.0235516326482,0.00160388062228337
"PC-14.9",0.571875375802784,0.00345885583756026,0.100604920795643,0,0.00345885583756026
"PC-14.10",0.570596606364813,0.000688452224635196,0.459880902828776,41.1084705833353,1.61076002712898e-05
"SNU-C2B.7",0.193256277134074,40.7305333698755,0.318814953623798,32.905949061316,1.40561070096192
"SNU-C2B.8",0.207035199285482,NA,4,74.8320894769203,0.00680080241918899
"SNU-C2B.9",0.286785111617875,32.8663952177434,0.14868139667111,0,32.8663952177434
"SW620.8",0.0997912074206878,NA,0,80.0417585158624,0.000594005149099397
"SW620.9",0.0868489877148316,NA,4,88.5977574612343,0.0103753791601251
"SW620.10",0.119070936499792,NA,0,76.1858127000416,0.000131940589770778
"U2OS.7",0.0600676862198494,NA,0,87.9864627560301,0.000426152545462166
"U2OS.8",0.0903889975937217,NA,0,81.9222004812557,1.84217242631297
"U2OS.9",0.0548570404964446,NA,0.102519388782391,64.9315373283985,1e+06
"MEG-01",0.0755114778712139,NA,4,59.3008106741448,0.556048259812108
"NCI-H2227",NA,NA,NA,NA,NA
"DMS 79",0,NA,0,100,31128.2607088079
"HCC1500",0.127102213521293,NA,0.0443463202711339,60.8170269350922,999963.580785607
"Karpas-299",0.0619999996698337,2.84000551259143,1.18350531069518,0,2.84000551259143
"Loucy",0.0415562160094283,1.65120499116661,4,0,1.65120499116661
"ME-1 [Human leukemia]",0.0169028230842773,NA,4,82.6051801141469,1.04042618860784
"MFE-280",0.119660852687762,5.58302882659767,0.534400373178465,0,5.58302882659767
"SK-MES-1",0.168600908859747,NA,0.625979622599888,53.0456395687632,0.220846771465602
"SW626",0.103966033809099,NA,3.00609887890519,89.6033966089885,5.51312884072173e-06
"NCI-H2023",0.116710041242134,21.0521928481922,0.385895462391764,0,21.0521928481922
"SCC-9",0.423042416056402,0.153535807623443,0.404685809775005,0,0.153535807623443
"OCUM-1.1",0.0330421790544098,2.57375642369292,2.0493875525296,0,2.57375642369292
"KU-19-19",0.0218013793983093,5.28376095677754,2.07599127959705,40.33909511222,2.39350372133418
"SNU-449",0.0792510576872591,30.2189377906098,0.448889736350222,0,30.2189377906098
"KYSE-450",0.415869604953004,NA,0.841906107809676,52.3296019727889,0.00225857319711301
"WM1552C",0.115686178588804,20.0626297454989,0.392127955902005,0,20.0626297454989
"KYM-1",0.0535113863096872,NA,4,85.6358745562748,0.152585788007678
"T98G",0.0157411723269753,NA,0,96.851765534605,0.00501687957743596
"MCF-7",0.0642002418670746,NA,0,87.1599516265851,0.00179992283131114
"SU-DHL-6",0.0817939140248073,1.20379607201162,3.17490903931778,0,1.20379607201162
"K-562",NA,NA,NA,NA,NA
"KP-N-YN",0.083027137249874,NA,0,83.3945725500252,0.00100487029089777
"KYAE-1",0.288042225571795,0.235962162664305,1.48830007465139,43.8305108606632,0.0578450280611898
"H9",0.116635655486827,NA,4,54.1583610393047,0.34505577767377
"JHU-022",0.501969289873393,0.019365313967765,1.04604988188731,41.1007607611462,0.00371884046798732
"Karpas-1106P",0.0332792345438735,NA,4,76.980479024455,0.740240454258645
"Kuramochi",0.138167692501119,NA,0.026092188574663,64.8961875602742,1e+06
"KYSE-70",0.0194706989601147,NA,0,96.1058602079771,0.0346114368319444
"LB831-BLC",0.00519217613072512,3.19132428395153,4,0,3.19132428395153
"Lu-165",0.00534973075759428,3.16579844937663,4,0,3.16579844937663
"MDA-MB-361",0.285244388077807,NA,0.700849578225009,62.1175400316675,0.00684690676179545
"SK-MEL-24",0.0801528340544666,1466811.56322516,0.147564024155039,2.76703469344547,997289.714767895
"SK-UT-1",0.0193223337089592,NA,4,90.8600771267563,0.46470435548531
"VL51",NA,NA,NA,NA,NA
"U-698-M",0.0477975239598694,NA,4,50.7650173661534,1.04112972771442
"Mo",0.0922817523541115,NA,4,63.9334753223125,0.341652656214023
"IST-Mes1",0.0639310910772193,NA,0,87.2137817845561,0.000697443959641257
"KYSE-510",0.232603355250275,NA,0.603068117870339,63.1327501817574,0.0194141944732257
"LCLC-103H",0.139662151791666,56.4168043100814,0.284278766721584,0,56.4168043100814
"LOX-IMVI",0.184461089843342,929.725289517874,0.158157283062522,0,929.725289517874
"MDA-MB-453",0.116279583723917,NA,4,72.1875,0.11139738599948
"NCI-H1651",0.0780505410631072,NA,0,84.3898917873786,0.494314322696865
"NCI-H82",0.0913857673666079,1.04773211760132,4,18.0396103008292,0.936829963213247
"OVCAR-5",0.239202934807951,1054.43970094066,0.120568274687208,0,1054.43970094066
"SKG-IIIa",0.262892692654741,NA,0.612472257044335,63.7935820731646,0.00775261473765137
"SK-LMS-1",0.113282870609627,NA,0,77.3434258780746,0.000500127546544055
"SK-N-AS",0.122725435114928,NA,1.93832135934212,87.7274500617449,4.38680417494254e-06
"SNU-387",0.207891934565508,393140533.339058,0.0669031258178063,16.4736214071026,1e+06
"VMRC-LCD",0,NA,0.310591944223781,100,0.595990785824204
"NCI-H226",0.136024291693959,NA,0,72.7951416612082,0.00105427666565582
"MDA-MB-415",0.0409028577284157,NA,0.0350953192563037,92.0561671904326,0.0115465257451154
"NCI-H520",NA,NA,NA,NA,NA
"L-540",0.108742940624861,NA,0,78.2514118750278,1e+06
"SU-DHL-5",0.0770810007174472,1.27079287231791,4,41.9911675115477,0.803941729362286
"MKN45",0.0900187842596932,NA,0,81.9962431480614,0.00292009815622141
"BICR 22",0.130163508353278,NA,0,73.9672983293445,3.23673133630111
"NALM-6",0.137514618593159,NA,0,72.4970762813682,41449.949581271
"SJNB-14",0.0453125,NA,0,90.9375,1e-06
"NCI-H1792",0.0992627800112393,11599805.6302485,0.124939051827936,13.1922753319793,999271.00356216
"MIA PaCa-2",0.0359109564616064,NA,0,92.8178087076787,2.06828285067417
"HuCC-T1",0.075719035774291,NA,4,79.036287266923,0.165023115251677
"L-1236",0.0371293514241015,NA,4,77.2122434090166,0.650835864637178
"MDA-MB-157",0.0401843636362604,NA,0,91.9631272727479,0.00108645322629411
"MDA-MB-330",0.421452835467526,0.0934089482094767,0.76498618940749,37.6428174188914,0.0150260225876227
"SJNB-13",0.153481957058806,NA,0,69.3036085882388,67.4448616559101
"NCI-H1299",0.0768862907960251,237.39202290596,0.322545996020331,0,237.39202290596
"NCI-H1581",NA,NA,NA,NA,NA
"NCI-H524",0.0509861647119599,NA,4,68.7037858376825,0.65093009690447
"NCI-N87",0.739972424363094,0.00389814363063248,1.03549802421048,15.9248876300522,0.00269174587310256
"RXF 393L",0.133532840270109,2008188348.91151,0.0926604065770333,25.2866965515835,1e+06
"SK-LU-1",0.0284622868082098,NA,4,83.7781122249791,0.596426918864057
"TOV-21G",0.231117260936587,5.0218717915913,0.29570007334929,0,5.0218717915913
"NCI-H28",0.255119821060278,NA,0.609850223159983,57.1343612867925,0.0271279552233755
"NCI-H2087",0.0628839893202546,NA,0.65270733496273,91.4470219529088,0.00758347954917151
"A4/Fukuda",0.0706477822093453,2.37033371841335,4,49.4555894958689,0.765682316989775
"CHSA8926",0.116430851283369,NA,1.10308409714894,62.4649940921343,0.255488105140385
"JHH-7",0.0417793053440556,NA,0,91.6441389311889,0.0301438918717038
"KINGS-1",0.094003340679539,NA,4,86.4180297887372,0.0167807217556445
"LK-2",0.0484048027408469,NA,0,90.3190394518306,0.115038292415745
"MKN28",0.114137066010638,56.2012162695592,0.324920653845976,0,56.2012162695592
"NCI-H1355",0.125529277805533,503509.672874399,0.123582948559493,0,503509.672874399
"NCI-H1993",0.0479591179733435,2.84218509444568,1.42866179206083,0,2.84218509444568
"NCI-H441",0.171806969973645,NA,4,78.5284003468435,0.0079487789408446
"Panc 10.05",0.198538069712686,NA,0.827171974831925,78.0918618463996,0.00132883990612409
"WRO",0.133816702393166,NA,4,86.0854961672479,0.00234333273058939
"VAL",0.121901691284192,NA,0,75.6196617431616,45.8256198509931
"HT-29.10",0.0731368323272938,NA,4,87.3994941045496,0.036297655361983
"MFM-223.10",0.0668496225365921,NA,0,86.6300754926816,0.125585470511669
"MFM-223.11",0.0120701877493734,NA,4,97.0772718590646,0.115397240751352
"MFM-223.12",0.0676090106428733,NA,0.0101346628591304,86.7688829155847,0.00082743168021591
"MHH-ES-1.10",0.0468768574409919,NA,0,90.6246285118016,0.00026660987549036
"MHH-ES-1.11",0.104974212349467,NA,0,79.0051575301066,0.000541954059961531
"MHH-ES-1.12",0.0846938805271244,NA,4,85.4924593001448,0.0354638677020787
"PC-14.11",0.61251452974267,0.00165592886707176,4,38.5210190760108,0.00114623854758009
"PC-14.12",0.568749999999999,1.64219348733728e-06,4,43.125,1e-06
"PC-14.13",0.569886182626644,1e-06,0.025469552933869,0,1e-06
"SNU-C2B.10",0.114937018384387,NA,0,77.0125963231226,3.84211182847247e-05
"SNU-C2B.11",0.119103660231999,NA,0,76.1792679536003,1.45763699940575e-05
"SNU-C2B.12",0.141167222721524,NA,1.64076509498314,85.8832729548903,1e-06
"SW620.11",0.0584547679765967,1253.02147208317,0.296001635428691,0,1253.02147208317
"SW620.12",0.0231398054807489,NA,0,95.3720389038502,0.0887159225396674
"SW620.13",0.0459417752096221,NA,0,90.8116449580756,0.00212599691978642
"U2OS.10",0.0580099301273078,NA,0.166349021652898,90.9737879981292,0.00168975332993598
"U2OS.11",0.106969196207697,NA,0,78.6061607584606,0.000641675360168244
"U2OS.12",0.111883866705378,NA,0,77.6232266589245,0.00023487188676444
"A-375.10",0.116821324021363,49.7540476969132,0.327055452800979,0,49.7540476969132
"A-375.11",0.0343309943840718,1.95177797027122,3.08477865528641,0,1.95177797027122
"A-375.12",0.00991679787987958,2.66920982695653,4,0,2.66920982695653
"A-549.5",0.244747278125956,2.69136871784281,0.328970174204329,0,2.69136871784281
"A-549.6",0.33323201273545,11.68168132613,0.300446768515724,42.7178721753185,0.0191696274615518
"A-549.7",0.355963619060222,0.703637528183375,0.262244264037055,0,0.703637528183375
"C32 [Human melanoma].11",0,NA,1.04499872293243,100,0.884922572266691
"C32 [Human melanoma].12",0,NA,1.23358201586055,100,89.6479543175195
"C32 [Human melanoma].13",0.0551604387783103,544.869977021242,0.334551657209156,0,544.869977021242
"HCT 15.7",0.226272930653096,0.80394766515016,0.646015637365637,0,0.80394766515016
"HCT 15.8",0.0835230337526574,1.33641072269743,2.07287160285631,0,1.33641072269743
"HT-29.11",0.158701984617413,NA,0.0304753354189105,57.8409397278837,1e+06
"HT-29.12",0.133235835748533,7.2487574039719,0.455030309968545,0,7.2487574039719
"Karpas-620",0.00959670327071877,2.69430472824081,4,0,2.69430472824081
"MDA-MB-468",0.380568594361347,0.24471246198558,0.857862391690827,46.1478067619782,0.012329341073938
"NCI-H2085",0.168779822731178,NA,0.1875,62.4999999999999,0.191095297497044
"NY",0.0969215984593208,NA,4,79.5887054650976,0.075267913582355
"OCI-AML-3",0.16214947229795,1.15354284968086,0.945940078467214,18.9551347409995,0.696987048080103
"SF539",0.0773193911128564,NA,0.535570026291362,65.3492799360416,1.12680970938849
"SK-MEL-2",0,NA,0,100,2.27965691558464
"SK-PN-DW",0.00955238965265802,2.6978550663814,4,0,2.6978550663814
"Hs 578T",0.0438287912926465,NA,4,92.3989870674392,0.0372655666180591
"NCI-H727",0.102210666320003,NA,4,89.7244659859274,0.00126104392771757
"RCM-1 [Human rectum adenocarcinoma]",0.210577840745771,445.044056344549,0.152159383303455,0,445.044056344549
"SW1271",0.0501300156598324,36.9874171378831,0.535173612585964,0,36.9874171378831
"NCI-H3122",0.0819332117070397,NA,4,82.1847712529201,0.0834486095448934
"LAMA-84",0.114765958104248,1.2831648965464,1.77174445721099,36.5055626242376,0.612680915949034
"NCI-H526",0.0505302979274807,NA,4,88.3675594527803,0.0995305581091254
"HSC-2",0.241210358399086,NA,4,65.6033264960856,0.0157536083635096
"NCI-H2029",0.00295694693745023,3.70265190859386,4,0,3.70265190859386
"NCI-H650",0.0288294587359651,NA,4,96.0163217434102,0.0134919507371353
"NCI-H1755",0.0560628098020969,3.47994183737646,1.11376597170538,0,3.47994183737646
"L-363",0.0630675934283018,48.4908395158359,0.457475727106768,0,48.4908395158359
"NCI-H522",0.184230257024962,201.945013158084,0.189975336092547,0,201.945013158084
"KMS-12-BM",0.0587239466956604,NA,4,68.3926644291748,0.555057882502311
"SK-OV-3",0.260548289602733,NA,0.897949768804154,71.1633004475683,0.00160889630016494
"MOLT-4",0.00498919311588143,3.22561327822945,4,0,3.22561327822945
"MOLT-4.1",0.00427102714760008,3.36191648259539,4,0,3.36191648259539
"NCI-H1435",0.107270491709088,NA,0,78.5459016581824,5.58081202269369e-05
"NCI-H1869",0.146572499615074,NA,2.73743780497611,73.6670941925942,0.0427843510716383
"NCI-H211",0.00594507473134392,3.07688138297874,4,0,3.07688138297874
"NCI-H211.1",0.00671863947926643,2.97601885334314,4,0,2.97601885334314
"SaOS-2",0.0741503135759689,10410.4550829556,0.216707964780096,0,10410.4550829556
"WIL2 NS",0.0120013373881602,NA,4,90.3760797894538,0.852055525358836
"WIL2 NS.1",0.00408184503179503,3.51396170293787,4,11.3012128348645,3.2959366940486
"SNU-C5.1",0.153652337396895,1846124825155904,0.0671604837878005,38.0699180073845,1e+06
"HT115.1",0.132793666693456,NA,4,71.9985578006387,0.0755827460693853
"LS513.1",0.21636300332447,1.91880732624134,0.46875,11.25,1.1139738599948
"GP5d.1",0.0376633314409862,2.26466576802223,2.17905681017821,0,2.26466576802223
"HCC2998.1",0.0963449046177475,4.71750987746123,0.664719798963243,0,4.71750987746123
"SNU-C1.1",0.0335754672168094,NA,4,86.6872119955839,0.350409670141027
"CTV-1",0.180956111460285,0.595361306467632,2.06414832375796,0,0.595361306467632
"WSU-NHL",0.131372449669555,0.762987213735963,4,12.96525158279,0.707826973764661
"RPMI-6666",0.161076528049458,3.29557462146517,0.496023904992864,0,3.29557462146517
"A-204.1",0.142161503689508,4.6190128977012,1.56771438523602,26.2222677787256,2.87504465587917
"MES-SA.1",0.120863061299755,5.02381763733717,1.76945767018021,0,5.02381763733717
"PL4.1",0.11862181435822,9.1004683802181,0.895868065060173,0,9.1004683802181
"OS-RC-2.1",0.168356554600993,13.005675885598,0.518843325162371,0,13.005675885598
"WM793.1",0.172626309137676,3.20984852838798,1.91627413583412,0,3.20984852838798
"KYSE-50.1",0.155660403256813,4.85182591304808,1.07236748066671,0,4.85182591304808
"KE-37.1",0.345679924839207,0.907231197306919,2.6637787050932,0.780030759142379,0.901891824018818
"Jurkat.1",0.308555085166368,1.12711329507186,4,3.07243135939284,1.10938447747933
"KM-H2.1",0.127115117846081,4.07568486193712,4,6.32841377821068,3.94010537522175
"697.2",0.298764743554517,1.11102365004348,4,7.88268932854972,1.06437817483557
"8-MG-BA.2",0.217375755219394,2.68175242331118,1.11215933806164,0,2.68175242331118
"PaTu 8988t.1",0.0994279021796795,5.58395840789417,2.26964138866192,0,5.58395840789417
"FTC-133.1",0.109793873586684,6.83704830051807,1.27015119537283,0,6.83704830051807
"KMRC-20.1",0.152682460662848,5.66950402702777,0.94162413264487,0,5.66950402702777
"NCI-H1975.1",0.528035591126045,0.238224370320527,0.689219640176501,3.23204385951868,0.216211234203055
"OVCA420.1",0.589029469705092,0.034200583980329,0.687746570210624,32.9377049329439,0.0071631227195438
"HCC1954.1",0.10338421649842,8.28661350382898,1.12592538747916,0,8.28661350382898
"ASH-3.1",0.0460410204823784,8.75145118247888,2.82822545646186,0,8.75145118247888
"NCI-H1568.1",0.352535535549595,4.84168442562254,0.234496863679239,0,4.84168442562254
"NCI-H1563.2",0.172887555511563,3.42238940218733,1.49816720207198,0,3.42238940218733
"Daudi.1",0.089518998042567,5.50840408873323,4,0,5.50840408873323
"CTV-1.1",0.335418754328125,0.903691217046564,4,4.57339333702443,0.882277358886084
"EM-2.2",0.0635392199994389,6.76077578177484,4,0,6.76077578177484
"WM278.1",0.0741556312862542,6.34780386804524,3.37840164091971,0,6.34780386804524
"GI-ME-N.1",0.134827773336002,7.34594881205116,0.901023459619577,0,7.34594881205116
"EJM.1",0.0673828250425499,6.95870399310325,2.90731889892018,0,6.95870399310325
"HT-3.1",0.160622796723525,NA,0.417946219723025,67.7141687801084,0.325265701978517
"Hs 746.T.1",0.0893752312886772,6.53710179714602,1.910708846205,0,6.53710179714602
"EW-18.1",0.161311032608891,3.43645212371964,2.12800755048179,0,3.43645212371964
"RPMI-7951.1",0.115029719160583,5.4155594947565,1.68204222204264,0,5.4155594947565
"CA46.1",0.135956606567796,3.6622833822212,3.51478487924702,16.3670276994929,3.27158005958039
"RCC10RGB.1",0.353917156693265,17.915109850033,0.152425439394221,0,17.915109850033
"U-251MG.1",0.0845968180751297,22.9649449869648,0.735842959585627,0,22.9649449869648
"Karpas-231.1",0.0780252913237832,6.01597876472313,4,0,6.01597876472313
"BALL-1.1",0.176186738362116,3.0658980228541,2.15937892103592,0,3.0658980228541
"IGR-1.1",0.09803463758869,5.38970125244332,2.78532564018491,0,5.38970125244332
"KP-1N.1",0.149377510149322,4.15176467344165,1.52332935233078,0,4.15176467344165
"OVCAR-8.1",0.164795654532585,3.43755854925319,1.84758880139631,0,3.43755854925319
"JJN-3.1",0.111642995322794,4.55231659420246,4,8.35473252226069,4.34891951835837
"ALL-SIL.1",0.219007793309493,2.0164993498956,2.99479558898089,9.72138268593354,1.87605346785784
"HEY.1",0.135031687829463,5.51079786216917,1.18776684942754,0,5.51079786216917
"HeLa.1",0.0714813126515929,17.456021933648,0.940280692079921,0,17.456021933648
"SCC-15.1",0.413230163131985,1.74138196956591,0.214806777963769,0,1.74138196956591
"CAL-33.1",0.34742502953555,2.44825458086841,0.341832979147352,0,2.44825458086841
"JHH-6.1",0.0885318829740708,9.83050595653829,1.78326854425024,40.0051084033837,3.9855787325488
"ES4.1",0.231204834047977,89.7375568625993,0.22194228345108,0,89.7375568625993
"UACC-257.1",0.0905639638110082,7.9044711297866,1.59638048040602,21.9560852978977,5.50249732291263
"KCL-22.1",0.112434068885122,4.47715826944481,4,11.2318758043461,4.2012511377043
"CHP-134.1",0.12830842002654,4.09506177206848,4,3.26586860843819,4.02648884256251
"KMS-12-BM.1",0.125127995233587,4.21008170399143,4,2.20524096494727,4.16287233326729
"OE19.1",0.799096644683967,0.0119173321203727,0.686356041569762,6.93423355187996,0.0095876527088238
"MDST8.1",0.0827966457981963,6.27455703692961,2.53200222057194,0,6.27455703692961
"HCC2998.2",0.16999069774358,3.57997307137014,1.42058437835161,0,3.57997307137014
"G-401.1",0.240402747725502,1.9520085299508,1.60465429196606,3.27848542564266,1.87122892389599
"OAW28.1",0.120454235925007,8.55428849650951,1.18141866320002,30.93835358902,3.78169678143631
"DMS 53.1",0.0683210350754073,7.09708576145484,2.63585291269486,0,7.09708576145484
"TOV-112D.1",0.0851763271671226,8.36821385794233,1.4038084986969,0,8.36821385794233
"AsPC-1.1",0.205966307039284,NA,0.237376190920005,54.2477893135331,0.769365729928658
"HSC-3.1",0.487087942890518,0.366062920010649,0.411139654484966,0,0.366062920010649
"Evsa-T.1",0.0621525928180551,8.2585220057856,2.13995628803326,0,8.2585220057856
"VA-ES-BJ.1",0.0628411065463929,7.53800159235309,2.59195563363315,0,7.53800159235309
"GOTO.1",0.124537464092491,4.04471255938741,4,12.2800124958118,3.76953732147872
"SNU-175.1",0.301112062212831,2.02882566104523,0.591177374686777,0,2.02882566104523
"IM95.1",0.12134391237985,4.50097602244908,2.71639076047719,0,4.50097602244908
"OVCAR-3.1",0.254140651984597,2.67718000130664,0.712220096629313,0,2.67718000130664
"LXF 289.1",0.0580784916443941,7.33719738949275,3.33113662098769,0,7.33719738949275
"AGS.1",0.171631769135834,3.37724814941286,1.60815714104665,0,3.37724814941286
"AU565.1",0.526170543080947,0.192092797102291,0.417084401893628,14.974243035839,0.0818247559366797
"LN-405.1",0.0275298049520244,NA,4,93.0393321107457,0.650993681863819
"TE-4.1",0.692447399522091,0.0501327723421483,1.6767898939028,11.4445759007645,0.0429338582676193
"42-MG-BA.1",0.156074052032158,3.8888352212134,1.55312435570241,0,3.8888352212134
"TUR.1",0.0422472205976471,8.19876395709482,4,0,8.19876395709482
"EMC-BAC-2.1",0.273492208971451,5.26362228536887,0.395867092977036,0,5.26362228536887
"LC-1/sq.1",0.335087759461769,6.03625113200675,0.245625970362291,0,6.03625113200675
"Hep-G2/C3A.2",0.0628546854619393,NA,4,90.9363179174573,0.0831190204335607
"Karpas-45.1",0.272996760747729,1.43824978795862,2.61617654145571,4.73274832708072,1.38460874453146
"A-375.13",0.152386025308175,3.36900932879366,3.21082986427749,9.1464361316317,3.16355891883869
"C32 [Human melanoma].14",0.0430126419059819,11.6160233161157,1.89015284436133,0,11.6160233161157
"C32 [Human melanoma].15",0.0702637051607772,NA,4,54.4586611304907,3.45715325405524
"C32 [Human melanoma].16",0.045566782345858,NA,4,73.8823594219832,3.00273251059827
"HT-29.13",0.14553642367012,6.23425700913077,0.929171741342195,0,6.23425700913077
"HT-29.14",0.171039575780033,6.07241576672822,0.75407554710113,0,6.07241576672822
"MHH-ES-1.13",0.105527199385553,8.54119831603966,1.07063992064604,0,8.54119831603966
"MHH-ES-1.14",0.132250522256437,8.42704979344881,0.83598642150572,0,8.42704979344881
"MHH-ES-1.15",0.110373874120466,7.45332933363154,1.14852919898084,0,7.45332933363154
"SNU-C2B.13",0.300843493938928,4.279527558081,0.582498647839544,38.2895792625101,0.354132542956768
"SNU-C2B.14",0.236171431304989,5.59147222740383,0.49221233477595,0,5.59147222740383
"SNU-C2B.15",0.270043336205571,7.42019240709295,0.375,10.6250000000001,3.92418975848454
"U2OS.13",0.0735458986785103,36.0898650948903,1.99019916002815,49.3899049274376,3.94354927046983
"U2OS.14",0.061532907178103,NA,4,54.8968381078022,3.919981031921
"U2OS.15",0.102503615498994,17.9305665948369,0.709567904221324,0,17.9305665948369
"PC-14.14",0.64346079741438,0.00169709984775469,0.114360717635925,0,0.00169709984775469
"PC-14.15",0.634284319827876,0.000505752041941867,0.0861383596243601,0,0.000505752041941867
"PC-14.16",0.635519800413457,0.00340584589529601,0.124535610994131,0,0.00340584589529601
"SW620.14",0.109086552328396,4.54619567644025,4,14.5335314352473,4.17215188576368
"SW620.15",0.112484591707576,5.06228755202082,2.1559569759393,0,5.06228755202082
"SW620.16",0.114841968505664,4.80754314638293,2.47870970175237,0,4.80754314638293
"HCT 15.9",0.318234107723709,1.96857714948112,0.51631942928993,0,1.96857714948112
"HCT 15.10",0.243320799718171,2.37882662385315,0.929615168051893,0,2.37882662385315
"HCT 15.11",0.211752455200976,3.12405018459034,0.945659870480747,0,3.12405018459034
"A-375.14",0.138074139693758,3.80447465526568,3.37823079820844,5.87187364539319,3.66635620745844
"HGC-27.1",0.163992067951731,3.33828418560041,2.25995996610861,0,3.33828418560041
"B-CPAP.2",0.107503301178231,4.9625401779605,2.91397386144199,0,4.9625401779605
"SK-MG-1.1",0.162792304482865,3.7079876339772,1.51572690948803,0,3.7079876339772
"NCI-H1650.1",0.29416400317913,8.35026169964058,0.287694599256374,0,8.35026169964058
"786-O.1",0.211279006605945,2.69878418410486,1.2219039627065,0,2.69878418410486
"TGBC24TKB.1",0.400461989783073,1.98753216962537,0.230920784319161,0,1.98753216962537
"KP-2.1",0.0973408989703885,6.15668796917834,1.83596333501342,0,6.15668796917834
"HDQ-P1.1",0.503524378580582,0.30514846460522,0.477546937447457,0,0.30514846460522
"NCI-H716.1",0.0815598423155389,5.76274592112512,4,11.7753251690533,5.38856245514806
"MHH-PREB-1.1",0.140731300575898,3.86376764199883,2.9032652774158,0,3.86376764199883
"NCI-H513.1",0.299803581059493,4.86967525165863,0.34375,0,4.86967525165863
"Huh-7.1",0.0244046143479493,NA,4,93.6637820925296,0.699212114694428
"HT-1197.1",0.121087074859687,5.12468190588008,1.67874098659048,0,5.12468190588008
"J82.1",0.050773081209911,NA,0,89.8453837580178,5.87064716628163
"NCI-H1568.2",0.377048541658335,7.97578194644656,0.233751053244728,30.074681064412,0.155744664226999
"SK-N-DZ.1",0.130966260783765,3.89511216560581,4,9.61779856843486,3.69253792872785
"NCI-H322M.1",0.636193723492558,0.022997856305769,2.14992588810048,30.8255752681756,0.014725739683659
"LB996-RCC.1",0.419730138268915,1.0343663080935,0.296648571435051,0,1.0343663080935
"NCI-H1944.1",0.228520185686724,274.80707387145,0.185218559750897,0,274.80707387145
"MCF-7.1",0.0362049212296437,25.9837662861631,1.15020450501474,0,25.9837662861631
"KYSE-180.1",0.12161546480014,4.51277082054659,2.62758065472383,0,4.51277082054659
"NCI-H23.1",0.117192271836918,4.08021489777416,4,23.6466427863029,3.47655835346703
"L-428.1",0.207917019131494,2.47707433347133,1.8337454003076,0,2.47707433347133
"IGROV-1.1",0.479090760854062,0.382515766599536,0.577292795347905,0,0.382515766599536
"LN-229.1",0.160399773527324,10.583154980797,0.596434569501594,0,10.583154980797
"HSC-4.1",0.338385512316898,NA,0.409126640179073,53.0319570039756,0.0221411689373821
"Mel JuSo.1",0.068025741132662,9.97607006271656,2.01750993248091,34.5869144703535,5.56720369159783
"639V.1",0.172774917358042,3.56568109803776,1.35737592820436,0,3.56568109803776
"SK-GT-2.1",0.876415271659126,0.00425410759033601,1.25188116335308,9.82162519598637,0.00357223922176003
"NCI-H2373.1",0.135667409367617,4.03618892555901,2.72305712571593,0,4.03618892555901
"U-118MG.1",0.10690732914927,5.93083104556918,1.63879883324846,0,5.93083104556918
"TE-1.1",0.387196182390157,1.4716855519145,0.329621369717051,0,1.4716855519145
"SKN-3.1",0.159488968022429,4.85404351958124,1.0245487581768,0,4.85404351958124
"SiSo.1",0.0734064286560097,8.18427230852817,1.74086834372761,0,8.18427230852817
"SNU-C5.2",0.131259773813933,6.49145894303662,1.03807233895681,0,6.49145894303662
"MFE-296.1",0.0689285750885961,29.5385272716598,0.759789389835598,0,29.5385272716598
"NCI-H2170.1",0.679978317854764,0.013621005893966,0.254116450927799,0,0.013621005893966
"NCI-H1694.1",0.14955399867903,4.76353913805548,1.18765467763915,0,4.76353913805548
"8505C.1",0.12991662411419,9.5238754399043,0.789120513819182,0,9.5238754399043
"JHH-4.1",0.144942648766686,5.6755227310148,1.02072025216688,0,5.6755227310148
"TT2609-C02.1",0.0694246322913072,8.45979148237679,1.77863256981454,0,8.45979148237679
"SW1573.1",0.0592813463861463,285.137840381038,0.830504517499977,46.5413413623934,11.4350610464798
"LOU-NH91.1",0.423221896152267,1.14946290856516,0.25510542268942,0,1.14946290856516
"NCI-H1048.1",0.0626432275906679,7.55295565006922,2.59226896495657,0,7.55295565006922
"C-4-I.1",0.197789662682262,3.66066102113212,0.915828522494715,0,3.66066102113212
"Jiyoye.1",0.419732481264551,0.600113394913794,0.772185064766465,0,0.600113394913794
"SUP-M2.1",0.15281878144634,3.60880490389008,2.28407784420272,1.68069837267191,3.5551846047762
"CAL-120.1",0.0825844393429858,6.78162060151161,2.140625,10.9375,6.04296390238133
"SW756.1",0.0802513272603441,NA,0.576655662177375,87.9355596111558,0.0675185616672727
"G-402.1",0.217548643087345,2.15936746426614,1.62924475160274,19.3548451550945,1.59893798810896
"WM35.1",0.118855565575404,4.58078782488552,2.74851213826495,0,4.58078782488552
"UMC-11.1",0.0580896945882126,9.03730322013906,1.99133808409212,0,9.03730322013906
"HCC827.1",0.752355996913997,0.00197513821750945,0.229158910544293,0,0.00197513821750945
"HOP-92.1",0.0688732448147658,10.8910961002111,1.34006951877486,0,10.8910961002111
"SW780.1",0.0621404300103305,9.14987814407247,1.80971464043102,0,9.14987814407247
"OVCAR-4.1",0.0963873157286033,7.81353666986346,1.30124874695777,0,7.81353666986346
"RERF-LC-KJ.1",0.292646304184417,4.84171351526532,0.361914691264638,0,4.84171351526532
"RL95-2.1",0.155023061727467,3.84292410417989,1.64558581763879,0,3.84292410417989
"DEL.1",0.30078792983685,1.08747746019931,4,8.21833711068187,1.03973866223245
"KOPN-8.1",0.248152069176179,1.61191341335377,3.80327375955586,8.57735597509387,1.53409322767061
"ETK-1.1",0.306117166878867,1.74888687613763,0.656126510245764,0,1.74888687613763
"GB-1.1",0.142889436500558,6.24736879513476,0.95223153557147,0,6.24736879513476
"Calu-6.1",0.0842470725563143,6.24976830961065,2.45270081981468,0,6.24976830961065
"BHT-101.1",0.079706580739306,6.19974359094591,2.97764948285583,0,6.19974359094591
"Daoy.1",0.0869732181716985,5.65422131908291,3.71513146597095,0,5.65422131908291
"CADO-ES1.2",0.0936415459864777,5.34057815695614,4,0,5.34057815695614
"ESO-26.1",0.336453995091851,2.59569177369639,0.362017015926174,0,2.59569177369639
"NCI-H1623.1",0.470410911644132,0.202762818627464,0.96683488033231,33.9304703071709,0.0626774546314748
"HTC-C3.1",0.141304239518191,14.9846498627193,0.582221167959181,0,14.9846498627193
"KM12.1",0.322990805777174,1.26458332719163,0.860848892212666,0,1.26458332719163
"LOU-NH91.2",0.253953071270582,1.89438217258673,1.26245233524633,0,1.89438217258673
"PWR-1E.1",0.0908224362243982,5.81269483992875,2.58889000346399,0,5.81269483992875
"SNU-182.1",0.19985762417041,9.86960761212533,0.478039109637716,0,9.86960761212533
"SNU-398.1",0.150165071655151,3.84920133198126,1.87352525126934,0,3.84920133198126
"CHP-212.1",0.152577537004163,3.75821234524253,1.90861714178441,0,3.75821234524253
"TYK-nu.1",0.111694312296734,4.19258660768525,4,29.7864544995762,3.3431061443559
"DBTRG-05MG.1",0.138682668062723,53.1252187809777,0.399122320963044,0,53.1252187809777
"ESO-51.1",0.0514086509989886,8.25262584099273,2.81491222363917,0,8.25262584099273
"RPMI-8226.1",0.171392911392746,3.24972432343162,1.88878406638647,0,3.24972432343162
"OVISE.1",0.223705212923398,5.22517385617955,0.556318746103978,0,5.22517385617955
"DiFi.3",0.807421374140719,0.000166154366323722,0.195958156872323,0,0.000166154366323722
"KG-1.1",0.0613311506944419,7.05412925991948,3.48102551628057,0,7.05412925991948
"ARH-77.1",0.208658498815305,2.26665060609865,3.07482320244831,5.50555178075652,2.18226495136382
"EBC-1.1",0.0874401305582731,5.82170719589076,2.94224373822688,0,5.82170719589076
"HuO9.1",0.216243469660474,2.35751628025241,1.45756092991757,10.6803797555249,1.9991950242091
"Raji.1",0.204534939279091,2.63474378966256,1.53493202338073,0,2.63474378966256
"Granta-519.1",0.0636615901448206,6.74541367049663,4,17.5583945698657,6.05398961788064
"TC-71.1",0.097325160568842,5.44817911309885,2.71218670681191,0,5.44817911309885
"HuO-3N1.1",0.16059780744801,11.1813484158457,0.580943185222445,0,11.1813484158457
"BT-474.4",0.440938546036009,0.874072737666113,0.247494675244219,0,0.874072737666113
"RERF-LC-Sq1.1",0.458249704365566,0.642237853595541,0.250924509931342,0,0.642237853595541
"RD.1",0.0872177689667568,6.8179300769724,1.83391985636917,0,6.8179300769724
"CAL-51.1",0.107145481005124,4.87883842590111,3.4946644841312,0,4.87883842590111
"IMR-5.1",0.209835587527459,2.58027044426008,1.42567191992094,0,2.58027044426008
"BPH-1.1",0.537124762605662,0.088835921856451,0.118785321574604,0,0.088835921856451
"SNU-1.1",0.243491175685987,2.17386914186576,1.09234749869188,0,2.17386914186576
"JSC-1.1",0.324340766915202,0.892136949725297,3.03257982875662,10.0647328696611,0.828406095678677
"SAT [Human HNSCC].1",0.539356998172184,0.136564104029258,0.194836943292027,0,0.136564104029258
"P30/OHK.1",0.176810975759937,2.87082084949437,3.6209382279739,4.2199008914779,2.80175773521542
"NCI-H2405.1",0.112449418309687,NA,1.64220135157491,71.3255750160304,0.670588153155336
"C2BBe1.2",0.245153703205087,8.28087910765985,0.389956267831667,0,8.28087910765985
"TCCSUP.1",0.0688889880984948,231.921984633514,1.24497120907045,49.5538907912485,5.2371614746235
"HuP-T4.1",0.0588073326968549,8.3549900643784,2.25570247943259,0,8.3549900643784
"A101D.2",0.210461030155195,2.57478676894738,1.41254552191978,0,2.57478676894738
"GA-10.1",0.273982582934753,1.48714587674255,1.79042752607924,3.72472162663112,1.42421447257595
"CESS.1",0.305883652811277,1.05613546473241,4,7.73902692269322,1.01265613565946
"RT-4.1",0.216324804856846,15.7000194830061,0.367331811529575,0,15.7000194830061
"NCI-H1155.1",0.229167665022765,2.2276869143285,1.37404114258305,1.80142352176946,2.16898425157102
"COLO 678.1",0.147575925182071,NA,0,70.4848149635857,5.79970108378293e-05
"A-172.2",0.197044887646766,3.13449743904151,1.15320435673558,0,3.13449743904151
"647V.2",0.177334838019536,4.85503440285607,0.850431856646781,0,4.85503440285607
"EC-GI-10.1",0.60348675690472,0.0452084721474891,0.226647023932349,0,0.0452084721474891
"LN-18.1",0.121850835922152,4.40535124227245,3.20023201255729,0,4.40535124227245
"M14.1",0.108278407567217,4.83873061423549,3.48613170367642,0,4.83873061423549
"KYSE-140.1",0.486459455894804,0.383495206365026,0.307175097873095,0,0.383495206365026
"COLO 829.1",0.102483651413872,NA,4,69.1844071208749,1.00548341242314
"EPLC-272H.1",0.357984524985316,1.18412534869156,0.574775417094709,0,1.18412534869156
"G-361.1",0.112674458148542,4.73790417052843,3.07138403175247,0,4.73790417052843
"GDM-1.1",0.308005669043084,0.966259812158025,3.64619624715212,11.7347005929633,0.897913950429531
"JHH-1.1",0.245935954273264,5.88144424250736,0.450070398383943,0,5.88144424250736
"MM1.S.1",0.11111446684233,5.36348622658015,1.87424046491272,0,5.36348622658015
"MOLT-16.1",0.241979433104627,1.84386986813256,4,1.64495674153534,1.82851366478882
"NCI-H1693.1",0.415386715506237,0.780967641533901,0.450787086518355,0,0.780967641533901
"NCI-H1781.1",0.523347852111474,0.25812391969871,0.626223851723761,0,0.25812391969871
"NCI-H2141.1",0.0457870298585353,10.1283438240919,2.14866518769003,0,10.1283438240919
"OE21.1",0.41901477853815,1.94728127529536,0.185901405294128,0,1.94728127529536
"Panc 08.13.1",0.121022602843605,11.0434633031095,0.778756543100278,0,11.0434633031095
"UPCI-SCC-090.1",0.399849876039715,2.57079492924896,0.261513278528395,24.6171127203049,0.192398264564954
"SU.86.86.1",0.136019168689455,NA,0.0585368810862686,53.8242734299616,999995.716606737
"SU-DHL-10.1",0.26016221734021,1.50249634666353,3.1481816771143,7.87277531203399,1.42291337740277
"SUIT-2.2",0.092486054454142,20.4997279773093,0.724204916003034,0,20.4997279773093
"SUP-HD1.1",0.170250034876892,3.97473089289395,1.19827124371905,11.2150031972528,3.21553501805022
"NOS-1 [Human osteosarcoma].1",0.22715056855548,2.19123276879311,1.61691767338979,0,2.19123276879311
"CFPAC-1.1",0.313966131922851,2.39998251865383,0.5,14.6875,1.19708503049573
"A2058.1",0.115142720223581,4.61944164663727,3.29196096928941,0,4.61944164663727
"CAL-27.1",0.491513875034706,0.362799404645455,0.264555894394898,0,0.362799404645455
"COLO 205.2",0.122989389532028,4.85768851138351,1.84132459091285,0,4.85768851138351
"COR-L23.2",0.161003837082892,3.94257321635143,1.3639350728622,0,3.94257321635143
"DAN-G.1",0.252721666788534,1.97333912514862,1.15117439163316,0,1.97333912514862
"EW-1.1",0.184008692153837,2.91666987687329,1.89701157771487,3.07947089616538,2.82055343751777
"GP5d.2",0.283599568592722,2.17289182751306,0.656529811320709,0,2.17289182751306
"NCI-H2722.2",0.0770621711715781,13.707782962417,4,49.7931443154268,3.47649479516605
"HCC15.1",0.0849111747444263,5.85794963301508,3.20417688645281,0,5.85794963301508
"MFE-319.1",0.0816069101080315,6.06394639562659,3.07128543310432,0,6.06394639562659
"NCI-H1876.1",0.15600775424405,3.24242814673793,2.44023199601325,21.1118027753443,2.58962202382396
"NCI-H661.1",0.179871208944803,4.08995161822947,0.986649736923937,0,4.08995161822947
"T-47D.1",0.281479381074651,2.67547255961465,0.556800794796321,0,2.67547255961465
"U-87MG ATCC.1",0.0189842820777429,10.9734829888669,4,0,10.9734829888669
"MC/CAR.1",0.078839581432767,5.97788678105413,4,0,5.97788678105413
"23132/87.1",0.255843510177617,2.02522633840832,1.02247242272556,0,2.02522633840832
"ATN-1.1",0.153835371030935,3.61531337716199,2.21369986921524,0,3.61531337716199
"BB49-HNC.1",0.122595870290823,4.64071686286941,2.17754143053492,0,4.64071686286941
"SK-N-BE(2)-M17.2",0.116039247963198,4.65562426343177,2.86541076999596,0,4.65562426343177
"BFTC-909.1",0.231881262629689,2.13967263528018,1.52295290382362,0,2.13967263528018
"BICR 10.1",0.175740745706707,9.1087892728927,0.577587391781666,0,9.1087892728927
"BV-173",0.164084390013283,3.33388338815497,2.27095580577006,0,3.33388338815497
"CAL-29.1",0.326030681541823,2.92472609059387,0.367225225162018,0,2.92472609059387
"COLO 678.2",0.15170334533257,NA,0.312312881731947,84.4822183975691,1e-06
"COR-L311.1",0.106775786445216,4.83274562190113,4,1.09899368843712,4.80596810284945
"DG-75.1",0.233797914049629,1.76198901619412,2.2478094731485,15.1200040557243,1.50116075723169
"EW-13.1",0.0238741002850238,10.1720303432372,4,0,10.1720303432372
"GCT.1",0.114253539080635,5.72055066635431,1.53389581576486,0,5.72055066635431
"Lu-135.1",0.168903631795936,3.36545390740037,1.7625876875973,0,3.36545390740037
"MOLP-8.1",0.110674007858106,4.68697377185044,3.38694417608085,6.67450634330322,4.49283083483851
"SF268.1",0.171347240304111,3.58844299302512,1.37536437787391,0,3.58844299302512
"SNU-61.1",0.172366179253754,61.3653718426944,0.322888864670322,0,61.3653718426944
"HC-1.3",0.240532406903006,1.91223715940304,2.31440649642721,0.267555643894258,1.90780916065042
"A-704.1",0.157038393046287,3.67955734095262,1.80076402030618,0,3.67955734095262
"ALL-PO.1",0.308294359038121,1.14543538842758,3.03875133577047,2.50325724158371,1.1262376024274
"AM-38.1",0.0870054001380483,5.61419222454624,4,0,5.61419222454624
"P32/ISH.1",0.283567731143766,1.27730578521393,4,6.37223248022335,1.23450577437278
"SUP-B15.1",0.103808952395004,4.96715164219787,3.83129360216913,0,4.96715164219787
"MHH-CALL-2.1",0.224051654059435,2.0332841144815,2.55124606970433,6.29244272906343,1.92886580133168
"ES-2.1",0.130477844977695,5.13996269394651,1.40458270592328,0,5.13996269394651
"NUGC-4.1",0.158860582227556,4.09906691735606,1.31284818882649,0,4.09906691735606
"HCC1187.1",0.106550299457081,4.9401129987921,3.21141159087556,0,4.9401129987921
"NEC8.1",0.0868760663113001,5.64753555134311,3.78750398064964,0,5.64753555134311
"CAL-78.1",0.084686112914969,7.32555695175988,1.69446598949268,0,7.32555695175988
"AN3-CA.1",0.0957204799874836,5.9364544655621,2.19793084632114,16.6697620360312,4.9361910272822
"DU4475.1",0.0855062948293481,5.67860091616767,4,0,5.67860091616767
"PaTu 8902.1",0.092356127360472,9.9585695309954,1.0892638196219,0,9.9585695309954
"HT-1080.1",0.0673419578085428,6.96654580402644,4,39.9918329507866,4.65976089268796
"HCC1806.1",0.359188667873039,1.20651158559751,0.552434972274667,0,1.20651158559751
"HOP-62.1",0.0978104873905329,4.85866269816465,4,25.5221400443868,4.0641301795432
"JIMT-1.1",0.104899485036622,5.90813878997233,1.71586926488806,0,5.90813878997233
"Rh1.1",0.150964722546606,3.36044390431997,4,8.51716497847441,3.20716464998882
"RC-K8.2",0.183147799170428,2.86342522394413,1.73380605314767,21.2612336198068,2.08052333256189
"SU-DHL-5.1",0.419418071028587,0.526840111253345,1.98963226966456,2.45432999987678,0.513679653688562
"A3/Kawakami.1",0.22950793129768,1.98038216412705,2.43716862192431,5.10452948218501,1.89478413765175
"A3/Kawakami.2",0.268239703474845,1.38015099916578,3.1098031810809,9.59638221388198,1.28874192945468
"CL-40.1",0.119480102680834,4.62152131094805,2.51352376500164,0,4.62152131094805
"COLO 792.1",0.135152169482407,4.13253035662172,2.35665272197979,0,4.13253035662172
"COLO 824.1",0.236412126119643,2.38432397702943,1.02304949977604,0,2.38432397702943
"HCC1143.1",0.214294325730437,7.3389128360747,0.497340295760207,0,7.3389128360747
"HCC1143.2",0.165945424963193,8.18024167151801,0.652934817642754,0,8.18024167151801
"HCC1143.3",0.276285714112542,6.70076879720675,0.350099415846944,0,6.70076879720675
"HEC-1.1",0.0892024556203741,7.25287862239343,1.81524688317019,21.8935137485861,5.28077974537006
"Hs 445.1",0.125775740491644,4.25167340449695,2.90727958327697,5.73744035313522,4.07711232371654
"HT-55.1",0.354432172401588,9.00339945857285,0.184929795633793,0,9.00339945857285
"HuP-T3.1",0.106440075903143,5.47831000777714,1.98393625689685,0,5.47831000777714
"JVM-2.1",0.293778103500668,1.33676063247665,1.60898319863486,0.81363831767988,1.32319909389105
"JVM-2.2",0.262231592179478,1.49323198630915,2.34418555763273,8.99105686694208,1.37215055926112
"JVM-2.3",0.25294937398443,1.89758440283825,1.28915601864467,0,1.89758440283825
"NCI-H2228.2",0.132853627734408,7.99143748104134,0.862371251823362,0,7.99143748104134
"SNU-5.1",0.0784978336082979,5.92216227537679,4,35.0679316842114,4.3779197301588
"NUGC-3.1",0.453066235842432,0.797365867844618,0.21269532765601,0,0.797365867844618
"OACP4 C.1",0.215747217254592,2.85174206153243,1.02403679906104,0,2.85174206153243
"OCI-M1.1",0.270639876977165,1.23863454909463,4,13.8391369804011,1.14224794448113
"OCI-M1.2",0.234173947043599,1.89996371406881,2.21138864745205,6.93866383691483,1.77584535660018
"OCI-M1.3",0.240484581093294,1.97137582760125,1.65727059181677,0.424157534381991,1.9612678089021
"OV56.1",0.0989075856569648,1733.54438412553,0.269820878979987,0,1733.54438412553
"RS4;11.1",0.164402233206462,3.36557872281074,2.09273173042464,0,3.36557872281074
"SCC-3.1",0.141407196426253,3.88860535826064,2.58694402434591,0,3.88860535826064
"SK-ES-1.1",0.178751657150118,3.17786717623439,1.59489890882882,3.28313970443032,3.04538044943758
"SU-DHL-8.1",0.0790679462562145,6.0413945319353,3.59192548284866,0,6.0413945319353
"TK [Human B-cell lymphoma].1",0.125860924239521,4.37144481261109,2.609375,6.93889390390723e-16,4.37144481261109
"A3/Kawakami.3",0.249994039387488,1.71756778984073,2.33441821028741,4.528401643455,1.6491197440595
"NCI-H747.1",0.365288078179356,5.79679981983176,0.197058797502422,0,5.79679981983176
"NB1",0.262975811120393,2.20735960352812,0.80605738604192,0,2.20735960352812
"HPAC.1",0.183454440845686,5.90174943001317,0.695703022867711,0,5.90174943001317
"EW-16.1",0.273867813654929,4.21820779015626,0.440999952050421,0,4.21820779015626
"OSC-20.1",0.192113196855584,67.5192782573228,0.297558505513207,6.82753863876348,41.2230257700821
"EGI-1.1",0.0514003197813675,NA,2.26894696409108,81.5944797092248,1.46111641727181
"SBC-5.1",0.154319870790946,4.19610299402163,1.35708809623102,0,4.19610299402163
"NCI-H2369.1",0.166414367340359,56.3367555785915,0.339484092210591,0,56.3367555785915
"H9.1",0.474655452721959,0.418755066880757,0.424027105769124,0,0.418755066880757
"OACM5.1 C.1",0.222220987218065,1.3010242477793,3.1433416853345,39.411184472295,0.794008027427981
"U2OS.16",0.149457266081657,11.8784926608556,0.609082063726581,0,11.8784926608556
"A-375.15",0.170685931478385,3.19374593795825,2.13053548253275,0.616250617894778,3.17520952181352
"A-375.16",0.170563702259498,3.29576658232729,1.82225458518706,0,3.29576658232729
"HT-29.15",0.238074559932402,3.36725736621228,0.671269891214261,0,3.36725736621228
"HT-29.16",0.210639147154867,3.96217922495118,0.746117257390256,0,3.96217922495118
"HT-29.17",0.162101592462688,5.240290237362,0.92102853775559,0,5.240290237362
"A-549.8",0.214030612127878,4.03115470820446,0.713928045080661,0,4.03115470820446
"HCT 15.12",0.331710887704386,1.3616295008696,0.665756539916326,0,1.3616295008696
"HCT 15.13",0.244259351734373,2.07293102953071,1.20970058731332,0,2.07293102953071
"HCT 15.14",0.308301977732511,1.3566316995502,0.964406164556068,0,1.3566316995502
"A-375.17",0.230618777164096,2.31804275161445,1.20253241723653,0,2.31804275161445
"U2OS.17",0.12543358100256,27.2837462763545,0.51920242691299,0,27.2837462763545
"C32 [Human melanoma].17",0.0498138783231393,23.0419199076455,1.02695975768826,0,23.0419199076455
"C32 [Human melanoma].18",0.0626341514471337,27.3589826182554,0.829705399724144,0,27.3589826182554
"C32 [Human melanoma].19",0.139081135718811,78862.927441431,0.149253326973793,0,78862.927441431
"PC-14.17",0.579554003872017,0.0288043372230006,0.136384208502633,0,0.0288043372230006
"PC-14.18",0.612756479499543,0.00903684522618906,0.131238515517838,0,0.00903684522618906
"PC-14.19",0.58562872278333,0.021620699514886,0.13110127786039,0,0.021620699514886
"A-549.9",0.169315384809891,4.18297464434627,1.09153063805451,0,4.18297464434627
"A-549.10",0.238940805833282,2.59111468254572,0.870502559092507,0,2.59111468254572
"MHH-ES-1.16",0.112740158295791,5.51637387267103,1.69318036523643,0,5.51637387267103
"MHH-ES-1.17",0.11800892605524,5.27301414462092,1.67806454985612,0,5.27301414462092
"MHH-ES-1.18",0.117342651095593,4.713391279642,2.33387974806911,16.7788428214476,3.95599927329908
"SNU-C2B.16",0.197815657864214,21.2752159929118,0.370466176974281,0,21.2752159929118
"SNU-C2B.17",0.204149733661998,34.900976373647,0.313172180867002,0,34.900976373647
"SNU-C2B.18",0.228346561842824,12.6950392738318,0.36813000082174,0,12.6950392738318
"SW620.17",0.107559652637224,5.0005184445255,2.76013469368508,0,5.0005184445255
"SW620.18",0.121352903306553,4.69936533627598,2.15679542228483,0,4.69936533627598
"SW620.19",0.121542280616253,4.5856705821798,2.39691901504772,0,4.5856705821798
"HT-144.1",0.137202007159652,3.98470317957298,2.75862796279646,0,3.98470317957299
"HuH-1.1",0.0999559511441432,4.72290265599742,3.921875,36.25,3.39820832894256
"LB771-HNC.1",0.0369646572722078,NA,4,79.2226214960601,2.93167092364531
"LCLC-97TM1.1",0.145108350584606,5.02323260694174,1.31406152802574,22.0342871007466,3.22811932574816
"NCI-H196.1",0.0716307117285054,NA,1.61008655734115,69.8318416934976,2.03067903746887
"NCI-H1963.1",0.21722428873447,2.33480452216902,1.71964109369564,0,2.33480452216902
"NH-12.1",0.158884848420202,3.75367727577551,1.60400808541399,0,3.75367727577551
"OAW42.1",0.109039394332848,16.0842093284048,0.708438742589208,0,16.0842093284048
"PFSK-1.1",0.265337653351125,1.72727273317167,1.28367253904864,0,1.72727273317167
"RERF-GC-1B.1",0.204177402769511,3.40648751974529,0.927298205350052,0,3.40648751974529
"TE-6.1",0.572129420769371,0.0562929994556353,0.173276805003278,0,0.0562929994556353
"A-253.1",0.0965105162810095,5.98950457965823,1.99471022829919,0,5.98950457965823
"DMS 273.1",0.206033894397026,2.67399327943802,1.40120831496332,0,2.67399327943802
"SK-MES-1.1",0.281992610139279,3.0756331923658,0.501569091771296,0,3.0756331923658
"TOV-21G.1",0.208845851381786,1.90987450958573,2.32894519788002,29.0087530938889,1.3157042360981
"MS751.1",0.153351926867866,4.76048489852663,1.1301872664495,0,4.76048489852663
"DK-MG.1",0.113424440555808,4.06883310615548,4,40.7352686286149,2.6695347792139
"CHSA8926.1",0.135642926192824,NA,4,65.266917735371,0.673756770230971
"HCC2157.1",0.399255373565462,0.707335479953501,0.775600947310287,0,0.707335479953501
"KY821.1",0.233965660177313,1.93068018965602,4,2.53185978306341,1.90576081685671
"NCI-H1092.1",0.0302650986455392,10.1768316873154,3.18410214167174,0,10.1768316873154
"NCI-H1793.1",0.139790603352976,26.9100385667637,0.478056157440141,0,26.9100385667637
"PC-3.1",0.0342084631424133,8.92905220859753,4,0,8.92905220859753
"NCI-H1915.1",0.200325057216542,8.0377238988155,0.521531230152666,0,8.0377238988155
"NCI-H650.1",0.0274228245515164,9.69204125277712,4,0,9.69204125277712
"Rh41.1",0.169217495769783,2.94002838729777,4,7.85506730252612,2.81705524395748
"KU-19-19.1",0.136928361108241,4.02449961748985,2.57448769105919,0,4.02449961748985
"CAS-1.1",0.123904165318983,11.4852041152733,0.745067591601709,0,11.4852041152733
"HPAC.2",0.146197152763435,4.83410592696065,1.21854062168697,0,4.83410592696065
"CL-11.1",0.050818172787737,11.2714647684916,1.69962797408098,0,11.2714647684916
"HCC1954.2",0.177298984678082,3.91415397602502,1.07734399762583,0,3.91415397602502
"HCC1937.1",0.180409511827319,NA,0.507403269153303,67.5408249282032,0.182694471015096
"PA-1.1",0.187466205416454,3.31744813215009,1.21242558106476,0,3.31744813215009
"EFM-192A.1",0.361004470322439,NA,0.702349671235462,58.9220757037143,0.00743165144418413
"MOLT-13.1",0.238001933229252,1.90836290801224,2.67539516337596,1.82547461592491,1.88201689847321
"MHH-ES-1.19",0.0726537451124017,6.20021583643146,4,25.0116276152635,5.21313293134684
"U2OS.18",0.0736598390237974,14.7812643886078,2.05796478425777,46.2861740601368,4.17868076550209
"HT-29.18",0.0728702110606062,9.10904330254094,1.52327933024437,0,9.10904330254094
"A-375.18",0.116703737828655,4.30077273270762,4,12.6953974795242,3.99709616298503
"PC-14.20",0.614357126441354,0.0331847293087259,0.21584090780797,0,0.0331847293087259
"KYSE-150",0.235780120286668,2.32687174954546,1.0830826419154,0,2.32687174954546
"SiMa.1",0.134124270401154,3.95017594828901,3.57444198293039,3.09900951673792,3.88009503265861
"SW626.1",0.124051218154865,10.0429071417576,0.802397772983288,0,10.0429071417576
"KMOE-2.1",0.237887570556047,1.92222400706765,2.42384998271912,1.59165299860548,1.89673883453348
"NCI-H2591.1",0.107908072951287,6.14793098517814,1.51212178375294,0,6.14793098517814
"HCC1937.2",0.192890246198597,5.77025320138524,0.656373485424159,0,5.77025320138524
"KLE.1",0.246056505583317,5.22973047009886,0.476688286822537,0,5.22973047009886
"KYSE-410.1",0.349321416388233,1.77717803049703,0.419159026854845,0,1.77717803049703
"LNCaP clone FGC.1",0.284435335652298,1.52923108490273,1.17383072464353,0,1.52923108490273
"NB(TU)1.1",0.182876095529604,3.47997703461517,1.19590499110116,0,3.47997703461517
"NCI-H209.1",0.293189266470274,1.25015536732144,4,3.43529321954377,1.22810558626643
"NCI-H720.1",0.172849363459793,3.17716289452921,2.01008056112699,0,3.17716289452921
"NB1.1",0.127783463139251,4.27611997553332,2.76206484968438,0,4.27611997553332
"Lu-99A.1",0.110646274743435,11.1797527650166,0.843357600583842,0,11.1797527650166
"MOLM-13.1",0.302222172030615,1.15491172698484,3.97872203143373,4.29371337907523,1.12914090392962
"Lu-99A.2",0.102153120499304,12.0177499734578,0.870553071521177,0,12.0177499734578
"Lu-99A.3",0.161667274379165,21.0836239762391,0.454514686145328,0,21.0836239762391
"NCI-H2347",0.0519508776346769,16.4948805575329,1.21224520886242,0,16.4948805575329
"NCI-H1341",0.117098612317406,NA,1.84366450105175,51.0202991407187,1.96927140169244
"NCI-H1573",0.11539494783616,13.3925304790689,0.735770650490237,0,13.3925304790689
"NCI-H1688",0.105354267422268,4.95090778786783,3.44464332584782,0,4.95090778786783
"A-498.1",0.123093006706663,4.33509889688681,3.53340967438399,0,4.33509889688681
"MFM-223.13",0.112730009194055,8.69798062701212,1.4359605989423,37.9228386122802,3.23398002185807
"MDA-MB-361.1",0.270644938461907,4.40907713241879,0.440526401826219,0,4.40907713241879
"LS411N.1",0.216216804919096,2.14075513218853,1.61259669993609,27.1001692626729,1.31905113603539
"HL-60.1",0.137756449389021,3.90326863441686,3.4748890815482,0,3.90326863441686
"PF-382.1",0.19491749589058,2.60689356570414,2.51721976145667,1.92510997386299,2.56654732685686
"SNU-407.1",0.106876998405257,8.36398803871358,1.07415358061572,0,8.36398803871358
"NCI-H1417.1",0.306832953198424,1.15730259837316,4,2.2439985666919,1.1440932313693
"NCI-H1417.2",0.26852208222927,1.49817402278858,4,3.12617302328345,1.47418627846638
"NCI-H1417.3",0.360534785839149,0.834151115708749,1.78665561831602,0,0.834151115708749
"P12-Ichikawa.1",0.284243673847975,1.38066401173004,4,1.13326573568062,1.37277332851167
"P12-Ichikawa.2",0.296980630920277,1.23516536304506,4,2.5213234958169,1.21929068094335
"P12-Ichikawa.3",0.291664438977434,1.30585121407332,4,1.38092251147245,1.2967399016661
"SiHa.1",0.183028445516776,12214.1988663649,0.144108402324343,0,12214.1988663649
"OVTOKO.1",0.298930481539444,6.96830407376912,0.29816835332264,0,6.96830407376912
"FaDu.1",0.446938315816558,0.65569197248272,0.321587702080652,0,0.65569197248272
"5637.1",0.396877025677324,0.9575456219654,0.449738320966186,0,0.9575456219654
"Detroit 562.1",0.395131683025269,0.89618576881611,0.50649775034365,0,0.89618576881611
"NCI-H2052.1",0.114067639660808,4.74621374062575,2.78049976205586,0,4.74621374062575
"Rh30.1",0.172135636609867,3.35535222561432,1.62108987918923,0,3.35535222561432
"T-47D.2",0.0912652787811464,5.51210310464196,3.45627491021082,0,5.51210310464196
"KYSE-180.2",0.396838800323119,1.12799050530508,0.372881504110284,0,1.12799050530508
"HCC827.2",0.659749763379891,0.00246455694890023,0.138913216679042,0,0.00246455694890023
"A-375.19",0.169424279977658,3.28931655693714,1.91848998533234,0,3.28931655693714
"A-375.20",0.167790705453244,3.27461452514868,2.11540142012782,0,3.27461452514868
"A-375.21",0.177754076356993,3.01229524283331,2.27214549103522,0,3.01229524283331
"A-549.11",0.161152798759043,3.77085684919815,1.50433920597049,0,3.77085684919815
"A-549.12",0.137399439041869,4.64669625268131,1.50310066128741,0,4.64669625268131
"C32 [Human melanoma].20",0.0196544522994133,10.8513462933036,4,0,10.8513462933036
"C32 [Human melanoma].21",0.0101617176316408,13.2531615541795,4,0,13.2531615541795
"C32 [Human melanoma].22",0.0153632510814004,11.7268474075937,4,0,11.7268474075937
"HT-29.19",0.0419838377675775,9.61476474704244,4,40.1653478039722,6.40303554564859
"HT-29.20",0.0244346037167205,10.0914730397329,4,0,10.0914730397329
"HT-29.21",0.046497985609808,8.10087180432363,3.52271311236089,0,8.10087180432363
"MHH-ES-1.20",0.0713171671097586,7.45969973992354,2.14312148266612,0,7.45969973992354
"MHH-ES-1.21",0.0821937543318405,6.88759177245188,1.9952581375105,0,6.88759177245188
"MHH-ES-1.22",0.0424985147736335,8.57365272044003,3.35199461398942,0,8.57365272044003
"SNU-C2B.19",0.232269333537604,4.54482346584895,0.568251860389559,0,4.54482346584895
"SNU-C2B.20",0.218555592490556,4.50873189007743,0.633497702074444,0,4.50873189007743
"SNU-C2B.21",0.250206576097179,5.10671602988717,0.469247525134196,0,5.10671602988717
"SW620.20",0.113766865586514,4.70262309654332,3.04829091972727,0,4.70262309654332
"SW620.21",0.112549278098286,4.68246334232766,3.53902521560159,0,4.68246334232766
"SW620.22",0.10469829151216,5.02381440372878,3.13789608406444,0,5.02381440372878
"PC-14.21",0.637905440615943,0.00267660134099497,0.120321983230625,0,0.00267660134099497
"PC-14.22",0.630260145202959,0.00551209442669473,0.133981156290702,0,0.00551209442669473
"PC-14.23",0.611058996717574,0.0103118161231612,0.134279625609486,0,0.0103118161231612
"HCT 15.15",0.20108274180967,2.65970704341688,1.64975972039357,0,2.65970704341688
"HCT 15.16",0.223381608523688,2.11660341414415,2.14104808413823,3.95481031680869,2.03669206210335
"HCT 15.17",0.195509662024798,2.72715212468388,1.80028090329565,0,2.72715212468388
"U2OS.19",0.0744983673066945,11.4281294083201,1.48857289467002,28.781720419762,6.4253503143297
"U2OS.20",0.0422169106016977,16.509575138713,1.38751325671003,0,16.509575138713
"U2OS.21",0.0457573733667397,12.3137760295882,1.68631623834127,0,12.3137760295882
"HCC1428.1",0.0490616196905891,8.01009693961873,3.33452580845786,0,8.01009693961873
"HCC1500.1",0.136926708983369,4.04494403728921,2.47890338756227,0,4.04494403728921
"KYSE-520.1",0.479805536085592,0.520984128319928,0.166400610385051,0,0.520984128319928
"KYSE-520.2",0.454244723237384,1.1370416986054,0.146484862047611,0,1.1370416986054
"KYSE-520.3",0.446962943237911,1.10695502941394,0.175131640401243,0,1.10695502941394
"MeWo",0.0785910924675442,18.4130482214009,1.52683191239049,44.2482095535447,4.46701501226848
"NCI-H1838",0.14679600783674,46.0084069190268,0.438619058567768,16.7184921263493,18.1898513284369
"NCI-H446.1",0.228109570222122,1.91193201801866,3.27701759528282,7.66417213716273,1.81727777012829
"NCI-H446.2",0.210861932609937,2.30986128227691,2.26145016599913,3.94822984345335,2.22735324665772
"NCI-H596.1",0.0904220113773759,5.21659052499871,4,25.2510512562127,4.37555791140506
"NCI-H2122.1",0.254712232324587,2.16986727130544,0.918600720077283,0,2.16986727130544
"BT-20.1",0.0460488371620572,12.5380129743474,1.64764814266187,0,12.5380129743474
"HCC1419.1",0.304045152134492,NA,4,57.7712960972275,0.0692035035594249
"EB3 [Human Burkitt lymphoma].1",0.17998586711829,3.11239422503119,1.69790337771839,0,3.11239422503119
"JHU-022.1",0.550421847502113,0.0420955043915621,0.620852729776041,38.8903518065809,0.00373269150440894
"IGR-37.1",0.0143316025729451,11.977914759044,4,0,11.977914759044
"IGR-37.2",0.013438664559627,12.2121071805315,4,0,12.2121071805315
"HD-MY-Z.1",0.0807460619019821,29.068410790349,0.692744856881434,0,29.068410790349
"HD-MY-Z.2",0.0514735496740176,13.5431049486497,1.41139894835166,0,13.5431049486497
"H4.1",0.11852218784221,4.15385713268292,4,17.2139530429023,3.73793132822725
"H4.2",0.108086350653722,4.74069085010077,3.1335460968781,16.5464598387168,4.17008604827024
"Calu-3.1",0.347009315001801,NA,3.43446488412968,50.9028012872714,0.0758054349283481
"Calu-3.2",0.358428433576339,NA,4,50.0405402461972,0.0704375520242926
"Becker.1",0.0698630973768898,8.01410894035698,1.92450465387947,0,8.01410894035698
"Becker.2",0.0652019525747694,8.3453625554818,1.96965400636907,0,8.3453625554818
"DU145.1",0.0472152112687962,12.1190026860758,1.67209571265248,0,12.1190026860758
"DU145.2",0.0356909373769685,13.2857312584789,1.8739217428314,0,13.2857312584789
"NCI-H2595.1",0.0688514338811916,17.7758068160452,1.21338092777692,30.977940373189,8.0154151845438
"NCI-H2595.2",0.0378966879901055,11.3509685754066,2.1607051726397,0,11.3509685754066
"CaR-1.2",0.2525245249875,3.92378152867038,0.536150810790332,0,3.92378152867038
"DOK.1",0.621346318095602,0.0331388388512748,0.230796713435096,0,0.0331388388512748
"DOK.2",0.672718641743981,0.0212514847625559,0.287464090196988,0,0.0212514847625559
"CW-2.2",0.443964782829691,0.597913965478567,0.410586881818992,0,0.597913965478567
"CW-2.3",0.511677392699221,0.266111504267639,0.293025983994177,0,0.266111504267639
"22Rv1.1",0.115323927054586,9.75822171186498,1.12596348392239,30.5432318916641,4.22014646773044
"22Rv1.2",0.106013027679208,6.59639679316304,2.24510244294798,42.0981444702223,2.90016609052615
"CAL-39.1",0.706383065443573,0.0340606615821845,0.533062686176846,3.88636415531458,0.0292638140616501
"CAL-39.2",0.745648739026147,0.0123603501705534,0.372086135072842,0,0.0123603501705534
"K5.1",0.0590841376422157,8.89444299718438,2.00273266526957,0,8.89444299718438
"K5.2",0.0273564524187716,12.089021854149,2.54386013365766,0,12.089021854149
"COLO 679.1",0.0284749283844572,9.57163554405631,3.98731227104726,0,9.57163554405631
"COLO 679.2",0.0585353652652787,10.038807005792,1.70618757017166,0,10.038807005792
"769-P.1",0.38098496381574,1.23430191622784,0.41402722868637,0,1.23430191622784
"769-P.2",0.335832715891316,1.61349131000978,0.521469325818589,0,1.61349131000978
"GI-1.1",0.0834277094338716,6.05108455264902,2.87109395576651,0,6.05108455264902
"DOV13.1",0.175254789836163,4.59276572746561,0.914856907438763,0,4.59276572746561
"DOV13.2",0.113043717022986,5.46459044517149,1.71755076154391,0,5.46459044517149
"DB.1",0.295975936289774,1.29082352658302,1.79452371871403,1.72559639620415,1.26580578250319
"A-375.22",0.101875440313754,5.13392717392553,3.14154063999955,0,5.13392717392553
"A-375.23",0.0931955928539955,5.44103537214607,3.3956501056566,0,5.44103537214607
"A-375.24",0.0994787353870809,5.18273295928888,3.21875,4.0625,5.04806571666747
"A-375.25",0.112759274361503,4.45134919154429,4,12.0752270383597,4.15412834896247
"A-375.26",0.0502801944079776,7.5910370879293,4,0,7.5910370879293
"A-549.13",0.211691173605552,4.05197753706144,0.72554007251851,0,4.05197753706144
"A-549.14",0.205264284265496,3.3980237661796,0.918529153171316,0,3.3980237661796
"A-549.15",0.267555310738171,2.66480364108989,0.630771723405369,0,2.66480364108989
"A-549.16",0.213328874323478,3.74119914899483,0.765512669741135,0,3.74119914899483
"A-549.17",0.310922454289472,2.48198649056558,0.460099261646869,0,2.48198649056558
"A-549.18",0.213988262851151,4.24342393470715,0.68623816401567,0,4.24342393470715
"C32 [Human melanoma].23",0,NA,0.19696704264462,100,22.0892898240772
"C32 [Human melanoma].24",0,NA,0.241949449845741,100,4.15387172395687
"C32 [Human melanoma].25",0.069286974454768,NA,4,91.9548086523264,0.0259512133631486
"C32 [Human melanoma].26",0.0195273801483163,21.1488022938764,1.75911382014294,0,21.1488022938764
"C32 [Human melanoma].27",0.034847894452967,NA,3.79478483192907,71.88271276124,4.2928716246298
"HCT 15.18",0.160877100516326,3.4698736089729,2.04994839961614,0,3.4698736089729
"HCT 15.19",0.321955229555783,1.57251815562328,0.622352366836034,0,1.57251815562328
"HCT 15.20",0.166589750104655,3.57492661510364,1.53508221190326,0,3.57492661510364
"HCT 15.21",0.238445306886774,2.37761960944664,0.996970072096594,0,2.37761960944664
"HCT 15.22",0.304205856602618,1.47152113617051,0.867914436040085,0,1.47152113617051
"HCT 15.23",0.256161170411432,2.20698145269437,0.877561968086202,0,2.20698145269437
"HT-29.22",0.128518574052548,5.52480949224295,1.29400683506683,0,5.52480949224295
"HT-29.23",0.164026687005553,5.35039881493278,0.886666111952453,0,5.35039881493278
"HT-29.24",0.133971430158187,5.94296777019194,1.12121811616525,4.15083905974296,5.50090293286167
"HT-29.25",0.0875687593181476,8.92720605285483,1.42448539320013,19.0656183165602,6.37274967139326
"HT-29.26",0.0579950281133753,8.41663474373388,2.2649040278852,0,8.41663474373388
"HT-29.27",0.0555165408764401,8.4257827605904,4,42.657635432164,5.21586980999731
"MHH-ES-1.23",0.0725511758683347,7.04771974505074,2.38429438873195,0,7.04771974505074
"MHH-ES-1.24",0.0422661044558175,8.3103624333058,3.77635017361867,0,8.3103624333058
"MHH-ES-1.25",0.0703080915993173,7.8359058511921,1.98563142047712,0,7.8359058511921
"MHH-ES-1.26",0.0565856801335342,7.31886521486918,4,26.1454155493729,6.08266939016348
"MHH-ES-1.27",0.0762237669180052,6.07978930942634,4,35.3640073733244,4.47199772356089
"MHH-ES-1.28",0.0401367952114691,8.81588572854915,3.33822270102535,0,8.81588572854915
"PC-14.24",0.585521107383508,0.0434058203009502,0.179421348417347,0,0.0434058203009502
"PC-14.25",0.618386478318976,0.000801850412119607,0.0812722843316234,0,0.000801850412119607
"PC-14.26",0.626704344333764,0.00894603717001561,0.148407098699758,0,0.00894603717001561
"PC-14.27",0.568756333485508,0.0499997344161351,0.153515092300875,0,0.0499997344161351
"PC-14.28",0.567376062546919,0.0193415955453418,0.0979501458244831,0,0.0193415955453418
"PC-14.29",0.562924825564097,0.0252132400873308,0.101049480795462,0,0.0252132400873308
"SNU-C2B.22",0.169548919672989,12.2618395802235,0.527346406546526,0,12.2618395802235
"SNU-C2B.23",0.147151806736674,15.9633854428794,0.546875,0,15.9633854428794
"SNU-C2B.24",0.213254522468355,9.80373351135113,0.441947184621394,0,9.80373351135113
"SNU-C2B.25",0.185572348976884,6.81887202785064,0.627103895699602,0,6.81887202785064
"SNU-C2B.26",0.201352521365399,8.21931024655845,0.512780177877657,0,8.21931024655845
"SNU-C2B.27",0.155733703852641,10.6467251068541,0.743161014240044,25.7731475622323,4.01597465397893
"SW620.23",0.0921974496826017,5.25952729852272,4,12.8034144270108,4.88461098145274
"SW620.24",0.0529673081967791,7.46698010266419,3.83124090323005,0,7.46698010266419
"SW620.25",0.0838365434202202,6.10779184923441,2.71090743528912,0,6.10779184923441
"SW620.26",0.0728201858204308,6.1913132067212,4,25.4821313525103,5.18096850368681
"SW620.27",0.0632605550469011,7.52145704771029,2.57697991453224,0,7.52145704771029
"SW620.28",0.0774762708392901,6.51105510949876,2.63640752606122,0,6.51105510949876
"U2OS.22",0.016328527498264,11.5083269094576,4,0,11.5083269094576
"U2OS.23",0.0307191143445377,NA,4,70.4015123078186,4.9547213823526
"U2OS.24",0.12332652895506,54.7393823185127,0.431934168936695,0,54.7393823185127
"U2OS.25",0.0221482063673602,15.5796844594018,4,45.9651354760354,8.30373337125574
"U2OS.26",0.0366380249447423,NA,4,64.9359133261233,4.92930518799879
"U2OS.27",0.0360950631950098,13.5872520981236,1.81680031386348,0,13.5872520981236
"MFM-223.14",0.0638991382058673,NA,3.42887553300105,60.4483269318394,3.29724587973112
"MFM-223.15",0.0435859930391688,NA,4,57.7715090008286,4.97550984609901
"MFM-223.16",0.0222244116618358,15.6637170403697,2.12407109682628,0,15.6637170403697
"MFM-223.17",0.071225754311562,8.75312137712479,4,48.0229811910117,3.90322107423963
"MFM-223.18",0.0400942216177356,9.15517317831488,3.0152680740117,0,9.15517317831488
"MFM-223.19",0.0807277419439719,7.99231435698083,1.59113266291713,0,7.99231435698083
"A-375.27",0.0869224832277068,5.46216881479469,4,16.6957426575764,4.93455002108287
"NY.1",0.0848572382483926,5.78285735191264,3.62885727083401,37.3086558490114,3.96325119662819
"BICR 78.1",0.253863443159554,5637.73219847472,0.111379790211478,0,5637.73219847472
"ES7.1",0.165015563486954,3.35288504019322,2.08134178277891,0,3.35288504019322
"ES7.2",0.143600881051439,3.79832763767965,2.62136746162849,1.78803157133014,3.74592656446428
"HLE.2",0.0460667814752078,10.0151672129294,2.17320841940353,0,10.0151672129294
"HLE.3",0.0268812353504912,9.76099164215125,4,0,9.76099164215125
"Kelly.1",0.221680486971416,2.33554662521809,1.46190190909763,0,2.33554662521809
"Kelly.2",0.141371449751667,3.78551524925863,4,0,3.78551524925863
"KINGS-1.1",0.0227764301208004,10.3357022299954,4,0,10.3357022299954
"KINGS-1.2",0.0707299061092716,6.46899456970156,4,35.5044010925034,4.74682615206764
"KP-3.1",0.159953733791121,14.4676664953727,0.524250232887164,0,14.4676664953727
"KP-3.2",0.0796909047047747,33.3981524290098,1.85782103922952,49.1788582892999,3.65730061318244
"MKN1.1",0.204849990354065,3.15539037494976,1.01852484343892,0,3.15539037494976
"MKN1.2",0.170723157417881,3.4967936472483,1.48404822777472,0,3.4967936472483
"SJNB-13.1",0.209558007479211,2.46990510209547,1.73186738021841,0,2.46990510209547
"SJNB-13.2",0.198913192121527,2.49761073783592,2.83311424908062,2.8774671636591,2.44590090568179
"SJNB-7.1",0.0519605701383493,7.47544489335891,4,0,7.47544489335891
"SJNB-7.2",0.0526286600089035,7.43044084757561,4,0,7.43044084757561
"NCI-H1993.1",0.17154760283556,2.93481794972636,4,5.8675966855231,2.84464489643223
"NCI-H1993.2",0.146364439928745,3.78452464346979,2.38674627344025,0,3.78452464346979
"NY.2",0.0932276321859898,33.7765541365852,0.599238377186953,0,33.7765541365852
"BxPC-3.1",0.218202619650657,40.6907645580283,0.280540672761774,0,40.6907645580283
"BxPC-3.2",0.225015754555023,10.2389589168947,0.405237268174622,0,10.2389589168947
"CPC-N.1",0.221493621395589,2.24647297638796,1.79792916292036,0,2.24647297638796
"CPC-N.2",0.21305159025701,2.32144797574134,2.45202502419064,0,2.32144797574134
"GaMG.1",0.104114081867951,5.24936649765407,2.47467141059921,0,5.24936649765407
"GaMG.2",0.0724143972385141,6.36662285503866,3.63650599659729,0,6.36662285503866
"L-540.1",0.113902870339706,4.61842427795087,3.75712914659317,0,4.61842427795087
"L-540.2",0.119544605913837,4.36847173430588,4,3.21868564908417,4.29640421301122
"LCLC-103H.1",0.0705089478984716,7.12850657357019,2.44282105507233,0,7.12850657357019
"LCLC-103H.2",0.12925045702541,5.97319217949608,1.15969558017953,0,5.97319217949608
"Loucy.1",0.272808175173156,1.49279385497502,4,1.26304459471896,1.48327588619921
"Loucy.2",0.294054710120712,1.31417202349961,2.6530852992995,0,1.31417202349961
"MOLT-4.2",0.101725801945816,5.03018084635329,4,0,5.03018084635329
"MOLT-4.3",0.0978604507651961,5.17565182609477,4,0,5.17565182609477
"Mo.1",0.110346532429539,4.63345142812591,4,6.10799145175395,4.48495900204835
"Mo.2",0.106565084309623,5.31921792068328,2.16578158847272,0,5.31921792068328
"NALM-6.1",0.198279504771737,2.63386536384211,1.96924103438537,0,2.63386536384211
"NALM-6.2",0.170353402558797,3.12584526448573,2.78611953835855,0,3.12584526448573
"Namalwa.1",0.212687906388101,2.59274132732784,1.31215359223906,0,2.59274132732784
"Namalwa.2",0.374253230741242,1.20618942065895,0.459633627991621,0,1.20618942065895
"NOMO-1.1",0.15718333653672,3.6052834639192,1.95231136158124,0,3.6052834639192
"NOMO-1.2",0.145236649048551,3.76395948672652,2.6854189835122,0,3.76395948672652
"OPM-2.1",0.0778178441682774,5.93719551148846,4,13.876603108385,5.47376306840734
"OPM-2.2",0.0873547240966936,5.44749433165846,4,38.7254848981287,3.75386589926407
"OVCAR-5.1",0.16453298849779,14.0936415123006,0.514812750792139,0,14.0936415123006
"A4/Fukuda.1",0.1429526983078,3.84817017346363,2.56178428140738,0,3.84817017346363
"A4/Fukuda.2",0.190847545004581,2.60020231330332,2.71137786655564,6.01417539041395,2.48016080906523
"ACHN.1",0.430788949459906,0.807274987380095,0.328387302157636,0,0.807274987380095
"ACHN.2",0.303265344490999,2.80528572738407,0.45078308960107,0,2.80528572738407
"BE-13.1",0.295671633307094,1.20534582568853,3.05643691340738,5.06423873408721,1.16395937574606
"BE-13.2",0.282428536210507,1.34228325086858,3.41697370556702,4.05500736776242,1.30946640556183
"BT-483",0,NA,0.0944147727805241,100,10.9919466903299
"BT-483.1",0.0710418366192102,362.60778194595,0.40211173829304,0,362.60778194595
"CAL-62.1",0.101600601418852,5.17294225644183,3.01420921460469,0,5.17294225644183
"CAL-62.2",0.081357261329992,6.11657863168496,2.96895085237787,0,6.11657863168496
"CAL-85-1.1",0.0702958315021673,10.6964217595899,1.33677708906437,0,10.6964217595899
"CAL-85-1.2",0.0809906403789631,9.34728284321193,1.4113378797011,12.4216948799955,7.63488036486945
"CHL-1.1",0.400866771580964,1.23415773546872,0.325129773247004,0,1.23415773546872
"CHL-1.2",0.342540099839202,8.38528302150107,0.754580670644401,48.4781685411248,0.0819700413920508
"COLO 668.1",0.0990168660447893,6.3509184467063,1.67061432731622,0,6.3509184467063
"COLO 668.2",0.0776091603639464,8.51642669162037,1.53743351165239,0,8.51642669162037
"D-263MG.1",0.0217199224883585,10.5012937330562,4,0,10.5012937330562
"ES8.1",0.209913204013254,3.33934525522927,0.889680061468323,0,3.33934525522927
"ES8.2",0.147868855162937,3.66295102980441,2.95143096247955,0,3.66295102980441
"EB3 [Human Burkitt lymphoma].2",0.158386261122773,3.3593204410715,4,0,3.3593204410715
"JHU-022.2",0.561442463533471,0.0800492581711004,0.18586882435623,0,0.0800492581711004
"JHU-022.3",0.546128457506837,0.0903839267850698,0.151042634085965,0,0.0903839267850698
"JVM-3.1",0.242253013708497,1.88003392474498,2.6666683969797,0.248644432128965,1.87652251419725
"JVM-3.2",0.272457250008707,1.4906919890465,2.80033687628229,1.93823624764814,1.46979378039711
"L-1236.1",0.275363460236105,1.54428797181877,1.44634287724459,1.69543750228633,1.50789066281666
"L-1236.2",0.200703106873396,2.49834084836592,3.10841988119411,0.653667688948297,2.48778642574104
"LAMA-84.1",0.168791059711569,3.19578894056283,2.13255110677963,4.56228458595705,3.05557349122691
"LAMA-84.2",0.186768308626791,2.96877276646878,1.65742709920081,0,2.96877276646878
"LC4-1.1",0.192853558216695,2.69992790384581,2.25091906379216,0,2.69992790384581
"LC4-1.2",0.268503680545647,1.60551680428668,1.70161696820227,0,1.60551680428668
"LoVo.1",0.329565120058027,3.20749892058112,0.339434632580814,0,3.20749892058112
"LoVo.2",0.343382400612367,1.625676507208,0.479357344075087,0,1.625676507208
"LS1034.1",0.0274656401209682,9.68665007914715,4,0,9.68665007914715
"M059J.1",0.0715642831447142,6.86775929608231,2.65099185715508,0,6.86775929608231
"M059J.2",0.134120789419351,4.06864636209744,2.37625181904198,10.9952990881809,3.6648993770113
"MFE-280.1",0.137996892758012,6.08708019350411,1.02685404787376,0,6.08708019350411
"MFE-280.2",0.164925689125504,4.46402318090767,1.06041834699052,0,4.46402318090767
"MIA PaCa-2.1",0.0576116879676972,7.11035250504271,4,0,7.11035250504271
"MIA PaCa-2.2",0.0538489424654171,7.34957572133888,4,0,7.34957572133888
"NKM-1",0.279266103305611,1.48702943853454,1.68800050879017,0,1.48702943853454
"OCUB-M.1",0.500692134144886,0.269444136088693,1.06430046719116,8.11989122950704,0.22811626868181
"OCUB-M.2",0.460754531319643,0.419033831628666,0.859076221089502,1.5940221867261,0.403524453685753
"COLO 320HSR.1",0.226753593289495,2.13169156624368,2.03820881263807,0,2.13169156624368
"COLO 320HSR.2",0.199702774174738,2.52856764898652,2.65265333475074,0.806406317815927,2.51311604378838
"CaR-1.3",0.22384583508699,6.80552964427712,0.484554351296625,0,6.80552964427712
"CaR-1.4",0.126320601715471,6.78559701420441,1.05015790853387,0,6.78559701420441
"BICR 78.2",0.165271864160209,2231.50308100748,0.188015105199016,0,2231.50308100748
"BICR 78.3",0.247343072564287,597.363419102441,0.150521175791153,0,597.363419102441
"NCI-H1435.1",0.0304260070695529,10.0587975940802,3.2530410769948,0,10.0587975940802
"IHH-4.1",0.0663943034000052,7.86353824881967,2.14527268187062,0,7.86353824881967
"IHH-4.2",0.0443919226569654,8.31426238455422,3.46948359672041,0,8.31426238455422
"EFO-21.1",0.133470458841176,15.96911388243,0.597590250482564,0,15.96911388243
"EFO-21.2",0.106912566806979,6.0684666878677,1.95325386779832,31.8115776222933,3.61606493879222
"IA-LM.1",0,NA,1,100,1.00017563084078
"IA-LM.2",0.00401223154852599,17.0898824544382,4,0,17.0898824544382
"KALS-1.1",0.100080884565332,6.86208882668746,1.4511985767061,0,6.86208882668746
"KALS-1.2",0.0621846760087929,8.44837827975148,2.05093400115198,0,8.44837827975148
"KS-1 [Human glioblastoma].1",0.0863324945591558,14.0675935338446,4,49.8897026610408,3.0487272250244
"KS-1 [Human glioblastoma].2",0.100649068461642,9.28303281004036,1.05343279080362,0,9.28303281004036
"NCI-H2818.1",0.0711827760888127,12.4245196490206,1.16776569086805,0,12.4245196490206
"NCI-H2818.2",0.0799224020813508,21.2495177906771,1.75904884939432,47.5241719609742,3.84883259887009
"Kuramochi.1",0.0560198596576631,11.994544071915,1.4690296688872,0,11.994544071915
"Kuramochi.2",0.0769468054381935,NA,4,50.3682873792296,3.43903787622262
"KP-4.1",0.0599896947597357,6.96637933971126,4,0,6.96637933971126
"HOS.1",0.0742855612522242,6.19560634098492,4,0,6.19560634098492
"HOS.2",0.0819012156684179,5.83773907791458,4,0,5.83773907791458
"WM1552C.1",0.0763578550377843,6.18023016162413,3.57104207903253,0,6.18023016162413
"WM1552C.2",0.0963342598172855,5.615155834088,2.45683177594441,0,5.615155834088
"JHH-2.1",0.0821478557066157,5.9710979489299,3.27512224476986,0,5.9710979489299
"JHH-2.2",0.125506973330385,3.78861248828705,4,23.2828006171496,3.23918250612794
"NCI-H2461.1",0.0922891023881691,13.9896365136946,1.54880500486964,43.7995156259118,3.63486113778809
"NCI-H2461.2",0.131903432503252,5.94163697692313,1.40378016649083,30.2602725459034,3.06461664267071
"VAL.1",0.243490166645923,2.17745800175801,1.08844749115087,0,2.17745800175801
"VAL.2",0.238528536324129,2.00074169991729,1.68012527691316,0,2.00074169991729
"BL-41.1",0.0920797987468135,5.40335265409268,4,0,5.40335265409268
"BL-41.2",0.23408635032104,1.94602794422235,3.97194709234602,1.78825060191708,1.92826565384432
"TE-5.1",0.154703514289876,11.2691436444047,0.602099749720383,0,11.2691436444047
"TE-5.2",0.0871857951014243,6.69159660727808,1.90521312175803,0,6.69159660727808
"GCIY.1",0.187698071976036,6.69403414714933,0.624090995362655,0,6.69403414714933
"GCIY.2",0.238335643063967,3.45073404870041,0.656610377628418,0,3.45073404870041
"TGW.1",0.0479704919581244,7.75589107479783,4,0,7.75589107479783
"TGW.2",0.0525579558648755,7.43517873997594,4,0,7.43517873997594
"HAL-01.1",0.215662949058588,2.38973475186987,1.61659345336921,0,2.38973475186987
"HAL-01.2",0.218978613521944,2.3937416580137,1.44197300884636,0,2.3937416580137
"L-363.1",0.107324402404142,5.04947882489991,2.63525871205503,0,5.04947882489991
"L-363.2",0.100845958438203,5.17393325082233,3.14743552081216,0,5.17393325082233
"D-263MG.2",0.0463045974128576,9.21508008147715,2.5034465841042,0,9.21508008147715
"HCC38.1",0.0589902063437823,NA,4,85.8275798072214,0.564155843706277
"HCC38.2",0.0501640525871976,NA,4,74.6049137005053,2.55803004001156
"HDLM-2.1",0.184307614696993,3.8377088819857,1.01214940181105,0,3.8377088819857
"HDLM-2.2",0.216169956484614,2.62816722024033,1.18362107747501,0,2.62816722024033
"Lu-165.1",0.0937652791796463,5.66460046869528,2.59375,0.937500000000007,5.62341325190349
"Lu-165.2",0.126375356318291,4.06410302019153,4,8.18584054066827,3.88644968830218
"ME-1 [Human leukemia].1",0.159123866661094,3.55323189848906,1.94615916457251,0,3.55323189848906
"ME-1 [Human leukemia].2",0.179790652580539,2.92449525011434,2.73812192246165,0,2.92449525011434
"MN-60.1",0.126994774622555,4.38743561072646,2.41077867648846,0,4.38743561072646
"MN-60.2",0.156503083953959,3.33615003882828,4,3.27130642244191,3.28018986919421
"NB69.1",0.315717987339556,2.26661319033842,0.471728069147492,0,2.26661319033842
"NB69.2",0.459410603400787,0.514494479448346,0.381397762642462,0,0.514494479448346
"NCI-H1792.1",0.116643812192266,4.97121410958033,2.02995599949425,0,4.97121410958033
"NCI-H1792.2",0.123484189815869,4.41563894722008,2.77458780235214,0,4.41563894722008
"NCI-H2023.1",0.0781022049028323,6.5982062612597,2.47247424594201,0,6.5982062612597
"NCI-H2023.2",0.142766295352071,4.53953650530971,1.4277642565806,0,4.53953650530971
"NCI-H28.1",0.217629682984816,14.5924361677512,0.373397123924467,0,14.5924361677512
"NCI-H28.2",0.19672423515369,7.73271719899305,0.543846874750175,0,7.73271719899305
"NCI-H841.2",0.0973160603959354,5.53724797095194,2.51455518471882,0,5.53724797095194
"NCI-H841.3",0.124305281761504,5.06269997769916,1.6153598300735,0,5.06269997769916
"OV-90.1",0.046278053478909,8.07470351684645,3.59797489282799,0,8.07470351684645
"OV-90.2",0.036590278641727,8.69664262200229,4,0,8.69664262200229
"OVCAR-5.2",0.19379904256918,21.8762625953597,0.375557583383627,0,21.8762625953597
"PL18 [Human pancreatic adenocarcinoma].1",0.0148130837892082,11.8583166077228,4,0,11.8583166077228
"PL18 [Human pancreatic adenocarcinoma].2",0.0456667184617043,11.111826432835,1.89636526007101,0,11.111826432835
"SK-HEP-1.1",0.0454856627579401,8.99403306199639,2.69291194948737,0,8.99403306199639
"SKN.1",0.0674030098210655,7.116702734066,2.68752022656317,0,7.116702734066
"SKN.2",0.101828087264122,6.94055662146676,1.39224594385014,0,6.94055662146676
"SK-UT-1.1",0.0822605014403249,6.19801349836199,2.70137279653193,0,6.19801349836199
"SK-UT-1.2",0.0899032416800378,5.31916662444995,4,16.9161568139266,4.79739062675317
"SN12C.1",0.162818297175641,53.9745876489388,0.349371437430323,0,53.9745876489388
"SN12C.2",0.121473497274604,5.71068182660735,1.36814793916378,0,5.71068182660735
"SW1710.1",0.0899906188128721,5.21445440246782,4,33.9403788821451,3.92554713885918
"SW1710.2",0.103340426338234,4.52856647930491,4,33.0463432411906,3.4556845637308
"SW684.1",0.0266014161573507,10.3302238208439,3.47392782356657,0,10.3302238208439
"SW684.2",0.0470840389510063,8.51850732186038,2.94101763069659,0,8.51850732186038
"SW982.1",0.128240441219021,5.20916248265768,1.42432705887658,0,5.20916248265768
"SW982.2",0.137645358575856,4.14047993071037,1.98642530752707,18.1299493757446,3.30056859682751
"MG-63.1",0.0738958519262766,6.42508595781346,3.19754847668195,0,6.42508595781346
"MG-63.2",0.0856588798719866,5.67199896685513,4,0,5.67199896685513
"RKO.2",0.0903281172212232,5.63906519862406,3.08643305901476,0,5.63906519862406
"RKO.3",0.119667812603105,4.30537656172887,4,6.72265247847931,4.15273099971861
"DMS 114.1",0.0681865714382491,8.15756611387551,1.92957141540605,0,8.15756611387551
"DMS 114.2",0.0744986796671083,6.10510981863101,4,29.2314530818556,4.90120093107258
"MDA-MB-157.1",0.0358564901079726,21.2909733181592,1.29119755947578,0,21.2909733181592
"MDA-MB-157.2",0.0178609158925217,11.1890792832067,4,0,11.1890792832067
"MDA-MB-436.1",0.0288595996564679,35.8433257506056,1.10041159233933,0,35.8433257506056
"MDA-MB-436.2",0.0352405689320182,NA,4,75.5489705544715,3.71274598343613
"NCI-H1666.1",0.518288593592868,0.0610647255634987,0.968217870960351,43.377275998512,0.00756900090835641
"NCI-H1666.2",0.483141755280259,0.105048403395026,1.23114090062273,45.3094449005914,0.0153673193277851
"OCI-AML-3.1",0.162233177200789,3.34380863970422,2.11351382182338,7.16628012079735,3.10780308699876
"OCI-AML-3.2",0.252746183397906,1.89197549126292,1.20778123613009,7.39609634054011,1.65712362171811
"RPMI-8402",0.256822103750941,1.63588139294208,4,2.79627800661006,1.61251354928913
"RPMI-8402.1",0.27354009999022,1.51181618576432,4,0,1.51181618576432
"SR.2",0.335311404835335,1.04051283420957,1.18006008024773,0,1.04051283420957
"SR.3",0.314770490263621,1.15236826067196,1.73034996601164,0,1.15236826067196
"SW13.1",0.570089823548206,0.11286947964211,1.16421151014637,17.7611459966617,0.077422787868456
"SW13.2",0.542231728154002,0.119042847991078,1.69329563749827,20.9167072476276,0.0864426184712291
"BC-1.1",0.223198004018602,2.09562994568378,2.54214979143327,3.56163228251995,2.03558957663155
"CAL-54.1",0.520552558767703,0.23203406504451,0.38725463055756,6.16100782938751,0.165226293230626
"CAL-54.2",0.5203401898287,0.222567408554621,0.245275734856334,0,0.222567408554621
"CML-T1.1",0.21689397678657,2.18840596405068,3.76396339587147,2.23578379772707,2.16196960602456
"CML-T1.2",0.0997693845324327,5.1031598162054,4,0,5.1031598162054
"EW-7.1",0.125788098763853,4.28683571699244,3.12894742126278,0,4.28683571699244
"EW-7.2",0.133716710957289,4.05811667560571,2.99304440349598,0,4.05811667560571
"HMV-II.1",0.201186308018627,2.92388044287754,1.23387795046009,0,2.92388044287754
"HMV-II.2",0.200645521557448,3.0019743812877,1.17966140291626,0,3.0019743812877
"IST-Mes1.1",0.0090706449488009,13.688649213325,4,0,13.688649213325
"IST-Mes1.2",0.0322167419660281,12.9643273526282,2.06838019358375,0,12.9643273526282
"KP-4.2",0.0787986704886101,6.39605927356621,2.69416587487505,0,6.39605927356621
"LS1034.2",0.0224413471190657,10.387325598051,4,0,10.387325598051
"MDA-MB-453.1",0.330623806743411,2.19132312644883,0.483811264392622,19.7414865574974,0.776004906008531
"MDA-MB-453.2",0.208879602305886,4.7185007454722,0.66244312726278,0,4.7185007454722
"MKN28.1",0.150919563086333,9.24636457265282,0.681823417929564,0,9.24636457265282
"MKN28.2",0.223205002225053,3.82895935337649,0.68759058491311,0,3.82895935337649
"MPP 89.1",0.0719044228275333,7.06490597863841,2.41025057387879,0,7.06490597863841
"MPP 89.2",0.120808583049474,4.0466622307912,4,18.6095654219967,3.60208359070896
"MRK-nu-1.1",0.0244996679218633,10.0822471390819,4,0,10.0822471390819
"MRK-nu-1.2",0.0429108629012779,8.14460287729921,4,0,8.14460287729921
"SJNB-10.1",0.0524611504502952,7.75199351949347,3.31781545388352,0,7.75199351949347
"SJNB-10.2",0.0551192406075527,7.46209497208809,3.49272106290268,0,7.46209497208809
"NCI-H226.1",0.107186070721156,78647.605373398,0.174412879119827,0,78647.605373398
"NCI-H226.2",0.0236869132497427,NA,4,81.145836347596,4.23214305122905
"NCI-H520.1",0.0744245645305348,6.33702298200936,3.36722424066745,0,6.33702298200936
"NCI-H520.2",0.100042602440109,4.96943121161872,4,9.67959274354415,4.70918128905614
"OVMIU.1",0.612715217620013,0.0391875362565921,0.230988279653715,0,0.0391875362565921
"OVMIU.2",0.656092295453425,0.0149382534708902,0.221449716830974,0,0.0149382534708902
"PEO1.1",0.146806294573063,85845.5611872377,0.142941719775414,0,85845.5611872377
"PEO1.2",0.247667462052538,NA,0.692889637322801,62.8621159539361,0.0764780529611768
"RKN.1",0.0490353562738536,37.5170130181333,0.838759643862321,0,37.5170130181333
"RKN.2",0.0672602998711043,117.932312392026,0.55172556703139,14.3754849044449,63.7962814666531
"RT-112.1",0.0513221396891516,7.51895083977452,4,0,7.51895083977452
"RT-112.2",0.0534370979679185,7.37667830428113,4,0,7.37667830428113
"SK-HEP-1.2",0.0319241881815387,16.4025136490748,1.65583660490518,0,16.4025136490748
"SK-LU-1.1",0.0691629469362441,51.1329206801214,0.630260929503634,0,51.1329206801214
"SK-LU-1.2",0.0200815854850095,NA,4,84.7070424751967,4.06458117901059
"Ku812.1",0.167823328264593,3.36451219176045,1.82894342454742,0,3.36451219176045
"Ku812.2",0.186211295914223,2.92743698609792,1.79994356195972,0,2.92743698609792
"BC-1.2",0.209401995614692,2.42336436293775,1.99195534682584,0,2.42336436293775
"D-392MG.1",0.0360407583359117,11.2880518714522,2.2698629729285,0,11.2880518714522
"D-392MG.2",0.0649903115471078,NA,4,51.495057940665,3.98825103472348
"EB3 [Human Burkitt lymphoma].3",0.155058935055888,3.4891679626105,2.8058300818921,0,3.4891679626105
"GAK.1",0.0783174164051161,6.00227271885772,4,0,6.00227271885772
"GAK.2",0.041779916352249,8.23738907718666,4,0,8.23738907718666
"NCI-H2731.1",0.0920381466915732,5.99841104909425,2.22845581098367,0,5.99841104909425
"NCI-H2731.2",0.116076500182302,4.26365122638936,4,15.987089049357,3.87213170601396
"HARA [Human squamous cell lung carcinoma].1",0.360847952305242,1.51984502111696,0.425769381649645,0,1.51984502111696
"HARA [Human squamous cell lung carcinoma].2",0.327395524321726,2.11922089384106,0.447886424544843,0,2.11922089384106
"HCC44.1",0.109846698735808,4.93594630317779,2.67437426808908,0,4.93594630317779
"HCC44.2",0.147039923491869,3.61186931674834,2.71544233561996,7.34072504278202,3.40673074940325
"H-EMC-SS.1",0.0693521791184244,11.7862686200666,1.24412912326038,0,11.7862686200666
"H-EMC-SS.2",0.0673644740169772,11.2485196956081,1.3281258893025,0,11.2485196956081
"HSC-2.1",0.30675501726748,2.18513367573252,0.525268859088272,0,2.18513367573252
"HSC-2.2",0.329937635559939,2.37034003399909,0.404907939888457,0,2.37034003399909
"KYSE-220.1",0.351487438731788,2.86112429215691,0.302135173252652,0,2.86112429215691
"KYSE-220.2",0.348965180166033,3.82126615665405,0.267225939191192,0,3.82126615665405
"LK-2.1",0.0602662318126371,7.11254586058717,3.5038603012487,0,7.11254586058717
"LK-2.2",0.0659770447052156,7.19456522034749,2.71307516660767,0,7.19456522034749
"Lu-65.1",0.0590256241546813,7.76366366351504,2.66396540505772,0,7.76366366351504
"Lu-65.2",0.0970100434498558,6.5541114765835,1.6387113559849,0,6.5541114765835
"MDA-MB-231.1",0.137219955521426,3.90065150317159,2.68551222237816,8.10255875596161,3.65212614350228
"MDA-MB-231.2",0.0809122665730668,6.68030377277739,2.21013852325365,0,6.68030377277739
"MEG-01.1",0.128046163306292,4.65928178802312,2.00318567990764,30.1774523734297,2.93584559321333
"MEG-01.2",0.202416045759263,4.47889510562135,0.72569986037031,0,4.47889510562135
"ML-2.1",0.152171213134001,3.43785043881356,4,3.48405357538934,3.37633043359275
"ML-2.2",0.162486270967351,3.35497868385765,2.37848942592042,0,3.35497868385765
"NCI-H1355.1",0.0260485477421075,9.86984124910226,4,0,9.86984124910226
"NCI-H1355.2",0.0608548759500959,9.2146974809601,1.83413141576565,0,9.2146974809601
"NCI-H358.1",0.398114392042005,1.10270887356333,0.375419426902845,0,1.10270887356333
"NCI-H358.2",0.346284953674075,1.32123080017967,0.577932891499405,0,1.32123080017967
"NKM-1.1",0.176992620446153,2.85762919026675,4,4.19039577425134,2.79577686846295
"SNU-423.1",0.0939276239261055,5.02132331154583,4,27.9665317316704,4.09115939711244
"SNU-423.2",0.0684421395510287,7.00148093029682,2.744519575989,0,7.00148093029682
"DoTc2 4510.1",0.336737012172555,3.97599553051752,0.288801024644164,0,3.97599553051752
"DoTc2 4510.2",0.291056320388026,9.21075161091918,0.28350653666115,0,9.21075161091918
"DSH1.1",0.611329556249093,0.0428751203155481,0.239148349218353,0,0.0428751203155481
"DSH1.2",0.540877258878548,0.197598563966443,0.402548455603805,0,0.197598563966443
"ESS-1.1",0.044772362325197,9.82276423766543,2.30880175612886,0,9.82276423766543
"ESS-1.2",0.0682041427949491,9.62174923238751,1.53502604533462,0,9.62174923238751
"HH [Human lymphoma].1",0.0632534934847742,8.91552038971997,4,46.9517139805317,4.43014687700089
"HH [Human lymphoma].2",0.196538265528253,18.0873323859713,0.392041057321448,0,18.0873323859713
"Karpas-1106P.1",0.136822220913847,3.82244103085472,4,4.59837428960471,3.73135134430778
"Karpas-1106P.2",0.118281483650014,4.5665762514838,2.9171681227529,0,4.5665762514838
"Karpas-620.1",0.126395976317596,4.08570003880208,4,6.99074528284049,3.93472565412596
"Karpas-620.2",0.114261880212112,4.41577226699401,4,11.0121659182918,4.14950644819423
"KATO III.1",0.00445323775914114,NA,0,99.1093524481718,772258.23544348
"KATO III.2",0,NA,1.07242053103472,100,2.16791363842589
"MDA-MB-468.1",0.263985877088491,2.81271354709664,0.621750021120396,0,2.81271354709664
"MDA-MB-468.2",0.244756863470935,2.83190672216211,0.738441591020493,0,2.83190672216211
"MS-1 [Human lung carcinoma].1",0.125646170883261,4.19705665198538,4,2.04198786948941,4.15353260102796
"MS-1 [Human lung carcinoma].2",0.147398513033253,3.68751978783694,2.82662372317434,0,3.68751978783694
"NCI-H522.1",0.130538080112809,16.5850695907022,0.600210184236597,0,16.5850695907022
"NCI-H522.2",0.140924124050994,37.9672015636393,0.429869381625505,0,37.9672015636393
"NCI-H929.1",0.0915769688398139,5.786592685089,2.61053621383757,16.5247636763556,4.96221494060483
"NCI-H929.2",0.205617434117026,3.1422287766247,1.01436715745077,0,3.1422287766247
"P31/FUJ",0.174835715339994,2.91538025051239,3.8607800253521,3.76924915737451,2.85679173317835
"P31/FUJ.1",0.245671072090375,1.92709052701952,1.53066354498138,0,1.92709052701952
"Panc 03.27",0.228291361280588,6.61943746766333,0.477060486869902,0,6.61943746766333
"Panc 03.27.1",0.310539002388872,3.10017213613178,0.400574820054624,0,3.10017213613178
"KTCTL-195.1",0.132013744135076,311.39665614133,0.290752347225481,0,311.39665614133
"KTCTL-195.2",0.107879562472671,NA,0.98611764388032,61.8541391343177,1.65060862122849
"WRO.1",0.004517067736659,NA,0,99.0965864526682,14.5743045335661
"WRO.2",0.01325316663888,12.2629513856416,4,0,12.2629513856416
"SCC-9.1",0.29291693224396,2.28838671169143,0.572406015476571,0,2.28838671169143
"SCC-9.2",0.363384638526074,1.1559244646293,0.553385483501011,0,1.1559244646293
"SNU-C1.2",0.0285859655707963,NA,4,76.8538744484543,4.29696199404301
"SNU-C1.3",0.0512163690589108,NA,2.14349754755064,68.6831675817264,3.37481797905747
"HCT 116.1",0.12500956080833,4.04895325309197,2.88691355276891,28.1971207825337,3.0372749162701
"HCT 116.2",0.16612363707178,3.51940735113343,1.6270570092034,0,3.51940735113343
"FLO-1.1",0.116459272070228,5.19145789768963,1.80005249015315,0,5.19145789768963
"FLO-1.2",0.166072852343002,3.38265823241943,1.80983554998636,5.26934899333147,3.18078867954671
"JHH-7.1",0.0137239923748738,NA,4,83.2485624706512,5.83656747995266
"JHH-7.2",0.0107289773887585,13.0475809027052,4,0,13.0475809027052
"TT",0.0396090508270907,311.498855471824,0.530928837823135,0,311.498855471824
"TT.1",0.01474154357747,11.8758103812999,4,0,11.8758103812999
"NCI-H2087.1",0.104909910785626,17.0465757380467,0.712284243275317,0,17.0465757380467
"NCI-H2087.2",0.0778969889222273,7.12519845233858,2.03953526671864,0,7.12519845233858
"SK-LMS-1.1",0.0218727515453665,10.476818588329,4,0,10.476818588329
"SK-LMS-1.2",0.0628968921426092,8.12004247471929,2.17543214401828,0,8.12004247471929
"COLO 684.1",0.136069854169943,3.75748104918613,4,8.94073318262496,3.57690244330481
"COLO 684.2",0.102051223927017,5.86213673092126,1.98776161899509,18.1797113256212,4.67002072591303
"CAL-72.1",0.123985095803702,4.42840848224145,2.63734229124302,0,4.42840848224145
"COLO 680N.1",0.108036728404559,17.548448787225,0.68695783168593,0,17.548448787225
"KYAE-1.1",0.627429347746453,0.0540074539860033,1.77471319914746,20.9148482094424,0.0397987700574183
"LB831-BLC.1",0.126786824402306,6.63874105525848,1.06700397613991,0,6.63874105525848
"NCI-H1435.2",0.169808125994967,3.25360339745112,1.94202932100525,2.00689576906933,3.18568986045036
"ONS-76.1",0.117386472001155,4.07677314852839,4,23.4436517111036,3.48029561033154
"Panc 10.05.1",0.201115972625675,4.54107943693764,0.725975609069991,0,4.54107943693764
"SF539.1",0.162187358753838,3.1973980017784,4,3.4869019193891,3.14013279761493
"SK-N-AS.1",0.135244489148234,4.04237180222608,2.60743160416171,2.58251730798825,3.96098529625825
"SW1271.1",0.122959231660907,3.95502027722528,3.22333456989684,32.9231485327198,2.8340239466067
"AMO1.1",0.188197674974796,2.73150854090469,2.66497277028235,1.62323267014772,2.69788983227287
"AMO1.2",0.220266075705812,2.25521337608974,1.86874546196944,0,2.25521337608974
"BFTC-905.1",0.13241562220941,4.11318986360076,2.86891995469213,0,4.11318986360076
"BFTC-905.2",0.13887178211253,3.88908810728209,3.20275745699511,0,3.88908810728209
"BICR 22.1",0.0952601145682598,5.42876492028451,3.05442861123302,0,5.42876492028451
"BICR 22.2",0.107266651740638,4.89181155258321,3.35566852450656,0,4.89181155258321
"Capan-1.1",0.268403712164696,10.9451813590343,0.306877501754735,0,10.9451813590343
"Capan-1.2",0.272442666469044,9.68391606900821,0.312294460300618,0,9.68391606900821
"DND-41.1",0.174354361914381,2.92941019889264,4,3.4536320371298,2.87745895721956
"DND-41.2",0.191082133781514,2.59915745587315,3.53800591085297,3.79610975562264,2.54179356951591
"EW-22.1",0.173691083849581,3.13567220735695,2.09974219506328,0,3.13567220735694
"EW-22.2",0.191395915946826,2.66754281055941,2.38633968436846,3.17263114796848,2.59526009228471
"HPAF-II.1",0.212046226966495,NA,0.567772128109674,57.3374266126109,0.32504104150633
"HPAF-II.2",0.215170802922402,9.59200742894656,0.562681547727828,28.4444481974197,2.15030368271252
"IM-9.1",0.307068946767983,1.13622559527787,4,3.21943843742712,1.11747656679205
"IM-9.2",0.297637934260229,1.27964355039841,2.60836444538219,0.150014469474084,1.27817026772806
"Karpas-422.1",0.102613312691915,4.99750254104251,4,0,4.99750254104251
"Karpas-422.2",0.108334431044613,4.9484111228736,2.84011405216982,0,4.9484111228736
"NCI-H3122.1",0.0831225094770895,6.16800386743724,2.67164837732816,0,6.16800386743724
"NCI-H3122.2",0.155223217508123,4.06430254137245,1.42402224435738,0,4.06430254137245
"NCI-H441.1",0.161399676505269,11.877853959917,0.562832056570386,0,11.877853959917
"NCI-H441.2",0.172437980009685,17.5644616441609,0.45365409296689,0,17.5644616441609
"NCI-H82.1",0.146019702347638,3.56718068207363,4,4.84033525950404,3.47752518265898
"NCI-H82.2",0.131024094484537,4.01484921921362,4,3.24413761844777,3.94807829356338
"OCI-AML-2.1",0.0898990009901464,5.49264486860627,4,0,5.49264486860627
"OCI-AML-2.2",0.128196066075737,4.21696503428582,3.078125,6.93889390390723e-16,4.21696503428582
"Reh.1",0.128392967523769,4.13235724488712,4,1.00839439800455,4.11136255952296
"Reh.2",0.134317015693649,3.94941599335647,3.54762720160086,2.91474080329834,3.88311334721499
"SaOS-2.1",0.080790108130163,5.74132651191114,4,32.5251827674543,4.41441242543934
"SaOS-2.2",0.108055101318014,6.58917517148035,1.36275674188673,0,6.58917517148035
"SBC-3.1",0.115985233346837,5.10978212050994,1.89930093307499,0,5.10978212050994
"SBC-3.2",0.106338221601917,5.59953528583373,1.87711034604293,0,5.59953528583373
"SK-MEL-1",0.0171911854884784,11.3247623928087,4,0,11.3247623928087
"SK-MEL-24.1",0.0562504943890865,14.6546203964306,1.24395346971696,0,14.6546203964306
"SK-MEL-24.2",0.0367212371719278,8.68429769114367,4,0,8.68429769114367
"SK-PN-DW.1",0.0860249898591857,6.09398058129691,2.53480120555956,0,6.09398058129691
"SK-PN-DW.2",0.0484588025155985,7.72043320872233,4,0,7.72043320872233
"SUP-T1.1",0.0993831391076856,5.18867510556036,3.38778380578522,0,5.18867510556036
"SUP-T1.2",0.194676671999934,2.84992249633559,1.5291928080103,0,2.84992249633559
"WIL2 NS.2",0.153432549066704,3.45147817760106,2.48335402696323,9.55159063095254,3.16906286357176
"A2780.1",0.403569660306463,0.716827404603774,0.671489927815685,0,0.716827404603774
"A2780.2",0.367552762194963,0.917789608060747,0.773988736777555,0,0.917789608060747
"C-33 A.1",0.300427755778173,1.79633177469333,0.67737553494786,0,1.79633177469333
"C-33 A.2",0.374676092444045,1.08972225891197,0.515653342229407,0,1.08972225891197
"Capan-2.1",0.22512189179832,3.88116533938689,0.66946811954837,0,3.88116533938689
"CCRF-CEM.1",0.215499512651744,2.20275463482863,4,2.46030969299007,2.17514247773912
"CCRF-CEM.2",0.256564382888728,1.64294342528435,3.96975385941586,2.62068992606549,1.62081241433724
"DB.2",0.201833329144154,2.72070189603702,1.47593386205545,0,2.72070189603702
"ECC10.1",0.214240721644531,2.53164384680567,1.35564438591721,0,2.53164384680567
"ECC10.2",0.14016853677323,3.81776186630173,4,0,3.81776186630173
"NCI-H2795.1",0.130788633215169,4.1248278994207,3.20123012542478,0,4.1248278994207
"NCI-H2795.2",0.145995068895141,3.96010188358039,1.91259408852371,0,3.96010188358039
"NCI-H3118.1",0.496742174596139,0.333423111316659,0.264278535282622,0,0.333423111316659
"NCI-H3118.2",0.524805003818946,0.211917773900543,0.264977829981441,0,0.211917773900543
"KP-N-YN.1",0.08254770858214,5.80874545487696,4,0,5.80874545487696
"KP-N-YN.2",0.0752237824705981,6.14979685813465,4,0,6.14979685813465
"LOX-IMVI.1",0.118682553842613,4.41359961838766,4,2.15580395415854,4.36523619571413
"LOX-IMVI.2",0.199240301617305,3.14952327073941,1.10557576248782,0,3.14952327073941
"MKN45.1",0.0660656571612012,6.78434174293346,3.43014691199722,0,6.78434174293346
"MKN45.2",0.126129700574393,5.3600884406953,1.40517386784338,0,5.3600884406953
"SJNB-14.1",0.119060902343339,4.51988707421877,3.03673777574562,0,4.51988707421877
"SJNB-14.2",0.132301116209215,4.07096298982706,3.30534039194206,0,4.07096298982706
"NCI-H1299.1",0.0984043560159378,5.58224928305227,2.34605692579272,0,5.58224928305227
"NCI-H1299.2",0.126322358042633,4.8712657689128,1.69188841953341,0,4.8712657689128
"NCI-H1651.1",0.0336841099485777,8.98235316626414,4,0,8.98235316626414
"NCI-H1651.2",0.0478261911674897,NA,4,63.3105940296489,4.09232725862355
"Ramos.2G6.4C10.1",0.140348228142695,3.73256788210396,4,4.18296831931851,3.65192585101835
"Ramos.2G6.4C10.2",0.195649707653603,2.50662615430901,4,3.75,2.4582440689202
"SH-4.1",0.0454275127012087,7.94617232907391,4,0,7.94617232907391
"SH-4.2",0.0689765806342228,6.42422961664543,4,12.4506125867507,5.98038671694264
"SNG-M.1",0.157340132134342,3.57302780637508,1.91427230732108,6.14681012565233,3.33638652794631
"SNG-M.2",0.145100056706423,4.16637818217382,1.65900898954874,0,4.16637818217382
"SW1990",0.156876970898946,NA,0,68.6246058202107,0.016970616533096
"SW1990.1",0.104641268190345,55.9763801409223,0.515625,13.4375,30.5052789026703
"T98G.1",0.0631573819879621,12.6670359236078,1.36681883123413,13.5810141271639,10.045520439582
"T98G.2",0.0155910374667245,11.6739377522372,4,0,11.6739377522372
"TE-8.1",0.138244207651612,5.4234051776844,1.16255006507461,0,5.4234051776844
"TE-8.2",0.12157792747521,5.09235600440287,1.68583346582766,0,5.09235600440287
"TK-10.1",0.290810544221223,10.0567882547394,0.275652136677571,0,10.0567882547394
"TK-10.2",0.343659983484263,3.32572137966895,0.298038912009294,0,3.32572137966895
"COR-L32",0.159332568873,3.45092974863675,2.29024150436262,0,3.45092974863675
"COR-L32.1",0.197773087835001,2.5861257525699,2.4888028173826,0,2.5861257525699
"VM-CUB-1.1",0.049332458532271,7.6872268696435,3.92217255251179,0,7.6872268696435
"COLO 680N.2",0.126915775094381,NA,0.89880176416324,83.0952193935808,0.0433338769325125
"EoL-1.1",0.17457747046199,3.06418843058206,2.41761441394783,0,3.06418843058206
"EoL-1.2",0.191880350505419,2.67013638762731,3.15167457271634,0,2.67013638762731
"Karpas-299.1",0.200362871024501,2.76445756804149,1.45523413040284,0,2.76445756804149
"LB831-BLC.2",0.0595261844797649,8.34611327916003,2.22345776400857,0,8.34611327916003
"ONS-76.2",0.0678400845780886,8.65087806066853,1.77052348166545,0,8.65087806066853
"Panc 10.05.2",0.133729490154855,7.64793782891954,0.883077690436628,0,7.64793782891954
"PSN1.1",0.0586362860689401,7.10221750604438,3.81597490556263,0,7.10221750604438
"SF539.2",0.124420206882861,4.41257645926864,2.64160321644443,0,4.41257645926864
"SNU-387.1",0.109848535282472,NA,1.9259591476442,56.4586344382604,1.78317364576029
"SNU-387.2",0.125492494005335,4.77450095062689,2.11039153384858,34.4071606946311,2.74878530241184
"SW1271.2",0.0510424771168238,12.8891624048049,1.48230693709483,0,12.8891624048049
"VM-CUB-1.2",0.0306620941752449,9.30660847655779,4,0,9.30660847655779
"EN.1",0.0356589097751294,8.78570452077321,4,0,8.78570452077321
"EN.2",0.0610046035211155,6.90649715560856,4,0,6.90649715560856
"GR-ST.1",0.193209899333737,3.05823017130221,1.29685636453913,0,3.05823017130221
"GR-ST.2",0.176348758769972,2.97801677865495,2.73780619520562,1.20684452593489,2.95155834905307
"KYAE-1.2",0.631557662073193,0.0542023823775237,0.942496665954056,20.0380738723757,0.0314810405636048
"NCI-H1581.1",0.0796665945362338,5.93955726414963,4,0,5.93955726414963
"NCI-H1581.2",0.104441641068917,4.93100410548575,4,0,4.93100410548575
"OCUM-1.2",0.031058387525321,NA,4,92.1333863994427,0.654115280739515
"OCUM-1.3",0.013171066851844,21.1474252688113,4,47.5,10
"RF-48.1",0.103145455563799,5.16313262122255,2.8139887741844,0,5.16313262122255
"SAS.1",0.304287472383125,2.24698603344299,0.524851393935253,0,2.24698603344299
"SAS.2",0.366275622617984,1.21787561467876,0.500613247488823,0,1.21787561467876
"SCC-4.1",0.156647022711004,6.22246228822274,0.838384220392217,0,6.22246228822274
"SCC-4.2",0.12422926925007,4.86833816919939,1.77642223638103,0,4.86833816919939
"VL51.1",0.189190066143999,2.73841963426436,2.671875,3.46944695195361e-16,2.73841963426436
"VL51.2",0.181802002111227,2.9119612355258,2.37245161787919,0,2.9119612355258
"SW900.1",0.104263178730998,5.34269371096878,2.28908280071716,0,5.34269371096878
"SW900.2",0.141349714113639,4.08876865681717,1.95570156027643,0,4.08876865681717
"TE-15.1",0.637532195475908,0.0196477828249956,0.368376818227702,20.3730720444875,0.00474599669387163
"LS180.1",0.0877774680270498,6.54173241749867,1.97544950523421,0,6.54173241749867
"LS180.2",0.270208549287636,7.22597905455818,0.352889829418383,0,7.22597905455818
"NCI-N87.1",0.745130104465036,0.00216408960169823,0.43713614938355,18.3072389128337,0.000762613345535485
"NCI-N87.2",0.819333486918786,0.00496718479387707,0.871979557401078,13.2420256412214,0.0034903949855025
"Fu97",0.0300056808018361,9.38126729900481,4,0,9.38126729900481
"FU-OV-1",0.149219873451662,69.1745323926058,0.354489796230499,0,69.1745323926058
"FU-OV-1.1",0.0554324017851289,10.3217121424703,1.73938251988407,0,10.3217121424703
"EW-3.1",0.127546130519996,4.0541450761143,4,6.77558062010415,3.90921068077656
"EW-3.2",0.146353728505294,3.55093584148377,4,5.20262977458234,3.4547247747181
"UACC-62.1",0.149076729420546,4.55915587750738,1.27728609423989,0,4.55915587750738
"UACC-62.2",0.0999503109410126,4.95854470917389,4,10.7681966387911,4.66682268525901
"WIL2 NS.3",0.179424112853853,3.05438340873451,1.89136249928445,0,3.05438340873451
"WIL2 NS.4",0.284717487148798,1.57843272674309,1.05941747094271,0,1.57843272674309
"A-673.1",0.0759152797092635,6.11635870289008,4,0,6.11635870289008
"A-673.2",0.0920130458578146,5.4060572761933,4,0,5.4060572761933
"VCaP.1",0.0498881250534377,13.2308788173655,1.65581139181881,19.5219923809752,9.81189725295308
"VMRC-RCZ.1",0.0511088434184526,NA,1.81021846325737,70.848636578517,3.18035219905233
"VCaP.2",0.0639020908547108,NA,4,51.0984209746464,4.08302032826367
"LS123.1",0.252554143286728,6.61854869548701,0.408788506444706,0,6.61854869548701
"LS123.2",0.251099410965296,6.19824921906263,0.424800840837108,0,6.19824921906263
"PSN1.2",0.0735977543771078,6.22951781113798,4,0,6.22951781113798
"PSN1.3",0.07295632119067,6.26139835045322,4,0,6.26139835045322
"CAL-72.2",0.141250432973554,3.95291778123223,2.31723995369856,0,3.95291778123223
"CAL-72.3",0.184365823966733,3.15540975196617,1.44288913907903,0,3.15540975196617
"CGTH-W-1",0.0933039355462748,5.09035033567166,4,23.6333420110023,4.33779419674022
"D283 Med.1",0.1488735420699,3.67791641492094,2.58599748281575,0,3.67791641492094
"D283 Med.2",0.172548627399021,3.12181785897398,2.3280367903175,0,3.12181785897398
"HCC1395",0.146129963503616,7.10543739748906,0.833728009820066,0,7.10543739748906
"HCC1395.1",0.0916653732977255,7.33248177639766,1.54428030373273,5.50443645013339,6.79908405563424
"HO-1-N-1.1",0.336841182045008,1.39528598178619,0.60496196830151,0,1.39528598178619
"HO-1-N-1.2",0.432858811613544,0.700258170308352,0.389432625701887,0,0.700258170308352
"Karpas-299.2",0.138391890795971,4.00689851902232,2.44862621475893,0,4.00689851902232
"Karpas-299.3",0.140675818503388,3.86482020480824,2.90802637207587,0,3.86482020480824
"MLMA.1",0.209739275365275,2.80318360705366,1.15833181268832,0,2.80318360705366
"MLMA.2",0.191022901191879,2.94405034769653,1.51155724373334,0,2.94405034769653
"SNU-16",0.213844150389456,2.27117389396242,2.86838942237911,1.26900795482971,2.25090956090314
"SNU-16.1",0.180793293173973,2.81617528597086,4,2.59069235707359,2.77896505145859
"PCI-30",0.1687635665252,7.95688598560247,0.649525615955482,0,7.95688598560247
"PCI-30.1",0.214972075186715,5.60619996784959,0.568454180217782,0,5.60619996784959
"RCM-1 [Human rectum adenocarcinoma].1",0.216071117426774,118.665476826909,0.290966420862922,27.6170085763968,7.4936771392743
"RCM-1 [Human rectum adenocarcinoma].2",0.302563769001205,7.3873213076461,0.323663356746728,16.2902736928809,2.18522763249952
"SK-N-AS.2",0.115385333520061,4.74109851764964,2.61709389040006,0,4.74109851764964
"SK-N-AS.3",0.103413569548981,4.93756909525698,4,2.36190821534271,4.87819631979881
"SW1116.1",0.22554639646519,NA,0.494795652623443,61.8687185956874,0.126094258709159
"SW1417.1",0.122829760905169,NA,0,75.4340478189663,0.00259042053118102
"SW1417.2",0.055850272421169,NA,0.995165947332025,75.98089571866,2.50520066796202
"VMRC-RCZ.2",0.0373650661675507,NA,4,75.9295442290118,3.43430822279604
"A-375.28",0.0970601542064553,5.32526791242429,3.16562583497462,0,5.32526791242429
"A-375.29",0.0726810499937505,6.28676368544886,3.93691440931585,0,6.28676368544886
"A-375.30",0.0561754615445708,7.19993704744006,4,0,7.19993704744006
"A-549.19",0.263185901653734,13.3352143216332,0.296875,0,13.3352143216332
"A-549.20",0.238731278101473,7.20531791030062,0.429689485541315,0,7.20531791030062
"A-549.21",0.171000084926642,6.30933868225934,0.734772947942148,0,6.30933868225934
"A-549.22",0.139167587462139,5.61531094428033,1.10304236881127,0,5.61531094428033
"A-549.23",0.101595198629103,5.57126069660012,2.14656082275805,0,5.57126069660012
"C32 [Human melanoma].28",0.00336725460199733,17.8957708159204,4,0,17.8957708159204
"C32 [Human melanoma].29",0.00789566192172793,14.2316128223484,4,0,14.2316128223484
"HCT 15.24",0.202403492677009,2.73557809100519,1.42867576901063,0,2.73557809100519
"HCT 15.25",0.121595218701849,4.92495054850792,1.83342045801037,0,4.92495054850792
"HCT 15.26",0.143552310882375,4.22287027050324,1.65788820477438,0,4.22287027050324
"HCT 15.27",0.155133785152973,3.27751066301861,3.97043079334503,7.58211582830584,3.1445310561981
"HCT 15.28",0.156230002011292,2.78159336951429,4,26.5889767888169,2.30094501323237
"HCT 15.29",0.0583729931813167,NA,0,88.3254013637367,1e+06
"HT-29.28",0.0619561161125622,8.06328478717494,4,44.2419632564546,4.69718976402081
"HT-29.29",0.0830154131843829,8.13851320530004,1.49859798801965,0,8.13851320530004
"HT-29.30",0.179695859779259,4.32172725873436,0.929432235134198,0,4.32172725873436
"HT-29.31",0.0831896048978074,7.07459887042886,1.85177884706919,0,7.07459887042886
"HT-29.32",0.128072404717223,6.52851423844758,1.55870741986441,38.404767592127,2.55637200349716
"HT-29.33",0.110643580140545,6.29034387185792,1.69720095755628,28.833034300123,3.79068144073713
"MFM-223.20",0.0532950785941498,NA,4,65.8141784959565,3.41832617828988
"MFM-223.21",0.0471503613437113,NA,2.30069972308732,62.1651809046136,4.51022065464759
"MFM-223.22",0.0589192165456958,NA,4,62.3248943470547,3.40663263862913
"MHH-ES-1.29",0.0881682476522541,5.30871485614135,4,30.5447398676108,4.19281942153278
"MHH-ES-1.30",0.084919430842954,5.56046454032137,4,37.2982504379601,3.94761200352049
"MHH-ES-1.31",0.0787235554114117,5.84578817037732,4,23.0318218225292,5.00972025360531
"PC-14.30",0.621987942225109,0.00775985827558555,0.136747886867446,0,0.00775985827558555
"PC-14.31",0.659102967628579,0.00196885617443577,0.131962393565422,0,0.00196885617443577
"PC-14.32",0.628129349681347,0.0081813231391594,0.146398819523504,0,0.0081813231391594
"PC-14.33",0.61588693098798,0.00796097348527552,0.130337595896482,0,0.00796097348527552
"PC-14.34",0.597921103021481,0.00979879018549883,0.115703503957135,0,0.00979879018549883
"PC-14.35",0.618945505261833,0.00905377855536852,0.21875,20.3125,0.000835362546957826
"SNU-C2B.28",0.288937634201618,6.47308655674955,0.327405458454754,0,6.47308655674955
"SNU-C2B.29",0.233027702399899,5.52384190799443,0.505933500170952,0,5.52384190799443
"SNU-C2B.30",0.279536502552483,8.48854840663048,0.313369114314488,0,8.48854840663048
"SNU-C2B.31",0.265469572305934,6.82792217885977,0.371945177603798,0,6.82792217885977
"SNU-C2B.32",0.218490187293243,8.9149024206446,0.444935231673621,0,8.9149024206446
"SNU-C2B.33",0.256403850529428,5.94248345819822,0.514169548721771,25.1716306362319,1.52293339487414
"SW620.29",0.102293773526277,5.00923768004546,4,0,5.00923768004546
"SW620.30",0.101133148168491,5.05215008720799,4,0,5.05215008720799
"SW620.31",0.121012073999441,4.3072557751848,4,4.0625,4.21696503428582
"SW620.32",0.076374015365013,6.0943254688419,4,0,6.0943254688419
"SW620.33",0.0661486892727276,6.61610258370603,4,0,6.61610258370603
"SW620.34",0.0741691804548604,6.20132463293782,4,0,6.20132463293782
"U2OS.28",0.0414517605336413,9.61183455898511,2.60570375433946,0,9.61183455898511
"U2OS.29",0.0503249950407471,12.1896775914625,1.5792511146836,0,12.1896775914625
"U2OS.30",0.0604244386717302,13.5554501297372,1.62874087056865,32.4459840282522,7.12863886250015
"U2OS.31",0.0566467619255322,NA,4,52.4025350312751,4.43731777005084
"U2OS.32",0.0660334268248451,15.0672559938489,1.08508089973468,0,15.0672559938489
"U2OS.33",0.0302481573827988,10.3829416171765,3.05106274974268,0,10.3829416171765
"EFM-19.1",0.0657224839273813,7.27444671353017,2.64207371049679,0,7.27444671353017
"EFM-19.2",0.0686316443738203,6.4466405176551,4,23.5661114412053,5.49706935076157
"IST-MEL1",0.0433685578437345,8.46396689333463,3.38871173433038,0,8.46396689333463
"IST-MEL1.1",0.023640081646964,10.2062519295977,4,0,10.2062519295977
"IST-SL2.1",0.242541164929762,1.25150620365919,4,25.8937026083602,1.04285309202252
"IST-SL2.2",0.326331648032181,0.925684446853948,1.469764152544,13.647796078208,0.745197670272323
"NCI-H810.1",0.0629170530064262,6.79605525864736,4,0,6.79605525864736
"NCI-H810.2",0.0436117956819093,8.08825441820954,4,0,8.08825441820954
"SW1088.1",0.0838849775748185,11.8267834668664,1.04993745698732,0,11.8267834668664
"SW1088.2",0.0724690825033025,6.3163017708334,4,34.4802032877518,4.71456770456563
"SW1116.2",0.214292856707004,5.0580849419578,0.607220346549545,0,5.0580849419578
"SW1116.3",0.244694556564942,60.4088765602945,0.956500002836267,49.6361695157326,0.351393724859367
"SW837.1",0.062363815574409,7.20084405291598,3.05312504299822,0,7.20084405291598
"SW837.2",0.0645928057591372,7.59342353546687,2.42396978553062,0,7.59342353546687
"TC-YIK.1",0.224830019053446,2.62738886717678,1.02787636904987,0,2.62738886717678
"TC-YIK.2",0.12661853133123,4.2025044457038,4,0,4.2025044457038
"TE-9.1",0.0642623814227301,6.72015694944869,4,0,6.72015694944869
"TE-9.2",0.0990591182618547,7.45561360686145,1.32444331557711,0,7.45561360686145
"YAPC.1",0.17960465094998,9.94525135957579,0.540874638607441,0,9.94525135957579
"YAPC.2",0.167079798662631,NA,0.604746055567472,67.3714919530241,0.284233253328317
"CAMA-1.1",0.0138188693401368,12.1103177999631,4,0,12.1103177999631
"CGTH-W-1.1",0.0537179450910653,15.1864165618931,1.25345967567001,0,15.1864165618931
"CGTH-W-1.2",0.0256056901519945,9.9292054061784,4,0,9.9292054061784
"EB2.1",0.178807958315504,3.2109894632314,1.56880864118854,0,3.2109894632314
"EB2.2",0.181367193757514,3.06500728236204,1.73032436220463,0,3.06500728236204
"HCC70.1",0.100953901833271,5.01396601473763,4,3.5731596199867,4.92188165403696
"KNS-62.1",0.0675779999311558,7.94756797379691,2.04749429667826,0,7.94756797379691
"NCI-H1755.1",0.234827530710022,2.46765250832367,0.987080271350382,0,2.46765250832367
"NCI-H1755.2",0.165108629201578,4.12268274663842,1.18049891592688,0,4.12268274663842
"RPMI-6666.1",0.245380645160515,1.88103613695332,1.84731367769786,0,1.88103613695332
"RPMI-6666.2",0.298933174914339,1.29684013904498,1.61615169997261,0,1.29684013904498
"SK-GT-4.1",0.299892062766455,3.50022938067562,0.405054535564939,0,3.50022938067562
"SK-GT-4.2",0.242381346090247,3.28743118493335,0.659545101482005,0,3.28743118493335
"SK-OV-3.1",0.256171134662084,NA,4,68.404441672582,0.0369194421188808
"ST486.2",0.220549557326669,2.35480565880439,1.46495472284035,0,2.35480565880439
"ST486.3",0.227384526180724,2.24026369580473,1.44836754684974,0,2.24026369580473
"SU-DHL-6.1",0.29380241430578,1.31641052644987,2.66493997440007,0,1.31641052644987
"SU-DHL-6.2",0.31294489024904,1.10454746151548,4,2.4428047300805,1.09080203440566
"UM-UC-3",0.0147544831998105,11.8726392488445,4,0,11.8726392488445
"VMRC-LCD.1",0.0604833471498735,7.14227332705958,3.40194496018387,0,7.14227332705958
"WSU-NHL.1",0.339431914387239,0.981207518521528,1.44289533584416,0,0.981207518521528
"WSU-NHL.2",0.323770802710093,1.07070255415705,2.37281438675356,0,1.07070255415705
"YH-13.1",0.0968289847929579,5.56930585457079,2.49715268581655,0,5.56930585457079
"YH-13.2",0.0902439178078635,6.85016053780218,1.71563425068995,0,6.85016053780218
"WM115.1",0.0219339660067752,10.4670661344028,4,0,10.4670661344028
"U266B1.1",0.0380266723118958,8.5635298039522,4,0,8.5635298039522
"A-375.31",0.0645483069252184,6.70420994742097,4,0,6.70420994742097
"A-375.32",0.0884840134423157,5.55163448030355,4,0,5.55163448030355
"A-375.33",0.0697640791075167,6.42387478003036,4,0,6.42387478003036
"A-375.34",0.0842735259463475,5.7524257747774,3.85277314385109,0,5.7524257747774
"A-549.24",0.31686191430787,2.03857510849864,0.507656945995413,0,2.03857510849864
"A-549.25",0.286135122783767,2.42703572975729,0.578628795268796,0,2.42703572975729
"A-549.26",0.287756725819925,2.44932947721237,0.566030755298519,0,2.44932947721237
"A-549.27",0.273968122035342,2.14051259694524,0.73843453979401,0,2.14051259694524
"A-549.28",0.135958140169157,4.11918502370996,2.3147858935644,0,4.11918502370996
"A-549.29",0.253150881094781,2.96559091664807,0.654205928938673,0,2.96559091664807
"C32 [Human melanoma].30",0.0133056005905555,12.2484986127415,4,0,12.2484986127415
"C32 [Human melanoma].31",0.0234289405132313,14.8371160383863,2.18021665790178,0,14.8371160383863
"C32 [Human melanoma].32",0.00982340206331779,13.3821701303705,4,0,13.3821701303705
"C32 [Human melanoma].33",0.0151765378043322,11.9675998777284,3.86467858722724,0,11.9675998777284
"C32 [Human melanoma].34",0.0264275957118985,NA,4,68.7934447905968,5.71427341200534
"HT-29.34",0.148928171952348,5.43375508657397,1.10768978648254,15.8987556546759,3.84643371048672
"HT-29.35",0.18918345384898,7.63483877832002,0.575590513468377,0,7.63483877832002
"HT-29.36",0.119994600083902,6.6695990353283,1.14860105973918,0,6.6695990353283
"HT-29.37",0.198206997542239,4.17440151781238,0.798938439024994,0,4.17440151781238
"HT-29.38",0.195247849451258,4.30410400536868,0.799296648511733,0,4.30410400536868
"HT-29.39",0.250488532882718,4.08726591809173,0.530655881986252,0,4.08726591809173
"MFM-223.23",0.168206306196733,13.5267464703213,0.511380087776409,0,13.5267464703213
"MFM-223.24",0.172415267440555,7.67401964859809,0.645357340029291,0,7.67401964859809
"MFM-223.25",0.145280530343325,15.6552855232,0.557611660596127,0,15.6552855232
"MFM-223.26",0.158323490206605,8.896139723771,0.659455127018837,0,8.896139723771
"MFM-223.27",0.190218784390677,6.28060003071247,0.635830620962379,0,6.28060003071247
"MFM-223.28",0.219978642655301,9.25822689419061,0.434230023155332,0,9.25822689419061
"MHH-ES-1.32",0.030410441822555,9.33503863899648,4,0,9.33503863899648
"MHH-ES-1.33",0.0514226947549423,8.67009424679059,2.49773099472105,0,8.67009424679059
"MHH-ES-1.34",0.0658206011537928,7.59299275409259,2.34907967250356,0,7.59299275409259
"MHH-ES-1.35",0.0687021885705614,7.12315961905818,2.57695614715385,0,7.12315961905818
"MHH-ES-1.36",0.0794864336874469,5.79832133259769,4,25.0223780997876,4.8746961480054
"MHH-ES-1.37",0.0391895680699594,8.84574792728435,3.41463663121056,0,8.84574792728435
"PC-14.36",0.644691266513194,0.00291144955742532,0.21875,21.5625,0.000220673406908459
"PC-14.37",0.644056391516381,0.00177649733247106,0.115916235506246,0,0.00177649733247106
"PC-14.38",0.666185398419392,3.19787616396838e-05,0.07552070308744,0,3.19787616396838e-05
"PC-14.39",0.688625833227741,0.000421676693919773,0.121558581691623,0,0.000421676693919773
"PC-14.40",0.711561487237454,1.57225977311646e-06,0.0743221857049787,0,1.57225977311646e-06
"PC-14.41",0.71575172869792,1.78058550860235e-06,1.456782319108,28.4248165478477,1e-06
"SNU-C2B.34",0.27138592055605,3.80510509773659,0.475576290028438,0,3.80510509773659
"SNU-C2B.35",0.292700388025734,5.13919277027712,0.352116912209661,0,5.13919277027712
"SNU-C2B.36",0.267564681547572,6.05613075110213,0.386226766605869,0,6.05613075110213
"SNU-C2B.37",0.249668774344109,3.99450970519633,0.541543409988325,0,3.99450970519633
"SNU-C2B.38",0.262225997744223,7.79594981131457,0.359846573800896,0,7.79594981131457
"SNU-C2B.39",0.247323103558786,4.63163780206649,0.504461323694122,0,4.63163780206649
"SW620.35",0.0983297095389684,5.31477780795073,2.98918465738621,0,5.31477780795073
"SW620.36",0.115325880969742,4.85234134348828,2.3245284591409,0,4.85234134348828
"SW620.37",0.105052535978764,5.10669423887187,2.74260019679655,0,5.10669423887187
"SW620.38",0.0812595769125632,5.86215376033922,4,0.607891437020388,5.84425417948938
"SW620.39",0.0578358452030594,7.09655389907042,4,0,7.09655389907042
"SW620.40",0.0890546709176292,5.4514249717314,4,7.75486475394387,5.22650914179541
"U2OS.34",0.079225049440011,7.42088491502725,1.83403013263792,0,7.42088491502725
"U2OS.35",0.115371698015699,30.8160512890259,0.532134729443056,0,30.8160512890259
"U2OS.36",0.118266049434614,62.6399763431802,0.430194734499788,0,62.6399763431802
"U2OS.37",0.0611482439119876,NA,4,59.4387297239977,3.54378810003798
"U2OS.38",0.0156243909333489,11.957239303911,3.80009513959731,0,11.957239303911
"U2OS.39",0.0198581387473999,10.8151130118229,4,0,10.8151130118229
"A-375.35",0.0638708898877475,6.88048683173286,3.52527023555729,0,6.88048683173286
"A-375.36",0.0726121685298986,6.24810021572681,4,6.25,6.04296390238133
"EW-24.1",0.0870152369263913,5.61377289387632,4,0,5.61377289387632
"COR-L88",0.07415788647524,6.66627780819524,2.70246066057504,0,6.66627780819524
"Capan-2.2",0.210000704443982,8.43898819896864,0.584023273935393,25.1897419614749,2.54204477838083
"Capan-2.3",0.244488717975784,6.00097829054136,0.450001839635077,0,6.00097829054136
"SK-OV-3.2",0.26228343920075,9.25810821948266,0.337267804063631,0,9.25810821948266
"SK-OV-3.3",0.337099665665257,13.6257215377296,0.185593941143268,0,13.6257215377296
"WM115.2",0.0880048279017862,9.0389988832776,1.24683221923753,0,9.0389988832776
"WM115.3",0.0525335475570666,10.606827090463,4,47.3166800510627,5.10518051423281
"YT",0.123686535572146,4.29130743890787,4,0,4.29130743890787
"YT.1",0.103641124580461,4.95998517172937,4,0,4.95998517172937
"VMRC-LCD.2",0.0289765743591617,9.50170393856983,4,0,9.50170393856983
"VMRC-LCD.3",0.0246424866861337,10.0620852116202,4,0,10.0620852116202
"UM-UC-3.1",0.0381837336961169,8.54927191435426,4,0,8.54927191435426
"UM-UC-3.2",0.0369163101409062,8.6659883035656,4,0,8.6659883035656
"KNS-62.2",0.0743392177263056,10.912495831255,1.36589058628551,15.9798485502317,8.2316784402488
"KNS-62.3",0.12531710486988,7.8987430081855,0.932515275987724,0,7.8987430081855
"HCC70.2",0.0739372933946942,6.15275232040142,4,30.5875622426729,4.85676344215411
"HCC70.3",0.141413812730729,6.54547685141076,0.928173522799135,0,6.54547685141076
"CAMA-1.2",0.0234752572862198,10.230568913289,4,0,10.230568913289
"CAMA-1.3",0.0354649963837282,12.5951627182451,1.99663044596867,0,12.5951627182451
"TGBC1TKB",0.248177209582752,3.15687600078796,0.648478819649339,0,3.15687600078796
"TGBC1TKB.1",0.266687902992021,4.54150945937777,0.445747234287779,0,4.54150945937777
"OE33.1",0.321136431942958,1.35064281458855,0.77425713609949,2.7373211442609,1.25591341296299
"OE33.2",0.373275743290748,1.32646332570668,0.421769802126428,0,1.32646332570668
"NCI-H2342",0.0776360944404837,9.90250041489002,1.30430412070474,0,9.90250041489002
"NCI-H2342.1",0.0894207552933495,7.48346064372043,1.51698197589943,0,7.48346064372043
"KYM-1.1",0.0807247719489337,5.97349020821111,3.53787229365254,0,5.97349020821111
"KYM-1.2",0.118504592457682,4.67730808939864,2.45436967627693,0,4.67730808939864
"EW-24.2",0.0989861914264669,5.14601808256972,3.85135752694366,0,5.14601808256972
"HuCC-T1.1",0.276414299881978,3.48167519737658,0.483395014850047,0,3.48167519737658
"MV4-11",0.370731860366629,0.78250421033982,1.51449638293211,0,0.78250421033982
"MV4-11.1",0.321029329924356,1.09200322917799,2.27231347054594,0,1.09200322917799
"NCI-H1648",0.554792641364324,0.0243006806857723,3.55193589173882,40.3781003812188,0.015279885495817
"NCI-H1648.1",0.539307688752666,0.108295048571634,0.150269612047799,0,0.108295048571634
"NCI-H211.2",0.177082386403546,2.95000309427145,3.84486368467498,0,2.95000309427145
"NCI-H211.3",0.185156828235086,2.7875681254608,4,0,2.7875681254608
"Panc 02.03.1",0.302369977606492,9.23308545486747,0.263749882203016,0,9.23308545486747
"Panc 02.03.2",0.256779736601013,5.07323599547827,0.510917649912316,18.264376330044,2.08389810084978
"SK-MEL-2.1",0.0587622554244424,7.09003832618231,3.82959833122811,0,7.09003832618231
"SK-MEL-2.2",0.0604100688799693,6.94146622267763,4,0,6.94146622267763
"SK-MM-2.1",0.0213032848733438,10.5689581769148,4,0,10.5689581769148
"SK-MM-2.2",0.0308320498676576,9.287540442479,4,0,9.287540442479
"U-698-M.1",0.207540206595628,2.47321084619253,1.88969516633484,0,2.47321084619253
"U-698-M.2",0.226642614107832,2.14143490927347,1.95835303947589,0,2.14143490927347
"NCI-H2085.1",0.0640922685683864,6.8930113458905,3.45581878485213,0,6.8930113458905
"NCI-H2085.2",0.0831283176175639,9.65963679824046,1.24478722725225,0,9.65963679824046
"SNU-449.1",0.277767137198958,4.57705091330699,0.411483250300621,0,4.57705091330699
"SNU-449.2",0.215672707020483,7.17695543281856,0.498135945648864,0,7.17695543281856
"SK-MEL-1.1",0.0410248852371302,8.3006752848826,4,0,8.3006752848826
"SK-MEL-1.2",0.027416688781568,9.6928145523401,4,0,9.6928145523401
"HT-1376",0.226284274862851,NA,0.91023852048581,72.750025439161,0.0204274531469773
"HT-1376.1",0.135657089717744,65.8039823829869,0.385600308559537,0,65.8039823829869
"Lu-139.2",0.118755799329061,4.39822150896089,4,2.95909604468637,4.33165153166266
"MDA-MB-415.1",0.0908216895509523,5.27463799516664,4,39.953623327456,3.53144561223049
"MDA-MB-415.2",0.0747536231301702,6.89362844720028,2.38734062376535,0,6.89362844720028
"NCI-H2066",0.176418257791347,35.5484576328809,0.360499117270396,0,35.5484576328809
"NCI-H2066.1",0.0310946422970226,9.25828583052557,4,0,9.25828583052557
"SK-CO-1.1",0.336539149996146,1.38861320995745,0.610804827831046,0,1.38861320995745
"SK-CO-1.2",0.394593540055791,0.867025023021172,0.538274485049445,0,0.867025023021172
"SW1463.1",0.404384210189154,1.17080668700937,0.326122357256189,0,1.17080668700937
"SW1463.2",0.393486025820327,1.47239372481594,0.306762693966534,0,1.47239372481594
"COR-L105.1",0.649325030388523,0.0144919447851892,0.208081023531085,0,0.0144919447851892
"COR-L105.2",0.66238946605301,0.0186009732124551,1.66555959299995,28.9381084719762,0.0110688459952555
"EW-11.1",0.16846773700836,3.19662050653555,2.48002761544725,0,3.19662050653555
"EW-11.2",0.168998288433409,3.18656338376355,2.4605490826344,0,3.18656338376355
"NCI-H2029.1",0.062668583390401,6.8340165091494,3.90555907127981,0,6.8340165091494
"SW48.1",0.444569030902187,0.673325738556204,0.324835766019759,0,0.673325738556204
"SW48.2",0.504235925870621,0.286646709499326,0.177413446872597,0,0.286646709499326
"ZR-75-30.1",0.436184174681841,NA,4,54.4999612244676,0.0120939856784137
"ZR-75-30.2",0.454665766959283,0.315009613347701,0.887730876128624,46.3711536926634,0.0164078016253612
"ME-180.1",0.402398989881971,1.26310260869381,0.312452362256183,0,1.26310260869381
"ME-180.2",0.381277628941378,1.30608264797376,0.390645543203144,0,1.30608264797376
"MSTO-211H.1",0.226521217711864,NA,4,76.334925411327,0.0122714444411958
"MSTO-211H.2",0.0112250982293145,NA,4,94.145015105186,2.66337835258994
"NCI-H835",0.248589349701803,1.89185154320591,1.50363205891192,0,1.89185154320591
"NCI-H835.1",0.212374045617697,2.32446401865907,2.64969884592291,0,2.32446401865907
"SW872.1",0.0645856599995523,8.90204680315539,1.80075894244143,0,8.90204680315539
"SW872.2",0.0297015977822673,9.41641341909555,4,0,9.41641341909555
"HCC78.1",0.252496946952271,2.05046505201043,1.05569253738455,0,2.05046505201043
"HCC78.2",0.199296627571648,2.94151494532771,1.26123916423833,0,2.94151494532771
"HuCC-T1.2",0.39378236468217,0.945486666847522,0.478352799208149,0,0.945486666847522
"HuCC-T1.3",0.250012827130173,4.26364556590026,0.519105214445944,0,4.26364556590026
"Ca Ski.1",0.390917649813832,1.08946472188243,0.417634414614821,0,1.08946472188243
"Ca Ski.2",0.252942165389006,2.43570767312598,0.799802777700564,0,2.43570767312598
"CCK-81.1",0.662220389460802,0.0676938527044279,0.559468934991447,0,0.0676938527044279
"CCK-81.2",0.601366973129391,0.127903655016434,0.606743026637372,0,0.127903655016434
"COR-L88.1",0.0843727385751461,5.72798056182746,4,0,5.72798056182746
"COR-L88.2",0.0717480316982918,6.4722051663455,3.39641852650563,0,6.4722051663455
"CS-1 [Human chondrosarcoma].1",0.165867652234982,3.4046737698031,1.85737210071063,0,3.4046737698031
"CS-1 [Human chondrosarcoma].2",0.14523629001294,3.49311826915897,4,9.33401965583101,3.31725303910376
"G-292 clone A141B1.1",0.156387744793009,95.6471984217526,0.318676074763085,0,95.6471984217526
"G-292 clone A141B1.2",0.11271210641411,5.61190366818848,2.79402819021379,45.1462511969088,2.43550840035817
"K-562.1",0.0880347199168714,5.65436124783901,3.45089766053663,0,5.65436124783901
"K-562.2",0.0490118252673579,7.680675107751,4,0,7.680675107751
"KYSE-270.1",0.354528184617313,1.52932061907274,0.452182151151514,0,1.52932061907274
"KYSE-270.2",0.366684643148329,1.59250880816308,0.385304793403438,-6.93889390390723e-16,1.59250880816308
"NCI-H524.1",0.250393067453764,1.77280840140233,2.39072704274248,0.780857070999861,1.76117469904994
"NCI-H524.2",0.260955339491387,1.67204476171784,1.99452643538977,0,1.67204476171784
"U266B1.2",0.0645040833543616,6.7066722965651,4,0,6.7066722965651
"U266B1.3",0.0773625569891812,6.04724369458061,4,0,6.04724369458061
"Ca9-22.2",0.501077881144648,0.228714001464016,0.596326822950901,21.9797262273632,0.0866060299625482
"Ca9-22.3",0.561469341164777,0.114570833385647,0.472919830686042,17.6107491580606,0.0457446505233287
"HCC1599",0.158315629266199,3.97600047367342,1.40805063510947,0,3.97600047367342
"KYSE-450.1",0.534633697277267,0.156516620172233,0.2054091313075,0,0.156516620172233
"MFH-ino",0.0219809659957474,10.4595978499411,4,0,10.4595978499411
"TGBC11TKB",0.211078788664348,3.24583541001554,0.908161295366974,0,3.24583541001554
"UACC-893",0.664064897766801,0.0159795119492867,2.10244092054596,30.1036391685216,0.0103089650625206
"MeWo.1",0.181160702977754,NA,0.440593560682094,64.56309780676,0.280312823936784
"UACC-812",0.147204560194989,7.6963239928803,0.782144995442176,0,7.6963239928803
"8305C.1",0.0788750372168697,6.67038408982618,2.34115377999714,0,6.67038408982618
"Caov-4",0.157236119894929,8.87353832855495,0.665571802448454,0,8.87353832855495
"SK-CO-1.3",0.294781677775584,1.93031787575026,0.656873574256314,0,1.93031787575026
"LS411N.2",0.130868474929837,4.43673130106475,2.09581459120635,32.6399668526341,2.67827437363179
"HT-55.2",0.364412712812991,3.54849054476336,0.241853274394407,0,3.54849054476336
"HCT 116.3",0.199172262577397,2.89755668411882,1.29180855822501,0,2.89755668411882
"SNU-81.1",0.0384596977309938,11.1902073086859,2.17024029843933,0,11.1902073086859
"LS180.3",0.158420899504246,8.01577916024997,0.695431282842225,0,8.01577916024997
"SW1417.3",0.0489404987224554,NA,1.35442243278942,73.6173723635632,3.18573795594541
"LS123.3",0.247932313305043,4.70556170240573,0.495440009508081,0,4.70556170240573
"CW-2.4",0.477114980090191,0.417167599238427,0.356392563537232,0,0.417167599238427
"CAL-148",0.102990526594339,5.21339214261201,2.68003854605504,0,5.21339214261201
"CAL-148.1",0.0519337157677898,7.4772649566841,4,0,7.4772649566841
"SJNB-12",0.16469339350006,3.53670817023793,1.66337122414889,0,3.53670817023793
"SJNB-12.1",0.121559391046858,4.70585533587481,2.13040309215844,0,4.70585533587481
"SHP-77.1",0.264731284087863,1.58585904371064,2.61170042355035,1.47561162658284,1.56777299504477
"SHP-77.2",0.193688900157334,2.56838105582993,2.54339855885785,5.54468993229098,2.4523887755516
"SK-N-SH",0.110505046233248,5.72697897841632,1.63837271890333,0,5.72697897841632
"SK-N-SH.1",0.0955971851765874,4.92218386611087,4,30.3316489570007,3.89813898278401
"T84.1",0.185983086678295,1991008.2425928,0.0967066616555664,3.22135397481199,1e+06
"T84.2",0.0548918915791841,NA,4,70.8198643651181,2.73088572540053
"KYSE-70.1",0.0532752705824469,7.88617254520002,3.0362248982173,0,7.88617254520002
"KYSE-70.2",0.0345138032350114,8.89838464883849,4,0,8.89838464883849
"BT-549.1",0.0455305141288946,NA,4,60.7361375292086,4.53571889680646
"Hs 578T.1",0.223196694699466,3.36333447193838,0.769766337607325,0,3.36333447193838
"NCI-H345.1",0.12306767316575,4.48897042420484,2.52721660971786,0,4.48897042420484
"NCI-H526.1",0.0840840128325167,5.78050305628806,3.72783739523173,0,5.78050305628806
"SK-N-FI",0.115672806828083,4.51282258754959,4,2.1040248728591,4.46457902188337
"SNU-407.2",0.487832834264729,0.359266878457231,0.404377134094861,0,0.359266878457231
"COLO 205.3",0.696151287023829,0.0504515635538158,0.825131447456132,6.38053147166652,0.0427582433779496
"MDST8.2",0.532962125203261,0.155277493705589,0.814644803100254,20.0387836030712,0.0828119725511584
"DiFi.4",0.833198188709405,0.000365617159279459,0.425155055656225,11.7925049368131,0.000194201618142152
"CW-2.5",0.614613335626938,0.0778304822013391,0.382692840702505,0,0.0778304822013391
"HCT 116.4",0.512069464903191,0.284909873492466,0.86571881037622,0,0.284909873492466
"LS180.4",0.499112741110453,0.237462798653622,0.663056272638935,18.9042122774817,0.116013411458409
"CL-11.2",0.490780444956495,0.239142894841962,0.696000832404107,22.6915032725262,0.100289469074038
"Hs 766T",0.110127206067896,12.5191827556436,0.794573978620445,0,12.5191827556436
"Hs 766T.1",0.127189465553771,9.71687540634632,0.797383650121121,0,9.71687540634632
"SJSA-1",0.119172716510516,4.46088110728104,3.53132957185842,0,4.46088110728104
"SJSA-1.1",0.128061177590447,4.26197443795497,2.79126051805588,0,4.26197443795497
"MKN7",0.228803591359027,7.22148461370486,0.456848651290811,0,7.22148461370486
"KYSE-450.2",0.513805835816525,0.254249421105335,0.271114045332671,0,0.254249421105335
"KYSE-450.3",0.539160634591008,0.171311523070481,0.274853812382665,0,0.171311523070481
"BT-549.2",0.148677436726219,4.51064019581562,1.30817785072741,0,4.51064019581562
"BT-549.3",0.103802685368698,5.57241535870227,2.02204703853953,0,5.57241535870227
"UACC-812.1",0.336373783481706,1.943969763767,0.441149667341645,0,1.943969763767
"MFH-ino.1",0.0726368497590749,9.26727170760721,1.49833611142418,0,9.26727170760721
"MFH-ino.2",0.0255629850347237,9.93498605650087,4,0,9.93498605650087
"HSC-39",0.269283085568586,1.50069474805219,4,2.6332365578713,1.48053367245784
"HSC-39.1",0.276133352551991,1.56670767952872,1.37756510052762,0,1.56670767952872
"NCI-H1703",0.29075591250486,1.36903490762778,1.48054079988813,1.94291002298708,1.33287271831376
"NCI-H1703.1",0.238383808362005,1.89477297332759,1.98921212506644,4.92912080974858,1.79844835857223
"SW1783",0.111714265234371,4.72916524238703,3.37365138505084,0,4.72916524238703
"SW1783.1",0.0697515535368484,6.42452524896341,4,0,6.42452524896341
"KGN",0.173171051254619,4.12403071973202,1.10325656661103,11.4218207955956,3.26012894974051
"KGN.1",0.111761610653814,7.21049745274927,1.16827936997945,0,7.21049745274927
"MeWo.2",0.0915177407565039,6.59272374145408,1.79702911063084,0,6.59272374145408
"MeWo.3",0.111622185369898,6.31236722356168,1.37157821967648,0,6.31236722356168
"CL-40.2",0.421689286355551,0.69288624209742,0.485163176144738,0,0.69288624209742
"GP5d.3",0.380922711513349,0.97865762462613,0.540527714791284,0,0.97865762462613
"8305C.2",0.122178491936459,4.17147843741137,4,9.62842146282108,3.95427104482216
"8305C.3",0.128253941998134,3.54993215163379,4,30.1363670591655,2.81833245515476
"KYSE-70.3",0.0506995905095716,8.43192381902875,2.71693469575438,0,8.43192381902875
"KYSE-70.4",0.0306706831286262,9.30564229853243,4,0,9.30564229853243
"SHP-77.3",0.247203783253758,1.77997217694102,2.91103557064168,1.98427513900934,1.75538299889126
"SHP-77.4",0.0777780506852213,6.02761471101162,4,0,6.02761471101162
"SKG-IIIa.1",0.291118230348952,2.74524767177712,0.504298178854604,0,2.74524767177712
"SKG-IIIa.2",0.223385958013731,5.2228883364142,0.557717945902891,0,5.2228883364142
"SK-N-FI.1",0.105411786377175,5.04356057744583,2.91750135896081,0,5.04356057744583
"SK-N-FI.2",0.0806913581191339,6.23268306988916,2.79539165269918,0,6.23268306988916
"NCI-H64",0.18571800461666,3.41167791930667,1.1844923180767,0,3.41167791930667
"NCI-H64.1",0.135398404718618,3.68378257431388,4,13.4081193956903,3.4072003419048
"NCI-H526.2",0.145718941478729,4.07216914374319,1.74775918558762,0,4.07216914374319
"NCI-H526.3",0.202503202252835,3.01174505568336,1.13731932765383,0,3.01174505568336
"TGBC11TKB.1",0.115453376367257,4.89354713625978,2.23160289743674,0,4.89354713625978
"Fu97.1",0.0593852331339256,7.14531099687689,3.56274653358928,0,7.14531099687689
"Fu97.2",0.0600977660814625,7.34311800269952,3.07617828481086,0,7.34311800269952
"Hs 578T.2",0.123476545312111,4.91743953578978,1.76083792289448,0,4.91743953578978
"Hs 578T.3",0.0739674290892757,7.6750399897009,1.91464338670414,0,7.6750399897009
"MeWo.4",0.0328855794278541,9.06512426175335,4,0,9.06512426175335
"GP5d.4",0.38091149324466,0.912875362200079,0.604203955389532,0,0.912875362200079
"RKO.4",0.130246652785293,4.1939723010611,2.5440360334778,3.5401436543709,4.07464255130656
"KM12.2",0.16841772511365,3.55413546009919,1.47670312629224,0,3.55413546009919
"NCI-H508",0.638157699231818,0.0445489349228785,0.319655714835209,0,0.0445489349228785
"SNU-407.3",0.182368122410074,3.65715918415002,1.10048931916312,0,3.65715918415002
"NCI-H747.2",0.341061245212125,2.97489875002617,0.320663220983057,0,2.97489875002617
"SNU-175.2",0.201060100169383,2.90338759513971,1.23979822647689,0,2.90338759513971
"A-375.37",0.13695003360633,3.98261429279228,2.82634080797935,0,3.98261429279228
"A-375.38",0.138199353311383,3.92635907289766,2.99539144020307,0,3.92635907289766
"A-375.39",0.122878134473275,4.39409021406951,3.0240191271225,0,4.39409021406951
"A-549.30",0.350752864562103,1.7309644032631,0.422229397222792,0,1.7309644032631
"A-549.31",0.297701249163555,2.19154654475923,0.568921971374737,0,2.19154654475923
"A-549.32",0.35912315820788,1.23552998810552,0.53686141211458,0,1.23552998810552
"A-549.33",0.32346596204944,1.83039123318475,0.523924020484927,0,1.83039123318475
"A-549.34",0.280185360765574,2.02268485976164,0.737314162142185,0,2.02268485976164
"A-549.35",0.284248765985561,1.96021249224333,0.731665549360197,0,1.96021249224333
"C32 [Human melanoma].35",0.0300908701537756,10.4274726433487,3.03866854554687,0,10.4274726433487
"C32 [Human melanoma].36",0.0753748957946972,21.0103236499903,0.827265821487318,0,21.0103236499903
"C32 [Human melanoma].37",0.116148464331439,48.1730901119241,0.465626444089867,0,48.1730901119241
"C32 [Human melanoma].38",0.0125173521639548,12.4728525008676,4,0,12.4728525008676
"C32 [Human melanoma].39",0.0196751390193913,NA,4,71.6173712870043,6.44694493238353
"C32 [Human melanoma].40",0.0192904960975309,10.9171082662202,4,0,10.9171082662202
"HCT 15.30",0.216532723275648,2.38480582041345,1.51858279667029,2.64180378350862,2.3010644226447
"HCT 15.31",0.238097134240238,2.09974850213626,1.35345332709801,0,2.09974850213626
"HCT 15.32",0.22706115722677,2.33038247246335,1.28014001512711,0,2.33038247246335
"HCT 15.33",0.168604970180203,3.53241519101701,1.51467544979996,0,3.53241519101701
"HCT 15.34",0.162260645796378,3.42012036360853,2.09597129861858,0,3.42012036360853
"HCT 15.35",0.162781835660245,3.40135786869493,1.91885275816282,7.83556658252591,3.11225553831185
"HT-29.40",0.143416847105226,4.63210622833386,1.36020268951035,0,4.63210622833386
"HT-29.41",0.116681472921528,5.91689728118621,1.39564445076128,0,5.91689728118621
"HT-29.42",0.178742376586766,6.04283268615057,0.710853729476169,0,6.04283268615057
"HT-29.43",0.187439578271973,3.76335410301411,0.99886792544961,0,3.76335410301411
"HT-29.44",0.223806536444539,3.73028870961243,0.698561628561103,0,3.73028870961243
"MHH-ES-1.38",0.122266941930571,4.73831399149742,2.03128681357524,0,4.73831399149742
"MHH-ES-1.39",0.135295880707821,4.54444804364417,1.65015085093139,0,4.54444804364417
"MHH-ES-1.40",0.111991724347133,5.11459489222585,2.11021815207045,0,5.11459489222585
"MHH-ES-1.41",0.0765777791766648,6.54598498273848,2.66372449617201,0,6.54598498273848
"MHH-ES-1.42",0.0917054841502503,5.8998481295701,2.37504686225757,0,5.8998481295701
"MHH-ES-1.43",0.107672267190107,4.48087510085934,4,21.9482446781439,3.87802271068062
"PC-14.42",0.603933297149188,0.0213974628112122,0.160566355572896,0,0.0213974628112122
"PC-14.43",0.603945927977683,0.024968857305097,0.170900052388047,0,0.024968857305097
"PC-14.44",0.616006519145974,0.0135958429910181,0.153628861616878,0,0.0135958429910181
"PC-14.45",0.626596487704086,0.0106134300468579,0.156083648175081,0,0.0106134300468579
"PC-14.46",0.462403094088239,0.506585495677104,0.360033675350899,0,0.506585495677104
"PC-14.47",0.63374070214101,0.00933879352574762,0.159472089917266,0,0.00933879352574762
"SNU-C2B.40",0.211206064911384,9.43374038361603,0.45443092196541,0,9.43374038361603
"SNU-C2B.41",0.262461034512676,5.61948072786926,0.459364199228239,15.6715666031597,2.478391784519
"SNU-C2B.42",0.259765251466224,7.09938213632217,0.379309042400855,0,7.09938213632217
"SNU-C2B.43",0.118882902607319,7.34070622411643,1.37892087003984,32.3074266699645,3.45573696438983
"SNU-C2B.44",0.104327740869204,8.57925645819238,1.08058668103148,0,8.57925645819238
"SW620.41",0.106024033012351,4.97414498106775,3.13085297323654,0,4.97414498106775
"SW620.42",0.117075874790227,4.50087951230592,3.97127372715472,0,4.50087951230592
"SW620.43",0.0946640988900372,5.29999046477026,4,0,5.29999046477026
"SW620.44",0.0909120028073152,5.45092668660436,4,0,5.45092668660436
"SW620.45",0.11083106931459,4.74550280547898,3.5072755157156,0,4.74550280547898
"U2OS.40",0.0920704078955051,7.86892702102484,1.3687318034374,0,7.86892702102484
"U2OS.41",0.0897508317605958,8.52873477268504,1.29222065050535,0,8.52873477268504
"U2OS.42",0.0750855290520726,6.68280529151934,4,43.4255125339818,4.02422062116632
"U2OS.43",0.0672266457844211,NA,3.26892746086198,54.90799579712,3.60942301380088
"MFM-223.29",0.112040837329444,15.052191733131,0.71382833500221,0,15.052191733131
"MFM-223.30",0.0616722811809736,7.36110581808996,4,38.7713865253325,5.06736389643423
"MFM-223.31",0.0565177444605736,8.55608303982637,2.26852548830168,0,8.55608303982637
"A-375.40",0.198993374530637,2.62018548665761,1.96808813872325,0,2.62018548665761
"A-375.41",0.149828711292756,3.66796619446571,2.48563959449314,0,3.66796619446571
"A-375.42",0.209733293122695,2.69670720568709,1.26164561430259,0,2.69670720568709
"Mono-Mac-6",0.26492081775715,1.34356942467199,4,11.796078492962,1.25615895022565
"HT-29.45",0.150778460302491,4.22853581916135,1.40991199683429,0,4.22853581916135
"HCT 15.36",0.195476840155328,2.90497556366231,1.38840935050786,0,2.90497556366231
"HCT 15.37",0.217721750785301,2.37830655627201,1.50032004122702,0,2.37830655627201
"HCT 15.38",0.194741124718552,2.77732168154931,1.65244576092901,0,2.77732168154931
"SW620.46",0.141988693462667,3.83906871277167,2.70259220614323,0,3.83906871277167
"SW620.47",0.138957011119133,3.86590022251391,3.09969194792289,1.05724000131491,3.83933754287827
"SW620.48",0.133642248830431,4.10897955879043,2.58642750193023,0,4.10897955879043
"NCI-H2009",0.152013801231108,4.03108975831108,1.54830500849096,0,4.03108975831108
"NCI-H2009.1",0.195076532418851,3.29024303632709,1.09364952489326,0,3.29024303632709
"CL-40.3",0.139030896820987,3.78098685233033,3.00362525170831,7.44321258406647,3.58343562726652
"Mono-Mac-6.1",0.392060863305222,0.573864587066267,1.78857988281501,8.75315996356169,0.515323554229264
"NCI-H727.1",0.047448368545495,15.0707368737887,1.37440859349366,0,15.0707368737887
"NTERA-2",0.159339072451972,3.14275598125271,3.89715680088976,9.17852908439401,2.98338445032964
"NTERA-2.1",0.149991929782448,3.34853309384635,4,10.1825909891949,3.16322688718652
"UACC-812.2",0.235939159658716,NA,4,58.9813458389699,0.188161935691719
"UACC-812.3",0.218943851575344,NA,4,55.6918568567357,0.329378959228655
"COLO 205.4",0.0678461097782797,7.81438267137656,2.50233261191757,26.7379635610905,5.7555877398915
"DiFi.5",0.726428748620548,0.000157191517190474,0.132376988441941,0.745726635045034,0.000140323317332581
"HCC2998.3",0.168434990241302,3.36446668799385,1.75781042357494,0,3.36446668799385
"LS513.2",0.391878436620843,0.858718522007892,0.561699853157802,0,0.858718522007892
"MDST8.3",0.130898317777933,4.64458043656938,1.70477556278652,0,4.64458043656938
"RCM-1 [Human rectum adenocarcinoma].3",0.278201934346727,7.35558655507484,0.332056348956886,0,7.35558655507484
"SNU-C1.4",0.0843063338686759,8.63802042304047,1.38839346584607,3.58308252141373,8.18755931990851
"SNU-C5.3",0.119188112233045,5.82906336782478,1.36504654638352,0,5.82906336782478
"SW1463.3",0.388527117035177,0.717424479020622,0.707622526200871,26.3471059531034,0.249098227941505
"NCI-H727.2",0.046585684194995,9.22848608064623,2.47872281209658,0,9.22848608064623
"NTERA-2.2",0.0944193952598292,5.63481630786649,2.59315648300697,0,5.63481630786649
"NTERA-2.3",0.109882978788948,4.39459820378264,4,21.8046142411717,3.80821257689961
"COLO 320HSR.3",0.134726622600421,3.7950316403614,3.17299218939505,13.2417415797001,3.44433418778164
"KM12.3",0.460551944671763,0.446459122953143,0.585443782487574,0,0.446459122953143
"NCI-H508.1",0.603037182961263,0.0730118326659046,0.315202230937106,0,0.0730118326659046
"RKO.5",0.482401641495971,0.36486439431842,0.614648546355067,0,0.36486439431842
"SNU-175.3",0.587994521087774,0.077399178513792,0.273444139331569,0,0.077399178513792
"SNU-C2B.45",0.392356405254133,1.0380580517716,0.427635322998592,0,1.0380580517716
"SK-CO-1.4",0.297662246558928,1.86734404807344,0.660814220512722,0,1.86734404807344
"SK-CO-1.5",0.306870609518224,1.75508365850632,0.641319405559364,0,1.75508365850632
"SK-CO-1.6",0.286036967554736,2.24294883241834,0.61620158838691,0,2.24294883241834
"LS1034.3",0.043406593003185,9.68963039156861,2.43376185551689,0,9.68963039156861
"SW837.3",0.11844689638577,6.81523368337589,1.1380633668765,0,6.81523368337589
"SNU-C2B.46",0.157965029078101,12.3070159688633,0.679701633641937,25.0867856416117,4.41616555008316
"COLO 320HSR.4",0.0985920146885515,5.48680238653992,2.49006369502201,18.0692805063894,4.5825153689572
"HT-29.46",0.162948408366351,4.03775181819266,1.25065609752527,0,4.03775181819266
"HT-29.47",0.179023587638646,3.71365555701994,1.12682734218833,0,3.71365555701994
"HT115.2",0.451729655299048,0.486600271562789,0.571176651839954,0,0.486600271562789
"LS411N.3",0.525900654338768,0.208404478055403,1.0081837817116,10.1223711488302,0.166519011168541
"SNU-81.2",0.199753324684675,4.38737874544751,0.750560532676418,0,4.38737874544751
"LS513.3",0.711467082313299,0.0510558487342944,0.710591518672913,0,0.0510558487342944
"A101D.3",0.149306962809438,3.40386202604623,4,8.48837211040465,3.24916590948935
"A101D.4",0.141382012791312,4.01755683593959,2.10929146554849,0,4.01755683593959
"A3/Kawakami.4",0.26243253231531,1.56716897097548,2.52534635655811,4.1333222236716,1.51452755272997
"A3/Kawakami.5",0.343616891571956,0.955082952292755,1.27897966672496,1.18709819079575,0.937307193493074
"ARH-77.2",0.25097701077974,1.82033330542001,1.72260546002893,0,1.82033330542001
"ARH-77.3",0.313048580412015,1.30091934712078,0.97481448317476,0,1.30091934712078
"AsPC-1.2",0.0790869998205104,48.4958152628538,0.593383236149261,0,48.4958152628538
"AsPC-1.3",0.201273936806232,2353.95433913722,0.25,38.4375000000001,6.73170382414498
"BALL-1.2",0.21506508704462,2.23555834690894,2.6510800473335,2.56912323545155,2.19151618018708
"BALL-1.3",0.243501796102734,1.9694656366526,1.48812152575468,0,1.9694656366526
"BB49-HNC.2",0.0919656722927991,5.91106178524937,2.34087130935736,0,5.91106178524937
"BB49-HNC.3",0.172364283850628,4.68940119366979,0.923288175569119,0,4.68940119366979
"SK-N-BE(2)-M17.3",0.0988835588934033,5.38684267083715,2.69133996269494,0,5.38684267083715
"SK-N-BE(2)-M17.4",0.158169379659659,3.72906508750961,1.66582612092878,0,3.72906508750961
"BT-474.5",0.352936053900264,3.30933541086261,1.04712483052714,49.0466949649319,0.0754045936045253
"BT-474.6",0.475450945794556,0.389200281895986,0.362184369268469,26.6937114306583,0.0473044556553856
"CA46.2",0.148995904663612,3.38835892673372,4,9.56093754291857,3.21326968761138
"CA46.3",0.212761923998247,2.40077710905463,1.68949659585842,2.05971568706984,2.34173811748529
"CAL-51.2",0.0262162213434949,9.84763691731079,4,0,9.84763691731079
"CAL-51.3",0.0857648277935423,6.5729926686758,2.04534447825093,0,6.5729926686758
"DBTRG-05MG.2",0.0558617697563281,NA,2.67606923961889,73.005695033348,2.41440256880904
"DBTRG-05MG.3",0.053369307326271,NA,3.23406942520127,60.3061530454419,4.01335328603038
"DG-75.2",0.298446985560792,1.08103871012966,2.38821648175302,11.9095122493307,0.96464546698472
"DMS 53.2",0.117649474944092,5.87115351535995,1.59265008353831,23.9907672510893,3.8949618367774
"DMS 53.3",0.155759846392861,4.61036984569046,1.14279188575234,0,4.61036984569046
"EC-GI-10.2",0.615165707948017,0.028037383679489,0.526016916390903,27.398679585032,0.00619692804928553
"EC-GI-10.3",0.741424943863657,0.00144532621468785,0.254141821794719,9.19359638363832,0.00064975786552464
"ESO-51.2",0.0594546971643108,7.47534554418043,4,37.5897845791179,5.27635006404141
"ESO-51.3",0.086092218667689,6.26321667909439,2.30724738910844,0,6.26321667909439
"NCI-H2591.2",0.0542397329829672,46.1453867397076,0.740481588306256,0,46.1453867397076
"NCI-H2591.3",0.0921572881890192,16634.2099445573,0.217385760691673,0,16634.2099445573
"HSC-3.2",0.27018798944807,2.98049703777891,0.56359397070069,0,2.98049703777891
"HSC-3.3",0.363098914427715,1.36525582920395,0.459553364234671,0,1.36525582920395
"HuO-3N1.2",0.0740974746259792,NA,2.19436603241889,67.4068438351903,2.1107690254499
"HuO-3N1.3",0.0936923283110202,19.5568907969667,0.731865177312453,0,19.5568907969667
"IGR-1.2",0.0260909847165314,9.86420756582652,4,0,9.86420756582652
"IGR-1.3",0.0458368698909835,8.00847980025665,3.79075024556047,0,8.00847980025665
"IM95.2",0.0496691376350457,15.9229283534711,1.27979262838025,0,15.9229283534711
"IM95.3",0.0771584695634845,7.57761372143333,1.83978539300366,0,7.57761372143333
"SiMa.2",0.069431237525541,6.44119518238268,4,0,6.44119518238268
"SiMa.3",0.0698035688102593,6.42182471101751,4,0,6.42182471101751
"HEY.2",0.0681592254210321,16.4312885105911,1.39707951472011,36.1245812007783,6.56417896172487
"HEY.3",0.130789082045904,9.72911310894872,0.773708975027008,0,9.72911310894872
"697.3",0.280683556336521,1.42247951032411,2.35435822589125,1.41189319001167,1.40527781522759
"697.4",0.33129890622203,0.978385601114413,1.83871002009886,3.45552196334627,0.941011692888593
"A-375.43",0.12678585341934,4.33658064034251,2.62609074593212,0,4.33658064034251
"A-375.44",0.111070882417958,4.87282119776315,2.72746099359586,0,4.87282119776315
"A-375.45",0.114179667173122,4.71746197736977,2.89034621915025,0,4.71746197736977
"A-375.46",0.129617774363132,4.35226413660486,2.25248296929842,0,4.35226413660486
"A-549.36",0.297465407375899,1.68151722511643,0.765205488396367,0,1.68151722511643
"A-549.37",0.390189453292374,0.96681502442908,0.488619408741846,0,0.96681502442908
"A-549.38",0.399165875518478,1.3728371109385,0.303236546714726,0,1.3728371109385
"A-549.39",0.408321802159198,0.983824042012877,0.369559488101503,0,0.983824042012877
"A-549.40",0.461301870613659,0.56928858187324,0.284836656844942,0,0.56928858187324
"C32 [Human melanoma].41",0.0212108116000095,10.5841673964513,4,0,10.5841673964513
"C32 [Human melanoma].42",0.0154509507187093,11.7063744203747,4,0,11.7063744203747
"C32 [Human melanoma].43",0.0190493956109533,10.9614135489685,4,0,10.9614135489685
"C32 [Human melanoma].44",0.0138400152614858,12.1047491570939,4,0,12.1047491570939
"C32 [Human melanoma].45",0.0106613340717113,13.0714311451567,4,0,13.0714311451567
"C32 [Human melanoma].46",0.0502978274589039,11.743139052396,1.64063761704121,0,11.743139052396
"MFM-223.32",0.123956389212809,11.608561604398,0.740577195660012,0,11.608561604398
"MFM-223.33",0.101617197692775,11.9250275683121,0.878769554249779,0,11.9250275683121
"MFM-223.34",0.124803498545091,11.0576050932582,0.979085781917194,31.3398127282737,4.04076340383719
"MFM-223.35",0.0638630303988441,NA,4,52.3152352576781,3.98993067108854
"MHH-ES-1.44",0.0815147797707964,5.7004284753384,4,21.4248469295995,4.95635198572859
"MHH-ES-1.45",0.0640548084666128,7.26391882108127,2.79448688697742,0,7.26391882108127
"MHH-ES-1.46",0.0670308085903374,7.85978216124202,2.11713088136853,0,7.85978216124202
"MHH-ES-1.47",0.102293133384523,6.1192488280076,1.68399759405629,0,6.1192488280076
"MHH-ES-1.48",0.0696707796836877,8.29370221628631,1.82530820823451,0,8.29370221628631
"PC-14.48",0.668163876366508,0.000398006938704621,0.105926053875282,0,0.000398006938704621
"PC-14.49",0.668642638196564,0.000778959705818636,0.118442812414322,0,0.000778959705818636
"PC-14.50",0.673240820737184,0.000218045346275729,0.100248411615044,0,0.000218045346275729
"PC-14.51",0.666220573791396,1e-06,0.054729331868185,0,1e-06
"PC-14.52",0.669751845424384,0.000421015530982846,0.107962795111036,0,0.000421015530982846
"PC-14.53",0.651090548675339,1.67721463255169e-05,0.0636140394337713,0,1.67721463255169e-05
"SW620.49",0,NA,0.674380146821289,100,4.04208706291456
"SW620.50",0.0889304943327174,5.5967748844062,3.54681353883833,0,5.5967748844062
"SW620.51",0.110228764393041,4.78069625338751,3.38377984632831,0,4.78069625338751
"SW620.52",0.085927608062866,5.81771331013741,3.17608056311827,0,5.81771331013741
"SW620.53",0.112270252456829,4.921974120688,2.44436297003857,0,4.921974120688
"SW620.54",0.0882426303055306,5.68714215487574,3.26227443016639,0,5.68714215487574
"SNU-C2B.47",0.182764384630193,203.306011090778,0.80136437287079,49.3169769100225,0.95818651418762
"SNU-C2B.48",0.234788925655987,12.0812799576349,0.360848638251603,0,12.0812799576349
"SNU-C2B.49",0.184073659766358,9.9309479396715,0.654825900186827,27.4358052410183,2.94640836682636
"SNU-C2B.50",0.21034262028473,7.23230581912275,0.513760636018078,0,7.23230581912275
"SNU-C2B.51",0.247686637278009,23.8606222387944,0.274095510301813,0,23.8606222387944
"SNU-C2B.52",0.254134978781312,18.4056205734806,0.283976487869929,0,18.4056205734806
"U2OS.44",0.0779037159075531,NA,4,52.899129231714,3.19871648252338
"U2OS.45",0.0812705079445897,8.48449496332286,2.28145929221123,40.3941861621509,4.11718839560496
"U2OS.46",0.0698562313766145,8.39332112675968,1.78590323991579,0,8.39332112675968
"U2OS.47",0.120777797592603,18.6537284478918,0.611987860737945,0,18.6537284478918
"U2OS.48",0.12313172296064,NA,0.269846007545775,64.5348434203087,3.85848728285574
"HCT 15.39",0.183580391089726,2.60540900485208,2.47894804448663,16.1047085337032,2.2272560815642
"HCT 15.40",0.306419867440676,2.21870649000584,0.52031884898261,0,2.21870649000584
"HCT 15.41",0.176362350670056,3.56991112899538,1.26942604737122,0,3.56991112899538
"HCT 15.42",0.190616678685697,3.42191572665607,1.09534725328156,0,3.42191572665607
"HCT 15.43",0.270261368416914,1.98462173124739,0.872750699974733,17.7864125180299,1.19924692184146
"HT-29.48",0.14679314726337,6.17302073577801,0.925613180545116,0,6.17302073577801
"HT-29.49",0.173826647944797,5.13154114468072,0.837694579329993,0,5.13154114468072
"HT-29.50",0.170508942770431,5.76606312324738,0.786392938070102,0,5.76606312324738
"HT-29.51",0.158885996632733,9.03275284696744,0.651539366195286,0,9.03275284696744
"HT-29.52",0.162718221159388,NA,4,56.5152179791694,0.754226479014296
"A-375.47",0.12234263704792,4.42310938320107,2.94843296569742,0,4.42310938320107
"A-375.48",0.141248417363129,3.73190437153845,4,2.96948278332312,3.67521664061155
"NCI-H727.3",0.102552156795778,5.17627553386339,2.8526840711284,0,5.17627553386339
"NCI-H2009.2",0.156937027042114,3.48563778536234,2.44260708177306,0,3.48563778536234
"786-O.2",0.15610215810202,3.94542204511913,1.49688868793684,0,3.94542204511913
"786-O.3",0.190664018938548,3.24663463852374,1.19798009883285,0,3.24663463852374
"ALL-PO.2",0.269647862808167,1.32413575454919,2.21104239687413,14.6544884444963,1.1318885901313
"ALL-PO.3",0.295476066651512,1.18439813921968,1.63053824815153,11.6508610123494,1.00655468961541
"ASH-3.2",0.0374766149077243,8.6139176349339,4,0,8.6139176349339
"ASH-3.3",0.0222467935189632,10.4176740098441,4,0,10.4176740098441
"ATN-1.2",0.109871506570568,4.73022387834752,4,0.674079717228957,4.7141998985986
"ATN-1.3",0.122677081004517,4.35545300869024,3.43996831614389,0,4.35545300869024
"BICR 10.2",0.0597618296818582,7.17602844873609,3.4316850808146,0,7.17602844873609
"BICR 10.3",0.0982189897724077,6.2834574930037,1.73025092678865,0,6.2834574930037
"CAL-27.2",0.65667848191841,0.0106691709074696,0.25542063012909,11.9370234018597,0.00366706213259216
"CAL-27.3",0.608611763265553,0.0179645364578445,0.157637580783341,0,0.0179645364578445
"CAS-1.2",0.0697692797770672,9.28614809471449,1.56175299748553,0,9.28614809471449
"CAS-1.3",0.0725938756458246,18.0602136638351,2.70880037592896,49.255154367145,3.8219950350328
"CHSA8926.2",0.160830943527924,NA,4,50.4690513567381,1.06160789524777
"CHSA8926.3",0.175278796562356,NA,4,53.263702640499,0.74985232604466
"CTV-1.2",0.351542965282026,0.838399825992007,2.42321036844724,3.119403140587,0.816405279698412
"CTV-1.3",0.387638029266971,0.618895566248001,2.04932311052158,5.87966583790638,0.582244758518479
"EJM.2",0.0853142256895849,6.52644737095254,2.10312861256714,0,6.52644737095254
"ES-2.2",0.182509069739615,3.2203922887238,1.42318740812088,0,3.2203922887238
"ES-2.3",0.155574205949694,3.66295098212834,1.79809090449905,13.5463422946814,3.07264147343899
"FaDu.2",0.521179338208557,0.208253241230241,0.21176295034685,0,0.208253241230241
"FaDu.3",0.488439135402317,0.438452591959322,0.144578305703888,0,0.438452591959322
"GOTO.2",0.111870913610747,4.35412969874708,4,19.6429636554375,3.84347183601218
"GOTO.3",0.0960723442360475,5.80330701643178,2.20481723852063,0,5.80330701643178
"H9.2",0.18858037891207,2.61515918508979,2.762247190491,7.41376229593422,2.46754332481141
"H9.3",0.200990809560814,2.76091495092256,1.43801748707707,0,2.76091495092256
"HeLa.2",0.0176314435438661,22.6451445380279,1.75485617960648,0,22.6451445380279
"HeLa.3",0.0129955327422892,NA,0,97.4008934515422,0.621204315942648
"HuH-1.2",0.0676328798876216,8.0174987739054,2.01205135248228,0,8.0174987739054
"HuH-1.3",0.0275340938940656,9.67804850749969,4,0,9.67804850749969
"J82.2",0.0670833563735405,15.1275605192583,1.06971832215869,0,15.1275605192583
"J82.3",0.0491359202481111,23.5210375944512,1.53807434844199,40.4312041476588,8.02723000680315
"KMS-12-BM.2",0.0915511338465253,6.10676211857882,2.14306763133876,0,6.10676211857882
"MDST8.4",0.0626455682734114,NA,4,52.1829202944769,4.07329501375884
"NCI-H716.2",0.0157946766207383,11.627356924386,4,0,11.627356924386
"NCI-H720.2",0.100361603636599,NA,0.615601006127145,53.1723442017104,4.94742789677796
"SNU-407.4",0.304135516554499,9.55568949894802,0.436923744098327,38.3668959535322,0.339522552608513
"Jiyoye.2",0.274010438274439,1.69446853886294,1.04587055055604,6.85531903461267,1.47163327965459
"HCT 15.44",0.32091516942811,1.11881222261043,1.37253146867194,0,1.11881222261043
"HT-29.53",0.719582717576014,0.034633003084833,0.773673148239579,8.13815399858759,0.0275276370584334
"SK-CO-1.7",0.78599779831354,0.023224938524984,1.02078103406701,6.41238235805366,0.0203030449663642
"SW620.55",0.513464925140158,0.27373078551959,0.505897964408786,0,0.27373078551959
"BT-20.2",0.00795050821060277,14.2042161164491,4,0,14.2042161164491
"BT-20.3",0.142372682058464,NA,1.25946400980626,84.2859908328973,0.0120612912677117
"CL-40.4",0.106992053258631,4.46361590359562,4,24.8405695143948,3.75940848003383
"CL-40.5",0.123436363306617,4.88098215811648,1.7974688028833,0,4.88098215811648
"COLO 792.2",0.116653260492297,4.61179695507624,2.98243443218055,0,4.61179695507624
"COLO 792.3",0.139203614089156,4.24306994497049,1.82395418114992,0,4.24306994497049
"HCC1419.2",0.246549222296921,7.90723361752461,0.393851273800085,0,7.90723361752461
"HCC1419.3",0.329350483583555,5.38305842574259,0.267802015465478,0,5.38305842574259
"HCC1428.2",0.0801706917500594,5.77862205119977,4,20.1430231862387,5.07976062220677
"HCC1428.3",0.0876407099801371,5.58642914325433,3.38187176448605,24.9508777736294,4.55379566436888
"HCC1937.3",0.102591493162197,5.79218623209231,1.88187800401488,0,5.79218623209231
"HCC1937.4",0.126707440303535,5.78756916555477,1.2458846035133,0,5.78756916555477
"HCC2998.4",0.137445305299793,4.39109004165784,1.71996795689707,0,4.39109004165784
"HCC2998.5",0.167940804620149,3.54519833467164,1.51247082126016,3.33560070769547,3.38700476172264
"HuP-T3.2",0.090788487892904,8.00793534708469,1.36524131502903,0,8.00793534708469
"HuP-T3.3",0.0969365107629694,9.48595226637705,1.0773577222044,0,9.48595226637705
"IGROV-1.2",0.458829473478406,0.452909305295489,0.625808347045685,0,0.452909305295489
"IGROV-1.3",0.459950547997801,0.486298241703125,0.443322185254416,0,0.486298241703125
"KLE.2",0.181880580926665,10.7460782832132,0.515625,1.73472347597681e-16,10.7460782832132
"KLE.3",0.325796285264454,11.7500388577493,0.209514154463236,0,11.7500388577493
"KY821.2",0.273256006827349,1.43371274797106,3.8372502181362,3.87167946375795,1.40391371442579
"KY821.3",0.288222221451698,1.28324087622636,2.16344625623804,5.92936364143355,1.21051079948602
"KYSE-150.1",0.196018208108065,2.88718164218108,1.41762143995803,0,2.88718164218108
"KYSE-150.2",0.287661375353985,1.97562630202589,0.69773092455706,0,1.97562630202589
"MCF-7.2",0.0350871520153883,8.84151447327981,4,0,8.84151447327981
"MCF-7.3",0.0246885334854783,10.0556106877688,4,0,10.0556106877688
"SNU-C5.4",0.0916149176839127,5.25228114847343,4,40.6031618742739,3.45820632377817
"SNU-C5.5",0.0736625067273727,8.01805672644869,1.78865586671615,0,8.01805672644869
"G-401.2",0.0898735793996043,25.3941230614602,0.678579696620692,0,25.3941230614602
"HT-1080.2",0.028352195377594,NA,4,72.6779248750699,4.95529505749382
"HT-1080.3",0.0425703082351261,NA,4,74.4470540305912,3.17206733622277
"SAT [Human HNSCC].2",0.558980402700864,0.0303260929241434,0.966118698634901,39.9565727069359,0.00575813530748622
"SAT [Human HNSCC].3",0.543619859580092,0.0159651642179399,4,44.5683915626772,0.00916564437156753
"HT-55.3",0.290020098514445,6.00858631554006,0.335127329690216,0,6.00858631554006
"COLO 205.5",0.0737340722921751,6.50095329148117,4,40.660057499484,4.27386298678263
"COLO 205.6",0.0224090234942514,10.3923484356667,4,0,10.3923484356667
"42-MG-BA.2",0.152247421139149,3.6903569256322,1.91639097396923,12.5560603858641,3.17347095599629
"42-MG-BA.3",0.109164832810502,4.26923392275869,4,32.2647479153711,3.29470694968639
"Caov-4.1",0.149639850220623,8.30796700666663,0.88218011224189,25.8683020600416,3.63796158677288
"MDA-MB-175-VII",0.843525386954701,0.0133666336845213,0.933464125468865,3.85512253883566,0.0122656829330203
"MDA-MB-175-VII.1",0.84758729813092,0.0162528384943948,1.62869806479858,6.29849836401328,0.0149632916963702
"NCC-IT",0.125037079953795,4.34545640175456,2.87814848496943,0,4.34545640175456
"NCC-IT.1",0.101150581641183,4.7630575780726,4,21.2970340126294,4.14595920552298
"NCI-H1869.1",0.320346659437836,1.79065649944289,0.551467420686308,0,1.79065649944289
"NCI-H1869.2",0.284795983223694,3.10590925113679,0.48756702857916,0,3.10590925113679
"NCI-H2029.2",0.0677799908173674,8.81597851597987,4,47.6136644655563,4.1206041837339
"NCI-H69",0.315927756552753,1.13661806424473,1.9311303869124,0,1.13661806424473
"NCI-H69.1",0.281266498720754,1.45726645172398,1.69973020179152,0.613360276054967,1.44672243218593
"NCI-H847",0.234363920561981,2.02568065165115,1.9534279280676,0,2.02568065165115
"NCI-H847.1",0.143721719167345,3.74469788956217,3.3824836347369,0,3.74469788956217
"OVKATE",0.238609274526909,8.53379777287572,0.400903051298466,0,8.53379777287572
"MDA-MB-175-VII.2",0.825672002833539,0.0175861652401517,1.44321102862833,7.49408912756321,0.0157147478646285
"MDA-MB-175-VII.3",0.835743444851569,0.0168127149801243,1.56358549940618,7.19645255594215,0.0152220829174841
"NCI-H69.2",0.313332981038791,1.16830454914698,1.64615796403048,0,1.16830454914698
"NCI-H69.3",0.242561556460524,1.98085638389532,1.49769924957885,0,1.98085638389532
"NCI-H847.2",0.195884060813579,2.70099391631747,1.87369311306786,0,2.70099391631747
"NCI-H847.3",0.15972578916451,3.44012782174359,2.29340817100127,0,3.44012782174359
"SNU-C1.5",0.64166312150404,0.0452633834304746,0.962193451879038,20.8240261324885,0.0258589095981951
"LS1034.4",0.47890997086589,0.373086542426296,0.676963071433151,0,0.373086542426296
"BPH-1.2",0.506264594346937,0.289836909050584,0.314311509194591,0,0.289836909050584
"CHP-212.2",0.155114824633151,3.41146507676324,3.32831769946398,2.46598725415995,3.36001597025262
"CHP-212.3",0.146601404795444,3.38915779342166,4,12.3666841271448,3.1567661403307
"COR-L23.3",0.141753256409524,3.92930653677688,2.0729226542046,28.0246493506794,2.64288830208438
"COR-L23.4",0.130570318938174,5.12318068791511,1.41030586782854,0,5.12318068791511
"ES4.2",0.151302277044107,4.70530726662192,1.17974656177591,0,4.70530726662192
"ES4.3",0.255057607160575,2.88774800852791,0.658109198883618,0,2.88774800852791
"HCC1954.3",0.290914178099088,2.5754261052332,0.529387993978897,0,2.5754261052332
"HCC1954.4",0.358986117429032,1.8072963492993,0.377053538111466,0,1.8072963492993
"HOP-92.2",0.0456145286544405,NA,4,69.5113927861667,3.57234224104322
"HOP-92.3",0.0569268543703001,18.5925678283858,1.06064082935774,0,18.5925678283858
"KMS-12-BM.3",0.138852073224182,3.63681214343547,4,10.8892047773271,3.42020808291637
"KMS-12-BM.4",0.139678374788971,3.5279371942556,3.96073447668961,14.9538539776074,3.22519454009726
"LC-1/sq.2",0.187156496607365,40.026624913617,0.330684942121347,0,40.026624913617
"LC-1/sq.3",0.265445099430906,5128.72692488728,0.106082167870177,0,5128.72692488728
"LS411N.4",0.154530488900032,2.97909193623641,3.32296637226834,24.8677020060156,2.42204922266155
"LS411N.5",0.210990909606251,1.99525375806569,2.04106589273787,27.6595848854614,1.34455479161219
"NB(TU)1.2",0.251255740633329,1.87498405356415,1.42423681980555,0,1.87498405356415
"NB(TU)1.3",0.264072749181644,2.1305671180654,0.834351589740538,0,2.1305671180654
"NCI-H1341.1",0.123760275262154,4.32041699460853,2.51066151085123,28.3764325401809,3.09404741138269
"NCI-H1341.2",0.133674488561677,6.4824970217533,1.01280743246168,0,6.4824970217533
"NCI-H747.3",0.256442244217755,599.876238870042,0.510923951932592,48.9552372492034,0.309025550811946
"NCI-H747.4",0.275294819170184,13.2866906184192,0.276964288305502,0,13.2866906184192
"P12-Ichikawa.4",0.280644012473141,1.40768502579847,2.60273586350374,2.04286318210804,1.38530318098881
"P12-Ichikawa.5",0.281533426384665,1.32565052301661,2.60954509166234,6.19848217962066,1.2600909611277
"WSU-DLCL2",0.232955828490176,2.05468263112195,1.87713483503292,0,2.05468263112195
"WSU-DLCL2.1",0.185800662156135,2.93458346209244,1.80640012405049,0,2.93458346209244
"Hs 633.T",0.163684431665753,3.23720355798641,4,0,3.23720355798641
"Hs 633.T.1",0.115417903894112,4.48713061882924,3.34375,9.375,4.21696503428582
"ES1",0.310380740085551,1.17195347287317,1.49552095536859,2.94784056983622,1.12528893446622
"ES1.1",0.26531523589178,1.62808805796152,1.45997955762487,5.01147931034481,1.5144704815055
"MOG-G-CCM",0.111258087039972,5.34874614742917,2.15543708158099,30.217510832122,3.47878190512228
"MOG-G-CCM.1",0.0907313609284895,8.08671460270317,1.3511176114123,0,8.08671460270317
"MOG-G-UVW",0.124741354267569,3.86299020770516,4,20.9771748538347,3.37183277281941
"MOG-G-UVW.1",0.138765531901108,3.44532869338164,4,19.5921616109371,3.04252774355824
"OC 314",0.305564495214867,1.46973325233889,0.851196564235863,0,1.46973325233889
"OC 314.1",0.348351770534069,1.07560749237174,0.737690306079077,10.4010371698965,0.784064944866407
"ES1.2",0.307771420522343,1.0684746537056,2.3298479745628,8.16288815172699,0.989782125557492
"ES1.3",0.223980737040155,2.26723143834828,1.53766696224529,0,2.26723143834828
"Hs 633.T.2",0.156907220230753,3.38196422713331,3.58379553076402,1.10684061397424,3.36090525896218
"Hs 633.T.3",0.11812075733989,4.52080100294001,3.27010307062932,0,4.52080100294001
"MOG-G-CCM.2",0.0735964439527375,6.14074311324701,4,23.2613158123837,5.25125897385978
"MOG-G-CCM.3",0.10167298225924,4.62426985554882,4,38.6999866924828,3.18838243306778
"MOG-G-UVW.2",0.160277174045408,3.37593583815709,2.22558738971381,5.85964728455286,3.19205690872408
"MOG-G-UVW.3",0.0902413259354816,5.40524987759141,4,7.22127633146551,5.19852611816724
"NCI-H2452",0.145564390315976,3.22805179768878,4,20.4329762753596,2.83073944222167
"OC 314.2",0.276019786843634,1.64059188164697,1.15414680790238,0,1.64059188164697
"OC 314.3",0.349598085956934,1.21332525786022,0.620252032390109,0,1.21332525786022
"WSU-DLCL2.2",0.217301688656475,2.25849849054642,2.33500064211209,0,2.25849849054642
"WSU-DLCL2.3",0.168572639806156,3.2212370482005,2.28817182002028,0,3.2212370482005
"BPH-1.3",0.487774536609374,0.365174127254838,0.390625,0,0.365174127254838
"A-172.3",0.111640623948646,4.48713536696731,3.64709607678312,15.6683436805939,4.04762816381722
"A-172.4",0.165186376663562,7.64841398890725,0.681830806962727,0,7.64841398890725
"CADO-ES1.3",0.125433404952822,4.1643767010765,4,4.28857296806004,4.07205562385535
"CADO-ES1.4",0.113677501611214,4.8403280312376,2.5125413163882,0,4.8403280312376
"CAL-78.2",0.179011507473256,2.8299672015,3.12621856313941,4.99809923705492,2.73621727459353
"COLO 678.3",0.340779398676799,NA,1.38101378705972,63.4742854433882,0.00923444892324831
"COLO 678.4",0.290042032652294,NA,0.0347305419019102,52.3034395970051,1e-06
"Daoy.2",0.0964363203382269,5.23058456596741,4,0,5.23058456596741
"Daoy.3",0.111552737710079,4.76750542756652,3.13753002271365,0,4.76750542756652
"Daudi.2",0.163389742482547,3.22262213615908,2.89346199166142,3.47891288561699,3.14329347356849
"Daudi.3",0.141772321280905,3.68273164165058,3.70515926234177,5.50041042845831,3.56869688751298
"DG-75.3",0.326805978353242,1.10885515448493,1.17795276558564,0,1.10885515448493
"DG-75.4",0.354523914428285,1.01839041418005,0.781434458715175,0,1.01839041418005
"EBC-1.2",0.0474796770673208,9.29117006723473,2.39365000546423,0,9.29117006723473
"EBC-1.3",0.0924518604514199,NA,1.02416183635855,60.5107403930903,2.43007979457451
"EJM.3",0.150659837994589,4.90602854930938,1.12540924456286,0,4.90602854930938
"EM-2.3",0.120897454773398,4.49823428593054,2.80172920386068,0,4.49823428593054
"EM-2.4",0.0985948862280448,5.40664292635017,2.67359782178371,0,5.40664292635017
"Evsa-T.2",0.0792923725812237,5.81092734671076,4,24.206183657526,4.92472342446784
"Evsa-T.3",0.0754682966196625,8.62492245451689,3.54581779372074,47.4085533485664,3.74313767627299
"G-402.2",0.138779297254284,3.77580820127627,2.41091260847498,29.1645922058526,2.62617449734029
"G-402.3",0.181089813063553,4.71154015870482,0.842765774127036,0,4.71154015870482
"HGC-27.2",0.111305314542721,4.61507652061363,4,5.10236708869755,4.49254324587222
"HGC-27.3",0.0981689226394684,5.42342389465542,2.67918828558193,0,5.42342389465542
"IMR-5.2",0.180926178999913,2.76883271482301,4,4.55893199020758,2.70343759600444
"IMR-5.3",0.178496948869717,3.45954782587102,1.30265981316825,0,3.45954782587102
"JHH-1.2",0.0820586585953026,32.1876829700534,0.661218653925389,0,32.1876829700534
"JHH-1.3",0.233207573977579,138.030686193559,0.202931069153184,0,138.030686193559
"JHH-6.2",0.0705205279643942,NA,2.38227339771417,59.4459917325799,3.08387440478457
"JHH-6.3",0.064017668036112,55.0705218751992,0.64280972441975,0,55.0705218751992
"KE-37.2",0.295549453457226,1.29852443873329,4,0,1.29852443873329
"KE-37.3",0.308350162759456,1.19844653766633,1.79535943267555,0.366374488298917,1.19354729119742
"KMRC-20.2",0.142237223702849,4.9144718463478,1.25866284932347,0,4.9144718463478
"KMRC-20.3",0.260569444382301,13.6362589490206,0.2992975702661,0,13.6362589490206
"KYSE-140.2",0.377351414364768,NA,0.85959825740308,52.90800774313,0.0260060294591401
"KYSE-140.3",0.376594028025548,NA,1.38192172493662,56.1097437000278,0.0214995175503112
"HCC2998.6",0.700048440209765,0.060009166801288,1.19481011808882,4.94394678790704,0.055001332144461
"NCI-H716.3",0.409695254105002,0.66741822723518,0.687014351100267,0,0.66741822723518
"RCM-1 [Human rectum adenocarcinoma].4",0.535911584807377,0.224436500007591,0.565381084488652,0,0.224436500007591
"SNU-C5.6",0.391103380813947,1.11541346089595,0.40133119569271,0,1.11541346089595
"T.T",0.389220309663633,1.08001630293336,0.431162291222559,0,1.08001630293336
"T.T.1",0.367429502575892,1.13419269711474,0.538302913913588,0,1.13419269711474
"T.T.2",0.423037126701239,0.746913785713146,0.422553883114503,0,0.746913785713146
"T.T.3",0.384187039382888,1.2182849056707,0.403740723476693,0,1.2182849056707
"PC-3 [Human lung carcinoma]",0.633376158940732,0.0211205379085061,0.210617528727601,0,0.0211205379085061
"PC-3 [Human lung carcinoma].1",0.654045625731517,0.0102525652778398,0.192269857052623,0,0.0102525652778398
"RMG-I",0.445655558593897,0.661684304774799,0.326195346312475,0,0.661684304774799
"RMG-I.1",0.440815727918397,0.701141295146913,0.330397639858575,0,0.701141295146913
"RMG-I.2",0.354222133544087,2.03970693360377,0.361807764700595,0,2.03970693360377
"ES6.1",0.1271615635956,3.88696140305627,4,15.9208398830733,3.53174995127233
"ES6.2",0.159985949041773,7.23389108259432,0.733975378682237,0,7.23389108259432
"HCT 15.45",0.277754878195292,1.61945989798829,1.12597492141003,0,1.61945989798829
"HCT 15.46",0.241767782445405,1.99259680446531,1.4536858331613,0,1.99259680446531
"HCT 15.47",0.250972504783,1.97241378578015,1.17449674449591,0,1.97241378578015
"HT-29.54",0.194817735932646,3.97719509405391,0.858863752275979,0,3.97719509405391
"HT-29.55",0.162923433591407,4.59449171294357,1.07455750527085,7.99549096125016,3.90673524831663
"HT-29.56",0.146210148547336,5.70242478279046,0.996528005122957,0,5.70242478279046
"SK-CO-1.8",0.442904423738348,0.522389149099953,0.592576210622052,0,0.522389149099953
"SK-CO-1.9",0.456087934165761,0.487402347905186,0.485156648019328,0,0.487402347905186
"SK-CO-1.10",0.420741632093464,0.624408324278878,0.63122406686084,0,0.624408324278878
"SW620.56",0.103890932832245,5.25885155627272,2.44192438993018,-1.38777878078145e-15,5.25885155627272
"SW620.57",0.0752322490376906,6.13945657777118,3.98267276543902,0,6.13945657777118
"Caov-4.2",0.200849402216407,2.99425166387192,1.18157671435314,0,2.99425166387192
"NCI-H2452.1",0.309811277749676,1.34414532449997,0.957593086293602,0,1.34414532449997
"NCI-H2452.2",0.287080133542182,1.41371609784616,1.2967664021928,5.32602260253285,1.29610790082143
"NCI-H2452.3",0.271816357895188,1.69301243604931,1.14120923970557,1.3452928235691,1.65302980189128
"OVKATE.1",0.138716540213565,28.6910968439494,0.471754298453264,0,28.6910968439494
"OVKATE.2",0.153690002184629,22.8313109936535,0.464002576812313,0,22.8313109936535
"23132/87.2",0.256270187879558,2.22052472827965,0.868508828155759,0,2.22052472827965
"23132/87.3",0.445048906778401,0.591798615162013,0.408685493793041,0,0.591798615162013
"8-MG-BA.3",0.150668111901913,3.4284596642675,4,5.72786910404851,3.32574655391991
"8-MG-BA.4",0.152777809265818,4.09705282486981,1.46666124294725,0,4.09705282486981
"A-498.2",0.0896401664655035,5.8431971459598,2.64365289393882,0,5.8431971459598
"A-498.3",0.172485527944241,12.6043069119301,0.512108550948845,0,12.6043069119301
"AGS.2",0.16435581785745,3.47054094068461,1.80084700305058,0,3.47054094068461
"AGS.3",0.202537685533863,3.45887135343852,0.927703892330635,0,3.45887135343852
"AU565.2",0.645653936928775,0.00775921305742019,4,35.1959769624335,0.00572361105910848
"AU565.3",0.712975172205949,9.67439703817665e-06,0.0881623357971641,0,9.67439703817665e-06
"CAL-120.2",0.088767021934456,5.48953456172138,4,41.636207673468,3.51070091785385
"CAL-120.3",0.135223105186359,7.27254134622564,0.904663719193212,0,7.27254134622564
"DEL.2",0.276733563700557,1.42077494178866,3.32805392331649,2.9872304016675,1.39471768023824
"DEL.3",0.336809967916939,1.1064960125389,0.90702790272306,0,1.1064960125389
"Detroit 562.2",0.349720241138313,1.28866194056345,0.571773445790188,0,1.28866194056345
"Detroit 562.3",0.412711752759331,0.883085119529203,0.394631056375973,0,0.883085119529203
"DiFi.6",0.696467134067145,2.00083802099569e-05,0.0865057326773482,0,2.00083802099569e-05
"DiFi.7",0.664221973641462,0.000918489067877403,0.118334520688167,0,0.000918489067877403
"EFM-192A.2",0.314957312675616,NA,0.630823876019937,57.6975893535279,0.033093271166398
"EFM-192A.3",0.38188322371618,NA,0.938799370662659,54.4469593361645,0.0193904267092515
"G-401.3",0.205720399622672,4.28886562297702,0.729912518620016,0,4.28886562297702
"G-401.4",0.120677696282724,6.05994154973031,1.81883680371545,38.3995660426819,2.71407242108647
"GP5d.5",0.314091572679501,1.76895394684524,0.5949095870138,0,1.76895394684524
"GP5d.6",0.258675233839623,2.88552551362051,0.637644427253904,0,2.88552551362051
"NCI-H513.2",0.278372445886691,4.43594082249592,0.41630849540856,0,4.43594082249592
"NCI-H513.3",0.340739294061166,5.18913727143654,0.249858060080634,0,5.18913727143654
"Jurkat.2",0.217416433238114,2.22417143917179,2.28707667706557,2.28422132645245,2.17915843715443
"Jurkat.3",0.136767265986342,4.16787927823529,2.10913200879653,0,4.16787927823529
"LN-18.2",0.0514458249307358,7.51048353511094,4,0,7.51048353511094
"LN-18.3",0.0426459008263326,9.05502303168003,2.87127325293567,0,9.05502303168003
"NCI-H2052.2",0.114114535231321,4.7055876160473,2.96216844089552,0,4.7055876160473
"NCI-H2052.3",0.12292191393437,5.30440398111958,1.51042210659288,0,5.30440398111958
"HO-1-u-1",0.47624610936039,0.491188842939605,0.227002742678071,0,0.491188842939605
"PC-3 [Human lung carcinoma].2",0.596677973794027,0.0293377013139662,0.169310821923094,0,0.0293377013139662
"PC-3 [Human lung carcinoma].3",0.6348532669138,0.0107735316233537,0.168111898125945,0,0.0107735316233537
"PC-3 [Human lung carcinoma].4",0.640751124102476,0.0225123864533754,0.230036195864404,0,0.0225123864533754
"ES6.3",0.148888123413833,3.64595310032426,2.84260975023455,0,3.64595310032426
"ES6.4",0.264507089355099,2.01199360671844,0.904993911948304,0,2.01199360671844
"HO-1-u-1.1",0.388019732498391,1.08851459484366,0.434038082238215,0,1.08851459484366
"HCT 15.48",0.364150577033471,0.896480778576112,0.865312350480148,0,0.896480778576112
"HT-29.57",0.709132863954323,0.0408809817478236,0.962816795627492,9.74971399872103,0.0326349021927486
"SK-CO-1.11",0.655015630911498,0.070875913090258,1.02294969789875,9.39500359289205,0.0578277153650565
"SW620.58",0.478171582857819,0.393035267645951,0.457724054908242,0,0.393035267645951
"SW948.1",0.100471121693189,6.32271528481831,1.63992229143995,0,6.32271528481831
"SW948.2",0.144919763724835,9.55816131532957,0.700243720792515,0,9.55816131532957
"SW948.3",0.114526795244153,4.24052183629123,4,20.3771064721612,3.72034891412465
"SW948.4",0.272436982606755,1.98934603238151,0.827422537768758,0,1.98934603238151
"Caov-4.3",0.24576445779024,2.62480212810633,0.792743894892788,0,2.62480212810633
"SW1417.4",0.551611382175209,0.114306263822333,0.648386528853041,23.3823047682359,0.0432306472085491
"SW837.4",0.428182297624514,0.592216309912856,0.522605068528956,18.520877427554,0.244325832068107
"CAL-29.2",0.383242666620103,1.20590920952638,0.412589901868775,0,1.20590920952638
"CESS.2",0.104939432594041,4.6407436640957,4,18.8261041948756,4.12375494370619
"CESS.3",0.0773845657450061,6.29547582548928,3.04574063944913,0,6.29547582548928
"GDM-1.2",0.194296124509797,2.4141483978366,2.24280502966377,17.2461334794847,1.99919100176701
"GDM-1.3",0.262915164994698,1.6311418486556,1.3469615281866,11.9766176119972,1.3310816060621
"NCI-H2373.2",0.0616180816085131,8.84660626862856,1.92147658121219,0,8.84660626862856
"HPAC.3",0.140496975525377,NA,1.78974679291741,85.470766579191,0.00682155439811759
"HPAC.4",0.117241479860592,13.5013251409903,0.722518186976994,0,13.5013251409903
"HT-3.2",0.182127863264277,21.1499614074009,0.404522204225115,0,21.1499614074009
"HT-3.3",0.27737218291776,23.7706951852902,0.232627115315473,0,23.7706951852902
"JSC-1.2",0.106341678999915,5.92117975547639,1.6614373300687,0,5.92117975547639
"JSC-1.3",0.0926265530534162,6.57320920482069,1.76845104019613,0,6.57320920482069
"JURL-MK1.1",0.252875611290706,1.75537329870535,1.53756497326128,6.49551112669024,1.60347880812414
"JURL-MK1.2",0.271834461833571,1.52947807151321,1.31380600803522,11.8348707190374,1.24525467514845
"KM12.4",0.141640675569966,5.73652699319761,1.04730554148168,0,5.73652699319761
"KM12.5",0.143583373539805,4.76282550914328,1.29479586236055,0,4.76282550914328
"LB996-RCC.2",0.422876310538942,1.24313360886471,0.239963876213368,0,1.24313360886471
"LB996-RCC.3",0.394412392563393,11.4134703930346,0.121299941005772,0,11.4134703930346
"LN-229.2",0.0891069470796204,76.7755615273094,0.489620794718578,0,76.7755615273094
"LN-229.3",0.15569671393585,74.7201546711242,0.336903564514005,0,74.7201546711242
"MOLT-16.2",0.203252293016376,2.42200713555499,2.82467931069486,2.81003164480684,2.37291543191755
"MOLT-16.3",0.244477764183415,1.86228381060627,1.87775041244538,2.10193169402783,1.8201731450633
"NCI-H1623.2",0.331961661439277,NA,0.777160007830615,58.6402706127483,0.0230177091647605
"NCI-H1623.3",0.434172565094794,NA,1.02986866243532,51.9990868463692,0.00975276726590785
"SNU-5.2",0.0103952450873672,13.1669676632926,4,0,13.1669676632926
"SNU-5.3",0.0140173196975758,12.0584292730648,4,0,12.0584292730648
"SiSo.2",0.0461850974284609,17.6323298259312,1.25272765507069,0,17.6323298259312
"SiSo.3",0.137826160791383,41.2314483858,0.427862033652747,0,41.2314483858
"SUP-M2.2",0.0843827786697442,5.72754059312791,4,0,5.72754059312791
"SUP-M2.3",0.0687772548384585,6.47544403985503,4,0,6.47544403985503
"SW780.2",0.0192098103782996,10.9318683674493,4,0,10.9318683674493
"SW780.3",0.0528842556721806,14.477607377648,1.31252679132505,0,14.477607377648
"TUR.2",0.0802345505565228,7.79035976856492,1.66429909936088,0,7.79035976856492
"TUR.3",0.0222358345996774,10.4193918382883,4,0,10.4193918382883
"VA-ES-BJ.2",0.0335873293327116,8.99228066408018,4,0,8.99228066408018
"VA-ES-BJ.3",0.0485038455950901,NA,4,54.2887456337538,4.87129495579958
"WM278.2",0.0593136825994667,7.00677497655885,4,0,7.00677497655885
"WM278.3",0.030203394394458,10.3596684039383,3.06959716330051,0,10.3596684039383
"WM793.2",0.121073067375671,4.65044773865393,2.27877344244096,0,4.65044773865393
"WM793.3",0.08821848482433,6.40573219556112,2.05443408066295,0,6.40573219556112
"Panc 04.03",0.201742455430807,25.5049154361371,0.344387493255843,0,25.5049154361371
"Panc 04.03.1",0.207560230932683,1199.12336297211,0.166457943596763,0,1199.12336297211
"Panc 04.03.2",0.22702730013795,48.4754366420871,0.257539493151207,0,48.4754366420871
"Panc 04.03.3",0.211625441981927,NA,1.90156032292,74.6952652627585,0.0290394046907491
"KMRC-1",0.106721684302387,14.57529771138,0.755432726052899,0,14.57529771138
"KMRC-1.1",0.107647260715474,23.0208338108125,0.618495071264316,0,23.0208338108125
"KMRC-1.2",0.178573349727063,NA,1.79138336638807,70.6425715475122,0.149121192240576
"KMRC-1.3",0.124367082105261,NA,0.63593930537079,65.2437717606541,1.10570285628662
"COR-L279",0.206730243922947,2.52880529179719,1.68126159668437,0.880236643198218,2.5022305725218
"COR-L279.1",0.175103766307515,3.31437111442181,1.56049354712762,0,3.31437111442181
"COR-L279.2",0.158922832942773,3.73085398712032,1.63168756194197,0,3.73085398712032
"COR-L279.3",0.0967442680410696,5.32396664139157,3.23343492193091,0,5.32396664139157
"B-CPAP.3",0.110217296044273,4.76909747984007,3.48894547863735,0,4.76909747984007
"B-CPAP.4",0.105726488601159,5.03079307995426,2.91887970852034,0,5.03079307995426
"CAL-29.3",0.302372752475198,12.6649545227587,0.238533979614795,0,12.6649545227587
"C-4-I.2",0.359967673863039,1.30614077626788,0.498630441996461,0,1.30614077626788
"C-4-I.3",0.458412529869914,0.552994041811109,0.330034259309089,0,0.552994041811109
"EGI-1.2",0.00148174665320565,22.1174740412662,4,0,22.1174740412662
"GB-1.2",0.0400943817139428,NA,1.40690820921533,50.0036786621335,8.88936778736052
"GB-1.3",0.181873255218061,152.070854442057,0.3125,25,16.5481709994318
"HC-1.4",0.163860426627336,3.3225111697905,2.36867017963843,0,3.3225111697905
"HC-1.5",0.229270247100659,2.18053321311175,1.5291645344808,0,2.18053321311175
"HCC1806.2",0.320404263884302,1.60198987509414,0.619721284327425,0,1.60198987509414
"HCC1806.3",0.39672279884247,0.99682187169999,0.428457920508994,0,0.99682187169999
"Hs 746.T.2",0.0370451208364082,8.65394983152805,4,0,8.65394983152805
"Hs 746.T.3",0.0867689092327427,5.79609894837996,3.11465626050429,0,5.79609894837996
"HT-144.2",0.157875502287212,3.24863359591506,4,5.80003503239903,3.15002290322419
"HT-144.3",0.169478821578488,3.61236936779779,1.40514402828119,0,3.61236936779779
"HuO9.2",0.223084289142262,2.02835631236929,2.10961890542975,10.2586371280461,1.81916298775134
"HuO9.3",0.270447965211398,1.84013429702811,0.96831056199062,0.89221232394245,1.8062338441602
"KCL-22.2",0.063225555252499,6.77852293391813,4,0,6.77852293391813
"KCL-22.3",0.136099153589014,4.32584262330719,1.86432240413135,0,4.32584262330719
"KOPN-8.2",0.191238382157814,2.84633061628106,1.71091414011411,0,2.84633061628106
"KYSE-180.3",0.30886603353647,3.4713650833447,0.380761920428667,0,3.4713650833447
"KYSE-180.4",0.41442654507946,1.24178245812051,0.270748990041947,0,1.24178245812051
"LXF 289.2",0.138305631077646,4.25197793816953,1.85697968944412,0,4.25197793816953
"NCI-H1838.1",0.259750617969327,30.1748772610946,0.811187768980285,48.8181178961586,0.29832485232281
"NCI-H1838.2",0.188887571398421,NA,4,62.851294519707,0.298350029212964
"SNU-175.4",0.450256695454753,0.640457399289263,0.309303979348054,0,0.640457399289263
"SNU-175.5",0.497069060207842,0.332706003033193,0.245768637937438,0,0.332706003033193
"NCI-H1155.2",0.0914829996161143,5.15599156137918,4,26.2394780168907,4.28088627976441
"NCI-H1155.3",0.094301720840703,6.05091222940484,2.0496057910514,0,6.05091222940484
"NCI-H1944.2",0.153726720958189,695.167557568815,0.231059504532737,0,695.167557568815
"NCI-H1944.3",0.211336534187187,6.34669135513171,0.544867483203489,0,6.34669135513171
"Rh30.2",0.12596723588968,4.47821040337913,2.25991709220354,0,4.47821040337913
"Rh30.3",0.195493169963168,2.80493014823198,1.58345387535129,0,2.80493014823198
"Raji.2",0.306673739817009,1.66445800776324,0.692563028606921,0,1.66445800776324
"5637.2",0.359764089501017,1.27705541319347,0.512506761747052,0,1.27705541319347
"5637.3",0.454160520741749,0.569615421594102,0.349545590977003,0,0.569615421594102
"LoVo.3",0.181219974565298,2.83929818539516,1.80511824926583,32.7392028061493,1.57515182207769
"NCI-H747.5",0.673778667503577,0.0258676410958317,0.318876299729483,0,0.0258676410958317
"SW1463.4",0.664038076320207,0.0511911499526024,0.704823625078935,11.1849049098845,0.0357413505049238
"SW948.5",0.13593495784959,5.03679896908452,1.32199366982865,0,5.03679896908452
"SW948.6",0.602788509780332,0.121123677271245,0.574380097436694,0,0.121123677271245
"CCK-81.3",0.72259366963125,0.0190592128840978,0.388793012986909,0,0.0190592128840978
"8505C.2",0.0877321888338263,6.92934684138332,1.7617039690486,0,6.92934684138333
"8505C.3",0.212447619599703,4.59298702198134,0.656177049894089,0,4.59298702198134
"A-253.2",0.0812692560647203,6.53459525481185,2.32607679432351,0,6.53459525481185
"A-253.3",0.211837859952238,3.46709298216571,0.836229925289467,0,3.46709298216571
"BFTC-909.2",0.229044422806007,4.32703943697834,0.600665052128126,0,4.32703943697834
"CAL-78.3",0.0928920881442816,7.8461987266931,1.35779484918773,0,7.8461987266931
"CAL-78.4",0.132091907145311,6.26272681981289,1.06553474046797,0,6.26272681981289
"DU4475.2",0.0787024893579256,5.9842752172214,4,0,5.9842752172214
"DU4475.3",0.0727782023405711,6.27029553105527,4,0,6.27029553105527
"ESO-26.2",0.266965972116677,7.20883882577761,0.360435793896174,0,7.20883882577761
"ESO-26.3",0.252002961907298,NA,4,70.2456719886285,0.0286921723726606
"NCI-H2373.3",0.0840367590554716,6.25390681734664,2.46311568111356,0,6.25390681734664
"NCI-H2722.3",0.0454413918775337,NA,4,62.564257406261,4.36250147600452
"NCI-H2722.4",0.0801369654054963,NA,1.72814702561635,75.4643665469953,1.05997484206383
"HCC2157.2",0.231352858928087,4.35378487211692,0.766828022981863,31.7047789693883,1.17345477509389
"HCC2157.3",0.302278172296624,4.92204627657034,0.679098899062376,43.7242505453975,0.231707072021061
"HT-55.4",0.372101525018736,2.67529721307274,0.261055411619855,0,2.67529721307274
"HT-55.5",0.275337578262004,6.92520603776432,0.347559272043474,0,6.92520603776432
"JJN-3.2",0.0907375810820378,5.55713240697473,3.34388024398603,0,5.55713240697473
"JJN-3.3",0.0782050608867244,5.91399400123358,4,14.4099693624402,5.4321339307369
"KP-1N.2",0.0825981525426849,6.92326074268918,1.95637007852428,0,6.92326074268918
"KP-1N.3",0.128600313472163,6.64013160449715,1.04568073370268,0,6.64013160449715
"LNCaP clone FGC.2",0.211673548238738,3.86634767310543,0.876282967352841,24.6216289984155,1.78326179050712
"LNCaP clone FGC.3",0.343189837017428,2.59619599987953,0.342180056419173,0,2.59619599987953
"Lu-99A.4",0.0399354547541537,8.39398234438374,4,0,8.39398234438374
"MDA-MB-361.2",0.27584256535965,5.06694503006244,0.396755970614844,0,5.06694503006244
"MDA-MB-361.3",0.350492154673153,7.02375570206851,0.207121045756335,0,7.02375570206851
"MES-SA.2",0.0767897392258637,7.4147630346259,1.92763527115032,0,7.4147630346259
"MES-SA.3",0.13747207589574,13.4527620166883,0.625256980273124,0,13.4527620166883
"MHH-PREB-1.2",0.0767312575912653,6.02641172020697,4,34.472276993597,4.49876431690884
"MHH-PREB-1.3",0.0354052229421465,9.07586645730137,3.61307890086877,0,9.07586645730137
"NCI-H1693.2",0.264032397752405,3.56671777982797,0.522565839254907,0,3.56671777982797
"NCI-H1693.3",0.39981580849437,3.00125968589484,0.186667287509719,0,3.00125968589484
"NCI-H1975.2",0.435853702336415,0.380136197179311,1.26197876759495,15.4129188363285,0.283863635977748
"NCI-H1975.3",0.444420667830866,0.339874019679984,1.18574499968895,18.2174134149626,0.23193302106254
"NCI-H720.3",0.108026658405234,4.69925270160246,4,7.27186919806021,4.51819293667103
"NCI-H720.4",0.071011474324742,6.47366493853542,3.52003737031015,0,6.47366493853542
"NEC8.2",0.0711217597161404,6.3539788246976,4,0,6.3539788246976
"NEC8.3",0.0706731137442767,6.37694332469188,4,0,6.37694332469188
"OE19.2",0.758267010506602,0.0144692969095965,0.843613238884521,14.1657925792978,0.00974891496861669
"BFTC-909.3",0.245888048843241,2.99111908918948,0.693402770712796,0,2.99111908918948
"COLO 824.2",0.247156114919818,2.43280104289657,0.857067540664371,0,2.43280104289657
"COLO 824.3",0.177012334744365,3.60530619599579,1.23255277150463,0,3.60530619599579
"EW-1.2",0.0970651735763432,5.2062368368823,4,0,5.2062368368823
"EW-1.3",0.0969465638285083,5.39962398134162,2.90014402337777,0,5.39962398134162
"EW-16.2",0.114485657131475,4.80296819491039,2.53009197709896,0,4.80296819491039
"EW-16.3",0.221443102960489,3.43344853779755,0.767603634494522,0,3.43344853779755
"KOPN-8.3",0.17825568094006,2.84596668551974,4,3.555318830066,2.79396722579243
"KOPN-8.4",0.140397133979468,3.76195451482315,3.1545160958489,5.7612896164353,3.61875447448944
"KYSE-50.2",0.0796627291507355,6.37807010773223,2.64413023265626,0,6.37807010773223
"KYSE-50.3",0.159544533555405,24.3037820649636,0.439984213919055,0,24.3037820649636
"LB771-HNC.2",0.00844720631909971,13.965761649731,4,0,13.965761649731
"LB771-HNC.3",0.013514054424238,12.1916684247565,4,0,12.1916684247565
"LXF 289.3",0.109344543929235,4.48775042123651,4,17.4886383060084,4.02990664139177
"LXF 289.4",0.131881351102124,6.91048346035284,0.974379108663802,0,6.91048346035284
"MOLM-13.2",0.336652227956353,1.0063084495648,1.37471199497969,0,1.0063084495648
"NCI-H1781.2",0.599498667869196,0.0867057456287071,1.14059958276517,17.5224035384553,0.0593964504427071
"NCI-H1781.3",0.613787624034896,0.0821022465460246,0.666433888747902,12.8184590300873,0.0526409491785055
"OACP4 C.2",0.274211651202835,2.37759625133981,0.6583688343121,0,2.37759625133981
"OACP4 C.3",0.261435210829948,4.88666608603639,0.444873770997098,0,4.88666608603639
"OS-RC-2.2",0.112502910314639,53.8034508824239,0.462362060637986,0,53.8034508824239
"OS-RC-2.3",0.16834566880476,83.5084203829626,0.308384443133859,0,83.5084203829626
"OVCAR-4.2",0.0977185674061772,6.03318348403353,1.90583321972781,0,6.03318348403353
"OVCAR-4.3",0.0884563838615979,18.6759798420852,0.77944580773491,0,18.6759798420852
"OVTOKO.2",0.23450776287295,6.25428098460401,0.470775326328599,0,6.25428098460401
"OVTOKO.3",0.346933770320235,3.86109770498183,0.270315163051463,0,3.86109770498183
"PC-3.2",0.0247954439255025,NA,2.59846714015082,80.8011036873176,4.26484953343509
"PC-3.3",0.0601505945057939,553.654853282972,0.404413034016202,0,553.654853282972
"PWR-1E.2",0.0712352089841933,6.34819224789742,4,0,6.34819224789742
"PWR-1E.3",0.0819952548458271,6.06517788119532,3.01516808622825,0,6.06517788119532
"Raji.3",0.136700943816584,4.06500533367341,2.42476410145435,0,4.06500533367341
"Raji.4",0.0960136334456246,5.55077414077094,2.61182253982612,0,5.55077414077094
"RPMI-8226.2",0.123347813675882,4.37752783390935,3.03234960041529,0,4.37752783390935
"RPMI-8226.3",0.134520679821971,4.47281285934425,1.75273566429387,0,4.47281285934425
"HT-1197.2",0.0315762683394728,NA,2.33915546028175,55.8715315575499,7.16989814183153
"HT-1197.3",0.0264901838245152,9.81167075419261,4,0,9.81167075419261
"HCC1187.2",0.0863872811119906,5.87956686965104,2.92502987440232,0,5.87956686965104
"HCC1187.3",0.0566642858315836,7.93933885929639,2.68202277716022,0,7.93933885929639
"TOV-112D.2",0.0420596902102641,8.21421522172029,4,0,8.21421522172029
"TCCSUP.2",0.0952002858917439,18.8881784919584,0.734180403066831,0,18.8881784919584
"TCCSUP.3",0.0425204085057575,NA,4,68.8349787298802,3.91972371470673
"NUGC-4.2",0.397083457133757,NA,3.47615506183163,59.265352523222,0.00948685307767977
"NUGC-4.3",0.409214012341843,1.32417182956835,0.27528119262948,0,1.32417182956835
"SNU-1.2",0.0854536562732878,5.93560090323321,2.90049320120235,0,5.93560090323321
"SNU-1.3",0.0805702401174651,5.8865772777834,4,1.56857443240647,5.83985631513107
"NCI-H23.2",0.0697389249137877,8.37539838141445,1.79554203088905,0,8.37539838141445
"NCI-H23.3",0.0382747998955148,8.54103099476372,4,0,8.54103099476372
"NCI-H1048.2",0.0916862882418052,6.37956635861816,1.91704119841699,0,6.37956635861816
"NCI-H1048.3",0.0680796154220196,6.9071268102328,2.91809082157032,0,6.9071268102328
"MS751.2",0.039759424766632,9.46736967273849,2.81529996828198,0,9.46736967273849
"MS751.3",0.050914406751383,43.5671561872703,0.779737833722731,0,43.5671561872703
"MC/CAR.2",0.0437363541795419,8.07833086930218,4,0,8.07833086930218
"MC/CAR.3",0.0586328913873294,7.04787876329953,4,0,7.04787876329953
"LOU-NH91.3",0.290764902295591,2.26116723149867,0.58999309296074,0,2.26116723149867
"LOU-NH91.4",0.306330979739216,2.08150270636443,0.549559936303675,0,2.08150270636443
"KYSE-410.2",0.4189102731078,1.18488103609226,0.328125,25,0.143301257023696
"KYSE-410.3",0.383968210837589,1.3141725991163,0.376544433005161,0,1.3141725991163
"KMOE-2.2",0.14062194220234,4.12795162736773,1.92839446253552,0,4.12795162736773
"KMOE-2.3",0.148611359596713,3.49461206571009,4,5.08778295615483,3.40210406986919
"KG-1.2",0.105069846627744,4.77847503614287,4,9.35036356824834,4.53744095652916
"KG-1.3",0.110470038211636,4.65054189938438,4,4.69456148263104,4.53731201334893
"JIMT-1.2",0.0554302900244124,8.4071046041866,2.414339978363,0,8.4071046041866
"JIMT-1.3",0.0818694362274894,5.66860559752084,4,24.2013240026622,4.80433292261706
"HEC-1.2",0.0275500602768015,9.6760453998283,4,0,9.6760453998283
"HEC-1.3",0.0320255973558435,9.15653037083327,4,0,9.15653037083327
"GI-ME-N.2",0.104072956176397,5.12704227912495,2.80735599562468,0,5.12704227912495
"GI-ME-N.3",0.099925365409837,5.00432297730802,4,7.38982546848829,4.8081848790388
"EW-18.2",0.286029961354858,1.29264864648979,2.17244460476992,6.63505986036653,1.21065080198271
"EW-18.3",0.265098637830002,1.54842039099275,2.35240011960401,3.83489561835341,1.49677533060097
"DAN-G.2",0.260698421877797,2.04488166364927,0.930461095106273,0,2.04488166364927
"DAN-G.3",0.284418186974398,1.74142679974467,0.865790796129405,0,1.74142679974467
"Hep-G2/C3A.3",0.0133154758037663,12.2457838106333,4,0,12.2457838106333
"Hep-G2/C3A.4",0.0259207665503668,9.88686220311778,4,0,9.88686220311778
"647V.3",0.11412086774589,5.05880649303687,2.05854017882708,0,5.05880649303687
"647V.4",0.124281630743728,4.91984423286634,1.73414906856533,3.07349125819318,4.74311422775584
"TOV-112D.3",0.258703476904669,138.575455575706,0.178035897684182,0,138.575455575706
"DMS 273.2",0.126445202957111,4.07528361339629,4,7.47019479274508,3.91371039272658
"DMS 273.3",0.104611955887324,5.38107848845621,2.20627389783394,0,5.38107848845621
"NCI-H1793.2",0.0945824452765586,25.3967241961883,0.743959632570707,20.8362427349525,12.3047964021392
"NCI-H1793.3",0.0997771406567281,NA,4,71.4361826876322,0.895669465630393
"OCI-M1.4",0.144992417606372,3.60771834308343,4,4.18035584086598,3.5298239986907
"OCI-M1.5",0.162467201372005,3.61694081251605,1.64062612896667,0,3.61694081251605
"OE19.3",0.747700108836466,0.0252975015290972,0.641581371840405,4.79374273831319,0.0216198816331359
"OE21.2",0.43323192999169,0.84033884143948,0.298810951403293,0,0.84033884143948
"OE21.3",0.408988492904594,2.45215487910819,0.185818063710044,0,2.45215487910819
"P30/OHK.2",0.175998256681536,2.85921372118204,4,5.02962328269365,2.78442644401105
"P30/OHK.3",0.175363542382111,3.08950286618468,1.99238113955496,3.12464798037223,2.99104045255988
"P32/ISH.2",0.292504312783012,1.30529855058351,3.51708181603968,1.08843950136376,1.29715574633222
"P32/ISH.3",0.262305380598592,1.51867023002606,4,5.27797867296116,1.4769008305232
"PaTu 8902.2",0.0756615190556117,NA,1.90407986910816,55.5631032125081,3.27283918902959
"RCC10RGB.2",0.303001630101391,20.778880453971,0.206998059297332,0,20.778880453971
"RCC10RGB.3",0.280574718516808,NA,2.18502238158527,70.0710232849093,0.0122980199903327
"RS4;11.2",0.19956443696749,2.68522807829696,1.66579060316228,0,2.68522807829696
"RS4;11.3",0.167235533481388,3.45812045638858,1.67398088927274,0,3.45812045638858
"SiHa.2",0.0372555162241648,NA,4,60.3677167529868,5.3261871241891
"SiHa.3",0.134901205549899,758.222365421483,0.25026165157669,0,758.222365421483
"SK-N-DZ.2",0.134804555918143,4.05741196568553,2.75392459471687,0,4.05741196568553
"SK-N-DZ.3",0.120644141697479,4.19473389414216,4,11.1231630367025,3.93898788413351
"SU-DHL-8.2",0.0751203866457871,6.15482020718205,4,0,6.15482020718205
"SU-DHL-8.3",0.0649090726202282,6.68417894690449,4,0,6.68417894690449
"SUIT-2.3",0.0458616316127578,NA,4,69.836489307037,3.51191250204552
"SUIT-2.4",0.124237534560501,258.509398659643,0.312325801840201,0,258.509398659643
"SW756.2",0,NA,0.252969701975453,100,19.687277805899
"SW756.3",0.111740492944054,7.20687042707304e+24,0.0858099653352226,48.7955537813079,1e+06
"T-47D.3",0.0727676173710042,6.27082486951974,4,0,6.27082486951974
"T-47D.4",0.150578893559669,5.07182629827544,1.08174363916104,0,5.07182629827544
"TE-6.2",0.636761901288764,0.0163940558127635,2.43765988605748,33.3723876412739,0.0104361239602042
"TK [Human B-cell lymphoma].2",0.12519844819855,4.29574632296407,3.21924390048192,0,4.29574632296407
"TK [Human B-cell lymphoma].3",0.0854013596438153,5.81998726435407,3.25719655108725,0,5.81998726435407
"TT2609-C02.2",0.0726781295343905,8.32749102123796,1.71855166844286,0,8.32749102123796
"TT2609-C02.3",0.0828813477516656,27.5770632807582,0.694540348434051,0,27.5770632807582
"U-118MG.2",0.0238497365952224,10.1755767189002,4,0,10.1755767189002
"U-118MG.3",0.0583171887292905,14.0733768085889,1.24737242959614,0,14.0733768085889
"UMC-11.2",0.00812373866564103,14.1191182017632,4,0,14.1191182017632
"UMC-11.3",0.0236653056238172,55.295642330351,1.00612415136959,0,55.295642330351
"WM35.2",0.0394372160859567,8.63746239065109,3.65841935636049,0.00147357369037209,8.6373928082857
"WM35.3",0.119476637692759,444585.901312964,0.143279627865015,0,444585.901312964
"G-361.2",0.0915634753035806,5.42431897430732,4,0,5.42431897430732
"G-361.3",0.0962617533813245,5.18942484380951,4,4.16438359488927,5.07782225401916
"HCC1143.4",0.213014340400459,6.03887118664979,0.553068859273244,0,6.03887118664979
"HCC1143.5",0.242621559436285,172.182273861671,0.186293011858357,0,172.182273861671
"HuP-T4.2",0.0485963193062809,12.3413053394164,1.60442349522866,0,12.3413053394164
"HuP-T4.3",0.106755725679565,13697.3538004844,0.205057466472225,0,13697.3538004844
"MOLP-8.2",0.197266147502875,2.5610015746454,2.63391380898371,1.57622769470178,2.53004476349623
"MOLP-8.3",0.236946624682353,2.33423776705944,1.05552545567746,0,2.33423776705944
"NCI-H1092.2",0.100127947030651,6.02893010271238,1.81199380432345,0,6.02893010271238
"NCI-H1092.3",0.0809542637330329,9.0099098306486,1.37191254443928,0,9.0099098306486
"NCI-H2141.2",0.115189943977858,7.66869877817639,1.05911571153258,0,7.66869877817639
"NCI-H2141.3",0.0720382257911708,NA,4,51.1309316948168,3.62799424196319
"NCI-H596.2",0.078082615748249,6.45866283055978,2.66110508698041,0,6.45866283055978
"NCI-H596.3",0.108299458711955,6.24139961602129,1.46713226627489,0,6.24139961602129
"NH-12.2",0.0534979884042823,7.37265922131583,4,0,7.37265922131583
"NH-12.3",0.05099637151807,8.7888126801785,4,41.84660508201,5.58498906017288
"NOS-1 [Human osteosarcoma].2",0.215016863235389,2.23728064665301,2.27490214689762,4.01953378153363,2.1563599509925
"NOS-1 [Human osteosarcoma].3",0.213705604059522,2.54992808519387,1.34396418929996,0,2.54992808519387
"Rh1.2",0.120890704172751,4.0712758357668,4,17.2031961265463,3.66391936454423
"Rh1.3",0.116482276792861,5.55175196794348,1.55691048325918,0,5.55175196794348
"SK-MES-1.2",0.319601611086909,1.55728178295627,0.646975703367242,0,1.55728178295627
"SK-MES-1.3",0.370535840845574,1.67676221132401,0.355771660166303,0,1.67676221132401
"SU-DHL-10.2",0.269469138106824,1.50282621087778,2.85120467515345,2.96508240453379,1.47094705798951
"SU-DHL-10.3",0.163297212332186,3.12687851409787,2.76425653311978,10.2844691337624,2.87694415124649
"TC-71.2",0.0813390388754811,5.6926348277884,4,25.9215178622613,4.74218072539975
"TC-71.3",0.0480508974148345,12.1801793980643,1.64029244244491,0,12.1801793980643
"GA-10.2",0.234038449130239,2.06819147158874,1.68010623239829,0,2.06819147158874
"GA-10.3",0.186463266387481,2.93842234042194,1.73505933055801,0.681074667656318,2.91528656533972
"KU-19-19.2",0.0489703863203297,8.08595250928071,3.23743228867676,0,8.08595250928071
"KU-19-19.3",0.0633945565624208,11.879942481095,1.33520763815869,0,11.879942481095
"MHH-CALL-2.2",0.0896231643566071,5.4933749262863,4,1.10006686169721,5.46290698686823
"MHH-CALL-2.3",0.0557094641329798,9.25158984502604,4,45.7532407067237,4.99445703128633
"MOLT-13.2",0.218312576595265,2.13408710952353,2.9954663608246,4.50015571638604,2.06794085567694
"MOLT-13.3",0.188851455858877,2.83011136339746,1.94730289200301,0,2.83011136339746
"KM-H2.2",0.117372021008657,4.5706754287953,3.08320461591685,0,4.5706754287953
"KM-H2.3",0.0802799511294876,6.0179058029564,3.44113681866738,0,6.0179058029564
"AM-38.2",0.0227244425064717,10.3436587549877,4,0,10.3436587549877
"AM-38.3",0.026359336972601,13.2360937189662,2.31102289412394,0,13.2360937189662
"HL-60.2",0.101103019857984,4.97125248312388,4,6.41390246153103,4.80352788795047
"HL-60.3",0.0525743537874252,7.4340793926709,4,0,7.4340793926709
"639V.2",0.0890763641611992,5.92608946897475,2.54528391912144,0,5.92608946897475
"A2058.2",0.0947518188106669,5.20533489208094,4,8.03154897798988,4.98238071271131
"A2058.3",0.0665941872974136,6.77985799986557,3.36018786713851,0.00793344365778905,6.77953783551093
"AN3-CA.2",0.127228016763843,6.23734260299872,1.13219129590342,0,6.23734260299872
"AN3-CA.3",0.161788069423794,6.58604236450827,0.769508041418428,0,6.58604236450827
"CAL-33.2",0.301005875405144,2.90714935001973,0.448462125625955,0,2.90714935001973
"CAL-33.3",0.346903727386769,4.8271052418288,0.245432789296589,0,4.8271052418288
"Calu-6.2",0.0900466718084811,5.54733159597505,3.21086976192699,27.023574858548,4.35425651975732
"Calu-6.3",0.0749965716275384,8.33155181234572,1.65070110175963,0,8.33155181234572
"CFPAC-1.2",0.345355566729176,1.74872272228641,0.442961409189407,0.950291187576484,1.67458671676052
"CFPAC-1.3",0.360138946543496,1.84756714138787,0.366904983604566,0,1.84756714138787
"COLO 829.2",0.11703496826224,NA,1.28834038811195,63.9819286874134,1.10582509062019
"COLO 829.3",0.107175784860532,NA,0.0556470708571778,64.6930937708269,1e+06
"EMC-BAC-2.2",0.219756091260201,5.22291748048662,0.57232798523183,0,5.22291748048662
"EMC-BAC-2.3",0.332023376196015,2.86512690509091,0.354243895001532,0,2.86512690509091
"EPLC-272H.2",0.262583328782578,1.95907461629401,0.977017342013319,0,1.95907461629401
"EPLC-272H.3",0.312259517735326,2.46840818874774,0.456757990829447,0,2.46840818874774
"NCI-H2369.2",0.0451359043588822,17.4397426326545,1.28025591314096,0,17.4397426326545
"NCI-H2369.3",0.0883798121099107,147.960818745264,0.425054486158797,0,147.960818745264
"HCC15.2",0.0244526227958532,10.0889154257331,4,0,10.0889154257331
"HCC15.3",0.0878348674117361,14.6374724244627,0.885258676079329,0,14.6374724244627
"JVM-2.4",0.291332092289681,1.15954219807097,4,8.60800888927418,1.10604586522209
"JVM-2.5",0.228439943156065,2.32083080783836,1.25548070029531,0,2.32083080783836
"KYSE-520.4",0.357674186333591,6.48801257327052,0.201329137506336,0,6.48801257327052
"KYSE-520.5",0.374419869177849,5.08997211686627,0.191278580268221,0,5.08997211686627
"L-428.2",0.143353873357962,4.533701909399,1.41652024134559,0,4.533701909399
"L-428.3",0.0977641301550386,4.87819537197226,4,24.0091676393319,4.14211102737816
"LCLC-97TM1.2",0.168084136714232,5.53989996990907,0.828809561649102,0,5.53989996990907
"LCLC-97TM1.3",0.14232748138667,6.8373595192397,0.888149583037632,0,6.8373595192397
"M14.2",0.0627260472075652,NA,2.49737860250174,69.9289740191993,2.39383945785579
"M14.3",0.199224660641161,5.29393405985884,0.660971616710491,0,5.29393405985884
"Mel JuSo.2",0.0185731341027339,NA,4,79.951553354571,5.38067401487881
"Mel JuSo.3",0.136921689308193,NA,0,72.6156621383613,0.0159934858336133
"NCI-H1568.3",0.289282431707886,235.858230878957,0.138311320814431,0,235.858230878957
"NCI-H1568.4",0.44223569833154,29.7427302951626,1.03244292581949,49.9833069782573,0.01276989700886
"OACM5.1 C.2",0.0471688564546272,NA,4,53.4914988338713,5.04150705820966
"OACM5.1 C.3",0.11670228890011,46.014688348023,0.469801903980472,0,46.014688348023
"OAW42.2",0.0552015011262585,NA,2.5722682367398,63.6928684981274,3.59454056693793
"OAW42.3",0.117695176913729,334.86228775635,0.328125,11.25,153.992652605949
"639V.3",0.0959859168425499,5.49681891473627,2.74244487846542,0,5.49681891473627
"BHT-101.2",0.0602274523942946,6.95226956332573,4,0,6.95226956332573
"BV-173.1",0.213036161763317,2.09758998065567,2.55354639268184,12.293250705791,1.87814087360525
"BV-173.2",0.194303250361466,2.84113242258478,1.48502071255133,7.33621691460619,2.5532165504643
"COR-L311.2",0.198700985903824,2.5548734744466,2.78872979705585,0,2.5548734744466
"COR-L311.3",0.124352579194246,4.46394385485321,2.45987433969766,0,4.46394385485321
"EGI-1.3",0.0216459508243408,NA,4,70.20358065237,6.27690430047035
"EGI-1.4",0.0066608550070758,14.9153297878352,4,0,14.9153297878352
"EJM.4",0.142441668480788,3.90740900743332,2.35338752139332,0,3.90740900743332
"EJM.5",0.111416614304777,4.1810886010286,4,31.4714095733085,3.26217657633261
"ETK-1.2",0.245867117649353,3.01204945172311,0.689187329958779,0,3.01204945172311
"ETK-1.3",0.349840522480281,3.81292428407904,0.26561600939809,0,3.81292428407904
"GCT.2",0.111478803275123,4.97045180635275,2.40556509891543,0,4.97045180635275
"GCT.3",0.0624158720874877,7.26693755485723,2.9462044087149,0,7.26693755485723
"HTC-C3.2",0.0144223619476735,11.9550306061721,4,0,11.9550306061721
"HTC-C3.3",0.101637335806923,290.095076044751,0.346300473738863,0,290.095076044751
"JHH-4.2",0.121730532927042,6.11323552386015,1.2421994196819,0,6.11323552386015
"JHH-4.3",0.0925325621699787,8.37401971502541,1.27047728108446,0,8.37401971502541
"KP-2.2",0.0996688338153558,6.0094538208003,1.84274820147058,0,6.0094538208003
"KP-2.3",0.0428577996631377,8.91805180736185,2.96290509909522,0,8.91805180736185
"NCI-H1417.4",0.257720802095061,1.65176917841889,4,1.59752431826609,1.6384143791952
"NCI-H1417.5",0.259632810589576,1.52118857444638,2.25448981552803,9.50704335030296,1.38534271944669
"NUGC-3.2",0.457246405892928,0.617270375350352,0.275411057369226,0,0.617270375350352
"NUGC-3.3",0.381691704888675,2.3747227474509,0.25415517560862,0,2.3747227474509
"OVCAR-3.2",0.216144874496902,3.16093198765523,0.884996143424768,0,3.16093198765523
"OVCAR-3.3",0.169272121046032,5.93438280980623,0.778031622557272,0,5.93438280980623
"PaTu 8988t.2",0.105297039166207,5.08939005158562,2.76647548762726,0,5.08939005158562
"PaTu 8988t.3",0.111028682235756,6.05375738788877,1.4727587845666,0,6.05375738788877
"SK-GT-2.2",0.878550167279323,0.00767006404998019,1.80723239638614,9.16986300732572,0.00685664627130012
"SK-GT-2.3",0.844542754816641,0.000785281699519069,0.686106983455047,13.3671941208259,0.000499019678604732
"BHT-101.3",0.108902346146991,4.73260564706758,4,2.86934352459128,4.66319620391205
"HT115.3",0.510551298962289,0.280277468752756,0.470104380275698,0,0.280277468752756
"LoVo.4",0.509682887508748,0.236578750283613,0.514476652487289,14.4572729403922,0.121864884827048
"TE-1.2",0.182739323665092,45.7956908061782,0.327491389535118,0,45.7956908061782
"SNU-398.2",0.150313203687018,4.1837782692941,1.46909129030803,0,4.1837782692941
"SNU-398.3",0.0460479307294111,NA,4,77.103394822836,2.49533419107063
"SK-MG-1.2",0.151558472037421,33.4507913000122,0.419309129394568,0,33.4507913000122
"SK-MG-1.3",0.0775401209322957,6.29882173004541,4,41.7773975470046,4.01115218245052
"SCC-3.2",0.137829775264655,4.15080001221616,2.06783757297683,0,4.15080001221616
"SCC-3.3",0.132398231238704,4.12234358690349,2.68999033639829,1.87521511915704,4.06417793015093
"RPMI-7951.2",0.0899275584002753,5.44463321612239,4,42.1083661315197,3.43176751775999
"RPMI-7951.3",0.0888171709769322,5.30494033765806,4,24.2228003176907,4.49517844729535
"RL95-2.2",0.28133522823799,9.70359108006954,0.295702369712421,0,9.70359108006954
"RL95-2.3",0.11231873496918,5.42710459039928,1.77157290711351,0,5.42710459039928
"RERF-GC-1B.2",0.163001939378944,6.10807758385773,0.803839975519535,0,6.10807758385773
"RERF-GC-1B.3",0.117940463848148,4.21664772909318,3.24079550433389,25.1975530761648,3.39638156967775
"PL4.2",0.047086018278546,NA,4,53.924322852382,5.01295354038163
"PL4.3",0.0324397451673673,9.11220990031374,4,0,9.11220990031374
"OSC-20.2",0.241695827374044,7.96140365659796,0.404583005229073,0,7.96140365659796
"OSC-20.3",0.10198429819607,6.54588953723899,1.50920482164255,0,6.54588953723899
"OAW28.2",0.196562319045323,12.9746497667225,0.438568791755323,0,12.9746497667225
"OAW28.3",0.0554643705717624,NA,4,59.0201356613865,3.95008422615604
"NCI-H446.3",0.201916897583946,2.32359548277539,4,6.81939165444185,2.23995973466666
"NCI-H446.4",0.281894455752163,1.291149696097,2.13738556942852,9.40793637022258,1.17117458773364
"NCI-H322M.2",0.596249126844149,0.00479743232563388,0.428552860303674,36.8363820189137,0.00021308974426101
"NCI-H322M.3",0.571109030528551,0.0251287691569988,0.114531784992784,0,0.0251287691569988
"NCI-H1915.2",0.14976432869374,6.27891549256979,0.886782270304826,0,6.27891549256979
"NCI-H1915.3",0.112927973417316,8.37170079281303,1.0070190309879,0,8.37170079281303
"MM1.S.2",0.128754451429077,4.25096163455604,2.33959215950127,15.2173589388603,3.64017140238986
"MM1.S.3",0.143045806823316,4.26888881588067,1.62946257657177,0,4.26888881588067
"Karpas-231.2",0.125182464957245,4.14846480974511,4,5.6178459534303,4.02667894170965
"Karpas-231.3",0.116557742196575,4.45748167887277,4,3.75,4.37144481261109
"FTC-133.2",0.0702467713948711,7.91919011742278,1.95028632440936,0,7.91919011742278
"A-204.2",0.156600956314526,5.6549578697681,0.907637542435918,0,5.6549578697681
"A-204.3",0.106793766936913,6.4658226341099,1.50853825837372,12.0897709655745,5.38189216997609
"TE-1.3",0.218574459649898,26.1258119074669,0.312827472933163,0,26.1258119074669
"A-704.2",0.177667857015897,4.63990109584466,0.883793561084828,0,4.63990109584466
"HSC-4.2",0.225674325877532,56.8214633299175,0.250484593428424,0,56.8214633299175
"HSC-4.3",0.256593716528253,2440.86766056742,0.120401207508603,0,2440.86766056742
"NCI-H1650.2",0.198568126505903,132.183474102972,0.242702941390547,0,132.183474102972
"NCI-H1650.3",0.325696518989286,119.297858681611,0.124465937526712,0,119.297858681611
"NCI-H2228.3",0.0880509328805971,14.40752405084,2.1071987905849,47.8277679556931,3.2523955454286
"NCI-H2228.4",0.235917300447069,24.0665838694313,0.291451421920074,0,24.0665838694313
"OVCA420.2",0.616471108701634,0.0265404988499632,1.902049417597,32.2395746995075,0.0154019707014009
"OVCA420.3",0.494802057335563,0.159726265737487,0.74688203728755,37.0660475903064,0.0261289925205838
"RC-K8.3",0.128081166843564,3.83160016615847,4,17.1535956102798,3.44952773551563
"RC-K8.4",0.130609802299153,4.72237515086142,1.66247044829883,0,4.72237515086142
"RERF-LC-KJ.2",0.220203445789457,5.03682523356449,0.582921065233091,0,5.03682523356449
"RERF-LC-KJ.3",0.236367002256165,18.8520810045296,0.311124498903599,0,18.8520810045296
"RERF-LC-Sq1.2",0.425536008985599,0.973350196992883,0.288545254347222,0,0.973350196992883
"RERF-LC-Sq1.3",0.515702226562055,0.239054585195659,0.236719081830186,0,0.239054585195659
"SBC-5.2",0.0867722692019198,5.64309130993864,3.85088690345827,0,5.64309130993864
"SBC-5.3",0.102522879740015,6.13110644786616,1.67058761819409,0,6.13110644786616
"SCC-15.2",0.36950072022611,1.3171304366043,0.443259881245808,0,1.3171304366043
"SCC-15.3",0.41180821542712,1.68699801209983,0.223302139842235,0,1.68699801209983
"UPCI-SCC-090.2",0.293033400810355,7.32045444080048,0.385345482057049,25.6808969194626,1.12777289478799
"UPCI-SCC-090.3",0.326928558892216,20.4702182435118,0.278832649815392,34.1076045688592,0.335653860640378
"SF268.2",0.0649942111215307,6.70158611360887,3.9057817686098,0,6.70158611360887
"SF268.3",0.0747094763946823,7.28427780089675,3.6207286877142,44.3003815018269,3.99859465954124
"SK-ES-1.2",0.163888446984282,3.57618011631277,1.63896056390257,0,3.57618011631277
"SK-ES-1.3",0.131432268668114,4.71578273465846,1.64351043038015,2.22434421911983,4.58699964274762
"SKN-3.2",0.187937398793502,4.48730205778416,0.82491484868679,0,4.48730205778416
"SKN-3.3",0.162682265997482,20.0251592953405,0.459491771132066,0,20.0251592953405
"SNU-182.2",0.033379773610079,9.01366707879028,4,0,9.01366707879028
"SNU-182.3",0.187285090609586,109.038862132948,0.265978732124703,0,109.038862132948
"SUP-B15.2",0.106661477380433,4.77021091766817,4,5.83842345371766,4.62440884562593
"SUP-B15.3",0.0813776423098016,7.512517845147,1.7258720139687,0,7.512517845147
"SUP-HD1.2",0.0928506072590527,5.71994867880885,2.5746544702547,0,5.71994867880885
"SUP-HD1.3",0.138105814138733,4.54307872122177,1.587291020365,10.6209393332398,3.90855202085625
"TE-4.2",0.667108490037439,0.0462165859042656,1.40990748576454,17.1193983228534,0.0343312741796632
"TE-4.3",0.711095231579013,0.0356387051786565,1.37542112696338,14.1415980188001,0.0279866621219529
"TE-6.3",0.586671391233766,0.0165635515273956,3.66795445538124,39.2713426858829,0.0108872912170326
"TE-6.4",0.568748317207633,0.0242351993139474,1.54698533244411,39.8120954541471,0.00866653777157085
"TOV-21G.2",0.362748853134025,2.36435740722444,0.380788077108407,24.8382951056189,0.389512811323661
"Granta-519.2",0.00415630136473421,16.9312360234204,4,0,16.9312360234204
"Granta-519.3",0.0646801441584494,NA,0,87.0639711683101,0.785188091395662
"PaTu 8902.3",0.0648556809417361,16.3420682240831,1.04582880659591,0,16.3420682240831
"PaTu 8902.4",0.121988548804132,29.3517763325071,0.518293232647515,0,29.3517763325071
"OE19.4",0.658476892748937,0.0528394514453948,0.7006717675253,12.0969565264881,0.0355853914090772
"OE19.5",0.656853858296125,0.0334419417904509,0.502291189521347,15.1153970667682,0.0163322227355588
"OVCAR-8.2",0.133975549531474,4.36295961104034,1.92381588571539,0,4.36295961104034
"OVCAR-8.3",0.103349010743412,6.25267643025008,1.58877079096691,0,6.25267643025008
"U-251MG.2",0.0335297015828715,14.2310313581743,1.82350947920663,0,14.2310313581743
"U-251MG.3",0.0581779710528209,18.4481540766757,1.05024446783819,0,18.4481540766757
"A-704.3",0.146175292566833,3.91060530330288,2.00385545338702,0,3.91060530330288
"HCC827.3",0.701069278758544,1.00000133164415e-06,0.0675940505761644,0,1.00000133164415e-06
"HCC827.4",0.676382571167025,0.00817517174420915,0.507475532261845,24.5028084892553,0.00216849508253326
"Lu-135.2",0.29255324624342,1.35109812958089,1.70107160378543,0,1.35109812958089
"Lu-135.3",0.203214525980966,2.60809020328953,1.67521319493214,0,2.60809020328953
"MFE-296.2",0.0120826468922063,12.6035314637787,4,0,12.6035314637787
"MFE-296.3",0.115572383297424,NA,0.0418831594772891,79.3788305069203,0.000946100146550109
"MFE-319.2",0.130452087171868,4.0106428213859,3.05078032070188,10.4095539218237,3.71520918830851
"MFE-319.3",0.176253672982995,16.6480688083143,0.451914064020191,0,16.6480688083143
"MOLM-13.3",0.2804293414175,1.39402456371768,2.73848577315785,2.81611195504743,1.36482485386375
"MOLM-13.4",0.195500167666908,2.52949134813736,2.65718973615727,5.21490605042337,2.42678066710909
"NCI-H2405.2",0.0153520466059737,NA,4,81.6813834112534,5.75290492188086
"NCI-H2405.3",0.049370369116158,NA,0,90.1259261767684,0.00288726429531777
"NCI-H650.2",0.0474916562545732,7.79098871142169,4,0,7.79098871142169
"NCI-H650.3",0.0259794911262625,9.87902911076127,4,0,9.87902911076127
"OVISE.2",0.132888038864401,4.7352401117062,1.57563897068984,0,4.7352401117062
"OVISE.3",0.29877771646554,15.7127539886215,0.229062269007922,0,15.7127539886215
"PF-382.2",0.230437616024539,2.08614371197152,1.93273788851622,0,2.08614371197152
"PF-382.3",0.200798318025323,2.94055762533448,1.2274582700532,0,2.94055762533448
"TYK-nu.2",0.047821348333277,7.95481583517342,3.59061104652389,0,7.95481583517342
"UACC-257.2",0.0676997760238313,7.99644105155256,2.01899314011463,0,7.99644105155256
"UACC-257.3",0.124485726462615,19.844188469279,0.583017850576498,0,19.844188469279
"Rh41.2",0.158836367387566,3.14725525626043,2.78235362224354,15.6642355316694,2.74959179159325
"Rh41.3",0.165602409318905,3.56738570633999,1.55060994415749,12.4703758311836,2.96481300950892
"DK-MG.2",0.137931717972422,3.7394372709136,4,7.20502600596005,3.59676400182564
"DK-MG.3",0.229018958939122,2.91810455144001,0.842260193671724,0,2.91810455144001
"CaR-1.5",0.325054261673293,9.05775510142872,0.227676092002465,0,9.05775510142872
"HT-55.6",0.705322934492585,0.022360350334721,0.46717975753196,7.8584294284901,0.0155069477964112
"LS123.4",0.549579275712927,0.18112884224739,0.429618165516424,0,0.18112884224739
"SW48.3",0.426765419078953,1.04222114511685,0.261365856189399,0,1.04222114511685
"SW48.4",0.714449940031523,0.0129304235532985,0.313906435544827,0,0.0129304235532985
"T84.3",0.220579252483266,10.7303706804218,0.407323832148757,0,10.7303706804218
"T84.4",0.348953458277352,1.36387971856398,0.533396982066285,0,1.36387971856398
"COLO 678.5",0.330975433556903,NA,2.08514968977686,63.4260500917617,0.0164074192641896
"COLO 678.6",0.202734110248918,20304.8657907112,0.179281410477903,34.2304298807113,32.5291878946564
"HOP-62.2",0.00647454197091694,15.0314538466802,4,0,15.0314538466802
"HOP-62.3",0.0169366499594783,11.3778535483943,4,0,11.3778535483943
"U-87MG ATCC.2",0.0193075812535861,NA,0,96.1384837492828,0.0112087372006502
"U-87MG ATCC.3",0.00912677435316223,13.6647942426818,4,0,13.6647942426818
"TOV-21G.3",0.284146550305634,2.16869134324263,0.654232607760429,0,2.16869134324263
"TOV-21G.4",0.274005724702095,1.54727146166318,1.24710314606792,10.1065268862159,1.29101042877915
"TGBC24TKB.2",0.323271186164509,2.84890311579143,0.381120495301629,0,2.84890311579143
"TGBC24TKB.3",0.205984877514421,3.37704739597455,0.917786929193681,0,3.37704739597455
"SW626.2",0.137380015356146,11.2878850268601,0.679131892962297,0,11.2878850268601
"SW626.3",0.083200432216695,NA,2.23469310452216,61.8493916969045,2.25228488178401
"SW1573.2",0.0836263437072465,211.265896775493,0.408369899331681,0,211.265896775493
"SW1573.3",0.0491965355675422,NA,2.15036891398449,56.3208650995111,5.05958290255228
"SU.86.86.2",0.158802850858726,2400.24662249371,0.192148013635846,0,2400.24662249371
"SU.86.86.3",0.0710004075982908,NA,1.14717108031037,84.5082847167198,0.426691256310934
"RPMI-8866.1",0.166321581396512,3.49192206979581,1.66069014674086,0,3.49192206979581
"RPMI-8866.2",0.189361406772012,2.63220477793915,3.25690373539383,4.20211525450448,2.56220513619463
"RD.2",0.0918317043695362,5.74101243182808,2.6312126549691,0,5.74101243182808
"RD.3",0.123482923178578,4.08504274636015,4,11.9705154834736,3.81490927346492
"PA-1.2",0.154023021421105,5.360168768636,0.979955617545716,0,5.360168768636
"PA-1.3",0.136024288953701,3.6570509713343,4,13.7861801831558,3.3737049357742
"OCI-AML-5.1",0.11480249708862,4.4970118053875,4,4.95521107700359,4.38119582986523
"OCI-AML-5.2",0.250165088967423,2.42664282660319,0.829591102951878,0,2.42664282660319
"NCI-H209.2",0.256920168417174,1.58281256882751,2.19469021310662,8.05307364703556,1.4610917765028
"NCI-H209.3",0.277213253769669,1.4287047242344,2.96042402541816,2.52146278972356,1.40394937724235
"NCI-H1876.2",0.149107150879821,3.70577782125902,1.99764314388034,21.2591772296245,2.80867907018112
"NCI-H1876.3",0.15173037111375,3.15170386359961,4,16.6671451236413,2.84787570644685
"LN-405.2",0.0899079970968481,486.990610960984,0.340178356227698,0,486.990610960984
"LN-405.3",0.0205885332009536,NA,4,64.3937445194148,7.09735572221354
"Huh-7.2",0.0210579109615468,NA,4,82.5763563934375,4.37898551440688
"Huh-7.3",0.0019087831029902,NA,0,99.618243379402,1.83728202918505
"NCI-H716.4",0.0854606088701534,6.96299164743061,1.81357794332469,0,6.96299164743061
"CCK-81.4",0.647455927570067,0.063567655562224,0.455332852887482,0,0.063567655562224
"SW620.59",0.079067182681042,6.0444120925007,3.5198328194834,0,6.0444120925007
"SW620.60",0.0836781314143918,5.83274974591139,3.48130501357483,0,5.83274974591139
"SW620.61",0.0918817334150824,5.6973928319902,2.68505316966308,0,5.6973928319902
"SK-CO-1.12",0.253074873883159,2.56884806118036,0.744950853979031,0,2.56884806118036
"SK-CO-1.13",0.24086462859481,2.75103011761758,0.785633534037966,0,2.75103011761758
"SK-CO-1.14",0.24737020922314,2.5387872354014,0.802463970127366,0,2.5387872354014
"HT-29.58",0.185831302849596,4.91273961571111,0.774657027760891,0,4.91273961571111
"HT-29.59",0.191823399708606,3.98867612540378,0.930095604455945,12.2082078904789,2.9520184921059
"HCT 15.49",0.257351972987814,1.97727613667555,1.03127112521849,0,1.97727613667555
"HCT 15.50",0.275852476434666,1.63825142315001,1.13748408959845,0,1.63825142315001
"HCT 15.51",0.31692982629831,1.25900909645578,0.9577968770386,0,1.25900909645578
"PC-14.54",0.532290133764362,0.118746648042742,0.134373508617665,0,0.118746648042742
"PC-14.55",0.580434030833557,0.00557826919581875,0.0808959095129785,0,0.00557826919581875
"PC-14.56",0.585513632948998,0.0158593196673826,0.116970185221942,0,0.0158593196673826
"PC-14.57",0.531564444904396,0.065203012135609,0.0805710949681945,0,0.065203012135609
"PC-14.58",0.543722599578314,0.0256376332526541,0.0701216222961261,0,0.0256376332526541
"PC-14.59",0.505175220036672,0.263095174976059,0.113823768712961,0,0.263095174976059
"MHH-ES-1.49",0.0963098645574533,6.50753435941726,1.81116786476639,15.7714006198788,5.27893653810752
"MHH-ES-1.50",0.0580080772476187,9.24376620132496,1.92609982182134,0,9.24376620132496
"MHH-ES-1.51",0.040844554066717,9.4055350514552,2.77059345079729,0,9.4055350514552
"MHH-ES-1.52",0.0774827915487589,6.75564790148424,2.34575471903932,0,6.75564790148424
"MHH-ES-1.53",0.0950533797483265,4.97391976453906,4,27.0341023509892,4.09474753790421
"MHH-ES-1.54",0.0568153531405421,7.44578899400608,3.29307831623653,0,7.44578899400608
"SNU-C2B.53",0.252959640292623,7.58660169109087,0.385059916089458,0,7.58660169109087
"SNU-C2B.54",0.220537188563827,25.2070026504974,0.3125607631248,0,25.2070026504974
"SNU-C2B.55",0.249592639395551,7.67889360951124,0.391187612395279,0,7.67889360951124
"SNU-C2B.56",0.232265671665103,6.15796835477282,0.481309459849307,0,6.15796835477282
"SNU-C2B.57",0.249533582295432,6.11952104180927,0.431607885212403,0,6.11952104180927
"SNU-C2B.58",0.264904699947826,19.9947845349952,0.261283560340799,0,19.9947845349952
"HT-29.60",0.191466586675866,8.67937218553503,0.532920238859388,0,8.67937218553503
"HT-29.61",0.186271779995439,9.33877017344411,0.603173352588333,18.692581789042,4.29735539941778
"HT-29.62",0.171550913627233,14.8502265425346,0.589380289908103,25.7380480470943,4.35406584324683
"HT-29.63",0.166301134196237,966.320403346489,0.937443731043877,49.9103806846188,1.13572283573177
"SW620.62",0.0892553004774394,6.10873669139679,2.27819102949892,0,6.10873669139679
"SW620.63",0.089607321889167,6.41497517378183,1.98256807408635,0,6.41497517378183
"SW620.64",0.100134949867427,6.12468292983079,1.75297477829494,0,6.12468292983079
"SW620.65",0.0959046924055982,5.53835694083447,2.65066756613364,0,5.53835694083447
"SW620.66",0.0651909442470771,6.6685977134607,4,0,6.6685977134607
"SW620.67",0.0852212575845043,5.63503364362496,4,6.39949435040741,5.44536372260507
"U2OS.49",0.170726791403866,204.318831611185,0.257413195812499,0,204.318831611185
"U2OS.50",0.176063200410862,18193528.9981644,0.0934145701731133,11.8692450234488,1e+06
"U2OS.51",0.0525474867432038,12.4193148626141,1.49852931403053,0,12.4193148626141
"U2OS.52",0.0175585107273521,11.2496439807392,4,0,11.2496439807392
"U2OS.53",0.0377584887064519,12.032730412396,2.01044190608307,0,12.032730412396
"A-549.41",0.268583519662745,2.60033023959008,0.638581444280789,0,2.60033023959008
"C32 [Human melanoma].47",0.00927403243571387,13.6030111726531,4,0,13.6030111726531
"C32 [Human melanoma].48",0.0304424231546604,NA,3.21125429860176,81.4634594370215,3.2429304529085
"C32 [Human melanoma].49",0.0101648658640913,13.251984431222,4,0,13.251984431222
"C32 [Human melanoma].50",0.0176717855159844,13.9794049914068,2.74716896230232,0,13.9794049914068
"C32 [Human melanoma].51",0.0177214348525015,NA,4,82.9722850437716,4.94428566249921
"A-375.49",0.100321109541557,5.51274509862264,2.31111773854287,0,5.51274509862264
"A-375.50",0.0937721996105039,5.86094905030868,2.28206240937437,0,5.86094905030868
"A-375.51",0.145981498338312,5.36658913216736,1.07077904492682,0,5.36658913216736
"A-375.52",0.0805333795967202,6.09202233766294,3.14632735598779,0,6.09202233766294
"A-375.53",0.0642760759933228,6.7193917095613,4,0,6.7193917095613
"HT-29.64",0.66897503841615,0.0523145425380852,0.833404542434082,11.6383698730057,0.0380668280082093
"HCT 15.52",0.321452195173444,1.21826627905647,0.949866512044322,0,1.21826627905647
"SK-CO-1.15",0.687012071362438,0.0704200106426193,0.838303583651271,0.144804875696544,0.070176797784578
"SW620.68",0.410452267666204,0.75075181909745,0.516812193826979,0,0.75075181909745
"CaR-1.6",0.0786178166712236,8.53567920214823,1.50325405718757,0,8.53567920214823
"C2BBe1.3",0.16781714892338,1356.67830107397,0.568682537788326,48.9202838136796,1.59770208291423
"C2BBe1.4",0.166550254156332,NA,0.664170003929569,65.8934910190283,0.3491442677603
"CHP-134.2",0.121827235994612,4.50825453254118,2.61625592590693,0,4.50825453254118
"CHP-134.3",0.104936896781394,5.07287711068412,2.87654678916953,0,5.07287711068412
"CL-11.3",0.207018503512316,9.15463711253747,0.47204501999438,0,9.15463711253747
"CL-11.4",0.0756859520854629,6.64493644169384,4,43.5109602289152,3.98835161746579
"HDQ-P1.2",0.485101754422486,0.37221405907296,0.431740151920365,0,0.37221405907296
"Karpas-45.2",0.271112316981823,1.46126496752202,2.92941723179374,4.17036643906876,1.41846073804568
"Karpas-45.3",0.221230691489128,2.04290615195968,2.29709658354558,9.56511817686064,1.86253641628751
"Lu-99A.5",0.25303683255015,5.63115445225367,0.438683305217056,0,5.63115445225367
"Lu-99A.6",0.250657118912063,5.10898871078256,0.467714612629295,0,5.10898871078256
"Lu-99A.7",0.187520430114484,6.58071097510591,0.63102780038407,0,6.58071097510591
"NCI-H1573.1",0.0865665255756131,6.58437989416246,2.00014796826758,0,6.58437989416246
"NCI-H1573.2",0.238966483436873,9.57822778705904,0.382645242820609,0,9.57822778705904
"NCI-H1688.1",0.102062781500225,5.77801840817912,1.91616608591662,0,5.77801840817912
"NCI-H1688.2",0.0588111528917177,NA,4,53.4915292689695,4.20747570390379
"NCI-H196.2",0.0732936893672739,6.43308361944284,4,39.1213282798121,4.39360149500401
"NCI-H196.3",0.0988159078429198,13.571631569116,0.836760530384435,0,13.571631569116
"NCI-H196.4",0.0208233444121851,10.6486729302414,4,0,10.6486729302414
"NCI-H2122.2",0.161098201321589,3.41773397026146,2.05453684627216,4.8359883397048,3.25263885123835
"NCI-H2122.3",0.255337781989863,2.52934532792036,0.746369342840163,0,2.52934532792036
"NCI-H2170.2",0.64131605036507,0.0564277116440375,0.632416060708485,13.5004241978484,0.0343056329296074
"NCI-H2170.3",0.647905184262645,0.0450362964511475,0.367208101610448,2.33739091323964,0.0395312276571252
"NCI-H661.2",0.225818022815662,4.69333875503433,0.58415791916527,0,4.69333875503433
"NCI-H661.3",0.281660543517353,48.4799582937536,0.192379825316552,0,48.4799582937536
"NCI-H716.5",0.030755503061617,11.6936621798453,2.44735877526789,0,11.6936621798453
"NCI-H716.6",0.0684153480731517,9.41129847913453,4,48.3114208562145,4.03447846265666
"PFSK-1.2",0.121079010947161,4.52937367937239,2.63632025039551,0,4.52937367937239
"PFSK-1.3",0.105461863656344,6.07336140204726,1.61062768598374,0,6.07336140204726
"SU-DHL-5.2",0.227911492500842,1.95624744327796,4,5.09533878651541,1.90438232592478
"SU-DHL-5.3",0.190565267307672,3.0490857268436,1.37902980983334,0,3.0490857268436
"CL-34.1",0.0307716624238769,19.3003476027342,1.49238042561677,0,19.3003476027342
"CL-34.2",0.766055528513243,0.0398836084099143,2.6859939486916,4.30380128131345,0.0385692503532617
"U2OS.54",0.0739827677464013,16.7446846706755,0.938065534780062,0,16.7446846706755
"U2OS.55",0.0288150573073763,18.6348150238763,2.1875,37.1875,10
"U2OS.56",0.0115247776731355,12.7792913478578,4,0,12.7792913478578
"U2OS.57",0.0274753624821359,NA,4,77.377931714639,4.3603550401297
"SW620.69",0.0824746565943743,5.88399990156918,3.56882553305829,0,5.88399990156918
"SW620.70",0.101829314247698,4.80789316920577,4,16.1158735768731,4.36225833781382
"HT-29.65",0.0179647163113089,11.1685479468797,4,0,11.1685479468797
"HT-29.66",0.0704229276990659,12.7881254383066,1.15346119802065,0,12.7881254383066
"HCT 15.53",0.335119330284602,2.15363079002726,0.413535804503869,0,2.15363079002726
"HCT 15.54",0.212692111266959,3.34499631657591,0.861384016945459,0,3.34499631657591
"HCT 15.55",0.267646631097844,2.25358945416406,0.7451936515238,0,2.25358945416406
"HCT 15.56",0.15643085550679,4.35471904101441,1.23041800463246,0,4.35471904101441
"HCT 15.57",0.13580458828204,4.27570634602449,1.91245816165472,13.1719716211769,3.64395385721691
"HCT 15.58",0.189850116632987,2.80507991669599,1.63460253854953,14.0128999926689,2.29387837720798
"A-549.42",0.233150780688167,3.26359784513219,0.72068476657043,0,3.26359784513219
"A-549.43",0.172722473035664,4.19543569103807,1.04828285588013,2.04338752892102,4.03171867770223
"A-375.54",0.116496021241077,5.17716883228317,1.81118824610641,0,5.17716883228317
"A-375.55",0.105824411632475,5.23234847684854,2.359151370518,0,5.23234847684854
"A-375.56",0.134846129652206,4.18847470562919,2.17921824927745,2.24589157745634,4.10106815993337
"A-375.57",0.106958845222028,4.53524457464665,4,20.3489234112442,3.97986488366107
"A-375.58",0.122639033237163,3.96378719455269,4,19.5805693699062,3.500705681897
"A-375.59",0.104530686645544,4.73445821606753,3.93546256104343,14.3718422319117,4.34382922818726
"SW620.71",0.0807862608363461,6.34849186016315,2.59126565401236,0,6.34849186016315
"SW620.72",0.0915498688640175,5.93370210879304,2.34001730274207,0,5.93370210879304
"SW620.73",0.104363044130516,4.76211780047174,4,12.3112983484491,4.43721453972076
"PC-14.60",0.49779623274104,0.360969760146939,0.0670448029328764,0,0.360969760146939
"PC-14.61",0.545261007856675,0.0818642545685771,0.136791128275859,0,0.0818642545685771
"PC-14.62",0.505265601914364,0.267794428088361,0.128572306985188,0,0.267794428088361
"PC-14.63",0.571800517457536,0.0342569350872047,0.132345908034526,0,0.0342569350872047
"PC-14.64",0.592261232825653,0.00967982421537274,4,40.4400136633763,0.00640087413515778
"PC-14.65",0.536459641656674,0.128832516153551,0.167137209954053,0,0.128832516153551
"MHH-ES-1.55",0.198551747168507,9.24541296774399,0.495376993237335,0,9.24541296774399
"MHH-ES-1.56",0.153805835247631,6.38754260029366,0.842911910193572,0,6.38754260029366
"C32 [Human melanoma].52",0.0773740499716136,NA,4,50.8380272705847,3.3829129021733
"C32 [Human melanoma].53",0.113658963332182,14.0559420445475,0.832452724579381,20.8944267299424,7.33785349236686
"C32 [Human melanoma].54",0.0736851241310328,10.3312284528917,1.31988425092552,0,10.3312284528917
"C32 [Human melanoma].55",0.0600596734135912,11.4740914053818,1.713705682372,25.0061874826891,7.65588338093202
"SNU-C2B.59",0.200004528172533,8.7883154630966,0.501859434767981,0,8.7883154630966
"SNU-C2B.60",0.313776538034268,5.06563175721974,0.30674222561185,0,5.06563175721974
"SNU-C2B.61",0.141364150672693,8.42534899644006,0.967381595823976,28.7653791605589,3.4763358963634
"SNU-C2B.62",0.319607553001038,3.99706365208296,0.327492182715147,0,3.99706365208296
"SNU-C2B.63",0.266938362059403,5.02780109147984,0.422655873777291,0,5.02780109147984
"RT-4.2",0.0864847014144741,6.41165450250197,2.13791114855367,0,6.41165450250197
"NCI-H2347.1",0.0563724367986602,NA,1.45660897775019,82.0714841634172,1.17317602381863
"NCI-H2347.2",0.0808026996404692,17.4451703903639,0.860799302171274,0,17.4451703903639
"NCI-H1563.3",0.113704696088456,5.72817201034672,1.54502405845992,0,5.72817201034672
"NCI-H1563.4",0.244612337638426,3.15594215853218,0.669198211716308,0,3.15594215853218
"NB1.2",0.093720047445991,6.47112705002842,1.78412259937064,0,6.47112705002842
"NB1.3",0.103955198149528,4.65266916972498,4,20.715937926274,4.07021641568357
"C2BBe1.5",0.138819811887692,NA,0.749817900340965,70.3340860910093,0.404525502623755
"TYK-nu.3",0.0996622733401337,7.91986283197367,1.22969350584038,0,7.91986283197367
"C2BBe1.6",0.446331467844213,0.616043271267388,0.357807197979132,13.7092913554777,0.251562555534643
"SW1116.4",0.510422221589306,0.195295749064382,0.782096781241284,20.5804137731622,0.0991254547595258
"OV56.2",0.00560943738278399,15.6281318399175,4,0,15.6281318399175
"RT-4.3",0.0973111733398397,4.92161551317595,4,22.1055583571733,4.2534820048825
"RT-4.4",0.0575491327338813,7.11421194686648,4,0,7.11421194686648
"RT-4.5",0.0787997558447109,6.57778110861274,2.44589824990272,0,6.57778110861274
"HDQ-P1.3",0.361209844076068,1.47581639058435,0.435498560299534,0,1.47581639058435
"HDQ-P1.4",0.387433915551332,1.11433687630231,0.425956461085498,0,1.11433687630231
"Panc 08.13.2",0.0966289703184543,39.8222412364343,0.556023815626401,0,39.8222412364343
"Panc 08.13.3",0.044351967420174,NA,1.46529799687711,72.8028485736266,3.74901811774389
"OV56.3",0.0168630931101423,NA,4,91.9746918984738,2.34424867547496
"T-47D.5",0.0840363569949507,6.80835105767711,1.95237406889082,0,6.80835105767711
"HCC1806.4",0.399716548387768,1.11574858240144,0.359167697626184,0,1.11574858240144
"MDA-MB-436.3",0.0256647589813703,48.3728859055769,1.02218243017996,0,48.3728859055769
"MDA-MB-231.3",0.123600269805475,4.94173144079814,1.71746606396937,0,4.94173144079814
"MDA-MB-468.3",0.306841615593241,1.91777784445342,0.58473460468043,0,1.91777784445342
"HCC1143.6",0.241263871365198,6.51138188511611,0.440491148142585,0,6.51138188511611
"CAL-120.4",0.0504093976221404,NA,4,64.8909376164967,3.7138893933241
"MDA-MB-157.3",0.0742746978624116,278.711558299253,0.411636921672091,0,278.711558299253
"Hs 445.2",0.135611672081435,4.23856180135635,2.04122012462391,0,4.23856180135635
"ALL-SIL.2",0.216269105989791,2.00840731195078,2.20974129182945,17.2445667019366,1.65853991997889
"ALL-SIL.3",0.225036902327465,2.07563031206454,2.08340614311431,5.39592806169963,1.96492056452954
"ALL-SIL.4",0.204901361138329,2.10407186766454,2.48558878994205,20.0091549750637,1.71298373121487
"ALL-SIL.5",0.200933058491611,2.35831848150812,2.44844703987345,10.4273664291288,2.14346775208094
"ALL-SIL.6",0.192789512054209,2.54802239669561,3.30379738051882,5.04827109098459,2.46724449156012
"ALL-SIL.7",0.224203392856367,1.90033053126026,3.02656464846442,11.3861769492809,1.7448111341484
"MDA-MB-415.3",0.0858621495928099,10.2359816532984,1.1418345234354,0,10.2359816532984
"COLO 824.4",0.315630109949406,2.27987839832983,0.466606757471295,0,2.27987839832983
"JIMT-1.4",0.121473588823934,6.5174763226822,1.15077661688346,0,6.5174763226822
"HCC1954.5",0.155800860795647,81.6017623457182,0.329761935518308,0,81.6017623457182
"CAMA-1.4",0.0308571623808944,19.0421698699184,1.5042198736921,0,19.0421698699184
"MHH-ES-1.57",0.171422343801605,56462451919283152,0.062459493701567,39.3482605437152,1e+06
"MHH-ES-1.58",0.162090162378417,7.83334627907513,0.688253826378292,0,7.83334627907513
"MHH-ES-1.59",0.110815738667943,7.69030551393101,1.10874920456612,0,7.69030551393101
"MHH-ES-1.60",0.0958471021127683,4.91628587459097,4,29.3512156245715,3.94110721528669
"MHH-ES-1.61",0.0608123705646423,7.01935162241067,4,27.4560896293018,5.75190638906736
"A-375.60",0.0834587899384048,6.43417280397792,2.29127607695876,0,6.43417280397792
"A-375.61",0.0965509848422712,6.08129219668528,1.92023980137879,0,6.08129219668528
"A-375.62",0.151790757218239,4.32524472549739,1.33873681743373,0,4.32524472549739
"A-375.63",0.101667347936094,4.80204746953778,4,16.9906625680858,4.32855708709699
"A-375.64",0.121808007466244,4.12543896518082,4,12.7585435131712,3.83251911433757
"A-375.65",0.120075577517796,4.2139075644118,3.51991842668868,14.7548432548816,3.81539020120637
"HT-29.67",0.161820923097619,95.7115082905007,0.309937776476114,0,95.7115082905007
"HT-29.68",0.152707993931244,NA,1.38764717887535,62.259570158953,0.619029729171385
"HT-29.69",0.126349266800823,11.93104268274,0.716894558438272,0,11.93104268274
"HT-29.70",0.133532042222709,12.3696287090272,0.667954518811915,0,12.3696287090272
"C32 [Human melanoma].56",0.0361263070152261,NA,4,81.9554574913231,2.51106405263192
"C32 [Human melanoma].57",0.027874936995544,NA,4,61.5785744017082,6.28169767170966
"C32 [Human melanoma].58",0.0107922790866847,13.0254173054122,4,0,13.0254173054122
"C32 [Human melanoma].59",0.0210317933586933,NA,4,80.8483420748043,4.74163288061781
"C32 [Human melanoma].60",0.0307898008776325,NA,4,76.8733924966479,4.01237165920324
"SW620.74",0.0919468907107125,5.23026737477693,4,16.438059426085,4.73416244332637
"SW620.75",0.0491546530318087,7.67047454159338,4,0,7.67047454159338
"SW620.76",0.0562313872612211,7.19640995780519,4,0,7.19640995780519
"SW620.77",0.066474955391624,8.62246618357468,1.82378179952782,0,8.62246618357468
"SW620.78",0.0643055051037234,7.2911934469497,4,40.6843931960722,4.79025802573582
"SW620.79",0.0442257109294305,8.6623758018871,3.06931576455884,0,8.6623758018871
"SNU-C2B.64",0.253768400623384,12.0298846135075,0.323994130184685,0,12.0298846135075
"SNU-C2B.65",0.2246543282908,20.5508491637465,0.323522684068331,0,20.5508491637465
"U2OS.58",0.15773438047988,22.187160377503,0.457406880990741,0,22.187160377503
"U2OS.59",0.0984752508410696,20.5821305284976,0.690343561093647,0,20.5821305284976
"U2OS.60",0.0869168104325452,17.7093001380767,0.80952071695832,0,17.7093001380767
"U2OS.61",0.0642891865465055,NA,3.64487871772201,57.1616931333207,3.56917520161465
"U2OS.62",0.0739910878733731,NA,4,53.6236692442836,3.3322080872174
"SNU-1040.1",0.32196347579842,1.73746294859356,0.553478888333231,0,1.73746294859356
"SNU-1040.2",0.341735760811482,1.43274193813129,0.547989798618869,0,1.43274193813129
"CL-11.5",0.101295058881257,9.51487583758463,1.02263976847723,0,9.51487583758463
"CL-11.6",0.0776234548812684,9.45284068647893,1.38048445598997,3.1309143776278,9.02026093500023
"HCC1569.1",0.285250168359255,10.2500530083361,0.282459637144275,0,10.2500530083361
"HCC38.3",0.136453451560057,262.776847407378,0.291935913320334,0,262.776847407378
"HCC1500.2",0.135756801628282,4.2359384256707,2.03650932095494,0,4.2359384256707
"Hs 445.3",0.111418408112419,4.38252866669083,4,19.0019532391465,3.88880213711073
"Hs 445.4",0.107278312666429,4.60143177364339,4,15.4048182930671,4.19666584116255
"Hs 445.5",0.12941199550688,3.86473255592203,4,13.5045418255192,3.57220726664635
"Hs 445.6",0.123778597653121,3.92839811611809,4,19.3947987552496,3.474735912924
"SNU-C2B.66",0.223230550778021,14.1334136025955,0.365627476506511,0,14.1334136025955
"SNU-C2B.67",0.15241658315199,8.14393284690527,0.738562345595019,4.01858406459354,7.27052794871169
"SNU-C2B.68",0.152941731637426,6.7139647956917,0.818390135677605,0,6.7139647956917
"SNU-C2B.69",0.195110402772709,142.427616327444,0.615613748281321,47.6629030792688,0.98326872092935
"PC-14.66",0.531479676749407,0.0715796290954216,0.0854681088858576,0,0.0715796290954216
"PC-14.67",0.560709760556851,0.0313479033544666,0.106761635877439,0,0.0313479033544666
"PC-14.68",0.53200080324946,0.0951377806087857,0.107921451697959,0,0.0951377806087857
"PC-14.69",0.567640825401922,0.0633741541867174,0.174389547838991,0,0.0633741541867174
"PC-14.70",0.612078860984757,0.0287617252721132,0.19739152473363,0,0.0287617252721132
"PC-14.71",0.581018114324325,0.0174660535570665,0.11433015959286,0,0.0174660535570665
"C32 [Human melanoma].61",0.0457974378488074,NA,4,62.2641563728618,4.36318266912098
"C32 [Human melanoma].62",0.0115716989881836,12.7641387306595,4,0,12.7641387306595
"SNU-C2B.70",0.204329200683122,17.390768717056,0.576054248640973,37.2266606317267,1.62735545618953
"SNU-C2B.71",0.206895941868634,16.0000330583727,0.384833282546296,0,16.0000330583727
"SNU-C2B.72",0.252047831243254,3.93198617646677,0.537349872983275,0,3.93198617646677
"SNU-C2B.73",0.227596797975647,16.0560661935196,0.529186963730547,37.3247606716552,1.20048569895273
"SW620.80",0.0925145720897023,6.83257562720306,1.65397327272876,0,6.83257562720306
"SNU-C2B.74",0.245041604442945,4.72913109900349,0.575617758709433,19.1031035775805,2.04926147472658
"SW620.81",0.0853793373872768,5.90852105158946,2.97984600540532,0,5.90852105158946
"SW620.82",0.0780801871572518,6.23784518452108,3.09627528296575,0,6.23784518452108
"HCT 15.59",0.301931715779203,1.75599570138226,0.684416482827141,0,1.75599570138226
"HT-29.71",0.220297620914065,8.27732612278178,0.453900613664337,0,8.27732612278178
"HT-29.72",0.209059027470793,7.70661674312243,0.50277476110911,0,7.70661674312243
"HT-29.73",0.148636737953188,6.2553524128032,0.899093081199347,0,6.2553524128032
"HT-29.74",0.141555493706896,5.39881570133892,1.12143644073883,0,5.39881570133892
"HT-29.75",0.148333576696316,5.82257630894239,0.960404561177339,0,5.82257630894239
"U2OS.63",0.0485771559610034,12.2979971407189,1.6105034835738,0,12.2979971407189
"U2OS.64",0.0703059033300037,NA,0.512197307495566,75.1719879168811,2.94185110700179
"U2OS.65",0.0580289595518527,NA,4,61.142016771484,3.5792633596166
"U2OS.66",0.124733750955876,41.1432631959795,0.461700288700727,0,41.1432631959795
"U2OS.67",0.164379502902243,140.299767236033,0.284054725994674,0,140.299767236033
"U2OS.68",0.144858656504104,20.9780161774937,0.502708894057097,0,20.9780161774937
"MHH-ES-1.62",0.0900687186263689,5.21988534904183,4,27.361668181031,4.28183145639719
"MHH-ES-1.63",0.0892145477092685,6.46489608158337,1.96493340962027,0,6.46489608158337
"MHH-ES-1.64",0.114106357860832,4.12733091099725,4,27.6764189757196,3.37378773230054
"MHH-ES-1.65",0.101847797524248,4.60809333169626,3.99358520508047,32.0711262431188,3.56441409495148
"A-375.66",0.122689466148553,4.82923197023528,1.88742762727705,0,4.82923197023528
"A-375.67",0.136697438253693,4.45424738351005,1.68366383403912,0,4.45424738351005
"PC-14.72",0.548010199885758,0.108334427988399,0.185893154805694,0,0.108334427988399
"PC-14.73",0.565938851505591,0.0529524440985808,0.151798069171631,0,0.0529524440985808
"PC-14.74",0.580159354658106,0.0236963821606222,0.126778094858543,0,0.0236963821606222
"PC-14.75",0.568255862938225,0.0473393246137711,0.147751429952686,0,0.0473393246137711
"PC-14.76",0.554215453945099,0.0146590723098256,0.434563208118262,40.9958482173237,0.000283680430757475
"A-375.68",0.130006886242647,4.78132150644434,1.63489369034762,0,4.78132150644434
"A-375.69",0.127661276254479,4.36302017078761,2.41568171419449,0,4.36302017078761
"A-375.70",0.146043576285328,4.01500615439801,1.81510937860461,0,4.01500615439801
"PC-14.77",0.598125625252708,0.0143696008129683,0.130776474983184,0,0.0143696008129683
"C32 [Human melanoma].63",0.0300983062128695,9.37063306382791,4,0,9.37063306382791
"C32 [Human melanoma].64",0.06618757849858,6.7907146347733,4,34.971043683702,5.02811480263361
"C32 [Human melanoma].65",0.0203646667936642,NA,4,62.8399910580952,7.2875351597859
"OPM-2.3",0.0794333139428378,6.03960284098205,4,40.1370873992062,4.025011965964
"DU145.3",0.0232370790581499,11.7403135845919,2.99844506871595,0,11.7403135845919
"RPMI-6666.3",0.279951470248791,1.2762120255509,2.15133997628308,11.4568114441551,1.13080321229121
"ES7.3",0.276662807717671,2.46068710092836,0.622988318219845,0,2.46068710092836
"SW837.5",0.0251298247629347,12.989056868538,2.44234530968166,0,12.989056868538
"HH [Human lymphoma].3",0.128167423851841,10.9987086209761,0.737572588256033,0,10.9987086209761
"NOMO-1.3",0.226137548671997,2.54111438366108,1.06911307446635,0,2.54111438366108
"HARA [Human squamous cell lung carcinoma].3",0.364083007518456,1.87062138875877,0.350115642878714,0,1.87062138875877
"HDLM-2.3",0.1611963782316,4.28962120769406,1.17534854336508,0,4.28962120769406
"JVM-3.3",0.265084223121528,1.48530094977319,2.05153941717462,8.95410280314309,1.34908970273194
"Karpas-620.3",0.232932350908304,1.83025501546186,2.31520551789286,11.4479517842528,1.63582671798187
"Caov-4.4",0.118518698525811,12.030030475605,0.758468808285713,0,12.030030475605
"C32 [Human melanoma].66",0.0103923968788923,13.1680054458024,4,0,13.1680054458024
"C32 [Human melanoma].67",0.0089845974374856,13.7255545948675,4,0,13.7255545948675
"C32 [Human melanoma].68",0.153330555542008,543866863247.685,0.171875,49.0624999999998,48.6967525165863
"SW620.83",0.108027745703646,5.29378007694177,2.10913834882484,0,5.29378007694177
"SW620.84",0.0964806052916322,5.74783139773976,2.24730711385967,0,5.74783139773976
"SW620.85",0.103005332841461,4.72547082929576,4,18.4589300367034,4.21135343605564
"U2OS.69",0.0960156906085555,8.81323986915799,1.15899172350908,0,8.81323986915799
"U2OS.70",0.0700411035254034,11.2764036905176,1.27970856747323,0,11.2764036905176
"U2OS.71",0.175507745035522,54.7118145106086,0.326086141110099,0,54.7118145106086
"A-549.44",0.263657513892496,4.95371913229035,0.435250294845165,0,4.95371913229035
"A-549.45",0.263103367822121,4.28564127872078,0.471519491199052,0,4.28564127872078
"A-549.46",0.203605548376703,3.92970893982948,0.802113777237423,0,3.92970893982948
"MHH-ES-1.66",0.128563323525622,5.56164973940733,1.2811453786415,0,5.56164973940733
"MHH-ES-1.67",0.129462272922964,5.94725842731157,1.16250613102926,0,5.94725842731157
"MHH-ES-1.68",0.124094933619503,5.87496572052698,1.2660033876338,0,5.87496572052698
"SNU-C2B.75",0.21129205201953,6.22624381237888,0.550564931413991,0,6.22624381237888
"SNU-C2B.76",0.209774324541348,5.54323922465694,0.593773138737811,0,5.54323922465694
"A-375.71",0.119177888585339,5.60810368859979,1.46002143839252,0,5.60810368859979
"A-375.72",0.121739878985224,5.71422014345574,1.36138913869369,0,5.71422014345574
"A-375.73",0.0975977793070496,5.93550754402548,1.98895134037581,0,5.93550754402548
"HT-29.76",0.242809628042184,18.4333522607556,0.30224545572083,0,18.4333522607556
"HT-29.77",0.268865134050371,6.76166153617441,0.509382001732718,32.4213618052393,0.868574792221409
"PC-14.78",0.559808570847792,0.0234635563105353,0.0932031202760878,0,0.0234635563105353
"PC-14.79",0.584097141305646,0.00255064513975426,0.0708014624010752,0,0.00255064513975426
"PC-14.80",0.576764631571732,0.0270279927481202,0.139524797344976,5.9821591879276,0.0108435801893299
"HCT 15.60",0.216945287306751,2.44054649081412,1.32968480240588,9.75391911407419,2.07304307441492
"HCT 15.61",0.256330716602597,2.15034683254519,0.923502228585403,15.7114642520507,1.42928035924026
"HCT 15.62",0.264768016580527,2.12875166179637,0.828125,0,2.12875166179637
"K-562.3",0.120439063519847,5.20010615791541,1.64683557477227,0,5.20010615791541
"C-33 A.3",0.434911158916766,0.772656095721968,0.322745164518488,0,0.772656095721968
"A2780.3",0.342664688132994,0.476493313483264,4,26.8728550438797,0.392956806051835
"NCI-H1648.2",0.539151084886003,0.0843320110861571,0.737060289178769,34.3681050008185,0.0174138447100014
"SCC-9.3",0.5011575845891,0.311751461867685,0.358666222029547,0,0.311751461867685
"DMS 114.3",0.148078900184711,4.35238342386328,1.4104676621537,0,4.35238342386328
"Calu-3.3",0.488727662889565,0.0761121624214829,3.32283839767764,35.759333611315,0.0521561270043415
"Karpas-1106P.3",0.189291665039533,2.40314554222025,3.66251772662565,13.6264454006215,2.20318398352803
"CPC-N.3",0.301774331092967,1.18596187350316,1.58170107768197,7.41265338640374,1.0715462840224
"L-1236.3",0.417595065965523,0.578439210724072,0.882383968855397,2.59827276680135,0.544493499597522
"SK-MM-2.3",0.00522659533069638,15.9283471920648,4,0,15.9283471920648
"A4/Fukuda.3",0.187212361358704,2.26763730992008,4,19.6243229962819,2.00199313708896
"LK-2.3",0.0522030143224434,7.4590521870334,4,0,7.4590521870334
"SJNB-7.3",0.0342076809633538,9.45571473168738,3.34872829070958,0,9.45571473168738
"MN-60.3",0.0836814903339841,9.59707955505064,1.43796740899543,22.291352157769,6.36595226360058
"OCUM-1.4",0.172019198224485,145.664257770419,0.271616442853077,0,145.664257770419
"BE-13.3",0.281480261355792,1.25536337514962,2.9311864428382,9.45681472166971,1.16870853963273
"Kelly.3",0.17702391124053,2.81699841689782,4,5.9341190843158,2.72941589236294
"NCI-H2818.3",0.156073947951377,5.65068907781985,0.912965161278609,0,5.65068907781985
"WRO.3",0.110137429742848,33.8796258732757,0.534295181551932,0,33.8796258732757
"KINGS-1.3",0.0961258521765231,12.6187649196802,1.793426027009,45.8994865350321,3.12894890673037
"IA-LM.3",0.123724405433454,558.124911540539,0.276856420290458,0,558.124911540539
"NCI-H526.4",0.164462341567456,4.31272469992794,1.11567526972462,0,4.31272469992794
"JVM-3.4",0.519264452548109,0.262455703471388,0.517528150448754,0,0.262455703471388
"KMRC-1.4",0.157923542963493,27.1422694445101,0.429545117051551,0,27.1422694445101
"DB.3",0.327675009866757,1.49270589682627,0.620298653658842,0,1.49270589682627
"PEO1.3",0.238138313359679,12.4046704648088,0.350841418540465,0,12.4046704648088
"HCC78.3",0.353180722557344,3.56295935443287,0.266765065092753,0,3.56295935443287
"SaOS-2.3",0.115253042549766,6.1772768138407,1.34034471021268,0,6.1772768138407
"K-562.4",0.106369471641151,5.66491654571125,1.823964820031,0,5.66491654571125
"HDLM-2.4",0.263837907033363,2.35621036620771,0.73800521342884,0,2.35621036620771
"T84.5",0.281091529773234,96.7482473758062,0.168362151266816,0,96.7482473758062
"MRK-nu-1.3",0.147461179903723,3.7538141180866,2.31895209171472,0,3.7538141180866
"HCC2218",0.642771631549248,0.0129222747939137,4,34.105870783528,0.00970299161118077
"BT-549.4",0.243514330866455,3.01801134385219,0.697914756639591,0,3.01801134385219
"MDA-MB-361.4",0.382515986918562,6.50362864972798,0.714664669842586,48.7654739337643,0.0366345970540015
"HCC1395.2",0.199730975180041,3.67327711049419,0.886535048390612,0,3.67327711049419
"COLO 679.3",0.0590421840064353,7.84371328175928,4,41.2170693432212,5.07795762633191
"NCI-H847.4",0.142613708519256,4.04680837980768,1.95634025981205,0,4.04680837980768
"NCI-H522.3",0.269034197170736,NA,4,67.4379900894949,0.0331611587823237
"ME-180.3",0.407497950105641,5.97364547658912,0.129480251015523,0,5.97364547658912
"COLO 320HSR.5",0.119566202748189,6.00170542717752,1.31068290227297,0,6.00170542717752
"Capan-1.3",0.296618133947835,27.2322559612976,0.201067738980852,0,27.2322559612976
"ME-1 [Human leukemia].3",0.193465214695265,2.59550247585316,2.0512648014322,9.32592357594881,2.34701346798062
"Lu-165.3",0.146912482338295,4.68770565111618,1.38892420422962,21.4790753646836,3.12913418221376
"Mo.3",0.189397131545894,2.59238107431244,2.09489927337705,15.1095734709285,2.18326456100019
"EFO-21.3",0.195254387266538,43.7548363598962,0.310369945550536,0,43.7548363598962
"BICR 78.4",0.26780944190778,7663.14350893947,0.164103999086277,36.9942118504987,2.09223288893633
"NCI-H929.3",0.168928130718858,2.7650026440278,2.66035673465194,24.3998554252378,2.14987951537113
"SW900.3",0.21350701598324,20.5352502645715,0.34375,8.67361737988404e-16,20.5352502645715
"CGTH-W-1.3",0.0662871757868257,9.25484790890369,1.65861694122145,0,9.25484790890369
"WM115.4",0.104238158557032,6.93491596638267,1.34650296393351,0,6.93491596638267
"SK-CO-1.16",0.273147454064269,3.47894378138932,0.49562451508103,0,3.47894378138932
"Reh.3",0.208683705473214,2.33151249260829,1.91728456247546,9.21833389750249,2.09640934008988
"Loucy.3",0.304980192092098,1.22151231168877,1.92082703511118,0.456778388304963,1.2156899471913
"SU-DHL-6.3",0.339824468553373,0.877052799259935,4,4.47607863860004,0.856728380916145
"NCI-H69.4",0.234002647310666,2.02537676539174,1.53632438377376,7.70783011050232,1.81626224517495
"22Rv1.3",0.12433122129831,NA,4,63.707793367907,0.9382863383874
"SK-MEL-1.3",0.0477396811891049,NA,4,53.4492353111235,4.99967745582915
"L-540.3",0.109084718018842,4.42040840351752,4,22.1662341556867,3.81823704690532
"NCI-H2595.3",0.132270346737569,56.6577438728091,0.407105479256884,0,56.6577438728091
"COLO 680N.3",0.121894336741179,148.138434377355,0.349993954016591,0,148.138434377355
"EW-7.3",0.153477938354671,3.67116581436128,1.946004792621,6.37191088108275,3.42279381903198
"JHH-2.3",0.168990594350255,4.18735572035306,1.09459291114982,0,4.18735572035306
"HCC38.4",0.101704104970593,NA,3.86484640581362,86.2273564359322,0.0609135902678295
"EN.3",0.112043976635123,5.2296399139398,2.18367168076076,29.0097197337356,3.51438125197159
"DoTc2 4510.3",0.352766657226277,3.21326248067458,0.281453510234199,0,3.21326248067458
"HO-1-N-1.3",0.350018850113588,1.5798292634884,0.459904691659342,0,1.5798292634884
"KP-4.3",0.15039240218348,6.1867071964403,0.892316930688941,0,6.1867071964403
"NCI-H1993.3",0.198616575833268,2.33959868707935,2.20845968973241,16.9687402785686,1.93917177967554
"BC-1.3",0.206140033320596,2.33186520362569,2.02068254418299,10.824569570398,2.06665308954813
"M059J.3",0.0863281699927309,6.48654154317492,2.08386248749407,0,6.48654154317492
"MPP 89.3",0.0997465851777895,5.96341574721048,1.87199835880674,0,5.96341574721048
"TGBC11TKB.2",0.137815032304926,5.4369547939114,1.16533764796461,0,5.4369547939114
"SW1116.5",0.192208828781688,92.9799503149078,0.267760046153455,0,92.9799503149078
"NCI-H2085.3",0.11223114495996,4.17423320316653,4,29.5178778945233,3.33947306467152
"SK-MEL-24.3",0.0428812314767431,8.147004137765,4,0,8.147004137765
"NY.3",0.19792306887368,6.94281234682185,0.569563413190531,0,6.94281234682185
"NCI-H810.3",0.108159295708596,5.2973645307325,2.09664365567449,0,5.2973645307325
"NCI-H1755.3",0.23436361819597,6.28318414057815,0.470178300716859,0,6.28318414057815
"RKN.3",0.0688999759487291,3319.3944047904,0.297088370979043,0,3319.3944047904
"NCI-H1703.2",0.250973057334418,1.68390421677081,1.72308835485328,10.7900408656624,1.4623367339062
"LS1034.5",0.18640819993386,10.1827961281748,0.512770515271924,0,10.1827961281748
"SN12C.3",0.0216089482870483,49.1251906873783,1.08913758130935,0,49.1251906873783
"SW1783.2",0.070673596380092,9.2121152609436,4,48.383363919808,3.90633899406956
"MKN28.3",0.115031644339441,8.49232737323946,0.974865023702509,0,8.49232737323946
"MLMA.3",0.167584813777372,3.42646337015863,1.7126671892165,0,3.42646337015863
"Mono-Mac-6.2",0.249545008819553,2.23250792098118,0.943328217797335,0,2.23250792098118
"U266B1.4",0.104191551337995,7.76921702104802,1.82970084268693,40.0893104026305,3.20800179890162
"MRK-nu-1.4",0.0810329886887314,6.34936890905953,2.56923836905319,0,6.34936890905953
"WM1552C.3",0.117559011092767,4.89749449146224,2.08022702600041,0,4.89749449146224
"BxPC-3.3",0.155707472236331,10.1864119986552,0.627109978805211,0,10.1864119986552
"GI-1.2",0.123498461226713,5.08404641647652,1.62666557410669,0,5.08404641647652
"SJNB-12.2",0.148005986331095,4.18360418533625,1.53906166626673,0,4.18360418533625
"Panc 03.27.2",0.267326097385138,NA,4,71.3656983132042,0.0151555243256801
"SK-N-SH.2",0.0975837597194554,4.86861715378318,4,25.5721938714234,4.07037329182536
"G-292 clone A141B1.3",0.116416022625844,14.0639919199854,0.712923202659814,0,14.0639919199854
"MOG-G-CCM.4",0.169993706355083,32.9372508471113,0.380678232804449,0,32.9372508471113
"NCI-H2795.3",0.157991823384435,4.28819800190191,1.23190986222737,0,4.28819800190191
"HD-MY-Z.3",0.105549800436293,9.95606483245792,1.3949566075499,37.8367662716457,3.61399312743202
"MDA-MB-157.4",0.122266596724391,NA,4,78.1353794899126,0.210151438451008
"Kuramochi.3",0.104569575748784,22.3513868915353,0.639077723485121,0,22.3513868915353
"Panc 04.03.4",0.197313188430644,468.827407058122,0.198615797845281,0,468.827407058122
"CAMA-1.5",0.144074861435259,41.9952940907853,0.411158654328163,0,41.9952940907853
"MeWo.5",0.203840167790636,5.22201298192827,0.64369418519541,0,5.22201298192827
"SW1417.5",0.00643086903275893,16.439037078605,3.55329084501152,0,16.439037078605
"NCI-H727.4",0.211561817486444,10.7110883733644,0.431305175674326,0,10.7110883733644
"SW872.3",0.0572919491760873,18.0487233591309,1.07429570448938,0,18.0487233591309
"Lu-139.3",0.203985233960864,2.4598481100597,1.87119610319479,7.07861102202407,2.2671404217323
"YAPC.3",0.224044945107523,21.9572914876911,0.31857419537052,0,21.9572914876911
"NCI-H441.3",0.224469144645103,6.62835278400121,0.561688842115268,19.9656185893659,2.675000584876
"CAL-72.4",0.234406321328675,2.50816845180318,0.967133253881838,0,2.50816845180318
"Namalwa.3",0.178497936784214,2.95108830288915,2.00379220618761,8.67280690545682,2.68344961311025
"OCI-AML-3.3",0.17441211927797,3.60929245389833,1.28481506687951,0,3.60929245389833
"RPMI-8402.2",0.249168521715775,1.52814972391292,3.70023602772322,11.8102420677745,1.42082326652247
"Ramos.2G6.4C10.3",0.351390963552122,0.811046045154443,1.50301747677008,8.10962064807637,0.720960107062886
"AU565.4",0.598177539456809,0.0594877347554077,0.529235780771071,21.5417553696867,0.0205090559726333
"CAL-85-1.3",0.103820815926839,13.0804585514093,0.815452904484165,0,13.0804585514093
"CAL-85-1.4",0.0796283361115572,9.23031788589272,1.3567815172099,0,9.23031788589272
"CAL-85-1.5",0.0590570518048799,10.3401066433381,1.62766156818052,0,10.3401066433381
"HCC1937.5",0.302506910602865,10.1286211052929,0.254685247269241,0,10.1286211052929
"HCC1937.6",0.251525895177484,18.3361181968198,0.287606374516527,0,18.3361181968198
"BT-474.7",0.511187021616319,0.190219024405492,0.492380517984679,25.8877419443922,0.0432500869569618
"MFM-223.36",0.123156883447466,8.302870462847,1.16228491466519,30.3708452354754,3.7141331326252
"MFM-223.37",0.128186179371435,7.61638496152573,0.929152956730232,0,7.61638496152573
"AU565.5",0.631995614169775,0.0211896912662109,0.236446244468864,6.6313821552325,0.0116085513170436
"AU565.6",0.635143938177912,0.0312056419583643,0.497705787087458,20.9205542254623,0.01050256366053
"NCI-H1869.3",0.247389456174437,17.3374174573348,0.299956515054728,0,17.3374174573348
"JHU-022.4",0.610862321545434,0.000340933737942928,0.172480167937669,31.7133286048112,1e-06
"ES1.4",0.342458121890824,1.48646308297147,0.528233970041524,0,1.48646308297147
"NTERA-2.4",0.143140266858373,8.41608123971508,0.764011058510652,0,8.41608123971508
"TT.2",0.0621907728450612,NA,3.37932759650143,62.4500801100946,3.20548198587602
"HMV-II.3",0.177888656584271,3.84765003081624,1.09513786743725,0,3.84765003081624
"ESS-1.3",0.0921265117231091,8.19422396255189,1.30679003710488,0,8.19422396255189
"SK-LMS-1.3",0.10746390290075,7.94983387315574,1.11662780115477,0,7.94983387315574
"SW684.3",0.0934191311596094,17.39529523654,0.772975515061012,0,17.39529523654
"NCI-H3122.3",0.0425985814669029,9.58942950287786,2.54162452600358,0,9.58942950287786
"ML-2.3",0.160706631300118,3.07461208802441,2.8088583119486,16.7122250936765,2.66003569346304
"Ca Ski.3",0.320653903613261,2.47526542565882,0.425185065928427,0,2.47526542565882
"K5.3",0.062919259503823,8.8379787935664,1.87710723169455,0,8.8379787935664
"8305C.4",0.245238343043232,6.09056634229548,0.444707228626975,0,6.09056634229548
"IST-Mes1.3",0.0287297595002689,38.5549740761407,1.06866578828163,0,38.5549740761407
"GR-ST.3",0.300887600592074,1.22729686995569,1.17852211937601,14.9805306265029,0.907229353571122
"Karpas-422.3",0.11313660877242,5.23789501816568,1.90214440143425,0,5.23789501816568
"COR-L88.3",0.118591230196605,7.43348239024711,1.04979922277139,0,7.43348239024711
"EW-3.3",0.19030780995121,2.78515064470599,1.59717008921781,21.815152676438,1.94525505141034
"NCI-H82.3",0.162453534860776,3.17063464233575,2.28735109948094,16.6565545046775,2.65594449272309
"HCC70.4",0.108238439072904,4.77245054585004,2.92093926041772,23.6455195572907,3.83289581077596
"TE-5.3",0.251437675179841,6.04502977338594,0.428757652808128,0,6.04502977338594
"KGN.2",0.240208242238908,11.1790305286756,0.359243146525919,0,11.1790305286756
"L-363.3",0.0998722667906209,5.64222417461942,2.16466498169552,0,5.64222417461942
"EFM-19.3",0.145952241194279,5.26614680631403,1.09450710129847,0,5.26614680631403
"Hs 633.T.4",0.0963886566336167,6.31878806145293,1.77381210582582,0,6.31878806145293
"NCI-H3118.3",0.531432685923351,0.160375852869599,0.192099052060883,0,0.160375852869599
"KYSE-270.3",0.45271090712427,0.942027916694847,0.179356087344649,0,0.942027916694847
"TE-9.3",0.108832597228706,6.57683699199706,1.35098709913898,0,6.57683699199706
"CML-T1.3",0.131987991453957,4.46495875277658,1.88188505767556,0,4.46495875277658
"LC4-1.3",0.187346100587161,3.41452793889884,1.15326676680704,0,3.41452793889884
"Lu-65.3",0.0935195875130045,6.45769499175361,1.79861647640253,0,6.45769499175361
"CS-1 [Human chondrosarcoma].3",0.200383266446728,3.80323235293489,0.854843187275411,0,3.80323235293489
"HCC44.3",0.117944122366025,6.33736422368437,1.2493681813529,0,6.33736422368437
"SW1710.3",0.151662807805218,103.509302168172,0.321282357067746,0,103.509302168172
"NCI-H2087.3",0.0399486735594139,10.2212614848579,2.4174010950577,0,10.2212614848579
"SF539.3",0.107259724092424,5.04313007522268,2.66167006267259,0,5.04313007522268
"ONS-76.3",0.172669686419926,6.11747540012573,0.740247694723574,0,6.11747540012573
"NCI-H1666.3",0.385226700041341,NA,3.55362915108421,60.5488848338376,0.00933589348172824
"SNG-M.3",0.198119092490593,3.60977832394472,0.927370536194923,0,3.60977832394472
"HOS.3",0.0789289844840539,6.47280999179157,2.56848080435572,0,6.47280999179157
"CCK-81.5",0.691865211519466,0.0411841459884121,0.520085030648208,2.75881509850269,0.0369262719760578
"OC 314.4",0.325498267949045,1.89059344348146,0.499331755295804,0,1.89059344348146
"TGBC1TKB.2",0.142241524938065,32.3209416322416,0.446271665769898,0,32.3209416322416
"DOK.3",0.446961663824807,0.669503842341625,0.310636418411071,0,0.669503842341625
"HO-1-u-1.2",0.42610631420561,0.759882221496177,0.388954244413262,0,0.759882221496177
"KYSE-220.3",0.478562896296998,0.444119920268389,0.271006324552726,0,0.444119920268389
"ES8.3",0.340569245755469,1.70196000848813,0.473134382457089,0,1.70196000848813
"NCI-H2461.3",0.160403684744755,30.6255512872774,0.453125,16.25,12.8639694493697
"LB831-BLC.3",0.0775133871690996,7.51569759551914,1.85369526233903,0,7.51569759551914
"HuCC-T1.4",0.231501873790456,8.26313266227112,0.42405660880265,0,8.26313266227112
"NCI-H1651.3",0.191106992850472,1780.88809292585,0.171209375718556,0,1780.88809292585
"NCI-H211.4",0.306932766173541,1.40286159647867,0.914640972320854,0,1.40286159647867
"HAL-01.3",0.229322393055757,2.30058907805779,1.2613968239928,0,2.30058907805779
"GAK.3",0.0761753417949213,6.12635374713967,3.86878710139257,0,6.12635374713967
"H4.3",0.186137424667633,2.63753131048523,2.68342409307123,9.34511372665727,2.44180838750925
"CAL-85-1.6",0.0238473611697373,12.9194787873287,2.54576143907334,0,12.9194787873287
"IHH-4.3",0.159967043037639,3.96374456458288,1.37461603436276,0,3.96374456458288
"KYM-1.3",0.189325012725442,3.74781194798539,0.981570253032164,0,3.74781194798539
"BT-483.2",0.0325528950140877,NA,4,86.094727877313,1.98567487120053
"TC-YIK.3",0.13876149157029,3.90467622491108,2.39070398073189,11.2387052721288,3.51021994483723
"RKO.6",0.112913255764666,5.50359722759985,1.69567544716789,0,5.50359722759985
"RT-112.3",0.061940862552051,6.85204604383455,4,0,6.85204604383455
"OE33.3",0.293414849036265,1.9146069280788,0.722161290074316,18.5978077813341,1.0054253276713
"KYSE-70.5",0.165585701477976,61.6265546725991,0.334039588032289,0,61.6265546725991
"SH-4.3",0.0900094725340343,5.58362189418152,3.12253496688474,14.8990289118586,4.9855021418646
"D-263MG.3",0.036477325568726,9.61688962428006,2.98956956002207,0,9.61688962428006
"MDA-MB-436.4",0.0786360719341157,65.7361118627303,0.547037631172379,0,65.7361118627303
"MDA-MB-468.4",0.427343190339928,0.834979622507881,0.33401343543893,0,0.834979622507881
"EFM-19.4",0.158790940673606,4.41446635432609,1.15665309439911,0,4.41446635432609
"Hs 578T.4",0.19003137338333,3.03390539507652,1.39338357155635,0,3.03390539507652
"BT-483.3",0.127557011060359,NA,0.378977765624233,56.162356457792,4.45487576361449
"UACC-893.1",0.696527098422612,0.0348369200510195,1.12050483486969,15.7362050612352,0.0248632032336555
"HCC1419.4",NA,NA,NA,NA,NA
"KP-3.3",0.0866399496404168,NA,4,74.378450223353,0.967450893338407
"D-392MG.3",0.117602459847561,516.133182108832,0.289195164992565,0,516.133182108832
"MSTO-211H.3",0.0804070003644872,113360.05663286,0.195456008674058,0,113360.05663286
"SKG-IIIa.3",0.204789206912798,21.5250464142964,0.355476997874177,0,21.5250464142964
"PC-3 [Human lung carcinoma].5",0.563961666590502,0.0334617964912071,0.402267395118942,35.0281940656209,0.00166989549409019
"H-EMC-SS.3",0.0465671887329169,18.3161212478849,1.21633989651641,0,18.3161212478849
"NCI-H2452.4",0.136907293998343,6.12429056322097,1.03292430990734,0,6.12429056322097
"KS-1 [Human glioblastoma].3",0.120001695588078,7.52294974490536,1.02331821688906,0,7.52294974490536
"KALS-1.3",0.0696000379811083,7.7733238560754,4,45.9943082636155,4.13555348500083
"LCLC-103H.3",0.11410705156978,9.1755563755005,0.928918037693558,0,9.1755563755005
"SJNB-10.3",0.0981386210527461,4.82498781784959,4,27.2294733308675,3.96366543113963
"OCUB-M.3",0.415387013132103,0.454328422363995,1.14405754148556,16.8660992447706,0.317083548393644
"Hs 578T.5",0.131946905659949,5.36514336660719,1.28445837999995,0,5.36514336660719
"SK-N-AS.4",0.153876188662104,5.24992058536159,1.00254524776708,0,5.24992058536159
"HCC1395.3",0.106403574955247,12.7022304448469,0.8131518211433,0,12.7022304448469
"CHL-1.3",0.302267146005185,NA,0.503415771263666,53.9016101079565,0.0654513671066854
"MFE-280.3",0.204797360414919,8.35736703200692,0.645880841743085,30.0134866257182,2.02067303395704
"MFH-ino.3",0.0539171448050166,NA,2.93286306019044,73.6247771518799,2.44991090542583
"GaMG.3",0.134391366462815,4.68195449210619,1.56782581680521,0,4.68195449210619
"SUP-T1.3",0.215980308893545,2.18999875125995,1.76559342491396,13.4697636794117,1.83331082169184
"HCC2157.4",0.313808649081493,3.02533256720601,0.422982243264141,11.4278192451479,1.63810441593036
"ZR-75-30.3",0.544768580535049,0.073499839644096,0.624099843715558,34.6792346302277,0.0110458125696095
"HCC70.5",0.0518430102897848,9.15522855177229,2.21406060344027,0,9.15522855177229
"EFM-192A.4",0.303104314868154,NA,0.779183341115501,55.2667243785986,0.0736884692338387
"ZR-75-30.4",0.595014222981543,0.0274080476695541,0.873540719058746,34.4310276907321,0.0072079786091887
"COLO 684.3",0.224983614790217,2.63663904000511,1.0195159469539,0,2.63663904000511
"OVCAR-5.3",0.225008349399185,6.19849175584554,0.503234597848621,0,6.19849175584554
"EB3 [Human Burkitt lymphoma].4",0.228408312697002,1.83727875558995,2.11188762776252,16.8729413650393,1.5118808035939
"GR-ST.4",0.34546355978426,1.05826230458362,0.841398909445324,1.00619102011776,1.03300000977332
"SNU-387.3",0.1674010270866,7.63317830983463,0.671457476362756,0,7.63317830983463
"CaR-1.7",0.186674037863122,7.38975683720794,0.595533233146021,0,7.38975683720794
"DSH1.3",0.66581575566425,0.0286063787481171,0.313193275245046,0,0.0286063787481171
"PSN1.4",0.0930988275048603,5.76522640228129,2.47182941355849,0,5.76522640228129
"Ca9-22.4",0.423676137915018,0.796523159941486,0.3816463780746,4.55327390712566,0.62021807485653
"KNS-62.4",0.182593803932157,8.28987612945332,0.57748732154229,0,8.28987612945332
"A-673.3",0.0715853219345307,9.60432864320084,1.64474919089349,19.2560066854646,7.14582641773607
"NCI-H1299.3",0.0931182569756659,5.05037709647986,4,35.4507654676333,3.70929472476456
"EW-11.3",0.131682778587308,3.59880011343631,4,22.5179189023693,3.0986864183849
"Becker.3",0.0823169518776022,5.63503531220728,4,28.954898512845,4.53880889113318
"GCIY.3",0.46070313781375,0.596712889097873,0.265243382622332,0,0.596712889097873
"BFTC-905.3",0.0808859379434535,6.19894989846513,2.84138660827357,0,6.19894989846513
"CAL-54.3",0.428165783960361,0.866994017027635,0.314409577103208,0,0.866994017027635
"BT-549.5",0.091040087434851,10.3883443411245,1.50081593363738,35.9782179024002,4.45282133995647
"OCUB-M.4",0.481744682820231,0.307243946545476,0.89423611712002,9.9254505423548,0.239892016323969
"DU4475.4",0.10907465388541,4.74499938780102,4,0.641637007790422,4.72970274197678
"LAMA-84.3",0.174786437832164,2.37764954402845,3.2848840825286,29.1359518955573,1.82220362461183
"FLO-1.3",0.175581775536138,3.38983678810725,1.44717662678267,0,3.38983678810725
"HCC1395.4",0.146672526827902,6.37066082107807,0.902359180780498,0,6.37066082107807
"YT.2",0.0749877436093725,9.5555309985343,1.40054900617128,0,9.5555309985343
"BICR 22.3",0.153484117321318,45.0329491574813,0.383617242104617,0,45.0329491574813
"NCI-H1581.3",0.0940560829418308,5.19425967850309,4,11.4624899368832,4.86689603823323
"KYAE-1.3",0.344492009714142,0.527649234905014,1.56627696156969,39.6154255691221,0.193440192944013
"MDA-MB-231.4",0.129326791332358,4.42655913329778,2.10760160628198,0,4.42655913329778
"769-P.3",0.206199439190716,9.16811159865855,0.474137730913163,0,9.16811159865855
"COR-L105.3",0.641426718205587,0.0128747329750339,2.39102970339397,34.0196254408882,0.00799013745467916
"CAL-39.3",0.664172038668329,0.0199600209710136,3.74561846892175,28.2803803589056,0.0159765605809717
"EoL-1.3",0.290260696663236,1.29390611143571,2.15403815574123,4.03138188967738,1.24438244023267
"HLE.4",0.165487529028201,4.51401140258679,1.41961662862633,37.6171235687956,1.6888157063123
"KATO III.3",0.0393136134142962,NA,1.63510435471109,64.6889267674199,5.68701495272176
"ACHN.3",0.447080098864075,1.00632931210814,0.190113075657358,0,1.00632931210814
"BL-41.3",0.331119804315283,1.06540105272101,1.15630478846941,1.55574418932029,1.03667127587171
"DND-41.3",0.214213124120163,2.2116350677518,2.0435635329038,8.69133252178722,2.01434091025418
"P31/FUJ.2",0.260942788348285,1.49679028358065,3.52599928285435,7.29956529019192,1.43127519324475
"SNU-449.3",0.124360747338945,7.95235347368563,1.2115278545102,31.5567606453106,3.49129146047873
"NCI-H2066.2",0.229840359269527,15.9597133182175,0.787622733916496,46.4593236704995,0.553455549523214
"SBC-3.3",0.198206604678114,3.50212535477304,0.961145490634938,0,3.50212535477304
"HCC1187.4",0.0306730838197529,18.8273947319818,1.52133592166609,0,18.8273947319818
"HCC1500.3",0.165566441090142,3.11236522609218,4,3.25265874425388,3.06046404845347
"HCT 15.63",0.182291008459609,3.01362080932349,1.66191176723837,8.43644824622821,2.69647513724019
"HCT 15.64",0.168515505483687,3.14634683388623,1.98554267943358,15.3315983206689,2.61643233669708
"HCT 15.65",0.161454790442058,4.04131136375092,1.29074167999051,0,4.04131136375092
"A-375.74",0.103064306607262,5.92374640578116,1.77067034392922,0,5.92374640578116
"A-375.75",0.0785138581109786,6.92703895637175,2.14244608785738,0,6.92703895637175
"A-375.76",0.0673029814171641,7.3041332282293,2.4953078007784,0,7.3041332282293
"A-549.47",0.203879358300988,6.15112613948,0.583410726259883,0,6.15112613948
"MHH-ES-1.69",0.136825667152889,5.23775024662744,1.24016067089753,0,5.23775024662744
"MHH-ES-1.70",0.138129848678862,6.22289547410706,1.00381839966519,0,6.22289547410706
"MHH-ES-1.71",0.134916161886875,4.86995896862127,1.47013863607907,8.53442048778112,4.28781914061193
"SW620.86",0.135417818902895,4.28958759315766,1.95936572873294,0,4.28958759315766
"SW620.87",0.137544183778567,4.40705771320197,1.69878826573256,0,4.40705771320197
"SW620.88",0.132384728754726,4.72249390476752,1.60141183388924,0,4.72249390476752
"PC-14.81",0.609464511609983,0.00812264888359106,0.123334953662171,0,0.00812264888359106
"PC-14.82",0.610919882782695,0.0111565562342213,0.137372652507003,0,0.0111565562342213
"PC-14.83",0.565799155625446,0.056983204827045,0.158259033065126,0,0.056983204827045
"U2OS.72",0.119935334346684,13.3232361262301,0.712469318531479,0,13.3232361262301
"U2OS.73",0.075913673795421,NA,4,55.0503423293458,3.12181405936932
"U2OS.74",0.109492837660268,NA,1.83099467819107,65.5605695311392,1.12340727353662
"HT-29.78",0.207568516334417,4.06794432108305,0.75,1.12757025938492e-15,4.06794432108305
"HT-29.79",0.154145767352197,15.3075910253251,0.531860599006562,0,15.3075910253251
"HT-29.80",0.149581194686468,6.66844260539797,0.877114721656821,7.08877382355005,5.6017369713983
"SNU-C2B.77",0.219808858967727,8.88983424362768,0.600145572612844,32.2324760542746,1.58551429227777
"SNU-C2B.78",0.227595222999928,5.61458146620228,0.520450939099806,0,5.61458146620228
"C32 [Human melanoma].69",0.0121220029672171,12.591482353694,4,0,12.591482353694
"C32 [Human melanoma].70",0.110459862119097,NA,0.0521387683733479,64.8975834296585,1e+06
"C32 [Human melanoma].71",0.0628577994240108,152.618448378937,0.503028868526906,0,152.618448378937
"HCC1599.1",0.106812097672839,9.58482011309806,0.962278568709038,0,9.58482011309806
"KYSE-450.4",0.405883965967627,2.00465327033434,0.234375,10.6250000000001,0.723394162736675
"VM-CUB-1.3",0.0600788938774331,NA,4,93.0583655438395,0.0251805996976332
"NCI-H2731.3",0.121405744927437,6.33702645359105,1.19474099472085,0,6.33702645359105
"SNU-C1.6",0.0442883789069069,37.5341197468174,1.40602143476062,43.1095986813407,9.16759203060638
"SK-GT-4.3",0.33762298044331,7.0362148941141,0.227932398220081,0,7.0362148941141
"T.T.4",0.334753182797304,8.13468654418678,0.221300143441025,0,8.13468654418678
"HPAF-II.3",0.214880473367697,42.8157094153462,0.282009935405985,0,42.8157094153462
"HSC-2.3",0.370331071866417,2.02945307569419,0.312021116695856,0,2.02945307569419
"IGR-37.3",0.0812438273322118,8.06435506558086,2.2691413473447,38.0287260779056,4.29509642644215
"CW-2.6",0.390449975124426,0.999951284506022,0.465537589177632,0,0.999951284506022
"CAL-54.4",0.471313241093583,0.448991508189706,0.328817141233587,26.7681136672383,0.0436380490910933
"D283 Med.3",0.162679064753694,3.60343866641348,1.65113688525354,0,3.60343866641348
"HCT 116.5",0.0918203291344967,5.51021661534746,4,44.1738830354039,3.21937057815791
"MIA PaCa-2.3",0.0845936283632057,6.38302519673614,2.27346965157653,0,6.38302519673614
"LNZTA3WT4",0.0307942116959237,9.29177650125143,4,0,9.29177650125143
"HT-1376.2",0.0661743436757074,NA,1.30609827775734,90.809243722622,0.0650007686029865
"OVKATE.3",0.21472076371609,5247.86821437561,0.135587699805244,0,5247.86821437561
"SKN.3",0.0499720218475119,19.0804881267222,1.13554844474486,0,19.0804881267222
"SCC-4.3",0.155803340580336,9.9517224740298,0.633894156294312,0,9.9517224740298
"SAS.3",0.462944296200509,0.618090414342792,0.233529576554306,0,0.618090414342792
"SK-N-FI.3",0.0765406887186871,6.80715775748062,4,44.8597355324022,3.85451447152
"PCI-30.2",0.237954598636586,8.2398601121554,0.408182981618354,0,8.2398601121554
"NCI-H1792.3",0.0841991882863124,6.80633668467307,1.95916693083074,0,6.80633668467307
"NCI-H520.3",0.153552961190128,4.24165507638724,1.34725492546059,0,4.24165507638724
"NCI-H841.4",0.145335630770291,10.9201140718452,0.651943147854793,0,10.9201140718452
"LS180.5",0.214985373090804,7.93762059443168,0.477788240141141,0,7.93762059443168
"NB69.3",0.341635384835499,2.00685893139479,0.410483768142746,0,2.00685893139479
"SW982.3",0.0990366990593587,NA,3.82513785139782,50.653242549429,2.50337684462541
"NCI-H2342.2",0.192748593114985,249.966581329832,0.223692581054701,0,249.966581329832
"JHH-7.3",0.0825845092257313,9.95198841284883,1.21989829147037,0,9.95198841284883
"MKN1.3",0.281558214424297,2.45604149330026,0.596789926779448,0,2.45604149330026
"MKN45.3",0.099053079780927,6.14859179480238,1.77722586680152,0,6.14859179480238
"UM-UC-3.3",0.0963244194752657,27.3033487392017,0.630011129871899,0,27.3033487392017
"CAL-62.3",0.0797289707028239,6.5957701077853,2.36226646912118,0,6.5957701077853
"Panc 10.05.3",0.302831871793935,6.93411014969457,0.291197189145219,0,6.93411014969457
"RCM-1 [Human rectum adenocarcinoma].5",0.320685095987208,12.4699401880551,0.213002756818671,0,12.4699401880551
"SW1271.3",0.173268991968552,9.5134431853474,0.575211834868119,0,9.5134431853474
"OVMIU.3",0.641815679541434,0.0407439916561408,0.310603895833174,0,0.0407439916561408
"COR-L95",0.203381183197474,2.61138615272519,1.65512295304196,0,2.61138615272519
"Capan-2.4",0.244509910445418,6.91986416160179,0.421762989300948,0,6.91986416160179
"SHP-77.5",0.142858266557093,3.98183611696339,2.08163285756884,0,3.98183611696339
"CCRF-CEM.3",0.257238043011332,1.42402182835795,4,11.9201504178683,1.33029497769752
"COR-L279.4",0.2180663212408,2.0586775108597,2.59892262086763,9.75960381626401,1.89365591900044
"ECC10.3",0.220088092734176,2.70604290372415,1.04865936392571,0,2.70604290372415
"WSU-NHL.3",0.472148258250721,0.391315685524515,0.866740800802951,0,0.391315685524515
"ST486.4",0.343757487586332,1.0120626823395,1.01110252486648,0,1.0120626823395
"IM-9.3",0.321318551140181,0.991789739821106,4,5.05034414139119,0.965736626665608
"MOG-G-UVW.4",0.11436626376165,4.87355941144088,2.36189330956978,0,4.87355941144088
"BT-20.4",0.148975328324133,32.5127645691239,0.42781046973341,0,32.5127645691239
"HCC1428.4",0.128423376515608,4.94794583435314,1.55130535170828,0,4.94794583435314
"Evsa-T.4",0.105846125522336,4.38837104998627,4,33.8704626796709,3.30724461285243
"HDQ-P1.5",0.353107587539258,2.74234864133201,0.303137393526194,0,2.74234864133201
"TE-15.2",0.50100884505707,0.0483679492611584,2.02201166741427,45.1641198580825,0.0152346451090665
"HSC-39.2",0.0889853488510504,5.72032572624316,3.02320171042165,0,5.72032572624316
"SK-MEL-2.3",0.223429558748412,4.68003895292369,0.595673655668819,0,4.68003895292369
"VCaP.3",0.088531524656275,7.46447150560413,2.10431452231025,35.3668407932152,4.1630309628356
"OV-90.3",0.0252619351988052,9.97602317852515,4,0,9.97602317852515
"RF-48.2",0.0770506531555395,6.69443331516835,2.4379610828616,0,6.69443331516835
"Panc 02.03.3",0.274148152826004,22.883346866977,0.239263911736489,0,22.883346866977
"Karpas-299.4",0.115880250091134,4.94775024463068,2.11025023550247,0,4.94775024463068
"TGW.3",0.142897580771847,4.98488247222438,1.22144042385449,0,4.98488247222438
"SK-LU-1.3",0.0543984144645751,NA,1.99875296106158,57.5765516540247,4.52800627096648
"PL18 [Human pancreatic adenocarcinoma].3",0.0547263075258969,43.2167570511392,0.753463810430317,0,43.2167570511392
"UACC-62.3",0.0535801951657266,NA,4,50.2634494845479,4.81416844561342
"VMRC-RCZ.3",0.113064494408645,5824.24670162798,0.217009097843402,0,5824.24670162798
"OCI-AML-2.3",0.131357064180097,4.2150909144524,2.50505121656185,0,4.2150909144524
"NCI-H1355.3",0.0745145925130297,8.130127738281,1.72423251232845,0,8.130127738281
"DOV13.3",0.404520520657429,0.837505563641115,0.484490898294022,0,0.837505563641115
"VAL.3",0.282766526210359,1.43239618112003,1.34434586407858,6.9525846441368,1.28143166037107
"Ku812.3",0.212736796883909,2.24496902998964,1.77622786527828,13.597351517382,1.87762722839895
"KTCTL-195.3",0.393505727819874,1.42093731204203,0.315427395541375,0,1.42093731204203
"SJSA-1.2",0.118647673030358,4.75694546239482,2.24988275236158,0,4.75694546239482
"LoVo.5",0.409442082172134,1.091680807791,0.333104020311263,4.82040147186615,0.805233504583946
"SJNB-14.3",0.198219341676408,3.24811395125613,1.0674089335786,0,3.24811395125613
"MDA-MB-415.4",0.100965343916489,6.52152960592378,1.6455518301002,13.5353946362385,5.38313007281277
"MS-1 [Human lung carcinoma].3",0.224831107813557,1.89361087547308,3.53273618387119,10.1966124958865,1.77522330399283
"EB2.3",0.354088145026586,1.31875540498758,0.528128197758852,0,1.31875540498758
"SK-HEP-1.3",0.0547846981265908,10.190616809509,1.78750180456258,0,10.190616809509
"MG-63.3",0.0848930721350839,6.7441496291143,1.9682358411767,0,6.7441496291143
"NCI-H28.3",0.290841150738867,2151.71046387196,0.220883074351564,43.2428838282046,0.249822279442484
"ES6.5",0.152118249004231,10.8240105379479,0.624397138754097,0,10.8240105379479
"WSU-DLCL2.4",0.302720272141126,1.49620756595347,0.86092999687072,0,1.49620756595347
"EW-24.3",0.110979954435216,4.50785633095401,3.96716095828939,12.8123887869981,4.18370510997773
"U2OS.75",0.165068129870212,58.8857101128848,0.33841075052703,0,58.8857101128848
"U2OS.76",0.133845347803255,49.7140707190668,0.416839830807609,0,49.7140707190668
"U2OS.77",0.154061473780319,58.0276369381715,0.359695658755807,0,58.0276369381715
"SW620.89",0.143206596001112,4.91765881267416,1.24004760738034,0,4.91765881267416
"HT-29.81",0.2446443225324,5.2532398981311,0.480137089233704,0,5.2532398981311
"HT-29.82",0.154896779904116,15.5431734384282,0.52631680946742,0,15.5431734384282
"PC-14.84",0.59684590472038,0.00236403812019037,0.080639698803018,0,0.00236403812019037
"PC-14.85",0.559713412285031,0.0148805125236435,0.0790005397598858,0,0.0148805125236435
"PC-14.86",0.611498240898121,0.000904151700186963,0.077900528785931,0,0.000904151700186963
"A-375.77",0.3371351406588,2.04724654285212,0.421303739496829,0,2.04724654285212
"A-375.78",0.290170497143928,2.36043280922361,0.5714123940181,0,2.36043280922361
"A-375.79",0.250876501336367,0.786389093641975,4,47.7140798425421,0.36363045127151
"SNU-C2B.79",0.186814052482824,12.8509956240955,0.538167552443822,20.5297170864501,4.81205317970931
"SNU-C2B.80",0.302307969085269,7.25610091100251,0.287277821690183,0,7.25610091100251
"SNU-C2B.81",0.293456613636632,3.95342603218165,0.397488283665469,0,3.95342603218165
"C32 [Human melanoma].72",0.122823481962645,134.749566210734,0.354741412903328,0,134.749566210734
"C32 [Human melanoma].73",0.088795536013645,30.4633353934327,0.640543618620773,0,30.4633353934327
"C32 [Human melanoma].74",0.0552038399411392,60.018013002296,0.676125411038195,0,60.018013002296
"HCT 15.66",0.350470230767142,1.17354746967503,0.643645769005028,0,1.17354746967503
"MFM-223.38",0.119206606211018,9.66480229578867,1.15726377360507,33.9125182659485,3.62773678690231
"MFM-223.39",0.0808070918013763,10.1517623355542,1.22503376282435,0,10.1517623355542
"MFM-223.40",0.0854558455610181,NA,2.81390229777969,52.927603169896,2.88413202601473
"BT-474.8",0.473239374694103,0.242745724287745,0.669632576200466,37.5784422414084,0.0303374288280088
"BT-474.9",0.506543491984045,0.151956654358063,0.558246577386648,36.2565138525734,0.015031931250866
"HCC1937.7",0.177482596174365,1326.74727247677,0.189041553821326,0,1326.74727247677
"HCC1937.8",0.189050370965444,240.251784297066,0.228817088056528,0,240.251784297066
"AU565.7",0.515369592243726,0.153549494716814,0.449545285979638,32.0776525522189,0.0156703943138156
"AU565.8",0.526045044974863,0.124489854982333,0.543497314512289,31.6021281601064,0.0197801474993346
"AU565.9",0.496053010921198,0.174969056945456,0.609739602626522,36.9889832679909,0.0192351213707236
"LOX-IMVI.3",0.274648413896301,2.46631665678803,0.633406902292898,0,2.46631665678803
"VL51.3",0.228102061121466,2.09263266856409,1.58179629996547,9.06581585421526,1.8440201378305
"SK-UT-1.3",0.100710363226123,6.98183068815606,1.40413890709892,0,6.98183068815606
"VMRC-LCD.4",0.0325988586530966,10.0502791151909,4,32.4651148224939,7.73412796843003
"T98G.3",0.159787697018981,10.2180006177132,0.608859671620953,0,10.2180006177132
"YH-13.3",0.134243935559637,5.74540440514066,1.70569469580714,40.1328842379391,2.21885223542804
"SK-PN-DW.3",0.0947193642228202,4.9708239913843,4,29.5541555991622,3.97500013297253
"EW-22.3",0.199330011130202,2.32306064139069,2.28427328741354,15.9919612979314,1.96237461080456
"LS513.4",0.427871986886933,0.734039024406167,0.397232581390533,0,0.734039024406167
"COLO 668.3",0.0930842286694885,11.3825251603739,0.980862137752834,0,11.3825251603739
"NCI-H64.2",0.152571346243859,4.58730918244647,1.20207183739744,0,4.58730918244647
"SW948.7",0.059627677566377,NA,4,56.4587766938704,3.90564459299147
"LS123.5",0.337131286666321,4.67056364121867,0.271237036958932,1.77687238869061,4.08726131141554
"MDA-MB-453.3",0.28689600419244,2.57712382363077,0.547471189134905,0,2.57712382363077
"UACC-812.4",0.355850606376017,NA,0.579896355660253,50.6013702887822,0.0385782696556796
"SW13.3",0.61238254657771,0.0762505406000744,1.0344434484868,17.5794954555988,0.050159991579576
"IST-MEL1.2",0.0986621841499849,6.498354845594,1.61493595285297,0,6.498354845594
"MEG-01.3",0.214955781221278,4.84622964700203,0.620833847877032,0,4.84622964700203
"MEG-01.4",0.14121173945273,6.50578621961979,0.93480213915728,0,6.50578621961979
"NKM-1.2",0.177994236703152,2.83317105093098,2.30701577766077,12.1294206082495,2.51170118985529
"Fu97.3",0.0249790540632955,NA,4,55.4436523576541,7.2071204063267
"NCI-H358.3",0.40229801911234,0.726244024286795,0.606767096569566,27.8952018355775,0.189175942057887
"CAL-148.2",0.198201311545429,4.69631295409599,0.725195470262453,0,4.69631295409599
"CAL-148.3",0.181725971022886,6.31322248764694,0.675331941678742,0,6.31322248764694
"NCI-H2009.3",0.0525828304100587,7.68552560644313,3.41556605940318,0,7.68552560644313
"NCI-H1435.3",0.197372503747325,9.95361635032488,0.483682291015526,0,9.95361635032488
"NCI-H1435.4",0.144700663484148,8.38451866776613,0.756245008309524,0,8.38451866776613
"NCI-H2023.3",0.237813934118751,8.24992059486889,0.408330831549742,0,8.24992059486889
"NCI-H2023.4",0.165610377288383,6.44310011254436,0.756900761233694,0,6.44310011254436
"SW1088.3",0.188608348933363,15.5365280042149,0.430947969094532,0,15.5365280042149
"SK-PN-DW.4",0.060963483245617,NA,1.60476035876959,86.7557031401308,0.417035852281706
"SK-PN-DW.5",0.110611205095418,7.88987287110843,1.24358296092008,21.5117354329151,5.01901260622648
"SW1990.2",0.161693044160787,429.082845652575,0.238613118688833,0,429.082845652575
"SK-OV-3.4",0.309441570513353,7.1661906160805,0.275351943353991,0,7.1661906160805
"SK-OV-3.5",0.31963070589828,14.6032685571004,0.204918079773441,0,14.6032685571004
"SK-OV-3.6",0.301173863001405,NA,2.70579729756948,65.3752100060925,0.0237678116320225
"SW1990.3",0.090760415689473,820.134785537227,0.312791934367164,0,820.134785537227
"SW1990.4",0.147573884939933,3543.75242417211,0.19366602935722,0,3543.75242417211
"LS513.5",0.413881909997954,0.873926189045341,0.392778640139113,0,0.873926189045341
"LS513.6",0.388599521581042,1.1086629293603,0.422040337618273,0,1.1086629293603
"NCI-H524.3",0.299475724793366,1.14231103494233,1.59827406425621,12.454643855184,0.954864599317708
"TK-10.3",0.39595799868514,4.55637578392149,0.162390043367266,0,4.55637578392149
"SNU-423.3",0.251834352015671,3.25998913835061,0.61284936772781,0,3.25998913835061
"SNU-423.4",0.149786548949127,7.17268412783531,0.802469849625339,0,7.17268412783532
"RMG-I.3",0.336482344922455,6.69935748654695,0.233918415689582,0,6.69935748654695
"RMG-I.4",0.344972903255844,4.07268470965253,0.267988863726893,0,4.07268470965253
"Hs 766T.2",0.108785228457534,287.577990865293,0.333233744442379,0,287.577990865293
"Hs 766T.3",0.0547682683994989,NA,4,80.2176952649709,1.47757849390081
"NCI-H524.4",0.26832668968546,1.73928956084358,1.16010482142309,0,1.73928956084358
"U-698-M.3",0.297468792565275,1.96929581679491,0.631395943928674,0,1.96929581679491
"U-698-M.4",0.269918339555159,1.99480840084544,0.851615402407153,0,1.99480840084544
"NCI-H835.2",0.308285181524678,1.49568479026393,0.792168809644528,0,1.49568479026393
"NCI-H835.3",0.296170339506306,1.52682645059905,0.921467814688016,0,1.52682645059905
"NCI-H835.4",0.235355086259462,1.6935092455234,2.07649660132212,19.6743193220514,1.33109130167414
"NALM-6.3",0.237988130237333,2.31708344588794,1.05266434391475,0,2.31708344588794
"NCI-H226.3",0.163974237573029,15689.2009319722,0.153558865591757,0,15689.2009319722
"NCI-H226.4",0.178774733991421,339.000387417745,0.227899271538498,0,339.000387417745
"NCI-H226.5",0.146032668514231,56.0029439752828,0.522542116441193,34.5816898523451,5.89422944253023
"FU-OV-1.2",0.225629000840827,15.8544742560309,0.347719629173678,0,15.8544742560309
"FU-OV-1.3",0.202500602459549,15.3715260542387,0.399666604649296,0,15.3715260542387
"FU-OV-1.4",0.194521496045695,NA,1.3247988529844,62.5497317430669,0.275842608016992
"MOLT-4.4",0.102048497388051,4.82856455460752,4,14.049488841795,4.44633118862753
"MOLT-4.5",0.121822543192992,4.3148415415235,2.95606507758003,11.1727896656023,3.9610419260068
"MOLT-4.6",0.110908755140149,4.48912009439647,4,13.8553047971264,4.13932822249722
"AMO1.3",0.232696978993662,1.82519176904232,1.9533025387499,15.6621640226002,1.50577190577434
"NCI-N87.3",0.797762842262609,0.00482982349462209,1.09422918077247,17.4110188262197,0.00326618430989657
"SR.4",0.299493905022762,1.67697038171854,0.748525371746693,0,1.67697038171854
"SR.5",0.268084323735986,1.79481201168947,1.0711399451295,0,1.79481201168947
"SR.6",0.380184874170685,0.968271670477676,0.564146950032431,0,0.968271670477676
"NCC-IT.2",0.09452197748743,6.77899147640481,1.61779802132613,0,6.77899147640481
"CAL-51.4",0.0371808034447389,NA,4,51.9436168725626,6.03409407990523
"SW1463.5",0.157148001180208,NA,1.16879348588482,66.5212777783606,0.393779766011275
"SW1463.6",0.19484813954491,13.2872028108232,0.439170946321018,0,13.2872028108232
"MCF-7.4",0.0410140475613048,12.1385430656939,1.86079893481573,0,12.1385430656939
"NCC-IT.3",0.118352063687451,5.21987648268342,1.84180615726755,21.4488033915768,3.85067466450564
"WIL2 NS.5",0.286125183133708,1.63643916292499,0.947449837794995,0,1.63643916292499
"RMG-I.5",0.390171549478144,2.47034553908357,0.228225861681031,0,2.47034553908357
"MDA-MB-175-VII.4",0.691523157437372,0.0308884485156165,0.840024436086423,16.4728517816569,0.0191940719200159
"MDA-MB-175-VII.5",0.754246301831238,0.0234458830746471,1.12099172816001,12.0535766769645,0.018331486829689
"CAL-148.4",0.157963990041211,4.28960737940849,1.22169629649326,0,4.28960737940849
"MDA-MB-453.4",0.213293725312916,5.11790516666578,0.604280918578382,0,5.11790516666578
"MDA-MB-453.5",0.216388326197109,5.26272446246683,0.580926540970725,0,5.26272446246683
"BT-474.10",0.513000404940015,0.134589422567051,0.593115521037044,35.406135719426,0.0168784325710641
"BT-474.11",0.505485715096614,0.165518339624435,0.543397923022356,34.4244458998864,0.0193508288614219
"BT-474.12",0.518085154042759,0.138023714526808,0.5187466773293,32.9922176973742,0.0172646556938979
"HCC1937.9",0.14683797230746,18.9883216118352,0.51269883660518,0,18.9883216118352
"HCC1937.10",0.229630261974632,32.71701091286,0.277865685593473,0,32.71701091286
"AU565.10",0.493182461998537,0.166137200756223,0.6261823487315,41.4541812671416,0.00989096351513213
"AU565.11",0.482089318332213,0.176524255484803,0.763673458073975,43.0147763869485,0.013411930921371
"AU565.12",0.480516882272828,0.151516137583051,0.910690280623951,43.1993362072325,0.0169461912960202
