"","aac_recomputed","ic50_recomputed","HS","E_inf","EC50"
"EW-13",0.0523174419962425,NA,4,84.7471903781029,0.467789859796961
"CL-40",0,NA,2.72601926649919,100,1e+06
"MHH-ES-1",0.210271541310058,NA,1.02907806878662,75.4861604178954,0.00862829549951096
"C32 [Human melanoma]",0.00844469933021585,6.98346183458478,4,0,6.98346183458478
"U2OS",0.090123152812807,NA,4,75.2336200627124,0.404928711409986
"TC-71",0.0430908315384009,NA,4,70.3961712261493,1.83777403628119
"RKO",0.0873969569107566,2814.30545195829,0.24996058338049,0,2814.30545195829
"NCI-H747",0.254206496375167,NA,0.672176854152598,57.1489110713422,0.0717661129577093
"CL-11",0.0895484452715007,NA,4,81.5613261072817,0.174628260779742
"COLO 320HSR",0.045690046034024,NA,0,90.8619907931952,0.100319254744337
"PC-14",0.0317971166885653,NA,4,84.4839240896941,1.21507888586355
"A-549",0.0688918061828127,NA,0,86.2216387634375,0.000594013104101524
"A-375",0.0632417047217343,NA,0.00702033680618267,87.0344262284096,168.674070464174
"SW620",0.055935025596293,NA,0,88.8129948807414,3.2142074978755
"HT-29",0.156683897085192,NA,0.0143206287591391,68.8527165005623,0.0676082874706879
"HCT 15",0.0579799461191645,NA,2.51571089188917,55.112397270838,2.14209500101212
"SNU-C2B",0.227920746255003,20.4442541205342,0.40845290792928,36.6321430075272,0.808986897895344
"MHH-ES-1.1",0.093640630530323,NA,1.03712088478428,66.3575574658568,0.837364594815761
"MFM-223",0.125973287990576,3.37893930806268,1.05828190690555,0,3.37893930806268
"C32 [Human melanoma].1",0.0839524904854898,NA,0.0672944750230118,67.6264839899225,1e+06
"U2OS.1",0.0730250187970628,NA,0.510971791245406,78.1113963715947,0.843632290440422
"DEL",0.0132342766131181,NA,0.0884907339238876,96.9440008469167,3.39912096365909
"COLO 320HSR.1",0,NA,0,100,180.961493670677
"DiFi",0.172821834178955,31.9975113253973,0.319145527007494,0,31.9975113253973
"CCK-81",0.183814681806395,338.664499345845,0.200921280479925,0,338.664499345845
"RKO.1",0.0325327243449625,17.9957270985335,1.04072771437746,0,17.9957270985335
"SK-CO-1",0.0118374636408914,NA,4,92.3768369991251,1.71654370584789
"LS411N",3.04134085562577e-16,NA,3.85565361706787,99.4190533957245,5940.88091709924
"LS123",0.00450201217444013,8.28809839619694,4,0,8.28809839619694
"LS1034",0,NA,0,100,1.56192123096728
"HCC2998",0,NA,0.697408326010358,100,0.0131388998690933
"NCI-H929",0.351351995544169,0.480793927448212,0.859642780739595,8.76051327020081,0.384275996540743
"CP66-MEL",0.0777483290186886,NA,4,89.303339945898,0.0330018786776901
"Ku812",0,NA,0,100,770.086582493675
"VAL",0.0340415044705428,NA,4,82.646769421154,1.29119649826561
"RF-48",0.0321430800594139,NA,4,73.9096686378491,2.15313591742459
"L-540",0,NA,0,100,855648.315513191
"SR",0.0319761845031266,NA,4,80.9533983679534,1.57185296316201
"MDST8",0.0365093470590873,NA,0,92.6981305881826,214.431751291763
"DOK",0.175637106439174,1.33005053642608,2.27283339895857,30.960350678985,0.869720869574255
"KM12",0,NA,0,100,0.0346181621156195
"HT115",0.0447444803621349,NA,4,83.8884193640852,0.734404395643757
"GP5d",0.121470463750322,2.79433235951136,1.41475364704443,0,2.79433235951136
"Ca9-22",0.00833057003033118,7.01012752534,4,0,7.01012752534
"TC-71.1",0.0102596495257786,NA,0,97.9480700948443,0.281847431403232
"SW620.1",0,NA,0.268222220170451,100,0.168361870589255
"HCT 116",0.0614770621095296,NA,2.7549693578028,84.9894280002248,0.295427815210952
"PC-14.1",0.030897116214986,12.2787469651794,1.28435462265533,0,12.2787469651794
"PC-14.2",0.0813136464970771,NA,2.1370815912836,78.5551774600147,0.364974181146428
"PC-14.3",0.107937568878534,31.2216521917093,0.471774777861055,6.3790340085634,23.378351486825
"A-375.1",0.0649493176676238,NA,0,87.0101364664752,2486.52461114091
"A-375.2",NA,NA,NA,NA,NA
"A-375.3",0.0986770173579049,4235912019953777664,0.0951277928342913,46.853726933566,1e+06
"SW620.2",0.03257984043008,NA,4,80.2032793308603,1.60860316160854
"SW620.3",0.0889858416110848,NA,0,82.202831677783,53.3055724825369
"SW620.4",0.128606100071748,NA,0,74.2787799856504,0.0296441120905252
"HT-29.1",0.159264622476438,NA,4,83.7549491667695,0.00460687991940958
"HT-29.2",0.0709760658489616,9.48856791337616,1.07590666699988,25.7973483797238,4.83420255298595
"HT-29.3",0.0955369590627016,NA,1.99191158848455,77.2221071204751,0.276304132931251
"MHH-ES-1.2",0.155585159850526,6943.34116328421,0.161549512053,0,6943.34116328421
"MHH-ES-1.3",0.112928593366037,NA,2.73387093647617,82.8191305821276,0.0533331385917332
"MHH-ES-1.4",0.0863931438169627,NA,0.261333732858294,84.1122478551615,0.077247280488939
"C32 [Human melanoma].2",0,NA,0,100,82.9379493473184
"C32 [Human melanoma].3",0.093814525766099,129668.977800401,0.169945131237053,0,129668.977800401
"C32 [Human melanoma].4",0.125318534813505,NA,4,82.4897007119496,0.0356481933969063
"U2OS.2",0,NA,0,100,0.248331659514996
"U2OS.3",0.010307977808646,NA,0,97.9384044382708,0.00689063109933719
"U2OS.4",0,NA,0,100,0.00428530476591423
"SNU-C5",0.0619283143265828,NA,4,83.0030721606329,0.403652682054391
"COLO 205",0.104781157218716,502.885042465067,0.281015388382807,0,502.885042465067
"KCL-22",0.0521081408279119,NA,4,67.483213205821,1.6579115786391
"BICR 10",0.151116328623652,53.5794613156997,0.319945478542997,0,53.5794613156997
"SKN",0.0588067991979889,1580.17444888107,0.319925483891775,0,1580.17444888107
"PEO1",0.118328552132093,63.7472158157525,0.367610993450268,0,63.7472158157525
"TE-12",0.0978274754239879,NA,1.9163719488173,72.4004540153852,0.43424526717993
"LP-1",0,NA,1.10445739455278,100,6.31373488154737
"LP-1.1",0.0207382350534265,NA,4,92.3260443277782,0.77333663894426
"LP-1.2",0,NA,0.782742955199575,100,0.115453165344211
"SKM-1",0.0175007978393614,NA,4,93.5707795620624,0.762903596467629
"HSC-3",0.0797461797605548,NA,4,76.0082243900417,0.503371066551195
"PCI-04B",0.0572109232702027,NA,4,71.7300911475945,1.23680225885435
"LS513",0.0810130184106471,NA,4,85.900424924343,0.094485995260424
"SNU-407",0.0699262342512564,NA,4,79.256449133166,0.487260170642164
"SNU-1040",0.0598997520920314,NA,0,88.0200495815937,0.0512326760487003
"A-427",0.0195885533553079,NA,2.38474498788578,90.3937554464371,1.24084492289682
"SK-GT-4",0.161894268721186,NA,0.818814102341679,63.8542108625841,0.237349440351169
"RCM-1 [Human rectum adenocarcinoma]",0.138581164651093,NA,4,76.4349535298319,0.0860726900300947
"COLO 678",0.0454806027567003,NA,4,86.3739792150235,0.498567952948629
"LoVo",0.0408487404759815,NA,4,94.2120899816478,0.0381786153096772
"SNU-175",0.0689526977950796,6004.10269797045,0.257380759518725,0,6004.10269797045
"LS180",0.0499484127745753,NA,4,78.2621400075142,1.02302042822735
"OACP4 C",0.278141573611285,4.46797659568608,0.310303225104916,0,4.46797659568608
"NCI-H2135",0,NA,0,100,650264.067869233
"CL-34",0,NA,0.433043790896035,100,0.0200522720943547
"ABC-1",0.0838612812873634,NA,4,83.8796777932477,0.137539132379822
"SK-MEL-5",0,NA,0,100,1e+06
"T84",0.124954985753283,18.8323747575606,0.472584247983922,0,18.8323747575606
"EM-2",0.125974684271756,939038414.657136,0.102799080598138,25.2610713451093,1e+06
"LP-1.3",0.00174991886377918,NA,4,53.2076305114421,8.70484091278731
"OVK18",0.0893035041445469,NA,0,82.1392991710906,1.27902505851463
"A-427.1",0.103402472123159,NA,2.07992897291202,88.5939760038273,0.00824674196778229
"NCI-H841",0.0304226921873612,NA,4,95.0849422293888,0.0695346414966794
"Lu-139",0,NA,0.233570135506734,100,0.575088499336739
"MRK-nu-1",0,NA,0,100,478315.298543276
"NCC010",0.0272002510677973,NA,0,94.5599497864405,0.696342910375911
"RKN",0.0350125100234983,NA,4,84.4189134661118,1.05951055270869
"TE-15",0.0627749165268811,NA,3.39449262937576,78.7815285692854,0.648053814010777
"HuTu 80",0.150597006019685,6123.40320123677,0.167411346563838,0,6123.40320123677
"OSC-20",0.0876049085225434,NA,0,82.4790182954913,0.0185624169817324
"5637",0.0891578772281302,NA,0.930709773732102,72.0327978442976,0.632586059467785
"CaR-1",0.0650799124009547,NA,4,81.7601733414748,0.42525933277702
"H-EMC-SS",0.136211554874813,25.5154299231702,0.408669120004651,0,25.5154299231702
"A2058",0.0244874651051149,NA,0,95.102506978977,12.3258561262779
"SW1116",0.0253061718093264,NA,4,85.2370820343594,1.53360858348796
"LS180.1",0.0444118056258078,NA,2.33400822085361,70.7820043158605,1.81879383476996
"786-O",0.0719465978359593,NA,0,85.6106804328081,2.97300173399092
"8505C",0,NA,0,100,865.004564924597
"42-MG-BA",0.13409109362396,1503.52793063418,0.274004021513851,31.8789765879191,37.0188053988676
"VMRC-RCZ",0.0311857754531101,NA,0,93.762844909378,11.1135213853764
"639V",0.108771585029201,NA,0,78.2456829941599,1000.69453849238
"BHT-101",0.085098861437173,NA,3.75594238447404,76.097011965873,0.427572446058549
"BPH-1",0.208007537295918,3.04901375173071,0.569534881932382,0,3.04901375173071
"UACC-257",0.035523947644948,NA,4,94.30553423779,0.0672373965991038
"LoVo.1",0.0591083270378379,4.55810898172393,1.92566267961426,0,4.55810898172393
"23132/87",0.104637002674054,5.0401904880909,0.951862917363166,0,5.0401904880909
"WM793",0.0954855204895126,NA,0,80.9028959020975,4.0473101107119e-05
"Panc 02.03",0.0391205038716251,NA,0,92.175899225675,6.95108848605214
"C2BBe1",0.0423692709938235,NA,4,76.7894537424898,1.41933502931838
"SW837",0,NA,1,100,0.0500175646263872
"AGS",0.108812295055434,2.13056823892478,4,38.3399908355853,1.48056565391236
"647V",0,NA,0,100,1.8035987172014
"BFTC-909",0.0826811911463114,NA,4,58.6946675970871,1.25584145430519
"QGP-1",0,NA,0.947868226209179,100,978.621685189023
"A-172",0.0274123199005606,NA,4,96.588275051555,0.0194202617949004
"A101D",0.0668749257034724,NA,4,80.4888111604315,0.468599467605534
"8-MG-BA",0.086704985332228,3467.50408362249,0.245260921021089,0,3467.50408362249
"SW948",0.119289897823444,NA,4,59.6739418950069,0.648079109397744
"HuTu 80.1",0.123276993256478,388.211143306402,0.299953115366446,20.3921266889902,67.6716548656721
"RERF-LC-KJ",0.0344210410127771,NA,4,80.1732327063813,1.51036938854687
"SU.86.86",0.05745811092959,NA,2.77927937248814,80.9238851398972,0.625039662700021
"NCI-H345",0,NA,0,100,1e+06
"C-4-I",0.0156608804806424,NA,0,96.8678239038715,41.572081402156
"CHP-134",0.0782028468818708,NA,0,84.3594306236258,27.4444756753104
"CAL-120",0.0570930519776066,NA,0,88.5813896044787,0.00129840693991675
"HCC1806",0.0566370011391488,20733.6888668987,0.24768699829821,0,20733.6888668987
"EW-18",0.0723861772986787,NA,4,68.6799469860388,1.01356838456704
"FaDu",0.0796575566930621,26.8190280280032,0.574004491201873,0,26.8190280280032
"B-CPAP",0.126763679423861,NA,1.47563174494542,87.3236277320676,1e-06
"BALL-1",0.116276033205248,NA,0.630144499063932,52.811115448845,1.66726042068312
"Jiyoye",0.0340713029386789,NA,4,85.6190448521121,0.973691580436969
"Panc 02.03.1",0.205315621372301,19.7837082129308,0.392380006752057,29.1280955793005,2.13485159208475
"SUIT-2",0.0162640578691197,NA,0,96.747188426176,3.47824933513875
"NCI-H2227",0.0329116806477206,NA,4,84.9724001792354,1.10217733801319
"G-402",0.145792760536941,NA,0.67964765835249,71.9758327904918,0.133507159407609
"GOTO",0.0541059256095708,NA,4,74.5213959652302,1.15412148403162
"CADO-ES1",NA,NA,NA,NA,NA
"BT-549",0.0297193267806429,NA,4,94.2907250564653,0.13723185976165
"SiHa",0.0664149052106665,NA,0,86.7170189578667,1.9638701609347
"Hep-G2/C3A",0.0345821815850249,NA,4,89.9254021781265,0.466953156093844
"SNU-81",0,NA,0.507558395188961,100,0.00681029486671466
"BB49-HNC",0.211712057916377,2.05969945758686,0.715818152712967,0,2.05969945758686
"ZR-75-30",0.0385644739497007,NA,4,88.2115415052578,0.521969477268979
"BT-549.1",0.118989446413465,NA,0,76.202110717307,0.0120561996390459
"Evsa-T",0,NA,0,100,38.302669283601
"NEC8",0.0643569232844582,NA,4,68.5127152760762,1.21963501136126
"SF268",0.0840286085856223,NA,4,90.3186747441139,0.0123728321775631
"PaTu 8902",0.110343326982292,NA,1.74168028579379,79.8191800116353,0.114301355975101
"HEY",0.078300139179707,26836.4123527048,0.210860692079894,0,26836.4123527048
"NCI-H1781",0.0331517080464886,8.11232752879798,1.63347903517373,0,8.11232752879798
"DAN-G",0.127311898015906,NA,0.961586419082395,61.2152654177255,0.579707481578983
"HCC78",0.102191924622216,NA,1.28005684627924,80.3913990137185,0.136162931679129
"NUGC-3",0.0298399601037759,NA,4,83.857334206758,1.39674446321141
"KYSE-410",0.0616792240922244,NA,1.04476893603083,78.7649397549221,0.75804578621437
"HCC78.1",0.0951356607966784,NA,0.164826461431726,81.1773951778232,0.138128463916456
"DAN-G.1",0.115580558568305,NA,1.2557747158035,61.0676207694754,0.683953712160453
"CAL-27",0.044593972647634,NA,1.77626697469192,67.6987338816823,2.16016629099322
"NCI-H1781.1",0.0395066905674187,NA,4,88.3058237461423,0.484797483545654
"ASH-3",0.0936855012744088,NA,4,88.9988149592767,0.0138856762955772
"NUGC-3.1",0.1210175644716,NA,0.274442055169014,52.6944973737776,10.0570764975664
"TE-4",0.0189204924869716,7.3772518161929,2.61201953215224,11.5820320693976,6.66934900534626
"NCI-H661",0.0351244861464424,NA,0,92.9751027707115,1.45528654929263
"VA-ES-BJ",0.0438183199924326,NA,3.14112091416591,87.4866283276134,0.445249559933451
"CAL-51",0.0647711554674277,5.9969663887167,1.30043389176899,0,5.9969663887167
"CAL-33",0.105827657563726,3.16904797483569,1.55348066093511,9.50792664045031,2.76671520059911
"Daoy",0.124941902924335,NA,4,86.2707831079191,0.00911179837912193
"Detroit 562",0.101340706415412,4.92406394257493,1.06440842028581,11.7180135446855,3.83147451288505
"AN3-CA",0.0156024139196213,5.83565887916948,4,0,5.83565887916948
"EBC-1",0.088833804639144,NA,4,88.9891717648094,0.0189790377600986
"EC-GI-10",0.0528202087227145,NA,4,80.521682867893,0.768368228001469
"Calu-6",0.0741573680527958,NA,0,85.1685263894408,0.00219664275272874
"ES-2",0.0212301987942993,NA,0,95.7539602411401,8171.20561843073
"ES4",0.0718839375316292,NA,0.11366230450585,50.9529249508297,1e+06
"CHP-212",0.208043175205233,2.40828739039208,0.930650576042295,36.5121793808107,0.589220339817469
"ETK-1",0.0974141884732368,NA,4,76.9779537025417,0.26894571750386
"COLO 829",0.0601613211240663,NA,4,90.6375283083812,0.059070824549789
"GCT",0.00840245599976426,6.99328239423191,4,0,6.99328239423191
"NCI-H2373",0.131632551429952,27134.1368030888,0.159600355226484,0,27134.1368030888
"KYSE-410.1",0.119513886936345,NA,4,73.3787848939762,0.225033067058716
"NCI-H2369",3.3638917753849e-10,NA,1.39273499714963,99.7915291879654,74114.1513637415
"NUGC-3.2",0.169711256139989,NA,1.70926121348814,83.0288726794235,1.70810510337588e-06
"VA-ES-BJ.1",0.0576384270205431,NA,0.334676827817751,87.4838530896073,0.267177480889854
"CAL-78",0.030380855086603,8.5012502188353,1.65536540360422,0,8.5012502188353
"EW-1",0.0764475804329594,NA,4,67.8528592712675,0.967745140127457
"CAL-29",0.191506014550839,1.67668658440982,1.16644201271098,17.4211630706745,1.16134992613183
"OE19",0.0736908873501196,NA,1.82380023116403,62.2466521004592,1.36371984897783
"Jurkat",0,NA,0,100,992977.841906482
"PL4",0.0587842033924734,3017.86279565923,0.296560681255186,0,3017.86279565923
"RD",0.0521795891174794,NA,4,73.2043050563525,1.30413387625501
"OVTOKO",0.0528939640302051,NA,4,92.7813351477684,0.0316849896769109
"NH-12",0.103742942040078,NA,4,72.4972690702361,0.36934373234837
"IGROV-1",0.393570121250714,0.366539587130122,0.709318602176663,8.16647544581121,0.285061039822819
"AsPC-1",0.0352452482287969,NA,0,92.9509503542406,0.79137799932629
"Rh30",0.0897152511119284,21.5184301810852,0.569644042343864,0,21.5184301810852
"NCI-H661.1",0,NA,0,100,154.589040718388
"COR-L23",0.1107056888123,NA,4,87.7847055656277,0.00937217993063047
"Daoy.1",0.111772622681898,NA,1.25328978796377,83.9896675250687,0.0379481589863384
"G-401",0.191076987177867,NA,0.402230773044967,66.1110215590038,0.0756728142119569
"Evsa-T.1",0.0932783124635706,5756324.59118191,0.13905862944443,10.8018794518619,1e+06
"Calu-6.1",0.108867249521195,NA,4,88.3288606943642,0.00762744139132387
"EC-GI-10.1",0.161286265716314,NA,4,81.6990292589136,0.0112488646574344
"HCC78.2",0.188366197712169,50.5164229805914,0.322867652183862,23.7885009394843,6.83475971875947
"AN3-CA.1",0.172028651699539,NA,1.78300100684105,64.0182213243964,0.184104110470835
"HuH-1",0.0970759875237408,NA,4,65.3796543881803,0.720902289916113
"CAL-33.1",0.20478785534409,1.31067925224057,1.39582225580797,22.8528016561315,0.846191495690894
"ASH-3.1",0.064677043016242,NA,4,88.91572064195,0.0888372373948749
"GCT.1",0.0568188219039892,NA,4,82.0854555585916,0.55919326020878
"Detroit 562.1",0.0366377848992996,6.16172574827373,1.99929490749992,0,6.16172574827373
"ALL-PO",0.06129479611976,NA,4,68.0006034861991,1.33325062582979
"TE-4.1",0.0360411707970927,NA,4,73.2859513693206,1.98107158176229
"COLO 792",0.190755434629642,NA,0.425479040187316,67.792619645321,0.0565695482302394
"EPLC-272H",0.173014884507359,10.4284730928423,0.438032092555469,4.59003749360724,8.37048974041196
"ESO-51",0.00633836764327272,NA,0,98.7323264713455,0.0412685440628733
"CFPAC-1",0.155964177003141,NA,1.67153886701223,84.3961848655804,0.000222244275640095
"NCI-H2591",0.0301950045213259,NA,4,87.6084961003274,0.929244567198155
"ARH-77",0.0911008787281557,3.19928527223867,4,47.5137068892035,1.51077067852833
"Daudi",0.0648614705941008,NA,4,57.2248005730633,1.7610131203214
"ME-180",0.140643288713214,2.92002043650704,1.24283699982516,26.8426035654948,1.57188363298632
"ALL-SIL",0.0421961042255625,NA,4,80.8486109598156,1.09214337760248
"CA46",0.034956938644126,NA,4,79.8534710754995,1.51137418451728
"COLO 829.1",0.0561927596432032,NA,4,89.9115706429157,0.106681904087648
"Granta-519",0,NA,0,100,0.483005957916299
"NCI-H2369.1",0.0795312700344528,483.071497147365,0.326636231853641,0,483.071497147365
"DBTRG-05MG",0.0535823458626715,NA,0,89.2835308274657,1.32026953255315
"EGI-1",0.0390594977461876,NA,4,89.6258774085041,0.371135639283493
"LXF 289",0.0100006440271713,6.65697732261763,4,0,6.65697732261763
"NCI-H513",0.0318197274071544,NA,1.45115325220394,87.9768524034987,0.844785368845534
"NCI-H2373.1",0.0729962049979166,NA,4,78.5678613381119,0.475641839176237
"CHP-212.1",0.181276149059009,NA,2.55673671477307,62.7257882555393,0.173819930106971
"GB-1",0.0558196818489557,1550.08587853599,0.327630069900751,0,1550.08587853599
"DK-MG",0.0287363916168308,NA,4,84.4966228015844,1.39185939603947
"GI-ME-N",0.0909667282996875,NA,0,81.8066543400625,0.000780978012879438
"AU565",0.102626629668703,NA,2.4510006896117,64.3292982122796,0.68751421245593
"G-361",0.0477556102769596,NA,0,90.4488779446081,0.010353396751211
"EW-16",0.160645497444608,59.2413979815201,0.35851016956864,24.5365385483065,9.02002170739941
"LN-18",0,NA,0,100,1.51708195799899
"ETK-1.1",0.0437880663461668,NA,4,74.8874337665592,1.50241524849038
"BT-474",0.251946564804487,3.77962473381744,0.44543304426539,18.7936519792309,1.31170189433806
"SNU-61",0.110357259730968,NA,0.0732667069034934,54.3947566009142,1e+06
"AM-38",0.00668476120190385,7.45035432671358,4,0,7.45035432671358
"DMS 53",0.0188518819285507,NA,1.45408468493492,86.7201640914788,2.26550080987765
"HeLa",0,NA,0.165977659068915,100,41.5004877457664
"SW1463",0.0222810932076152,NA,4,97.0173584981702,0.0287054434454127
"NCI-H2122",0.162308364923614,2.17366645720749,1.43468271956221,34.5070133867188,0.960562735760212
"LN-405",0.0565189465385464,NA,0.665148117926579,84.2066877510535,0.5376614515986
"MOLT-16",0.0502134032063903,NA,4,76.3683408454897,1.15311996933718
"RC-K8",0,NA,0.846454846186056,100,33.4233960070124
"SK-MM-2",0,NA,1.37877102072703,100,404.865886025748
"P12-Ichikawa",0.144785060219207,NA,2.01794202810093,61.2597936975846,0.379315235899302
"GA-10",0.16297073386823,3.32931133141925,0.75637213752037,0,3.32931133141925
"CESS",0.044136495797845,7.08852888354595,1.51827493610456,0,7.08852888354595
"HTC-C3",0.108172103764216,NA,0.301249977484567,87.8037086729028,0.000108131218805269
"KMRC-20",0.0211648177320206,NA,4,81.2317729938707,2.32066583636954
"HT-1080",0,NA,0,100,0.266002199242399
"HT-3",0.0609069617598783,NA,0,87.8186076480244,0.232316295460418
"SK-N-BE(2)-M17",0.0627053848150929,NA,1.20670760611956,53.9096254946208,2.69349429640932
"KP-1N",0.012837466818315,NA,4,91.646871552778,1.73587124370307
"JHH-1",0.0599773280406374,NA,4,87.0769320070236,0.202649089511025
"TK [Human B-cell lymphoma]",0.0458116917554329,NA,4,84.0529428846859,0.687469766871335
"HOP-62",0.00348150373614275,8.87000007819731,4,0,8.87000007819731
"EJM",0.0568747212532107,NA,4,76.1441720837389,0.963704219904862
"KM-H2",0.0898277804922491,1090.66171092634,0.275683606756416,0,1090.66171092634
"KOPN-8",0.155074881696925,1.25675540360258,4,44.2045890135334,0.733296006868506
"HC-1",0,NA,0,100,0.389421703247218
"JJN-3",0,NA,0,100,184.174663958811
"A-204",0.0449971955765267,NA,4,81.8135335367909,0.905481054824644
"JIMT-1",0.0229141553386634,6.65161643392416,2.51200481224792,0,6.65161643392416
"HCC15",0.0556151879043902,NA,4,92.8758921270461,0.0227462354048663
"SNU-1",0,NA,1,100,0.0500175646263872
"NCI-H1650",0.0977894747529323,139.269017673241,0.356524030074921,0,139.269017673241
"NCI-H1693",0.0966894337113507,NA,4,90.0351789371016,0.00531206104435985
"Lu-99A",0.150268067136321,34.338389729741,0.39995806920046,19.171753474115,10.2487742559129
"Hs 445",0.0465671352621307,NA,0.25753019446949,92.7184618649897,0.0148288948125843
"OVCAR-3",0.00366480827308202,8.75130996367546,4,0,8.75130996367546
"OS-RC-2",0.0737400167038744,NA,2.15074950850527,70.1931169083073,0.916283283233884
"SW780",0.02187843412687,NA,4,91.2743358453698,0.884960836880058
"OE21",0.0479549580191183,NA,4,71.2751025416312,1.582174963671
"OACM5.1 C",0.0314039345349554,NA,0,93.7192130930089,3.29228684976637
"OAW42",0.109869136947168,19.0641577588216,0.516577642595304,0,19.0641577588216
"MHH-CALL-2",0.067334684658211,NA,4,72.4979979108531,0.921816900582064
"Karpas-231",0,NA,0.200212344880452,100,1.99065180783038
"JHH-4",0.0784234026147936,NA,0,84.3153194770413,0.0218793650905399
"ESO-26",0.147568199902806,NA,4,83.4416530929483,0.0104727147871916
"MC/CAR",0,NA,1.22552989159389,100,1e+06
"A-704",0.183023682503752,NA,4,77.0446388765382,0.0202694812762378
"NCI-H446",0.100722910581361,NA,0,79.8554178837278,0.110240516956562
"NCI-H2405",0.0229103278988416,NA,0,95.4179344202317,5.10672210013744
"NCI-H1417",0.0834921933465271,NA,4,71.2318635187073,0.673594496669758
"SW872",0.119375479911828,98852711.48388,0.112156305676113,20.134160392734,999082.185813586
"SK-MG-1",0.123321394674465,NA,0.384966929361571,50.4181450720814,4.04944295687703
"RL95-2",0,NA,0.679779116732501,100,0.00321950820431642
"OVCAR-4",0,NA,0,100,0.490334421216459
"LB996-RCC",0.117245672774373,NA,0,76.5508654451255,5.91981679325275e-05
"IMR-5",0.0708032274002904,NA,0,85.8393545199419,0.00265885712608327
"HT-144",0.0441744289305644,NA,0,91.1651142138871,0.0466105950506167
"OV56",0.0469620307910161,NA,0,90.6075938417968,0.0343825523975633
"UMC-11",0,NA,0.324772118224057,100,0.434162631121116
"TT2609-C02",0.0113195167342971,NA,0,97.7360966531406,8718.08276358706
"SU-DHL-8",0,NA,0.0748131034507049,100,0.0465207354143203
"SKN-3",0.129516551658071,NA,2.09882481005098,87.0483448188087,1e-06
"SiSo",0,NA,0,100,0.0140513520324633
"HCC827",0.0709649859882108,NA,1.55770634064782,80.3848011942117,0.416053527934591
"HEC-1",0.0113171778351707,NA,4,86.3205490281337,2.90027602871771
"Hs 746.T",0.0938125697524207,NA,0,81.2374860495159,0.0017530338645108
"J82",0.0907623706891348,NA,0.0717856263795666,63.1356854767298,1e+06
"JHH-6",0.116766376674442,NA,3.29828333218465,66.7968144961162,0.440633432211838
"Karpas-45",0.0305718623221668,NA,4,78.5250157149587,1.87961308851133
"LN-229",0.0526970922360542,NA,3.42502114025031,81.6790731510232,0.685924737028816
"MHH-PREB-1",0,NA,0.804673561159752,100,0.159278135029151
"MOLM-13",0.034695806338114,NA,4,85.1610303031716,0.994825979096364
"MOLT-13",0.0041672131418824,NA,0,99.1665573716235,225.473462231451
"NCI-H1048",0.0768835084767822,NA,4,61.8685341182229,1.24321985318416
"NCI-H1944",0.104222658600956,NA,4,81.470591118347,0.102726708984573
"NCI-H2228",0.125010773128424,18.2474359612725,0.585700700453228,27.6734774804642,4.60651779331643
"OVISE",0.101278786616776,28.2885899718762,0.489026666481296,0,28.2885899718762
"P32/ISH",0.0206223314161616,NA,4,79.6991599976603,2.51771999772507
"RERF-LC-Sq1",0.127946041469459,4.11890730259909,0.882179524514634,0,4.11890730259909
"RPMI-8866",0.0408265139258604,NA,4,66.7507691158239,2.1594514309161
"SCC-3",0,NA,1,100,1.58127767235927
"SK-ES-1",0.0400273092225924,NA,4,81.9357250548548,1.08270724759167
"SUP-M2",0,NA,1.61028051040114,100,25.0964348092714
"TCCSUP",0.051241363456273,NA,4,80.2578611441064,0.832631998802493
"WM278",0.0296602521342299,NA,4,89.7604071093952,0.676215856887416
"YAPC",0.0240909852964052,16.9059640974915,1.22224825152161,0,16.9059640974915
"HCC1143",0.144178342922252,NA,4,84.0503274984916,0.00953622751047691
"MDA-MB-231",0,NA,0.38414299336863,100,0.235990890007611
"MFE-319",0.0222794740140447,NA,4,93.2386603294487,0.513475024197843
"MOLP-8",0.229589954309681,1.79413231896963,0.962838329303524,37.3342425423358,0.43102192471356
"MSTO-211H",0,NA,0.357841565049255,100,1.89066968991545
"NCI-H1155",0,NA,2.68380867403694,100,1e+06
"NCI-H1623",0.186401343451395,2.97659547104229,0.676167558432947,0,2.97659547104229
"SK-N-DZ",0.0765875507313417,NA,4,82.306482863957,0.251478014961234
"SW1573",0.0629089821389405,NA,4,77.4735946681572,0.726572735226957
"BT-20",0.329160021599957,0.487559028453163,1.07974599838912,18.7585395036953,0.315408091982214
"COLO 824",0.0550987226445379,NA,4,77.5278846160382,0.919578963933192
"DU4475",0,NA,0.854530839647792,100,0.458601239801892
"HOP-92",0.0755732930734992,NA,3.50269967164167,82.5071651733306,0.252929492434983
"HuP-T3",0.0803931612470823,NA,4,82.2259022451072,0.219866160389379
"KG-1",0,NA,0,100,5958.3546783193
"Mel JuSo",0.0130070368823872,NA,4,94.2415492395684,1.05099667168232
"MES-SA",0.0734640288038626,NA,0.00638197354326489,85.3026175300714,0.174368191746099
"NCI-H1568",0.108811621567112,NA,4,81.49519470481,0.0861090390680211
"OVCAR-8",0.0251515768422999,NA,4,78.9235167722486,2.21352949421791
"P30/OHK",0.0909395032835636,NA,2.15590491013965,67.2123593256076,0.741681148128826
"SW756",0.0560345123324115,NA,1.90764806243261,85.3752674030818,0.355639077307343
"A2780",0.263908267543439,0.604625595446813,1.73465537470548,39.0832486052102,0.251479251306156
"Becker",0.0043977801165118,26.1994732251245,1.75412096463364,0,26.1994732251245
"ES7",0.0294195772814891,NA,4,69.6436663942931,2.60603579530409
"A-253",0.0200822278335767,NA,0,95.9835544332847,1173.75693769837
"NCI-H716",0.0449597723932525,NA,4,81.8466489605467,0.90394716149979
"HCC2157",0,NA,0,100,273.104198142252
"A-375.4",NA,NA,NA,NA,NA
"A-375.5",0,NA,0,100,0.0410478237415168
"A-375.6",0.0174964259181648,NA,4,78.4415716290261,2.93565836281172
"A-549.1",0.0514328263866872,NA,2.246937227173,66.4027761823768,1.81383090763821
"A-549.2",0.0651308822150513,NA,2.99374309162073,81.9104038373903,0.415909325821471
"A-549.3",0.0822544194504805,NA,4,62.2697557849611,1.10984763823497
"C32 [Human melanoma].5",0.0332807681195209,NA,4,92.4604822370966,0.237038200842337
"C32 [Human melanoma].6",0.00667838606581113,7.45230082612006,4,0,7.45230082612006
"C32 [Human melanoma].7",0,NA,0,100,3.02416767734636
"HCT 15.1",0.215837074035642,NA,0.586186920419608,62.9580923752151,0.0747163653180443
"HCT 15.2",0.146141633987134,3.04900451002463,1.44689280198631,40.3146501847025,0.98056949742533
"HCT 15.3",0.226278368522517,35.4680180075085,0.238399726733707,0,35.4680180075085
"HT-29.4",0.107524139809555,NA,0.977212984592517,58.842983143039,0.99040693394934
"HT-29.5",0.114344310044393,NA,4,64.8703929058476,0.527934256094429
"HT-29.6",0.129444716587313,30.5052789026703,0.40625,0,30.5052789026703
"MFM-223.1",0.107646599023452,3.91010377638523,2.65641116733098,47.757727432854,1.21515229813411
"MFM-223.2",0.0912277609253275,NA,3.18422708431617,53.2324534151375,1.30525992271952
"MFM-223.3",0.084979022439911,4.09533315228696,4,48.861945710249,1.5906970696135
"MHH-ES-1.5",0.0741387373498026,439.205766999786,0.342534741286557,0,439.205766999786
"MHH-ES-1.6",0.144003050300808,NA,0.766981664420758,85.5957613424467,1.000315173003e-06
"MHH-ES-1.7",0.160691898819275,NA,0.968148448996686,82.5709251226092,0.00339175651505467
"PC-14.4",0.0940968225658447,NA,0,81.180635486831,0.0171472896186288
"PC-14.5",0.119447833375678,NA,0.0373424440785217,66.636210077135,1e+06
"PC-14.6",0.066851032353611,NA,4,85.9119854278151,0.18858462137596
"SNU-C2B.1",0.110124067183818,NA,4,78.6231159933066,0.142437078297008
"SNU-C2B.2",0.0635590812665989,NA,4,82.6569547770282,0.39775275967507
"SNU-C2B.3",0.194651364597595,NA,2.14243264654919,67.4098695894459,0.0806862549749989
"SW620.5",0.0174146348741896,NA,0,96.5170730251621,0.00756856977250436
"SW620.6",0.00382466729136956,9.05045801614463,4,14.6700354844795,8.29781708863577
"SW620.7",0.0214552111159934,NA,0,95.7089577768013,0.00946680370194596
"U2OS.5",0.0760420521338954,NA,4,86.2716568735427,0.108988251628817
"U2OS.6",0.0424449282148446,NA,4,83.3640838444644,0.858423776882698
"U2OS.7",0,NA,0,100,1101.94560104217
"A3/Kawakami",0.0366363199388445,NA,0.496328739072598,71.4330079637728,14.9074651229665
"AGS.1",0.231188765740174,1.30489793727052,0.952908549913813,2.85699015311854,1.22676412504735
"ARH-77.1",0.0627727725694595,NA,4,58.1872523216187,1.77970630055822
"BALL-1.1",0.0457476362394997,NA,4,82.8073088863948,0.795861434110884
"COLO 829.2",0.0301063799554249,NA,4,96.0257935299743,0.026691694179417
"DG-75",0.0258519578966829,NA,4,88.7025073333719,1.02974579138241
"FTC-133",0,NA,0,100,69.4676214598221
"NCI-H2722",0.0577482966473462,NA,0,88.4503406705308,0.0110688533702815
"HCC1428",0.0482989084374562,52597508662.3914,0.157043777147848,40.9307410627452,1e+06
"HGC-27",0.19859333845179,1.58222994444206,1.16574897370397,20.7634568962729,0.998528272843365
"IA-LM",0.00955244890465773,NA,0,98.0895102190685,0.0113121991743559
"IGR-1",0,NA,0,100,12.7219045129907
"JSC-1",0.00774300817096524,NA,0,98.451398365807,0.0210472903866606
"KMOE-2",0.0339712024050279,NA,4,86.2128852126853,0.911909733113924
"KYSE-50",0.0165151340540282,NA,4,85.4604380225046,2.3069902740912
"M14",0,NA,1.08376680530648,100,2.81666534894121
"U-251MG",0.00242532404505222,12.5646564788203,4,39.2475750641054,8.55627477742309
"RCC10RGB",0.0283202721574678,NA,1.52076995879255,60.3706100536745,4.64509434139906
"OAW28",0.120843420580054,NA,0.00310941811175354,75.8617094279216,0.0703639730485769
"OCI-M1",0,NA,0,100,117.118050730075
"HSC-4",0,NA,0.842128156249915,100,0.425744100289458
"Kasumi-1",0.100500628375798,NA,4,55.4570018708608,1.05282591023694
"Huh-7",0.00304602563532625,11.3908118166086,4,37.0153203453803,8.13148726021442
"HuO-3N1",0.0366355351433155,NA,0,92.6728929713369,8740.29407461611
"KYSE-520",0.0620782527190495,NA,4,72.4456297737977,1.05525090086039
"MFE-296",0.0600021063898809,NA,4,89.6585065173837,0.0908823801813506
"NCI-H196",0.0681721856975898,NA,2.37604980726818,91.1885866996854,0.0236372142719803
"ATN-1",0.13148673159123,NA,3.77588045224314,53.7744447951673,0.701077758295641
"HT-55",0.120699839223296,NA,4,60.2783122720785,0.613017097749163
"NCI-H2141",0.0776427051372839,NA,0.711908844255031,76.8284971091381,0.631822890832678
"A-498",0.0351885567173432,NA,4,95.6792851768392,0.0179996869721367
"CAL-39",0.206155460136562,1.87555376640316,0.81788480941096,0,1.87555376640316
"EW-3",0.169680177394768,NA,0.703539005390533,63.7912678984115,0.20488050231078
"HPAC",0.107302212727634,NA,4,81.1637581895402,0.0977517972938423
"IM95",0.147336703238709,NA,1.40742710139776,50.3683619509482,0.669643323061998
"LNCaP clone FGC",0.0522565796847602,NA,4,68.9557787983848,1.56697612741763
"NCI-H1694",0,NA,0.361660153724071,100,269.988590474203
"NCI-H2170",0.112577471582161,NA,0.927336749355023,63.9500502581998,0.667606869277647
"NOS-1 [Human osteosarcoma]",0.153602823382883,NA,4,73.4755051805363,0.0915814471237658
"RERF-GC-1B",0.0475779087668465,NA,4,61.8750000000001,2.12875166179637
"TE-6",0.097105491824984,NA,2.49846276490276,56.3864127590131,1.08352671445868
"TYK-nu",0.0334448085780878,NA,4,95.056219804822,0.0467307023733188
"OCI-AML-5",0.083163485235385,NA,1.23586250878735,79.9926532822612,0.288354333150049
"CHL-1",0,NA,0.252460645794619,100,4.08183181463288
"HCC1954",0.251886345410224,0.735229298201048,1.89549546765074,22.0018315310456,0.541452351409267
"KY821",0.144215977695686,2.51218335785879,4,49.7159239537376,0.689711531104091
"NCI-H1563",0.0887459696830402,34401.6661889001,0.194476425284851,0,34401.6661889001
"NCI-H1975",0.107024260296517,NA,0.688469564303216,54.5579944322461,1.67782251937701
"NCI-H2052",0.09234073369447,NA,0.384898285292633,88.7623371387508,0.00185998797977281
"NCI-H322M",0.129440926472368,NA,4,85.4619934790008,0.0105367225406916
"NCI-H596",0.147695688344041,NA,1.35642392331932,63.2714648457857,0.31548544845579
"SNU-C1",0.0304405480463034,NA,4,86.7299884299965,1.02573229569757
"Rh1",0,NA,0,100,1e+06
"697",0.0471265574612966,NA,2.79183510185746,74.6580624577533,1.39796157607934
"A-673",0.0229146736468283,NA,4,87.8433880606496,1.36182816489967
"BxPC-3",0.0555537294571555,NA,4,70.2514022758587,1.37849798676345
"DB",0,NA,0.105217291951268,100,0.205459269249392
"HuO9",0.163215334844014,6.13948766070649,0.835560144122492,38.5815847323391,1.04844643678029
"KE-37",0.0425359895814796,NA,4,79.1713428112922,1.22108669161314
"NB(TU)1",0.200124873007066,35.9172558239378,0.53017715062592,44.139824245232,0.629758950298572
"PC-3",0.0472751464203015,NA,4,79.2178178357353,1.03941016752252
"SCC-15",0.0748950644073315,NA,4,87.1038933615369,0.090537889044492
"UPCI-SCC-090",0.112814861327408,NA,4,81.6155639721734,0.0721403061386779
"PWR-1E",0.040510876089856,890.32120069091,0.398274889413416,0,890.32120069091
"SAT [Human HNSCC]",0.0760053419302901,NA,4,63.0713137276601,1.20763682538923
"SiMa",0,NA,0.367893989026904,100,19.8218561698408
"TE-1",0,NA,0,100,1e+06
"LCLC-97TM1",0.0493223469893652,NA,1.70518149529714,60.4495519535386,2.463205562739
"LOU-NH91",0.0769380769904025,NA,4,67.8471412797861,0.957867745120512
"NCI-H1092",0.0254673329687037,NA,0,94.9065334062593,19753.582810338
"NCI-H720",0.0528500230911201,NA,1.97168237473565,71.1522333033164,1.47354511588966
"KYSE-180",0.0432819309714762,NA,4,91.5145969914622,0.147523511810792
"LC-1/sq",0.0452264750205867,NA,4,80.7412218709584,0.987829751675618
"769-P",0.0625892168600647,NA,0,87.4821566279871,0.0110284426052477
"HT-1197",0.0572267696244846,NA,4,74.3335621024594,1.0724085321318
"HuP-T4",0.0654681596162681,NA,0,86.9063680767464,2.13723978837026
"KLE",0,NA,0.868154027283122,100,0.249779010422132
"L-428",0,NA,0,100,94.912033598973
"PaTu 8988t",0.0296966525142054,NA,4,95.3791386370813,0.0590359905240286
"PFSK-1",0.0182975434893952,5.55178837355391,4,0,5.55178837355391
"RPMI-7951",0.134142644773084,NA,4,86.0788101976049,0.00574135567545674
"SK-GT-2",0.0342031129518728,NA,4,59.4801921622397,2.86315543001484
"SNU-182",0.0628435077626843,NA,4,74.0888046899288,0.936605115553519
"SUP-HD1",0.0088792889406698,NA,0,98.224142211866,1e+06
"22Rv1",0.240159959839324,84.579865780259,0.189187126506432,0,84.579865780259
"8305C",0.119636732031589,NA,0,76.0726535936822,0.536449505878642
"ACHN",0,NA,0.272721533814053,100,0.249087297922577
"Capan-2",0.0729709345345288,NA,4,87.1148261246428,0.100034041961305
"Ca Ski",0.0683983461990517,NA,4,58.0252151730603,1.6269134372698
"FLO-1",0.0639072947722994,NA,1.26387128079547,78.239866755449,0.699489150525103
"GR-ST",0.0287597677008327,NA,4,79.8326807781136,1.87636573920018
"KALS-1",0,NA,0,100,74.779126339015
"Karpas-422",0.0554270331657204,NA,4,72.1898514206342,1.2634036577683
"Kelly",0.112675143927782,NA,0,77.4649712144437,0.000723913408873287
"KP-2",0.0554926461827919,NA,0.468516460370695,87.3824079667762,0.29514872973573
"KP-3",0.0464529276261547,NA,0,90.7094144747691,0.253002779807147
"LB771-HNC",0.0597273690294501,8.73824712985454,1.32585226614001,29.776298133142,4.41497992286417
"Panc 08.13",0.0610436734192286,NA,4,82.1805122895265,0.46919782390961
"SK-HEP-1",0,NA,0.446608973299463,100,0.1556539055217
"SN12C",0,NA,0,100,77.3002498591179
"T-47D",0.161893072026015,6.02478453477419,0.694297385651528,27.80239401035,1.87067347505847
"TGBC24TKB",0.0915428624991279,44.0268247763123,0.590742636349617,31.4715105088056,8.20176245483943
"TOV-112D",0.00638692400499564,7.54372110476338,4,0,7.54372110476338
"TUR",0.0230678495698493,NA,4,88.7773659907109,1.20989027018237
"U-118MG",0.0109834373096281,NA,4,95.8284275805628,0.811386942879513
"U-87MG ATCC",0.0575488899292524,NA,2.98565690373034,74.8353070010657,1.03338676975857
"HD-MY-Z",0.0875060871730183,NA,0,82.4987825653963,0.0777584565345696
"MM1.S",0.25700726632078,1.07895471319965,0.897823528092945,0,1.07895471319965
"NCI-H1963",0,NA,1,100,0.500087815420388
"NCI-H209",0.0021960742299949,NA,0,99.560785154001,0.0813434730612056
"NCI-H250",0.125456501902001,NA,2.16239026909061,83.5108669442203,0.0257568003454851
"NUGC-4",0.0670403884559771,11.0205398580283,0.874492532289231,0,11.0205398580283
"SBC-5",0,NA,0.0622008922746873,100,2.70887222812963
"SUP-B15",0.00954746678034163,NA,0,98.0905066439317,118.592434718043
"COLO 679",0.0730884476684169,NA,0,85.3823104663166,3.64767881712092
"HPAF-II",0.0230466892394232,NA,4,91.059194465896,0.842961050644284
"NCI-H2595",0.0366041238386705,NA,4,95.9098913682141,0.0101910483760116
"C-33 A",0.0474963059200924,NA,0,90.5007388159815,0.00130166805441771
"HDQ-P1",0.0825822248474099,NA,4,71.9246859807486,0.655591636492966
"CAS-1",0.097463909711935,NA,4,89.264917660146,0.00925972981775362
"SNU-5",0.0225524495428065,NA,4,90.2338464848894,1.01492336333802
"CCRF-CEM",0.0379009916777048,NA,4,78.9181134017401,1.4468720939467
"CPC-N",0.1220464399396,NA,1.4425190704945,70.7101684891348,0.283715281755228
"D-263MG",0,NA,1.10638277028716,100,0.102848614888663
"EB2",0.00560128249317403,7.81713432473176,4,0,7.81713432473176
"ES8",0.114092125072891,NA,4,80.0149539310001,0.09692536474854
"EW-11",0.156703471603165,NA,4,70.9164716596553,0.120970186222507
"HL-60",0.0909609264138032,NA,4,61.6844981955372,0.970462782311178
"BICR 78",0.0816921796156705,NA,3.2886425256555,84.7909025886163,0.122379525546727
"GaMG",0.0583821190197236,128.988256913347,0.468315407597303,0,128.988256913347
"JHH-2",0.00537350278115218,7.90506321510034,4,0,7.90506321510034
"CAMA-1",0,NA,0,100,3889.00825449602
"BFTC-905",0.0588992412017738,17.0167326124075,0.788732862705797,0,17.0167326124075
"CAL-62",0.0446863479470868,NA,4,89.1184842143137,0.29314098960759
"BL-41",0.0735759996975479,NA,1.03720004167933,90.110507972928,0.0249086178442026
"D283 Med",0,NA,0,100,1e+06
"JURL-MK1",0.0223211997163779,NA,0.840171328810836,91.1685161040205,1.17365142940584
"JVM-2",0.135435970987116,NA,2.7554497584024,61.4517442712717,0.441796503971525
"SNU-398",0.00138765432057369,NA,0,99.7224691358853,1960.73983796839
"BE-13",0.0948328058669595,NA,0,81.0334388266081,0.0150395049683357
"BC-1",0.0887175421624109,NA,1.25791831718096,71.6379810205333,0.607191991010054
"DND-41",0.0424215004508051,NA,0,91.515699909839,46.3601052120924
"DoTc2 4510",0.117289719103216,NA,4,80.2333340268191,0.0829832620075276
"DOV13",0.0312578329443586,NA,2.42567162390846,55.7298698947093,3.56991831391159
"EB3 [Human Burkitt lymphoma]",0.0389722775359745,NA,0,92.2055444928051,0.390641332252353
"EFM-19",0.201102445613634,NA,1.22122514548631,50.5595916106751,0.307674856476843
"GAK",0.00941476326303059,NA,0,98.1170473473939,0.336721168438022
"GCIY",0.106229216846538,NA,1.6937848609378,80.2475833670203,0.12162002260387
"PA-1",0.178580735493624,NA,4,67.3966841959847,0.11373158342893
"RS4;11",0.0485937560299487,NA,4,72.9251369103846,1.44990112697276
"CML-T1",0.0451647573369014,NA,1.47853348464918,70.2751088991198,2.05620531231337
"EN",0.175121489095151,NA,4,80.9299326922803,0.00855581862912821
"ESS-1",0.12633488988324,13.1723532844874,0.522164188356591,0,13.1723532844874
"EW-24",0.0956695386737229,17.8776549796414,0.729142853798981,30.5236596639192,4.90617952641602
"HCC70",0.00636159370579874,7.55189922721451,4,0,7.55189922721451
"RT-4",0.0602151907723156,NA,0,87.9569618455369,81.9526702686749
"SU-DHL-10",0.0744033416035638,NA,4,87.1141318334019,0.0926602185460008
"COLO 668",0.0516947413540159,NA,4,90.8530886399831,0.100836277274475
"EW-22",0.124570132884355,NA,4,78.2540831285973,0.0956244447697907
"GDM-1",0.305401998498311,0.54694189390922,1.72199854317346,47.8940590269705,0.086925300271947
"GI-1",0.0290828379770254,NA,4,87.4884477588097,1.00428301657626
"G-mel",0.0844711562361692,NA,4,84.7529606801817,0.108904535974523
"NCI-H2803",0.071875,NA,0,85.625,1e-06
"NCI-H2804",0.115275598282491,NA,2.82439529449431,86.4183963837358,0.01395125678065
"NCI-H3118",0.225877577175117,NA,4,64.6269653039883,0.0607344535576313
"HEL",0,NA,0.516328494597176,100,0.0139378233751703
"HO-1-N-1",0.0190261770202128,7.5292068970811,2.41075152935108,0,7.5292068970811
"Lu-135",0.00864572177711421,6.93750220372735,4,0,6.93750220372735
"HARA [Human squamous cell lung carcinoma]",0.131270119878539,53.3058362238066,0.355345903805271,0,53.3058362238066
"CAL-72",0.0658352151121727,74.7183428689793,0.494162523215773,0,74.7183428689793
"AMO1",0.169199972115898,4.23373583019533,0.626374052394961,0,4.23373583019533
"D-392MG",0.0650422667175973,NA,4,85.831217429507,0.209853096633318
"DoHH2",0.0281750926366263,NA,4,78.249765086635,2.05804301836684
"EFO-21",0.0891704478798243,NA,4,90.3505854185146,0.00817798386622125
"EMC-BAC-2",0.140891905127876,NA,3.70228407830096,58.7447468575019,0.47263852010989
"EoL-1",0.00521575107778738,NA,4,97.4401063804543,1.22507018601614
"ES6",0.146221932869625,241.634319691547,0.252702380336462,0,241.634319691547
"NCI-H2810",0.069000623426477,NA,4,90.949211010055,0.025815310025913
"NCI-H2818",0.0535932037595643,NA,0,89.2813592480871,0.896249862427672
"NCI-H2869",0.0394663760610675,133.785683096686,0.547548600500925,0,133.785683096686
"HAL-01",0.125200481623642,13.234347189613,1.47461835399809,48.9329083445419,0.974282956509444
"HCC44",0.0468433153409266,42.7316205180044,0.661640600657396,0,42.7316205180044
"HMV-II",0.151155507553391,NA,4,82.1655207059339,0.0142857764202547
"IM-9",0.0832758567937056,NA,1.01094162259532,75.5466375884293,0.518667214557825
"NOMO-1",0.0721581557185352,NA,4,70.5169874280832,0.922395389842552
"OCI-AML-2",0.0528099719160181,NA,4,73.3557564025099,1.2730883829643
"Ramos.2G6.4C10",0,NA,0,100,433.778946004938
"Reh",0.0448876488126547,NA,4,67.936135490784,1.91122584406463
"TC-YIK",0,NA,2.16751567465198,100,29638.9360225104
"VM-CUB-1",0.0541573100295208,NA,0,89.1685379940958,0.0118959846474198
"DMS 114",0,NA,0.664559343626871,100,394.00786434968
"DMS 273",0.0919519398845659,NA,4,66.8274061591376,0.73706740729146
"NCI-H1793",0.021732810844948,16.7995638425284,1.28022547947169,0,16.7995638425284
"NCI-H2795",0.156489545815832,NA,0.915631804845098,59.3505362835632,0.378295426156125
"KTCTL-195",0.118454793232007,198921316.724104,0.110747996548548,22.1785306187447,999675.928319434
"BICR 22",0.147975928185514,2.24588918858183,1.332555363683,0,2.24588918858183
"GMS-10",0.0446401620432754,NA,4,65.6859658423077,2.04996283882285
"Calu-3",0.0791114899740014,5.84905922586917,1.11477880303798,0,5.84905922586917
"COR-L105",0.161787345033612,27817.5378740595,0.13832011077307,0,27817.5378740595
"TGW",0.135552695678638,NA,0.970283007447819,68.4756785937584,0.266056815505629
"HCC38",0.0359018770463921,NA,0,92.8196245907216,0.0037188095249232
"SW13",0.13404099474997,NA,4,78.6548693928001,0.0653431804633014
"SW900",0.078955285804743,NA,1.15406274091729,91.0492946952286,0.00735700208056915
"NCI-H23",0,NA,0.128802009359927,100,28.9294915678095
"PL18 [Human pancreatic adenocarcinoma]",0.0817394973136621,NA,0,83.6521005372676,0.0135661026946381
"CAL-85-1",0.0704844893285364,11.8787079949757,0.818817133437766,0,11.8787079949757
"COLO 680N",0.107642512226349,NA,0.289118115373248,74.6741765531393,0.489517242375567
"DU145",0.0723893228806169,NA,0,85.5221354238766,0.000609731108054116
"EKVX",0.0498975952336346,NA,4,91.4512699663497,0.0887257261300904
"NCI-H2461",0.0492711211706875,103262155376977,0.148055354803107,46.7456586928512,1e+06
"HCC1937",0.0648790526475768,NA,4,87.943550597417,0.121537635615512
"HOS",0.0082592953477859,7.02699804943964,4,0,7.02699804943964
"K5",0.153185849531254,NA,1.21671119321279,55.9428200076224,0.472296952168031
"KP-4",0.00364453233998174,NA,0,99.2710935320036,0.134479917637243
"KS-1 [Human glioblastoma]",0.0727077036912052,13.931635435244,0.752105921420508,0,13.931635435244
"LC4-1",0,NA,0,100,136.307432186702
"MG-63",0.104480798195653,NA,0,79.1038403608694,0.0864857042566903
"SJNB-7",0,NA,1.36066827510567,100,0.324836738848519
"NCI-H810",0,NA,0.268979302322008,100,0.0267177995556173
"OPM-2",0.0307437532199711,NA,4,66.6663083695658,2.69863130392782
"PSN1",0.038568776858549,NA,4,89.3539974208503,0.409454279601174
"SH-4",0.0805902202568672,NA,4,91.0846108128172,0.0095371453952244
"VL51",0.0942494838553392,NA,4,63.8506479136801,0.82592964704161
"TK-10",0.0577912301150069,NA,0.0157952816257449,88.426938517351,0.185993962009437
"YH-13",0.106127273866466,13.5268600266309,0.590147590550601,0,13.5268600266309
"HH [Human lymphoma]",0.0700624482269719,NA,4,69.4628651549702,1.0254479322741
"TE-9",0.0331357774463931,NA,4,84.1570997719764,1.18004217212812
"SNG-M",0.0254022779205495,NA,4,95.4316134301443,0.107389597442741
"KNS-62",0.0263168745471881,NA,4,86.5951542892861,1.28980442020387
"COLO 684",0.06830824092444,NA,1.40319355128417,60.3434609532719,1.76500836816106
"ECC10",0.0211897848298761,NA,4,90.7231561354235,1.03269485624821
"EFO-27",0,NA,0.729087434328978,100,126.827127202552
"KATO III",0.0807761979993519,NA,3.79657965886994,79.5382185844138,0.327163880472685
"NCI-H1666",0.138295958891661,NA,3.12308651450741,66.5626074310538,0.287271528856658
"Rh41",0.172738676463511,1.36380113547367,2.57891444912391,22.3084153331719,1.08453410092895
"RT-112",0.133113846852331,NA,1.13431252426047,70.9695727235707,0.213119154607747
"SHP-77",0,NA,0,100,0.199944612089835
"ST486",0,NA,0,100,3.31573662229647
"SW684",0.0291120788284325,NA,4,86.1097231473612,1.17650073794432
"WM115",0.0460761951805204,NA,4,76.2721130616449,1.30907913166255
"HLE",0.0428683541269846,NA,0,91.4263291746031,1.82622073941552
"NCI-H2731",0.0446352385963255,36.0440599817339,0.708842888041679,0,36.0440599817339
"RPMI-8226",0.0307803584079456,NA,4,83.5786391069872,1.37184012048504
"HA7-RCC",0.00930587791797267,6.79489998029812,4,0,6.79489998029812
"G-292 clone A141B1",0.0792627866637212,8.49254182844298,0.885067397035229,0,8.49254182844298
"SW1088",0.0363486813279156,NA,4,88.0627198371457,0.610340574250323
"OCUB-M",0.14028708421106,1.82047764150435,4,8.77087653173482,1.73477787179718
"BICR 22.1",0.0228962645414423,5.78804929064044,3.10717563244918,0,5.78804929064044
"COR-L311",0.0634415829840609,NA,4,67.1068941955653,1.32107062541973
"U266B1",0,NA,0.925999704019298,100,12.8808952538059
"H4",0.0620155962311303,NA,4,83.1663564048688,0.392509651749044
"HDLM-2",0,NA,0.711933615370212,100,0.787144008149153
"ES5",0.182291535467811,3.33596251501251,0.925715923602226,36.1998801984967,0.830366968394199
"EW-7",0.116413976795689,NA,4,50.4010076762802,0.988686192410611
"IHH-4",0,NA,0,100,8.25405554476647
"KYSE-270",0.0409694599247527,NA,4,69.8349610389689,1.96845457233608
"MDA-MB-436",0.113073154469104,NA,3.02249542043615,88.6926845221528,2.00799953396661e-05
"MN-60",0.0246692441305434,NA,0,95.0661511738913,1e+06
"MS-1 [Human lung carcinoma]",0.0479154251835173,NA,4,64.8871823640786,1.95951506328604
"SJNB-10",0.170004618953095,NA,0.590740504438323,73.0859866321542,0.0475593186798569
"OVMIU",0.11119762264504,7140.84532441641,0.467249754155286,48.4650904700438,4.12946747913148
"PF-382",0.0679313681082664,NA,4,68.6758614633045,1.11864859458684
"SBC-3",0.021861803194681,NA,4,97.4491708617785,0.0133632949493592
"SUP-T1",0.0934733526509001,NA,4,60.1401161198085,0.99009297642359
"SW1710",0.000969375340060363,NA,0,99.8061249319879,0.0344069294582376
"UACC-62",0.0881124713129137,NA,0.0883041446132234,56.388445516279,1e+06
"NCI-H3255",0.060100108480533,NA,0,87.9799783038934,0.00989722780302671
"HLE.1",0.040284593323269,NA,0,91.9430813353462,89.4205621012472
"ST486.1",0,NA,0,100,841494.528751967
"CAL-54",0.0779505340662525,13.7019058789126,0.731970035948991,2.41684423514726,12.8051683322164
"Capan-1",0.0525661918646137,82.1598414441877,0.537514051050032,0,82.1598414441877
"HCC1569",0.15033012671136,NA,2.2421726369218,57.781982158434,0.428136809952097
"IGR-37",0.014246103880201,NA,4,94.2068046342163,0.914987165156934
"MEG-01",0.0155238043205217,NA,4,92.9637454210126,1.08990200799311
"MKN1",0.199234203391089,12.504804176936,0.675977810027549,44.0045453072059,0.542484548779718
"ML-2",0.0933658815590755,NA,4,59.7689712513663,1.00688201444821
"MS751",0.0285239752637702,NA,4,95.3366383086056,0.0731347714181235
"OV-90",0.0447091095114434,NA,4,80.7042848771812,1.00945898433448
"OE33",0.124125745535789,NA,3.05551565624671,60.8560273877452,0.55965098662553
"SCC-4",0.102188765546472,NA,4,66.0352019982627,0.62584300631122
"TE-8",0.068838342966117,NA,4,86.8968717239349,0.132744277585888
"VCaP",0.0789959549733503,NA,4,70.9660350011746,0.763568053554224
"WSU-NHL",0.092267975710003,2.70795435252077,4,43.6042485610338,1.61946561912448
"HCC366",0.100887115466163,NA,1.71809778889975,63.7757849436994,0.746299554094327
"EFM-192A",0.15716813765614,1.25382398716506,3.75654586880913,42.2848713685926,0.76239474296697
"Hep 3B2.1-7",0.0604351645387134,NA,4,67.65236531985,1.37767258358667
"JVM-3",0.232422094053543,NA,0.576696020745784,56.4967472608505,0.115787332437176
"KYSE-140",0.135972457182863,218.528587492366,0.270002830676657,0,218.528587492366
"KYSE-220",0.264480123925263,508.892083697093,0.128550104024706,0,508.892083697093
"Lu-65",0.250384027440965,6.92685515921033,0.766726684289578,46.6804473661463,0.201501150072546
"M059J",0.105401395373938,NA,1.41721010450178,85.9914361091412,0.0259231461936206
"MLMA",0.139215674238676,7.74332138888393,0.582450894471287,0,7.74332138888393
"MPP 89",0.0341448375491629,NA,2.09994580456914,88.2113257346846,0.681125716852684
"Namalwa",0.188589655129354,3.4871085053053,0.741426103886554,26.5728406312953,1.25426220699396
"NB69",0.277571551629275,3.43189699383157,0.875407514259388,47.1403044953808,0.130624211928497
"NCI-H1915",0.152782232077981,NA,0,69.4435535844038,0.000846317901515498
"NCI-H358",0.100640631314868,NA,0.465156192985304,73.2891534478706,0.580346781226663
"OCUM-1",0.159670085146699,NA,0.600279268104559,56.1702632636802,0.54059702978437
"ONS-76",0.048806640453839,NA,0,90.2386719092322,0.00559551143469576
"SAS",0.0527191351231753,NA,1.49440127943591,64.4959493072615,2.10958762460575
"SNU-423",0.0569005103532531,14.6715172251593,0.852373284806332,0,14.6715172251593
"SW982",0.114664161339157,NA,4,87.7541346003188,0.00740634387722558
"TE-5",0.118323429897001,37.9810251758914,0.410891561676145,0,37.9810251758914
"IST-SL2",0.130380620734356,NA,0.642208491519076,69.0759380321567,0.311382122629034
"A-375.7",0.118452051575017,NA,1.57033320858383,85.4712843743703,0.016339547860916
"A-375.8",0.0844451989562495,NA,0,83.1109602087501,0.00158226283643117
"A-375.9",0.0951711087465821,NA,0.0313634445241421,81.8175667094555,0.00793371434723049
"C32 [Human melanoma].8",0.0448853818778638,NA,0,91.0229236244272,0.0141006165666191
"C32 [Human melanoma].9",0.0215512696579129,NA,0,95.6897460684174,0.00183642718116134
"C32 [Human melanoma].10",0.0860718052857826,NA,0,82.7856389428435,0.0250202375767675
"HCT 15.4",0.151856285971445,111.449979893913,0.278290547998912,0,111.449979893913
"HT-29.7",0.170412448325798,9.202792856811,0.451839855197444,0,9.202792856811
"HT-29.8",0.0940278382867014,NA,1.65372481129582,64.7648766219869,0.815004807249513
"HT-29.9",0.0544223669861605,7.63699767143448,1.23697805956432,0,7.63699767143448
"MFM-223.4",0.0746867928215429,NA,3.35753715710325,66.6626617147645,1.06571128770303
"MFM-223.5",0.0760159920185695,NA,1.54662779526433,92.3983994463154,1e-06
"MFM-223.6",0.121407197500916,NA,0,75.7185604998168,0.0174109637390155
"MHH-ES-1.8",0.075914440648118,NA,0,84.8171118703764,18.9235875456431
"MHH-ES-1.9",0.0961074821375725,NA,0.0261931443764145,81.6160781027959,0.00485501146166779
"MHH-ES-1.10",0.0639226306720363,NA,3.37423313851821,91.610641194423,0.0258699308722445
"PC-14.7",0.167264589347702,3500.0853556317,0.163966070873194,0,3500.0853556317
"PC-14.8",0.112317456519787,51.4403196499098,0.397551891336459,0,51.4403196499098
"PC-14.9",0.115547289059137,2346.87057319347,0.219448773182238,0,2346.87057319347
"SNU-C2B.4",0.0899035711177406,21643.6652917897,0.201238363052081,0,21643.6652917897
"SNU-C2B.5",0.0667089061002171,NA,4,89.715632490804,0.0566474800027096
"SNU-C2B.6",0.108005899452189,NA,4,88.8375522550728,0.00548860464363313
"SW620.8",0.166886289094449,NA,1.97632402434877,83.3113256330689,2.86974118069295e-05
"SW620.9",0.148519473653687,NA,0.613966437255106,68.4133223799877,0.205570536964999
"SW620.10",0.0975862285965521,NA,1.87598314438594,89.7438448567273,0.00465885464755101
"U2OS.8",0.122336411403611,NA,0.0578575525282326,78.6683247796506,0.000930904981794553
"U2OS.9",0.0763962157734893,NA,0,84.7207568453021,0.0480628028901342
"U2OS.10",0.153274882425435,2.43842966340654e+41,0.0534431332401487,49.3576543973834,999862.060209011
"DSH1",0.0389813999707944,NA,4,78.0053279690549,1.47275824648336
"HCC1419",0,NA,4,100,1e+06
"DMS 79",0,NA,1.45182973645564,100,36.9195828550749
"HCC1500",0.03801789610691,NA,0,92.396420778618,0.0817415683823635
"Loucy",0.0304793181691531,NA,4,62.6680051226972,2.92466670933107
"ME-1 [Human leukemia]",0,NA,1,100,0.158155539348636
"MFE-280",0.250176985187892,2.70644813750519,0.455723765964915,0,2.70644813750519
"SK-MES-1",0.0121211402097053,NA,4,80.3032472462837,3.43766969078702
"SW626",0.0780883253206907,NA,2.61812145135452,89.5869238040944,0.028029238658408
"NCI-H2023",0.055951022324998,NA,4,60.6489800282338,1.88194422195257
"SCC-9",0.222936720688086,8.71472460420508,0.342793171273545,0,8.71472460420508
"OCUM-1.1",0.0886369310069677,NA,0.621222678191974,75.8190238686142,0.517831283230802
"HT-1376",0.074459738336612,NA,0,85.1080523326776,1.37209184676422
"KU-19-19",0.0427731806773757,NA,0,91.4453638645249,0.132797465007782
"SNU-449",0.0631936573204529,NA,0.547080022454447,76.7380197175289,1.52696533562621
"KYSE-450",0.154836933139559,41089.6213306126,0.138215485271652,0,41089.6213306126
"WM1552C",0.123053916967418,362.848547102527,0.267328752851563,0,362.848547102527
"KYM-1",0.0622872764774115,NA,4,88.9817368432092,0.100732713214892
"T98G",0.0443644237541692,NA,4,82.8509098536568,0.837566733990895
"CW-2",0.109385649164697,3987795.95774235,0.129360676957355,8.19205837478206,1e+06
"Farage",0.0108906821692332,7.56417185675036,3.1695009019716,0,7.56417185675036
"MCF-7",0.041772717671024,NA,4,93.0622524844179,0.0781236644672436
"SU-DHL-6",0.211640314151806,1.12099560417869,2.98890328561191,4.44441185678302,1.08662016993069
"SW48",0.059325197606853,NA,4,83.1061295370481,0.442145162197241
"K-562",0,NA,0.747431822128514,100,1.92511026443926
"KP-N-YN",0,NA,3.56805173887111,100,1e+06
"KYAE-1",0.0175695592724257,NA,4,89.0416070743761,1.6569876869154
"H9",0.0376963312404951,NA,4,83.9569723419827,0.986910788128824
"HCC1187",0.0450069945088184,NA,0,90.9986010982363,0.00920499627989898
"JHU-022",0.114202425382672,8.99638428892271,0.649991537434424,0,8.99638428892271
"Karpas-1106P",0.0615608684040444,NA,4,68.5066140358278,1.29744443642804
"Kuramochi",0.0760334104545283,57558.3503213267,0.200253786654696,0,57558.3503213267
"KYSE-70",0.176852655980095,22.5625786313385,0.347840874188807,4.84984369551402,16.8267697902832
"LB831-BLC",0.0558257769775692,NA,4,68.8376913283442,1.45327416436058
"Lu-165",0.0230491774053266,NA,0,95.3901645189347,7.70917316566389
"MDA-MB-361",0.285947188374178,0.721336993834551,1.08310366970234,18.9997968985597,0.463939934381216
"SK-MEL-24",0.100289794410614,NA,0,79.9420411178772,0.322518539828053
"SK-UT-1",0.0307629967564497,NA,4,81.99316313587,1.53978223870859
"Mo",0,NA,0.0280696942510101,100,20.5874395590469
"ECC12",0,NA,1.66007516302242,100,1e+06
"IST-Mes1",0.183429310519611,NA,4,81.4122499838402,0.0040719055995927
"MDA-MB-453",0.286640592159919,0.893691246084343,0.805343627723583,0,0.893691246084343
"NCI-H1651",0.108366452019981,NA,0,78.3267095960038,0.0048207111503802
"NCI-H82",0.0626430188351106,NA,4,69.9078959409283,1.18809281745366
"OVCAR-5",0.197394248826234,4.78042835202146,0.491852337368686,0,4.78042835202146
"SKG-IIIa",0.12777792039987,887605.762086633,0.125079445736385,0,887605.762086633
"SK-LMS-1",0.0842689448032682,NA,4,91.3318082876316,0.00518932794002264
"SK-N-AS",0.150221468323039,NA,1.4331525094065,80.693856469833,0.0213433737695943
"SNU-387",0.177084363290724,1164.17359125047,0.177012059915727,0,1164.17359125047
"SW1417",0.144841086895054,NA,0.67618435676307,84.4738554269114,0.00116330702050733
"NCI-H226",0.161462622923104,NA,1.97486492285852,82.3218264601513,0.00756155466015168
"MIA PaCa-2",0.0193871342887248,NA,4,91.2666358360689,1.07966414043694
"MDA-MB-415",0.0403535140122473,NA,0,91.9292971975505,48.845963156913
"NCI-H520",0.0715578003072446,NA,1.23631759960123,91.3935468894392,0.0128844531310056
"SU-DHL-5",0.0148382719845971,NA,4,88.9982488716939,1.98167121620436
"MKN45",0.0514990040942803,8.80216284177965,1.16946919595378,0,8.80216284177965
"LAMA-84",0.0160993670304909,NA,4,89.4137425613489,1.75553062645249
"NALM-6",0.133478340239071,2.20466724044276,2.85524391522172,46.0215393804446,0.90854813336796
"SJNB-14",0,NA,0,100,35.0849803095339
"NCI-H1792",0.066378486580277,24.6982965994358,0.651346099438118,0,24.6982965994358
"HuCC-T1",0.019581832577497,NA,4,91.780123264459,0.964936807664411
"L-1236",0.041029049967829,NA,4,72.525766024901,1.78962588548919
"LCLC-103H",0.12617549006057,NA,1.77880160686295,81.3272789291595,0.0464982797075601
"LOX-IMVI",0.0925000995878321,3499.54311523876,0.237191056716806,0,3499.54311523876
"MDA-MB-157",0.0680453145644452,NA,0.812561887472019,85.9607214395567,0.178224518497077
"MDA-MB-330",0.3019861205316,0.967990064658989,0.640021993901347,12.1444514733266,0.626706455345294
"SJNB-13",0.0468800370630824,NA,4,80.5902964745258,0.943139708420764
"NCI-H1299",0.0928432016484864,NA,0.602185733041922,71.860014068763,0.748609082945655
"NCI-H1581",0,NA,1.49981289568035,100,1e+06
"NCI-H1876",0.133908833368489,NA,4,61.4442683893038,0.454066729143031
"NCI-H524",0.0480003701677638,NA,4,82.2911706643599,0.769011429426823
"NCI-N87",0.30353676791314,0.851595151788996,0.765812819047005,26.5500122161761,0.316847063797628
"RXF 393L",0.10588953980102,171659961.54874,0.118681961206691,22.8509208612735,1e+06
"SK-LU-1",0.0312691342822393,NA,4,83.3111384772035,1.37256147959886
"TOV-21G",0.114749984894627,NA,4,88.0737039138215,0.00583023712536513
"VMRC-LCD",0.0712700107343723,NA,0,85.7459978531255,0.0301908823564843
"NCI-H28",0.098242144768692,NA,0.378278508907896,72.9281337438709,0.855443915378656
"NCI-H2087",0.0914906432880149,NA,0.427580794977395,87.348671946335,0.0116330345694363
"BV-173",0.00367390177997801,NA,0,99.2652196440044,183584.421111439
"CHSA8926",0.0706369604234005,NA,1.82309992194647,71.1170016948065,0.94739866243128
"JHH-7",0.14082882196694,NA,4,85.5350896755045,0.00509326013482523
"KINGS-1",0.123279446254347,NA,1.23623321030898,60.2201338270083,0.622584775786437
"LK-2",0.0596112922083232,NA,0,88.0777415583354,2.08098539349276
"MKN28",0.0618211160829771,NA,1.50770329422096,76.4703478315032,0.851117060205523
"NCI-H1355",0.193625806892272,76.3674979830913,0.24224084521372,0,76.3674979830913
"NCI-H1993",0.0688273499448712,NA,4,83.9094150345451,0.260507981480236
"NCI-H441",0.101587477593013,NA,0.718602479226594,88.1590773012333,0.00527501723044859
"Panc 10.05",0.0634033352751812,150.384097699194,0.438420584609873,0,150.384097699194
"WRO",0.0714848410257115,NA,0,85.7030317948577,0.00685361053689683
"SK-OV-3",0.118344624266595,152800769386561,0.0892959128943827,40.7068907467239,1e+06
"HT-29.10",0.190400766478028,NA,0.686334647018193,53.7180256964736,0.332563083968633
"HT-29.11",0.148306914564558,NA,1.288881392543,73.2009902145427,0.108380892188335
"HT-29.12",0.109760228569186,NA,0.789146661048315,63.6703195567365,0.790767655376944
"MFM-223.7",0.0529201037798626,28.4068549059142,0.701845140669661,0,28.4068549059142
"MFM-223.8",0.0588636564313475,NA,4,76.7842744393079,0.867908939153683
"MFM-223.9",0.11942892117467,NA,0.0160635157281407,76.5757523049054,0.0135915726474566
"MHH-ES-1.11",0.0194509295413201,NA,0,96.109814091736,1.35011772867839
"MHH-ES-1.12",0.028355366403119,NA,0,94.3289267193762,16.8728704455232
"MHH-ES-1.13",0,NA,0,100,0.117163177195413
"PC-14.10",0.083781503466693,1673.98339186373,0.270917769158711,0,1673.98339186373
"PC-14.11",0.0546067170470933,NA,4,79.3818159981136,0.802713577753872
"PC-14.12",0.083749698796919,1349.84278872523,0.278091858436674,0,1349.84278872523
"SNU-C2B.7",0.0698702354304191,NA,4,77.8937861066051,0.563458198593636
"SNU-C2B.8",0.0677926113264888,NA,2.813904888597,67.2850372033991,1.2026129119243
"SNU-C2B.9",0.0494836530295485,NA,0,90.1032693940903,0.111993422857414
"SW620.11",0.11414174650336,NA,0,77.171650699328,0.00435919909373681
"SW620.12",0.0891043334394387,NA,4,90.4732883838834,0.00747068007610931
"SW620.13",0.0766740648188075,2755.92966068991,0.392971508496317,41.0465799483232,34.6270262634795
"U2OS.11",0.139327530821142,NA,1.24817568842649,76.4547981010863,0.0823261457503723
"U2OS.12",0.109276646708241,430.682784749059,0.280331499897384,0,430.682784749059
"U2OS.13",0.146982747288679,7865.10939518469,0.1661586053414,0,7865.10939518469
"A-375.10",0.0911296781685689,NA,0,81.7740643662862,0.00470532866670334
"A-375.11",0.122185561532328,NA,0.00551979693530563,75.8072109320495,0.00407205282096765
"A-375.12",0.0245727202394874,NA,0,95.0854559521025,0.690175007746399
"A-549.4",0.0617347628986467,NA,4,73.7720022506748,0.984134999837803
"A-549.5",0.0802439655772211,NA,4,56.3524679992598,1.40654544749853
"A-549.6",0.200070397736226,205.809658736098,0.199824216088827,0,205.809658736098
"C32 [Human melanoma].11",0.0550256953401335,NA,0,88.9948609319733,0.0731580637463354
"C32 [Human melanoma].12",0.0364071958758483,NA,0,92.7185608248303,0.458243929345654
"C32 [Human melanoma].13",0,NA,1.11461391923585,100,0.811428987408962
"HCT 15.5",0.123805331376415,NA,2.326073620872,66.0538019388399,0.403133121290571
"HCT 15.6",0.0974517957396534,NA,2.75698511879356,69.4189530135228,0.553867303120718
"HCT 15.7",0.193855346541449,4.47423859616457,0.517608143980472,0,4.47423859616457
"Hs 578T",0.0263513337568125,NA,4,67.8491804859995,2.91751063274884
"Karpas-620",0.187868511479474,NA,1.14822568370281,50.8251591391038,0.370542761057307
"MDA-MB-468",0.0540969299001001,NA,4,80.8026329156609,0.71400156143291
"NCI-H2085",0.0772698247027666,NA,0,84.5460350594467,0.317121846832741
"NY",0.0593423912507308,NA,0,88.1315217498538,0.019213719965852
"SF539",0.0775457230439421,NA,4,91.1624912474402,0.0115623762309937
"SK-MEL-2",0,NA,1,100,0.0158183316338985
"SK-PN-DW",0.0230551175957108,NA,4,92.140111272981,0.659312274410582
"NCI-H3122",0.145890665545574,1416.00078304818,0.514640563423711,48.5511655703634,1.45433576747293
"NCI-H727",0.0232032950566585,NA,0,95.3593409886683,0.700264444428349
"SW1271",0.0391249706737327,NA,4,83.2272562189957,0.9986204744805
"NCI-H526",0.0657742084965271,NA,4,84.8763908389608,0.247934963549253
"Raji",0,NA,0,100,4259.20792368254
"HSC-2",0.14357879330401,1.81691014911294,2.36088117698266,31.7086887155515,1.18672334209412
"NCI-H2029",0.065028505653115,NA,1.08530335090775,89.176360030517,0.0759567015039964
"NCI-H650",0.0189239534918351,NA,4,91.6848537516214,1.03865583874111
"NCI-H1755",0.133865746994132,NA,1.3028876958428,70.0483972728696,0.230129036185428
"L-363",0.127463962082405,NA,3.03350487321045,50.4257186662353,0.847878812486489
"A4/Fukuda",0.248666096485823,0.617270615721112,2.15038053116502,43.4290403437984,0.240227102343096
"TGBC11TKB",0.0445630410139138,NA,4,78.0525838590959,1.23106492553216
"NCI-H522",0.0843063655703697,45637430837812.7,0.112751402255863,43.1551939260845,999802.91222386
"U-698-M",0.0561369377474125,5.97877461414754,1.67724013253054,21.0201617483687,4.3190051126053
"KMS-12-BM",0.0691658728259835,NA,4,72.8414201057213,0.861194890283697
"MV4-11",0.0652156517804206,NA,4,61.3701497062676,1.56160460155875
"NCI-H1435",0.0471602301066813,NA,0,90.5679539786637,0.011123147711731
"NCI-H1869",0.0300229079474489,24.7916632047407,1.62545092322506,45.6936048522779,5.48518618793453
"NCI-H211",0.0507019122768792,NA,4,91.2489498691996,0.0914026807387938
"NCI-H211.1",0.0213749315376439,16.2572937054054,1.3099548656178,0,16.2572937054054
"OCI-AML-3",0.127688184622316,NA,0.527579619601493,53.3993786891475,1.56572495173712
"OCI-AML-3.1",0.139084078856676,35.5046119057279,0.371960527577967,0,35.5046119057279
"SaOS-2",0.15972505906442,27.6661214075203,0.353022296863729,0,27.6661214075203
"WIL2 NS",0.017491615122396,NA,4,91.0686858070036,1.29408597662498
"WIL2 NS.1",0.0172851876142512,NA,4,92.0939193673609,1.10505547590741
"MOLT-4",0.0220385687831904,NA,4,86.4537944023722,1.62986176176239
"MOLT-4.1",0,NA,0.868063926709836,100,1.00050779875291
"SNU-C5.1",0.115434545879877,30.9190298875025,0.438738240724784,0,30.9190298875025
"HT115.1",0.0323223052468557,NA,4,84.2713509500265,1.21029275376088
"LS513.1",0.0970068357724084,33.6326257735933,0.480736614808844,0,33.6326257735933
"GP5d.1",0.128818897208599,2.51919119709945,1.79670864691707,31.8616981323354,1.43271919752843
"HCC2998.1",0.121563027219371,158.916047063394,0.305907653878683,0,158.916047063394
"CTV-1",0.179468655238184,NA,0.0137134676056743,65.3732230771454,0.000758816988021008
"RPMI-6666",0.0876120442438286,NA,3.69169472184372,54.4147854942513,1.32834403467889
"A-204.1",0.0106343112092764,NA,1.55526403085473,86.9010948335988,4.0420122728427
"MES-SA.1",0.0491901775277041,NA,1.50548142554361,70.5929784717978,1.78998417982345
"PL4.1",0.0854070294410432,NA,1.60814073884721,66.9493895297314,0.869913299224787
"OS-RC-2.1",0,NA,1.0295819866045,100,5.31178621357901
"WM793.1",0.0196546361343766,NA,4,95.1424112010886,0.305641777711789
"KYSE-50.1",0.00609730964587986,NA,4,95.565285185082,1.94531417437262
"KE-37.1",0.0413595795979999,NA,4,68.4746999763327,2.03398947229119
"Jurkat.1",0.0922891607479278,2.67255274978174,4,42.8424771626144,1.64389649848478
"KM-H2.1",0,NA,1.64384520748817,100,13.9012775086068
"697.1",0.082694952765155,NA,3.16619329211091,61.1962863781375,1.15077334174513
"8-MG-BA.1",0.0312201458742377,9.80521243174304,1.46735266191985,0,9.80521243174304
"PaTu 8988t.1",0.0120285307987584,NA,4,92.3503462515116,1.6931518383472
"FTC-133.1",0,NA,1.17916953257902,100,7.06932751913573
"KMRC-20.1",0,NA,1,100,0.0158183316338985
"NCI-H1975.1",0.0837486064918292,5.85499849240203,1.13243832624983,12.5044170359738,4.54103055869016
"OVCA420",0.10435013130829,7.08207658997188,2.02137087148171,48.441725800628,1.27338680886487
"HCC1954.1",0.0802727842237836,2.92815249300347,4,37.1537595461998,2.08470784585553
"ASH-3.2",0.00723613722254901,7.28984362244272,4,0,7.28984362244271
"NCI-H1568.1",0.0174498216179504,NA,4,90.7653267055534,1.35744435011739
"NCI-H1563.1",0.0372523696027816,NA,4,80.9134578177795,1.30011433230116
"Daudi.1",0,NA,1,100,0.158155539348636
"CTV-1.1",0,NA,1,100,5
"EM-2.1",0,NA,1.24488080964957,100,7.45395928534625
"WM278.1",0.0038008146723554,8.6678065064391,4,0,8.6678065064391
"GI-ME-N.1",0.0580376246692194,28.077098358145,0.832049352674295,30.9371102076842,8.81128420944547
"EJM.1",0.0622723928900733,NA,4,87.5640865100818,0.15734222330152
"HT-3.1",0,NA,1,100,5
"Hs 746.T.1",0,NA,0.595025237997193,100,0.657997942963378
"EW-18.1",0.0740380963759254,6.61059155242505,1.0815150494686,0,6.61059155242505
"RPMI-7951.1",0.0284146728436972,NA,4,85.8967468333758,1.24452603927726
"CA46.1",0,NA,1.33885804032785,100,5.26184280606333
"RCC10RGB.1",0.0370334000819662,NA,3.12821013526816,82.6438021495092,1.14891658375123
"U-251MG.1",0.00294645589427318,9.26519874983457,4,0,9.26519874983457
"Karpas-231.1",0,NA,1,100,0.158155539348636
"BALL-1.2",0.0258138764143667,NA,4,88.134656024057,1.1133086459205
"IGR-1.1",0,NA,1.0010235456893,100,0.177333218273492
"KP-1N.1",0.00802551317771108,NA,4,94.9536997766741,1.67202592617887
"OVCAR-8.1",0,NA,1.12903079020452,100,0.324351526423934
"JJN-3.1",0,NA,2.85100297513508,100,831.706406525699
"ALL-SIL.1",0.0181141007669929,NA,4,91.9901191004507,1.04903770621739
"HEY.1",0,NA,1.35666585260641,100,12.2485205817886
"HeLa.1",0.0378266945080176,NA,4,94.3836021341579,0.0477086763813888
"SCC-15.1",0.0231148848898343,NA,4,64.241414672487,3.34951305305046
"CAL-33.2",0.139948257895656,2.16538599633008,1.81880647614498,28.8913498114521,1.34780113786616
"JHH-6.1",0.0355994263600759,NA,4,85.5635002664544,0.910680947603391
"ES4.1",0.0242007608239802,NA,4,87.8757918723911,1.26076133586387
"UACC-257.1",0.0021467551715685,13.7016427039308,4,41.7241341768488,8.7394378330019
"KCL-22.1",0,NA,1,100,5
"CHP-134.1",0.0029063961622424,9.29826496573422,4,0,9.29826496573422
"KMS-12-BM.1",0.073817645729757,NA,4,77.5859894746107,0.514098431926982
"OE19.1",0.0638246022318707,NA,4,64.4870848016306,1.44745248562798
"MDST8.1",0.00407299496722908,NA,4,97.2059831885349,1.83496758223906
"HCC2998.2",0.0040916458657314,8.50079871940456,4,0,8.50079871940456
"G-401.1",0.199506840327702,NA,1.05852114496133,60.0113220015968,0.159416385992187
"OAW28.1",0,NA,1,100,1.58127767235927
"DMS 53.1",0,NA,1,100,0.0158183316338985
"TOV-112D.1",0,NA,0.768205940866551,100,8.21668966541793
"AsPC-1.1",0.113040769899813,148.740225674876,0.323704365733951,0,148.740225674876
"HSC-3.1",0.118723328357005,NA,1.78593991042444,73.9629001232092,0.2146466815848
"Evsa-T.2",0,NA,1.71126888450569,100,222.436403542575
"VA-ES-BJ.2",0.0507898001497782,NA,4,92.9931720459468,0.033457772329006
"GOTO.1",0,NA,1.04263025402473,100,0.815822924165915
"SNU-175.1",0.00770347512198605,7.16470300582231,4,0,7.16470300582231
"IM95.1",0.0713708544413542,NA,4,62.894956421424,1.32588296620504
"OVCAR-3.1",0.00298172325862077,9.23653911749794,4,0,9.23653911749794
"LXF 289.1",0,NA,1,100,0.0500175646263872
"AGS.2",0.142840044352327,2.37581023267738,1.51601587773065,27.5721140894955,1.40004782169204
"AU565.1",0.138089594294386,8.48216680247739,0.829043154325607,37.4448436144359,1.601778797559
"LN-405.1",0.0051568265370016,9.39283904385028,3.30095982054085,0,9.39283904385028
"TE-4.2",0.0057907899318213,7.74717380468036,4,0,7.74717380468036
"42-MG-BA.1",0.0262896683987813,NA,4,75.8479662287008,2.38751085083495
"TUR.1",0,NA,1,100,5
"EMC-BAC-2.1",0.0885757179887632,NA,2.53650240670752,76.7431724210036,0.360324317757846
"LC-1/sq.1",0.0477016710997373,NA,1.87713233632397,70.5024647928268,1.75463903948363
"Hep-G2/C3A.1",0.0191273016385065,1012.05765154454,0.499226943588913,0,1012.05765154454
"Karpas-45.1",0.00394604494650109,8.58254642120481,4,0,8.58254642120481
"A-375.13",0,NA,1.28809439996209,100,4.46762264486808
"C32 [Human melanoma].14",0,NA,0.479947630545369,100,2009.91458038598
"C32 [Human melanoma].15",0.00370106575424873,8.72868612148912,4,0,8.72868612148912
"C32 [Human melanoma].16",0.00228221299522412,9.89917412930983,4,0,9.89917412930983
"HT-29.13",0.0528670072068667,13.2365495841697,0.928966669539172,0,13.2365495841697
"HT-29.14",0.0322790037649022,NA,1.93676274208583,58.833950993076,3.63456911031775
"MHH-ES-1.14",0.00882595138628802,NA,3.99997884224828,84.4720134641682,3.57914999624811
"MHH-ES-1.15",0.0206425250337638,NA,1.38479432997623,78.6464014606103,3.69311539913076
"MHH-ES-1.16",0.0072421568702925,7.2881717619565,4,0,7.2881717619565
"SNU-C2B.10",0,NA,1,100,1.58127767235927
"SNU-C2B.11",0.00557366640318402,7.82756507992711,4,0,7.82756507992711
"SNU-C2B.12",0.00167371928173949,10.7198407981698,4,0,10.7198407981698
"U2OS.14",0,NA,1.04847402753882,100,5.30445540481923
"U2OS.15",0.00844984948101072,NA,4,90.919716072233,2.68197878065529
"U2OS.16",0.0353697904868562,NA,1.59421295927878,63.5392916625306,3.33156981439966
"PC-14.13",0.0156113314574985,NA,1.50508722792981,78.2669941097264,4.66438467843558
"PC-14.14",0.0185898585444791,15.1848947563235,1.4369823449239,0,15.1848947563235
"PC-14.15",0.0111889420935409,NA,2.20513723599073,75.6541978780372,4.96907802077811
"SW620.14",0.0355864581223128,NA,4,89.4109560284765,0.490739475188407
"SW620.15",0.0243593612686864,NA,0.707181538055137,80.4799408983201,6.27641980226258
"SW620.16",0.0411348743782125,NA,4,92.8170275469705,0.0957379538806597
"HCT 15.8",0.0897950695577491,NA,4,78.8708403814142,0.265535677830395
"HCT 15.9",0.090228086852326,NA,2.67610301875583,55.5512255365254,1.24133686142778
"HCT 15.10",0.10227319219461,NA,4,68.7046610800143,0.523187737786612
"A-375.14",0.00658572091702088,7.48084500397451,4,0,7.48084500397451
"HGC-27.1",0.225361130681898,0.93876363804965,2.02915219108205,18.5812969908186,0.74664618629545
"B-CPAP.1",0.00351208530587946,8.84967799499355,4,0,8.84967799499355
"SK-MG-1.1",0.0866275926942069,NA,3.68560588098059,66.4201123572149,0.841920067017393
"NCI-H1650.1",0,NA,0.215574046430781,100,155.57042441126
"786-O.1",0,NA,1.04062406001953,100,5.60463268404205
"TGBC24TKB.1",0.230036709614161,0.995971650080154,1.56828489302603,39.9562792386258,0.357902192528231
"KP-2.1",0.00411894185740118,8.48586488836826,4,0,8.48586488836826
"HDQ-P1.1",0.0720469901695108,NA,4,59.0624999999999,1.48550801717278
"NCI-H716.1",0.0348136479751681,NA,4,88.445264854944,0.624000938660468
"MHH-PREB-1.1",0,NA,1,100,0.0158183316338985
"NCI-H513.1",0.00421569737751051,NA,2.98963151501262,87.0799963719547,5.06579626973845
"Huh-7.1",0.00205805009645082,10.16631588899,4,0,10.16631588899
"HT-1197.1",0.0115846169325155,6.37998967715135,4,0,6.37998967715135
"J82.1",0,NA,1,100,1.58127767235927
"NCI-H1568.2",0.0143894307364847,NA,1.59301274705251,75.1832673549443,5.36916723376213
"SK-N-DZ.1",0,NA,1,100,0.0500175646263872
"NCI-H322M.1",0.0184472617504206,8.25144951842029,2.22578348662264,0,8.25144951842029
"LB996-RCC.1",0.047869656288518,NA,4,77.5830017633406,1.1446992428914
"NCI-H1944.1",0.0493721855223161,NA,4,73.4085368581712,1.38882957563436
"MCF-7.1",0.0505070077200523,NA,4,84.0577546100761,0.560560498982736
"KYSE-180.1",0,NA,0,100,59120.8623879574
"NCI-H23.1",0,NA,1,100,5
"L-428.1",0,NA,1,100,5
"IGROV-1.1",0.347597226305619,0.160301226527004,3.15482375242589,38.5559474695589,0.100449834691931
"LN-229.1",0,NA,1.00775547100758,100,0.104217582407493
"HSC-4.1",0.00370805926526302,8.7243532515274,4,0,8.7243532515274
"Mel JuSo.1",0,NA,1.02184590327843,100,1.7451469563601
"639V.1",0,NA,1,100,1.58127767235927
"SK-GT-2.1",0.0680200971757048,NA,4,61.1882619179419,1.49314034859094
"NCI-H2373.2",0.0220619626599765,NA,4,82.3335392391418,2.12744642626476
"U-118MG.1",0,NA,1,100,5
"TE-1.1",0.0635709202016405,NA,4,76.7995551932333,0.753471228917153
"SKN-3.1",0,NA,1.11185558351221,100,2.28966661828423
"SiSo.1",0.00187171491751849,10.4171680476179,4,0,10.4171680476179
"SNU-C5.2",0.0285777879842646,9.42152780222931,1.5829887559834,0,9.42152780222931
"MFE-296.1",0,NA,1,100,1.58127767235927
"NCI-H2170.1",0.0647638145815037,NA,2.35573308915829,56.2178977272043,1.87343938818526
"NCI-H1694.1",0,NA,1,100,5
"8505C.1",0,NA,1,100,5
"JHH-4.1",0,NA,1,100,0.00500263492533161
"TT2609-C02.1",0,NA,1,100,0.158155539348636
"SW1573.1",0.0369055782932936,NA,4,76.217023449612,1.71782311434067
"LOU-NH91.1",0.0466237644784192,18.6423570918843,0.965409585733311,20.9108921702241,10.6373300922757
"NCI-H1048.1",0.0666837442350281,NA,1.94227580081398,67.8744569175577,1.2318164300191
"C-4-I.1",0,NA,1,100,1.58127767235927
"Jiyoye.1",0,NA,2.25124717234118,100,2357.36884322109
"SUP-M2.1",0,NA,1,100,1.58127767235927
"CAL-120.1",0,NA,0,100,0.496820839405227
"SW756.1",0.00440530094695055,8.33605744776876,4,0,8.33605744776876
"G-402.1",0.063952004263765,11.180169580976,0.955562074824561,12.934307204045,8.1734427238895
"WM35",0.0710159956793578,NA,4,89.519183893861,0.0463839794502988
"UMC-11.1",0,NA,1,100,5
"HCC827.1",0.138724262816797,NA,4,82.6351816682257,0.0200488391216607
"HOP-92.1",0,NA,1,100,5
"SW780.1",0,NA,1.05325774744671,100,0.207764578570851
"OVCAR-4.1",0,NA,0.91941815969047,100,0.0202992880965068
"RERF-LC-KJ.1",0.0636780982235677,NA,4,72.3818307655643,1.01744482565482
"RL95-2.1",0,NA,0.880417753329378,100,4.85667763244606
"DEL.1",0,NA,1,100,0.158155539348636
"KOPN-8.1",0,NA,2.60265763066826,100,3791.96191599039
"ETK-1.2",0.0960080527915207,NA,4,77.4322699342797,0.264729694800047
"GB-1.1",0.0149735623355801,NA,4,86.5265635713873,2.34828999938648
"Calu-6.2",0.0415696019340977,NA,4,86.2583515413813,0.618785795456978
"BHT-101.1",0.0260650543143829,NA,4,86.3113165096251,1.34381390634258
"Daoy.2",0.0177580457224784,NA,4,89.4682200070135,1.56387126914092
"CADO-ES1.1",0,NA,1,100,0.500087815420388
"ESO-26.1",0.00372980860626039,8.71094139476785,4,0,8.71094139476785
"NCI-H1623.1",0.0722901299868211,NA,3.43350778284679,66.5460604508391,1.12592216222409
"HTC-C3.1",0,NA,1,100,5
"KM12.1",0,NA,1,100,0.158155539348636
"LOU-NH91.2",0.0570459675599125,18.8424816681018,1.15726652378676,40.7039715066174,4.40311631031331
"PWR-1E.1",0,NA,0.946462193101442,100,0.0213870170709
"SNU-182.1",0,NA,1,100,0.158155539348636
"SNU-398.1",0,NA,1,100,0.00500263492533161
"CHP-212.2",0.0528705615727028,NA,4,72.2118438945288,1.34521628212058
"TYK-nu.1",0.0177567719199135,NA,4,84.4690789884985,2.29463341300648
"DBTRG-05MG.1",0.00194638769789724,10.3131010404669,4,0,10.3131010404669
"ESO-51.1",0,NA,3.0119572601871,100,2312.26658104241
"RPMI-8226.1",0,NA,1,100,1.58127767235927
"OVISE.1",0.109823184911111,NA,1.48931918362996,58.0651686387883,0.858270952769103
"DiFi.1",0.104893559332834,NA,1.62290013496036,63.5693873202957,0.701440769791183
"KG-1.1",0.0115154880510065,NA,4,95.1601948366664,0.966890988947905
"ARH-77.2",0.0756700397847395,NA,2.13847646526526,66.0852879507411,1.0897550130012
"EBC-1.1",0,NA,0.414484358110746,100,0.174857931514156
"HuO9.1",0.212226237544899,1.29679588380212,2.06542485179739,47.4332628334759,0.307965428921338
"Raji.1",0,NA,0.955185644456157,100,0.294949328784406
"Granta-519.1",0,NA,1,100,1.58127767235927
"TC-71.2",0.0352776272591252,NA,4,89.4183597677355,0.49992101981064
"HuO-3N1.1",0.0236797975906741,NA,4,76.6620674085584,2.51991979936979
"BT-474.1",0.0850444406122306,NA,1.61812401018583,61.4374087014604,1.15137111731636
"RERF-LC-Sq1.1",0.135527936456118,3.74319146201019,0.882491236687794,0,3.74319146201019
"RD.1",0.138343132627726,31.2208816261801,0.384668294926979,0,31.2208816261801
"CAL-51.1",0.0588347828452773,7.11298715579188,1.34337013489938,15.9703561134825,5.34138636215143
"IMR-5.1",0,NA,1.0852276056595,100,0.36136615738684
"BPH-1.1",0.181911639682455,3.21812923776892,0.982096237102491,37.8204917091042,0.763979924674639
"SNU-1.1",0.00399023058432877,8.55735769240261,4,0,8.55735769240261
"JSC-1.1",0.0156663895956674,NA,4,92.5409543446158,1.1728703936208
"SAT [Human HNSCC].1",0.120523030331922,NA,1.96771675889055,58.757476286442,0.67070225379676
"P30/OHK.1",0.0965587660524585,NA,1.97886783785832,62.6831830193864,0.849652239542956
"NCI-H2405.1",0.00330640607965111,9.55418828496407,4,18.2986121584432,8.52551972370741
"C2BBe1.1",0.0554270268730989,NA,4,76.6445453478726,0.971002608666839
"TCCSUP.1",0.044001941566287,NA,4,90.6376035935338,0.194589807352765
"HuP-T4.1",0.0240473440036249,45.0824393370511,1.0909953633132,36.1859585342799,13.8660498390124
"A101D.1",0,NA,0.784928796317669,100,3.10132035611964
"GA-10.1",0.0654375463468773,NA,4,69.1608307103063,1.15546984371394
"CESS.1",0.0458765807856154,NA,4,72.8449860952726,1.56028321909865
"RT-4.1",0.0293373250236667,412383.812410412,0.244238281550459,0,412383.812410412
"NCI-H1155.1",0,NA,1,100,0.0158183316338985
"COLO 678.1",0,NA,0,100,7.69169548542543
"A-172.1",0.00307212500136376,9.16492477024167,4,0,9.16492477024167
"647V.1",0,NA,1,100,5
"EC-GI-10.2",0.061877860757606,NA,4,60.0789172864475,1.71994178819993
"LN-18.1",0.00222643788593939,9.96253559154719,4,0,9.96253559154719
"M14.1",0,NA,1.26071806209904,100,3.09595095591464
"KYSE-140.1",0.0330527075361707,NA,4,80.4740731759082,1.55666817145774
"COLO 829.3",0,NA,1.10424318456171,100,6.03734195522721
"EPLC-272H.1",0.140881841982547,NA,4,65.0523868658656,0.308812608814416
"G-361.1",0,NA,0.462956038546405,100,5508.85871958643
"GDM-1.1",0.178824406256718,2.17561665929083,1.0962951540689,26.9490914543795,1.07358980666789
"JHH-1.1",0.00754262665053258,7.20674121834692,4,0,7.20674121834692
"MM1.S.1",0.204662564907405,1.27238769430366,1.47712879442614,19.0324894243806,0.919946581149364
"MOLT-16.1",0,NA,1.02940629612966,100,5.30718125648616
"NCI-H1693.1",0.00193541582740514,10.328081158511,4,0,10.328081158511
"NCI-H1781.2",0,NA,0.516925024404371,100,0.0173871993819854
"NCI-H2141.1",0.0242027899785213,NA,4,94.8789960123335,0.191083913201964
"OE21.1",0.00364776159520362,8.76204073800843,4,0,8.76204073800843
"Panc 08.13.1",0.052409991858791,NA,1.46588767305198,82.996636765606,0.612970245698194
"UPCI-SCC-090.1",0,NA,1,100,5
"SU.86.86.1",0.00349031302706339,8.864123954132,4,0,8.864123954132
"SU-DHL-10.1",2.42485475754713e-11,NA,3.29517099220818,99.7368954181151,531.680988545698
"SUIT-2.1",0,NA,1,100,5
"SUP-HD1.1",0.0304163468478647,NA,4,72.4377201579847,2.36158439431164
"NOS-1 [Human osteosarcoma].1",0.07462908626202,NA,1.64613928402763,50.4272190216091,1.99475115564989
"CFPAC-1.1",0.0293403157561787,NA,4,79.6275834781642,1.85777589914859
"A2058.1",0,NA,1,100,0.500087815420388
"CAL-27.1",0.0109147731124289,6.49147469495681,4,0,6.49147469495681
"COLO 205.1",0.0663660083302818,15.2562604360308,0.76759744073615,0,15.2562604360308
"COR-L23.1",0.0789649912200705,NA,2.94349479326292,78.2910693321182,0.405425159116341
"DAN-G.2",0.0696636381919749,6.19828438501631,1.68909737359486,36.665702173878,2.83429541323255
"EW-1.1",0.140194946958657,NA,2.01682484495975,56.5669411369367,0.540864605519695
"GP5d.2",0.0865930929924583,4.64689624979923,4,49.4022366767184,1.53657156211546
"NCI-H2722.1",0,NA,1.19720222131169,100,2.90449575883545
"HCC15.1",0,NA,1.22004296403466,100,8.44399374517391
"MFE-319.1",0.00283206956542109,9.36111532432795,4,0,9.36111532432795
"NCI-H1876.1",0.0492178985516993,NA,4,85.082029767423,0.512019792580795
"NCI-H661.2",0,NA,1,100,0.0158183316338985
"T-47D.1",0.166326236651473,1.13722132674889,4,46.552781434577,0.58273311640591
"U-87MG ATCC.1",0.0270954854935189,NA,4,87.936310177029,1.06030263980739
"MC/CAR.1",0,NA,1,100,5
"23132/87.1",0.0875187169332166,8.22924167559025,1.16740867754462,36.1929435376571,2.73296331632117
"ATN-1.1",0.161439184666683,2.76850004594225,2.0862318379903,48.0245578498115,0.588292960867077
"BB49-HNC.1",0.230320371854849,1.39442673916316,0.876917350849985,0,1.39442673916316
"SK-N-BE(2)-M17.1",0.0399768257310843,NA,4,76.9734995151746,1.5103345888034
"BFTC-909.1",0.0842524522126404,2.76310284024662,4,28.4461784237506,2.23890475679045
"BICR 10.1",0.0365864542399001,5.3611656202896,2.42264704169665,0,5.3611656202896
"BV-173.1",0,NA,1,100,5
"CAL-29.1",0.199623325648317,1.19194343611248,1.78204980051894,34.7357615526622,0.612487370136199
"COLO 678.2",0.00348346309422626,8.86869155279378,4,0,8.86869155279378
"COR-L311.1",0.0591978827454362,NA,4,59.3456909052379,1.83706964980442
"DG-75.1",0,NA,1,100,5
"EW-13.1",0.00264757272264783,9.52624650677284,4,0,9.52624650677284
"GCT.2",0.00896851076891718,6.86624985181065,4,0,6.86624985181065
"Lu-135.1",0.026940340997212,NA,2.15539881330263,88.9361965138751,0.941813864846511
"MOLP-8.1",0.157529054552153,1.53899509609587,4,48.8825736129746,0.595044527667393
"SF268.1",0.0237463384060229,NA,4,79.7410582022713,2.24749541187832
"SNU-61.1",0,NA,1,100,1.58127767235927
"HC-1.1",0.167699614189312,1.07728102875764,4,41.0935677991155,0.69986206254848
"A-704.1",0.0375140126110175,NA,4,87.6883487395194,0.609471873967866
"ALL-PO.1",0.060388444552427,NA,4,68.4427617078916,1.3349939138278
"AM-38.1",0.0130366856575262,NA,4,94.5808517254492,0.949434337970432
"P32/ISH.1",0.121943362854046,NA,1.23302200005275,58.7367801508749,0.693787251309604
"SUP-B15.1",0,NA,1,100,1.58127767235927
"MHH-CALL-2.1",0.0946712004302065,NA,1.91333956799751,77.5228663461468,0.27306192114601
"ES-2.1",0,NA,1.76313333328759,100,119.034150884887
"NUGC-4.1",0.0278975919835141,NA,4,93.5437662398219,0.252790062507695
"HCC1187.1",0.00205354892640776,10.172041821055,4,0,10.172041821055
"NEC8.1",0,NA,0.868446351013296,100,0.438989754259252
"CAL-78.1",0.0692721728414619,NA,0,86.1455654317076,0.133951775491573
"AN3-CA.2",0.165376768481252,5.99732426786613,0.921148643501784,41.7887191322249,0.843799563115585
"DU4475.1",0,NA,1.05305652427557,100,5.49908290503504
"PaTu 8902.1",0.0567750963025973,32.6578855200228,2.09664969432556,49.7637625619345,2.53968436099873
"HT-1080.1",0,NA,1,100,0.0158183316338985
"HCC1806.1",0.0404316091638014,NA,4,88.6147039594647,0.430222742201808
"HOP-62.1",0,NA,1.05658384501482,100,5.71522849161334
"JIMT-1.1",0.0102872192325084,6.60327963841431,4,0,6.60327963841431
"Rh1.1",0.0191511245011827,NA,4,91.1270525818803,1.12664531058157
"RC-K8.1",0.0357715221522622,NA,4,84.6966485594431,0.995279426998789
"SU-DHL-5.1",0.136146901788889,3.92953004559247,0.847421938648425,0,3.92953004559247
"A3/Kawakami.1",0.0504650177903964,NA,4,74.1862176523502,1.29722805045286
"A3/Kawakami.2",0.0239333391551253,NA,1.73257752614076,65.3421538090265,4.3260185543894
"CL-40.1",0.00868426005215702,12.7859745588945,2.12521287299052,0,12.7859745588945
"COLO 792.1",0.0519169994915819,10.7203617121123,1.03986362670423,0,10.7203617121123
"COLO 824.1",0.157183039582306,NA,1.99874883697519,69.4013712052075,0.143855066734682
"HCC1143.1",0.0926944378161846,NA,1.66142432370149,67.4525987191922,0.715673961080222
"HCC1143.2",0.19530978773798,NA,4,67.8599194577743,0.0751723434361022
"HCC1143.3",0.13068450359644,NA,1.47966103048038,64.2238869668593,0.407246567925661
"HEC-1.1",0.00188613284542389,10.3966808796105,4,0,10.3966808796105
"Hs 445.1",0.0313069447951227,NA,4,78.8930271572185,1.80238072766708
"HT-55.1",0.0989629140326781,NA,2.73585745759279,65.7564817034285,0.680329326680353
"HuP-T3.1",0.0522422811148665,20.1523838829315,1.67014866962698,47.7529895309326,3.1447991356839
"JVM-2.1",0.103114138399892,NA,4,52.180889245991,1.12823410899945
"JVM-2.2",0.116654437659379,NA,3.54960192541324,60.2350145763958,0.65924996686278
"JVM-2.3",0.0679314029029671,7.64612365614216,1.28192706693413,27.6212502564381,4.08404262178795
"NCI-H2228.1",0.0966266688308066,9.14139942652378,0.736419731224368,0,9.14139942652378
"SNU-5.1",0.045551159255716,NA,4,85.1034548775965,0.604941097139912
"NUGC-3.3",0.0369982817256948,NA,4,71.4000643316032,2.0605942824714
"OACP4 C.1",0.159782623243267,3.02765976751704,0.898690140538225,14.1451400636851,2.09124214705724
"OCI-M1.1",0.00666844714293532,9.30572040929699,3.046875,0,9.30572040929699
"OCI-M1.2",0.0226790469885239,NA,4,79.0409842858948,2.39871642419413
"OCI-M1.3",0,NA,1.0597111467906,100,12.3240455832604
"OV56.1",0,NA,0.608336583221631,100,0.454098819712718
"RS4;11.1",0.0925879811699268,NA,4,68.9250610259113,0.638579723740697
"SCC-3.1",0.0382785711384021,NA,4,90.0958074643953,0.34641385334394
"SK-ES-1.1",0.116109019998935,NA,4,75.7992517166883,0.18186804411237
"SU-DHL-8.1",0,NA,1,100,0.500087815420388
"TK [Human B-cell lymphoma].1",0.0182604149578764,NA,2.349174468423,95.0020952132541,0.401287893650937
"A3/Kawakami.3",0.00864055399384213,6.93866803564501,4,0,6.93866803564501
"NCI-H747.1",0.0791041873119398,NA,4,57.3912710275506,1.38899140120766
"NB1",0.136955404720797,NA,3.58849229788803,67.6768765745633,0.267885106025519
"HPAC.1",0.0122328145360531,NA,4,92.6155086423185,1.59648243239987
"EW-16.1",0.0235210038795926,9.91025025490984,1.68702381423566,0,9.91025025490984
"OSC-20.1",0.0253976047418285,NA,4,81.4207713381871,1.95622678451733
"EGI-1.1",1.83810136201338e-13,NA,3.40244208811506,99.5529520925547,2231.02897132802
"SBC-5.1",0.00346336253974497,8.8821580334522,4,0,8.8821580334522
"NCI-H2369.2",0.00534970569049464,7.91450609670599,4,0,7.91450609670599
"H9.1",0.0474476244792656,NA,4,89.375,0.22875732003184
"OACM5.1 C.1",0.165650958691845,NA,4,64.5183273022431,0.198832203522364
"U2OS.17",0.003358779315999,8.9537908113058,4,0,8.9537908113058
"A-375.15",0.0279300277958344,NA,4,94.6886796180361,0.132286267329117
"A-375.16",0.0196106284696857,NA,1.04317644206649,61.5606821405549,10.8716596825561
"HT-29.15",0.171221649702769,NA,4,57.7563725088755,0.304162587548431
"HT-29.16",0.116908169373785,4.58912618165054,0.904761102322841,0,4.58912618165054
"HT-29.17",0.127643252026929,NA,1.16464170237029,61.2494145792735,0.545111478789864
"A-549.7",0.0429858533847758,NA,4,57.1502937174289,2.54128631043144
"HCT 15.11",0.148708006523575,NA,4,57.7954494366067,0.438535857117012
"HCT 15.12",0.111484204764655,NA,4,73.0811812053735,0.286165218708158
"HCT 15.13",0.0695811109620111,NA,2.34321725093969,60.6598577225087,1.51111978405356
"A-375.17",0,NA,0.258399653916143,100,29.1240177091321
"U2OS.18",0.00711045929562101,NA,4,93.7639663159601,2.29976471004227
"C32 [Human melanoma].17",0,NA,1,100,0.158155539348636
"C32 [Human melanoma].18",0,NA,1,100,0.0158183316338985
"C32 [Human melanoma].19",0,NA,1,100,0.500087815420388
"PC-14.16",0.0030138699471134,9.21077340327729,4,0,9.21077340327729
"PC-14.17",0.00913648634071024,NA,4,95.354626915819,1.28662556150567
"PC-14.18",0,NA,1,100,0.500087815420388
"A-549.8",0.0148435180106956,5.92545151216938,4,0,5.92545151216938
"A-549.9",0.0677097124249633,NA,4,58.8717101873719,1.60794519510161
"MHH-ES-1.17",0.00537847691801972,7.90309575944376,4,0,7.90309575944376
"MHH-ES-1.18",0.00529726104816236,7.93549523576773,4,0,7.93549523576773
"MHH-ES-1.19",0.00751340703634016,43.7943632562718,1.24665209176227,0,43.7943632562718
"SNU-C2B.13",0.00133557126490268,11.3554126571265,4,0,11.3554126571265
"SNU-C2B.14",0,NA,1.03199941912343,100,0.769733325908748
"SNU-C2B.15",0,NA,1,100,0.00500263492533161
"SW620.17",0.00439177146298174,9.31965093796212,4,27.1403420722308,7.66345439303918
"SW620.18",0.00175780099586209,10.5861843990897,4,0,10.5861843990897
"SW620.19",0,NA,0.633198492982647,100,0.461118535322819
"HT-144.1",0.00616176160438604,7.61780424829034,4,0,7.61780424829034
"HuH-1.1",0.0300332727163623,NA,2.04434102027689,90.7475406808721,0.533848128723116
"LB771-HNC.1",0.0349636222795787,6.30693640242753,2.01405725915079,0,6.30693640242753
"LCLC-97TM1.1",0.134824072390063,28.3136061278409,0.401419349134854,0,28.3136061278409
"NCI-H196.1",0,NA,0.928233520075853,100,0.382670599389881
"NCI-H1963.1",0.00724906758401648,7.2862544413837,4,0,7.2862544413837
"NH-12.1",0.0290588271611265,NA,1.02582801273005,78.9495530681121,3.04505756476739
"OAW42.1",0.0485209456946767,9.8385504735775,1.13587626780846,0,9.8385504735775
"PFSK-1.1",0.0622039086178381,NA,1.18289350994596,58.1157531677723,2.41315769876073
"RERF-GC-1B.1",0.0583210362541797,16.6578189676866,0.799484169420686,0,16.6578189676866
"TE-6.1",0.193528874915257,2.82651472861791,0.679012547281191,5.24638363341882,2.40077483180316
"A-253.1",0,NA,1.00734713945858,100,0.511428098994894
"DMS 273.1",0.0346398940686111,NA,1.10078412153053,51.6702560706392,6.69502526718066
"SK-MES-1.1",0,NA,1.19190512580503,100,2.80222512597749
"TOV-21G.1",0,NA,0.119670464381689,100,2.59440022317837
"MS751.1",0,NA,1.52248989583247,100,42.8946935468511
"DK-MG.1",0.017435904678409,NA,4,89.4625279857329,1.59859808619305
"CHSA8926.1",0.00794739435440589,7.10288280058511,4,0,7.10288280058511
"HCC2157.1",0.0134500772006471,6.10450242777343,4,0,6.10450242777343
"KY821.1",0.233670932967585,NA,1.97435102393457,52.0711149346451,0.172406448717176
"NCI-H1092.1",0,NA,0,100,211.221131719352
"NCI-H1793.1",0.0124351198021551,6.24858707672838,4,0,6.24858707672838
"PC-3.1",0.0195471355018499,NA,4,85.7953993521693,1.94365401202445
"NCI-H1915.1",0,NA,0.432676873750821,100,0.0152740530631894
"NCI-H650.1",0.0510076354525807,NA,4,93.4413811493475,0.0232143524196081
"Rh41.1",0.149403504201405,2.65867321418531,1.03978932371238,0,2.65867321418531
"KU-19-19.1",0,NA,1.26103063229898,100,8.87765703187291
"CAS-1.1",0.0212344861631209,NA,4,77.8048586587739,2.6301911997156
"HPAC.2",0,NA,1.25506314257084,100,8.7450661568692
"CL-11.1",0.0373833143714677,15.970734936822,1.0261338026278,0,15.970734936822
"HCC1954.2",0.12431987693519,1.90774112189985,4,23.974544327427,1.62041601062981
"HCC1937.1",0,NA,1,100,0.0500175646263872
"PA-1.1",0.0189887164980701,5.48632980255794,4,0,5.48632980255794
"EFM-192A.1",0.0858747579196354,7.49164385891575,1.27751197436257,37.3092277062079,2.56124312530802
"MOLT-13.1",0,NA,0.22131124534275,100,1539.45397491055
"MHH-ES-1.20",0,NA,1,100,5
"U2OS.19",0.00182686713696472,10.4821578170426,4,0,10.4821578170426
"HT-29.18",0.0271307496713482,6.63044276813746,2.26252588483809,0,6.63044276813746
"A-375.18",0.0340717757178187,NA,4,85.4716913348164,0.989989721826256
"PC-14.19",0.00882723137395485,6.89706208073639,4,0,6.89706208073639
"KYSE-150",0.0586342672833408,5.5109179525916,1.53402896406469,0,5.5109179525916
"SiMa.1",0.00740738224577732,7.24291218691984,4,0,7.24291218691984
"SW626.1",0.0589489030509743,NA,0.876518260793533,74.8202173043199,1.34701770893624
"KMOE-2.1",0,NA,1,100,1.58127767235927
"NCI-H2591.1",0.00219365056295247,10.0006988017361,4,0,10.0006988017361
"HCC1937.2",0.00142348506457965,11.1724587745825,4,0,11.1724587745825
"KLE.1",0.0103517670539344,6.59142260183007,4,0,6.59142260183007
"KYSE-410.2",0.0413127232228652,NA,4,57.5753785180537,2.59706780270112
"LNCaP clone FGC.1",0.0210945243425761,5.30169698493531,4,0,5.30169698493531
"NB(TU)1.1",0.144505993181387,NA,4,69.1655400607679,0.196392347316675
"NCI-H209.1",0.00130146198178708,11.4304489117045,4,0,11.4304489117045
"NCI-H720.1",0.040209986532981,NA,4,67.1573616957586,2.16497090226829
"NB1.1",0.0268718253442995,5.63703423302704,2.88315474831987,0,5.63703423302704
"Lu-99A.1",0.0755918380312559,NA,2.0607348470624,60.0799872013728,1.398522805337
"MOLM-13.1",0.0275799779263772,4.83614759804393,4,0,4.83614759804393
"Lu-99A.2",0.0830843962134552,NA,1.53287857001602,56.8910081860138,1.4461210415012
"Lu-99A.3",0.0623709289719355,NA,2.00396668179586,57.8907613197645,1.92535184509159
"NCI-H2347",0,NA,1,100,5
"NCI-H1341",0.0373381006823487,NA,4,92.032237572316,0.196441634713982
"NCI-H1573",0,NA,1,100,1.58127767235927
"NCI-H1688",0.0654406096460438,NA,4,86.177739099753,0.189997420429147
"A-498.1",0,NA,4,100,64560.2580650476
"MFM-223.10",0.0381280571650371,6.18459521160934,1.93167965313439,0,6.18459521160934
"MDA-MB-361.1",0.222719213595095,1.40684210653274,1.00761152669572,20.0212994390412,0.846771709804187
"LS411N.1",0.00173713106742383,10.6182998767292,4,0,10.6182998767292
"HL-60.1",0.0494507848255358,NA,4,76.6530841876742,1.15852401388866
"PF-382.1",0.0457268993473833,NA,1.2682443209079,56.811416127332,3.57782609823673
"SNU-407.1",0.0664770905525602,NA,1.78946214788521,60.5193208669041,1.68348946087437
"NCI-H1417.1",0.0756752014817156,NA,4,53.7822519690129,1.61801634182154
"NCI-H1417.2",0.0528166535550975,NA,4,58.5041427472632,2.09135234188369
"NCI-H1417.3",0.066015350940085,7.85065977661654,2.35215118590067,47.4126099814111,2.22908501706238
"P12-Ichikawa.1",0.0487787455778836,NA,4,73.8144137115435,1.38294049354303
"P12-Ichikawa.2",0.016393836140318,5.74703036773888,4,0,5.74703036773888
"P12-Ichikawa.3",0.00736371441937443,7.25475745220936,4,0,7.25475745220936
"SiHa.1",0.0016744980845669,10.7185650893665,4,0,10.7185650893665
"OVTOKO.1",0.121340470869317,38.6578091365471,0.402288710938094,0,38.6578091365471
"FaDu.1",0.0193487085655138,NA,4,83.2398664357624,2.27629484690051
"5637.1",0.0342879132034338,NA,4,89.6597573017567,0.506135610788406
"Detroit 562.2",0.052267394761975,NA,2.32922724771163,54.8827295659514,2.41475273344174
"NCI-H2052.1",0.0147227618228492,NA,4,81.5693089914055,2.96482143704521
"Rh30.1",0.0614463121822196,7.02917971432763,1.21769303504609,3.2352980843295,6.65344473434759
"T-47D.2",0.169672034126464,3.96632184161032,0.646363738740544,0,3.96632184161032
"KYSE-180.2",0.0456945553344947,NA,4,79.3930602164112,1.08150256895003
"HCC827.2",0.00589374317495957,7.71030183388708,4,0,7.71030183388708
"A-375.19",0,NA,0.887852536720487,100,2.51824890269612
"A-375.20",0.0043648924096378,NA,4,98.0670404381627,1.05145801022743
"A-375.21",0,NA,1.64468799062189,100,442.251545616129
"A-549.10",0.0343022448227153,19.2433782727537,1.03625239470731,11.1890194559689,15.0700509687433
"A-549.11",0.130173011088266,14.4365557742725,0.495442308993679,0,14.4365557742725
"C32 [Human melanoma].20",0,NA,1,100,1.58127767235927
"C32 [Human melanoma].21",0,NA,0,100,231.918282752988
"C32 [Human melanoma].22",0.0201777522497506,NA,4,97.7619620280115,0.00970565001300172
"HT-29.19",0.0486644882981739,NA,4,88.4924456790011,0.269396944569877
"HT-29.20",0.147301302851717,NA,4,70.8307531993009,0.152798967727807
"HT-29.21",0.0364210578420795,NA,4,67.2612690069063,2.34635757961609
"MHH-ES-1.21",0,NA,1.03377854310225,100,5.3571227390415
"MHH-ES-1.22",0.00523503088717409,7.9607258447944,4,0,7.9607258447944
"MHH-ES-1.23",0.00392951830921569,8.59205555235832,4,0,8.59205555235832
"SNU-C2B.16",0.00549595015060167,NA,4,97.2544596009515,1.25578388051638
"SNU-C2B.17",0.019544081549658,NA,4,90.7343687142322,1.16558962572874
"SNU-C2B.18",0.00531359727723822,7.92893064942593,4,0,7.92893064942593
"SW620.20",0,NA,2.0226399675028,100,106.03840301819
"SW620.21",0,NA,1,100,0.500087815420388
"SW620.22",0.0317796160618754,NA,4,93.7811688463381,0.146561486970635
"PC-14.20",0.00306781987268149,9.16827664896862,4,0,9.16827664896862
"PC-14.21",0.0458076612739029,NA,4,90.53299361595,0.176799759626502
"PC-14.22",0.0135073536252208,NA,4,90.5979402366073,1.86243798247895
"HCT 15.14",0.0636216488392307,NA,3.81205371950038,78.4085394831439,0.653284860082076
"HCT 15.15",0.10973097456224,NA,1.30966970293129,55.8034049955045,0.979288182751884
"HCT 15.16",0.0783928692922679,NA,1.98243733764064,56.759759800205,1.49358380618948
"U2OS.20",0,NA,1.05850050609047,100,2.65284780365266
"U2OS.21",0,NA,1.00169882723224,100,0.159980413349989
"U2OS.22",0,NA,0.970656605916345,100,0.0200537278455968
"HCC1428.1",0,NA,1.02570542409903,100,3.97747629393706
"HCC1500.1",0,NA,1,100,0.158155539348636
"KYSE-520.1",0.0549173535162291,NA,4,71.5070728166911,1.32227856857744
"KYSE-520.2",0.0608979383259837,NA,4,60.8765608169987,1.71206526240681
"KYSE-520.3",0.0323942646266515,NA,2.46884551714818,52.108724414098,3.65386789982754
"MeWo",0.0708665772667102,NA,4,81.7689611044354,0.341129811940803
"NCI-H1838",0.0213125465752698,NA,4,85.8661561814021,1.7714512238184
"NCI-H446.1",0.0657333372402734,NA,4,87.916011370935,0.116730014127482
"NCI-H446.2",0.015764426063109,NA,4,92.1550643343844,1.24907050318293
"NCI-H596.1",0.0539163158659696,9.08393727693591,1.11363084725174,0,9.08393727693591
"NCI-H2122.1",0.115101061166946,4.40033487276942,1.03393361701729,15.1983651153284,3.09941872610761
"BT-20.1",0.0876313894296018,2.85757487268076,4,43.4117895027522,1.72165839253099
"HCC1419.1",0.03825808562601,NA,4,90.5912847063347,0.30143435676661
"IGR-37.1",0,NA,0.34378351786899,100,1.96097092550511
"HD-MY-Z.1",0.00810225019525837,NA,4,90.5633649483805,2.83166678175049
"H4.1",0.0158099729100063,9.0786397482631,2.19214413986549,0,9.0786397482631
"Calu-3.1",0.0232897803071869,NA,4,77.2826245145983,2.50046887681758
"Becker.1",0.00530682588365679,7.93164874509116,4,0,7.93164874509116
"DU145.1",0.0109800789311992,NA,4,93.2308763906251,1.63537659803701
"NCI-H2595.1",0,NA,0.917067662741986,100,0.031446568291763
"DOK.1",0.30397995163804,0.599759528814302,1.19281542777722,13.6176858388813,0.459428237268438
"CW-2.1",0.0194443892941466,10.1499589712564,1.81658242346044,0,10.1499589712564
"22Rv1.1",0.110498726498329,36.5535121832351,0.667349921655917,40.4183757702382,3.07421866677505
"CAL-39.1",0.256785210697854,1.00276268844814,1.0064138414212,7.46850387484361,0.853859829326587
"K5.1",0.120896072458209,6.25000662757074,0.729942191634582,0,6.25000662757074
"COLO 679.1",0.0233326331381118,NA,4,96.4972484547382,0.0502045132939742
"769-P.1",0.0432730057437006,11.9139892846974,1.09361302360609,0,11.9139892846974
"GI-1.1",0.032790977453257,NA,4,86.7489818081862,0.905238544792646
"DOV13.1",0.00793580336451201,7.10576982638186,4,0,7.10576982638186
"DB.1",0.00804851793222577,NA,4,95.7617438619038,1.34859524917491
"A-375.22",0.015297740258397,NA,2.5841228093439,91.8803330114121,1.37951603432084
"A-375.23",0.0272706105702659,NA,4,93.3177355490152,0.298367667511237
"A-549.12",0.0673701776516848,29.1116810028549,0.615557688092809,0,29.1116810028549
"A-549.13",0.0973555197455703,8.58574906501719,0.753165732847691,0,8.58574906501719
"A-549.14",0.107820247833683,136.794647193781,0.337902970432536,0,136.794647193781
"C32 [Human melanoma].23",0.00189397963085436,10.385611807548,4,0,10.385611807548
"C32 [Human melanoma].24",0,NA,0.686024158379843,100,80.3213203316174
"C32 [Human melanoma].25",0.00126276602168298,11.5185767051985,4,0,11.5185767051985
"HCT 15.17",0.137806277086449,19.5568294283152,0.549285251431313,29.5236443264637,3.84982100441334
"HCT 15.18",0.11490012309162,6.17070842692001,0.770193742687334,0,6.17070842692001
"HCT 15.19",0.10656904526753,NA,4,68.3919916817186,0.487059273255821
"HT-29.22",0.180007354783867,130.009695916274,0.609096230569299,48.0485157200588,0.632937692516685
"HT-29.23",0.133980329437785,NA,4,66.3872143163281,0.318614165977258
"HT-29.24",0.16150991259832,NA,3.80717412029674,62.7087578717906,0.25104867942631
"MHH-ES-1.24",0.0141524143274177,NA,4,91.8681427809112,1.50587679081092
"MHH-ES-1.25",0.0209324389947295,64.1682887623975,1.12966845866284,41.2785007388736,13.677028732281
"MHH-ES-1.26",0.113362447658385,3851.13217797696,0.210279613227691,0,3851.13217797696
"PC-14.23",0.0718153783374989,NA,1.72784452931375,66.7253247095668,1.17872568734191
"PC-14.24",0.0429352023305019,NA,0,91.4129595338996,0.258584778485206
"PC-14.25",0.0671863182316386,NA,4,75.9368800496859,0.726869334071106
"SNU-C2B.19",0.0294151582569198,NA,0.979476513425581,79.3548236151807,3.04209589267547
"SNU-C2B.20",0.0682794509070184,NA,1.87695176497226,86.9998007868052,0.132800166599384
"SNU-C2B.21",0.0839985092318435,NA,0.640525981867595,82.6043200038249,0.18328239472056
"SW620.23",0.0566250627482053,NA,4,92.3875246880216,0.0293434865294666
"SW620.24",0.00942730428944811,6.76995142378729,4,0,6.76995142378729
"SW620.25",0.0684056519551707,NA,4,92.3793585041354,0.00999193986168337
"U2OS.23",0.0716992086949559,509.282936599846,0.34059766627312,0,509.282936599846
"U2OS.24",0.0727748404832703,NA,4,91.8442790857548,0.0103881198611195
"U2OS.25",0.0196337359518622,NA,4,86.0532853640769,1.90070980430953
"MFM-223.11",0.0407068192548028,7.8093992302191,1.48118384152019,0,7.8093992302191
"MFM-223.12",0.0585792697906944,9.03101392540946,1.05812049091035,0,9.03101392540946
"MFM-223.13",0.0786266519342472,5.81930467527526,1.1251569335373,0,5.81930467527526
"A-375.24",0.0358578588697197,NA,4,89.8218175848857,0.438685664160852
"ES7.1",0.00885215447678351,6.89158496273557,4,0,6.89158496273557
"HLE.2",0.00183984821682515,10.4631463848895,4,0,10.4631463848895
"Kelly.1",0,NA,1.89360722723166,100,3.31985263959913
"KINGS-1.1",0.0575815504559379,42.5136519565284,1.09465498148302,46.1455480336438,4.09037345555
"KP-3.1",0.00784123001881004,7.12951208334658,4,0,7.12951208334658
"MKN1.1",0.148773546278328,4.87445148757231,1.02024472903621,38.7463051408777,1.1300631255826
"SJNB-13.1",0.0364253888854163,NA,1.23904574356949,72.2776971709789,2.76870522787688
"SJNB-7.1",0,NA,1,100,0.500087815420388
"NCI-H1993.1",0.0156308567638362,6.57626562147626,3.21272442000191,0,6.57626562147626
"NY.1",0.00247346489816701,9.69553040450413,4,0,9.69553040450413
"BxPC-3.1",0.0466930082196723,NA,4,68.05653370832,1.82983562058389
"CPC-N.1",0.1765239389202,NA,0.655734434057177,51.0479489381519,0.529047518423371
"GaMG.1",0.00737693793499715,7.25116174712829,4,0,7.25116174712829
"L-540.1",0.0275119495425655,NA,2.40983055650598,85.4913366737976,1.37398607971911
"LCLC-103H.1",0.040020178580347,NA,2.37502889630022,79.0073354271818,1.36550283196955
"Loucy.1",0.0379712665876842,NA,2.19487841533221,78.6056908341192,1.51516247056904
"MOLT-4.2",0.0181426798495122,NA,4,86.1054599057535,2.04297072932042
"Mo.1",0,NA,0.970350871414839,100,0.409008023724059
"NALM-6.1",0.169195228562825,2.02679324643368,2.90242966264628,49.1246219624252,0.502958668034858
"Namalwa.1",0.0792741143502035,NA,4,77.6134987985777,0.433221557890771
"NOMO-1.1",0.147440460681674,NA,0.734763997214559,56.8104969468828,0.587023086256312
"OPM-2.1",0.0367686089864535,68.571213063418,0.650557547134507,0,68.571213063418
"A4/Fukuda.1",0.258337534025108,1.23742436642597,0.836491966145208,25.5505913334729,0.526119693929385
"ACHN.1",0.018570031415668,NA,4,75.6287384560046,3.05142044612837
"BE-13.1",0.00137543302181838,11.2706682044452,4,0,11.2706682044452
"BT-483",0.0456212726508326,NA,4,89.4955788280167,0.248973832365209
"CAL-62.1",0.0119577808094294,6.32102867213432,4,0,6.32102867213432
"CAL-85-1.1",0.0601882516831689,NA,4,52.4260126530975,2.10280168888353
"CHL-1.1",0.0019400468516338,14.5584722703196,4,42.9366435735442,8.92536700365713
"COLO 668.1",0.143770243637613,68.3214583227729,0.316789441880635,0,68.3214583227729
"ES8.1",0.0834742408187726,13.7721561058542,0.808105114558214,24.2246269163594,6.06601396447367
"JHU-022.1",0.0656592969293268,NA,2.0660076482659,53.4958382889876,2.02075708998621
"JVM-3.1",0.0900852436388433,NA,1.73106267621317,64.6782754556964,0.883174813084911
"L-1236.1",0.0421828784046072,NA,4,75.3602052906375,1.53595047840907
"LAMA-84.1",0.0159736747097252,NA,4,97.1835584508108,0.0994546225233402
"LC4-1.1",0,NA,1.38159178982699,100,6.93393783931127
"LoVo.2",0.0583116973325864,NA,4,78.8378945374418,0.745492981517317
"M059J.1",0.00715423102588615,NA,4,96.3955916763475,1.27060480993173
"MFE-280.1",0.111159592167544,5.01818156173982,0.898019572632823,0,5.01818156173982
"MIA PaCa-2.1",0.09283579068141,203.792599121792,0.344096124101402,0,203.792599121792
"OCUB-M.1",0.177645658818886,1.6495399210056,1.48715204634997,0,1.6495399210056
"COLO 320HSR.2",0.280501973932083,1.10886123504767,0.663252695513829,0,1.10886123504767
"CaR-1.1",0.051673976225531,9.47552848315964,1.11635812922744,0,9.47552848315964
"BICR 78.1",0.0297861151649368,NA,4,76.9432602265954,2.06321380496044
"NCI-H1435.1",0.00413640890183545,8.47637116848929,4,0,8.47637116848929
"IHH-4.1",0,NA,1.15042180089699,100,5.36015997316936
"EFO-21.1",0.0279292305855244,NA,4,85.7681118284329,1.29051659039341
"IA-LM.1",0.0131425365296759,NA,4,82.4186416196093,3.08636741017183
"KALS-1.1",0.0854034152466579,180.699213415874,0.366967733829637,0,180.699213415874
"KS-1 [Human glioblastoma].1",0.00558168436087733,7.82453030189549,4,0,7.82453030189549
"NCI-H2818.1",0.0302949294537726,NA,1.69058308419396,75.6207042130655,2.48188224958373
"Kuramochi.1",0.0108163589967674,NA,1.43580126857529,81.4478137863459,5.92921503534415
"HOS.1",0.0120061377010789,NA,4,94.7361205911458,1.03505959112417
"WM1552C.1",0.0219013201130192,NA,1.68953264703896,56.3951833389178,5.71840169492976
"JHH-2.1",0.00868831379371344,6.9279244539618,4,0,6.9279244539618
"NCI-H2461.1",0.0675596891494002,17.1699773185393,0.727131397208916,0,17.1699773185393
"VAL.1",0.00175370748384846,10.5925075392622,4,0,10.5925075392622
"BL-41.1",0,NA,0.930008255102365,100,477588.225642374
"TE-5.1",0.0574047612357008,NA,1.61603470555419,74.3159472800375,1.12617792168149
"GCIY.1",0.0236910977814321,NA,3.38781657468912,83.0616876534562,1.92465759312722
"TGW.1",0.0732193617423444,NA,2.43296100666391,83.7595359506439,0.222132112582032
"HAL-01.1",0.121786393316046,4.12444504767375,1.23805595218411,33.0273837309419,1.7233247774083
"L-363.1",0.0880578207553438,NA,1.78309243509238,69.0137791897226,0.714356879895201
"D-263MG.1",0,NA,1.08382156494946,100,6.18723534527684
"HCC38.1",0.0327021472965378,NA,4,93.9798685993191,0.117342253815122
"HDLM-2.1",0,NA,1,100,1.58127767235927
"Lu-165.1",0,NA,1.00650720510009,100,3.14290241073677
"ME-1 [Human leukemia].1",0,NA,0,100,5.98024436223729
"MN-60.1",0,NA,1,100,5
"NB69.1",0.245841648692419,NA,1.60193900528184,53.7929235915668,0.126526648276918
"NCI-H1792.1",0.0608355110965394,NA,0.877457583489678,74.699078752966,1.27029310794627
"NCI-H2023.1",0.106776729880771,8.2934533946345,0.710820784886116,0,8.2934533946345
"NCI-H28.1",0.0354387667111953,NA,3.96915977131721,75.7145725239991,1.8333544387376
"NCI-H841.1",0.044694943435523,NA,1.00873774064334,65.5204329899044,3.41071075217407
"OV-90.1",0.0222826234027695,NA,4,71.3443984165108,3.01423049206946
"OVCAR-5.1",0.13293667156326,5.70827374054161,0.6977225185664,0,5.70827374054161
"PL18 [Human pancreatic adenocarcinoma].1",0.00837991481503103,6.99854631331858,4,0,6.99854631331858
"SK-HEP-1.1",0,NA,1.17929730818023,100,7.40444566883535
"SKN.1",0.00364841815076032,8.76162631485754,4,0,8.76162631485754
"SK-UT-1.1",0.0680354687916762,NA,4,87.4962017592322,0.11661083945398
"SN12C.1",0.0202959813963533,NA,4,95.6672044288758,0.196696485315155
"SW1710.1",0.00675894808221371,7.42786343349035,4,0,7.42786343349035
"SW684.1",0.0238281681481427,NA,4,84.4724485585506,1.73863719895791
"SW982.1",0.0771850723501962,NA,0.695630196294192,57.8355285476386,2.9653762222463
"MG-63.1",0.0605175592310314,NA,1.57868488591727,70.0067411957005,1.3364713425333
"RKO.2",0.0917274984903241,NA,4,73.1034669151458,0.474178328597356
"DMS 114.1",0.0426140369833305,NA,1.87601311284931,78.4811684280725,1.32868393809796
"MDA-MB-157.1",0.00604058959767227,NA,4,95.4600676289275,2.00734075816824
"MDA-MB-436.1",0,NA,1,100,0.158155539348636
"NCI-H1666.1",0.117236364738719,15.9276055158099,0.520504947807906,0,15.9276055158099
"OCI-AML-3.2",0.120251961360219,NA,3.5277587100033,71.0958540771939,0.282461187281864
"RPMI-8402",0.136046644172355,NA,1.30974996875329,50.8664074956601,0.78728987456568
"SR.1",0.189753251353461,NA,0.903902603794528,72.4168702421366,0.0369879809297743
"SW13.1",0.039315455279083,NA,4,77.7423078325928,1.47885407939462
"CAL-54.1",0.0423754777594337,NA,1.20041805991557,64.659253324338,3.20777838819881
"CML-T1.1",0.172631368706799,NA,4,81.3610946067669,0.00804419052129449
"EW-7.1",0.219633834787872,1.4793259505936,1.19264137863384,37.6300743797272,0.458608907290033
"HMV-II.1",0.0431456981359509,17.8347442502391,0.912611439951158,0,17.8347442502391
"IST-Mes1.1",0.0205566407880202,NA,4,95.3065775755078,0.24272020007707
"KP-4.1",0.000989483827899016,12.2543246844885,4,0,12.2543246844885
"LS1034.1",0.00667967609407346,7.45190676847077,4,0,7.45190676847077
"MDA-MB-453.1",0.226896229249616,1.37939344983658,1.11359624332877,34.1833812924322,0.490706013383506
"MKN28.1",0.0217907707700708,NA,4,83.9653142906123,1.96734081377739
"MPP 89.1",0.0142543892019229,NA,4,89.6423631394018,1.94350678511234
"MRK-nu-1.1",0,NA,0.906370227172891,100,0.436577737642148
"SJNB-10.1",0.0622069999575711,NA,1.22585255125095,83.2190115853786,0.398959876109761
"NCI-H226.1",0.0381024443107501,NA,0.880636110002198,85.7837473880496,0.992425084023307
"NCI-H520.1",0.0278728518967146,NA,4,76.956414455175,2.18794355474561
"OVMIU.1",0.0797902721658995,8.35464605955534,0.971565177236271,16.0560425670595,5.60786553604789
"PEO1.1",0.0479701881599533,NA,4,88.6768524382998,0.267994863626701
"RKN.1",0,NA,1.22974512342122,100,4.13246515676348
"RT-112.1",0.0871304541656626,NA,1.51377316658554,76.4535138673701,0.393191643311786
"SK-LU-1.1",0.002418166020696,9.75237422473036,4,0,9.75237422473036
"Ku812.1",0.00106079463991039,12.0399938756943,4,0,12.0399938756943
"BC-1.1",0.0722153455603737,14.5735898350867,0.742291018918669,0,14.5735898350867
"D-392MG.1",0.0196898018230513,NA,1.45662954891827,90.2058718571904,1.37442010761202
"EB3 [Human Burkitt lymphoma].1",0.0307648253819459,NA,1.89602403516256,64.632684714949,3.36040748290913
"GAK.1",0,NA,0.373373253931532,100,0.48882225852639
"NCI-H2731.1",0.0595574575592059,13.7519455138812,0.852880776417106,0,13.7519455138812
"HARA [Human squamous cell lung carcinoma].1",0.084268343157272,5.83191127564426,1.05592135188446,0,5.83191127564426
"HCC44.1",0.068591557332582,45.9108729564141,1.57384685889589,49.5492214317301,2.3043435805833
"H-EMC-SS.1",0.105874293898087,NA,1.00824632660772,61.0094520793331,0.895732367368347
"HSC-2.1",0.150809101856301,2.20115831765946,1.36039073441176,11.1698397443665,1.8278416588172
"KYSE-220.1",0.0653151654938166,NA,4,54.6305230035981,1.85852168511852
"LK-2.1",0.00277200987929447,9.41339160832572,4,0,9.41339160832572
"Lu-65.1",0.0560261376087573,NA,2.11231474510417,68.214285840077,1.5366134360145
"MDA-MB-231.1",0.00516834043751925,7.98816680116082,4,0,7.98816680116082
"MEG-01.1",0,NA,1.19735816202526,100,10.5436326504351
"ML-2.1",0.061015017054694,NA,4,73.5454712276464,1.01691600211579
"NCI-H1355.1",0.00707449094193766,7.33536191659188,4,0,7.33536191659188
"NCI-H358.1",0.0693948945217138,NA,1.14461500225694,55.2388594263886,2.31887420236986
"NKM-1",0.0156601132963796,NA,4,93.9482248235501,0.837158597847455
"SNU-423.1",0.0752554836363636,NA,4,78.9783789330733,0.421778859032659
"DoTc2 4510.1",0.0108432870170728,NA,4,98.4106152233899,0.0449173633403589
"DSH1.1",0.035324842783605,22.626866100106,0.91577351116131,0,22.626866100106
"ESS-1.1",0.196093685771257,4.48606636989932,0.509715062318933,0,4.48606636989932
"HH [Human lymphoma].1",0.0427401336580425,NA,4,82.0321765993214,0.967308961556584
"Karpas-1106P.1",0.091530290741496,10.1530834461501,0.901985457670701,28.4335732750612,3.99689241898158
"Karpas-620.1",0.0991402792553694,NA,2.01886807667162,54.6304206705102,1.13222293541489
"KATO III.1",0,NA,0.637258449574083,100,1.7650809898226
"MDA-MB-468.1",0.0291641230225737,NA,4,92.6665461427177,0.320630383858871
"MS-1 [Human lung carcinoma].1",0.0385170089695132,NA,1.64427675194649,82.7513962516718,1.12422104325796
"NCI-H522.1",0.0279525145015868,NA,4,90.8103393446771,0.611706864536737
"NCI-H929.1",0.413078496963737,0.230564075067912,1.69022945766761,11.9064357178531,0.196294705850105
"P31/FUJ",0.0360159255698872,NA,4,80.098467769881,1.43493948190134
"Panc 03.27",0.0445946038457344,23.7749445872051,0.807682426985641,0,23.7749445872051
"KTCTL-195.1",0.00473318419457585,8.24934479446524,4,3.50658241625114,8.10074241208816
"WRO.1",0.00375835271592049,9.07304288125684,4,14.120563946098,8.35068043650687
"SCC-9.1",0.022052263903921,19.7277643520852,1.18219658218109,0,19.7277643520852
"SNU-C1.1",0.0381261179117233,NA,1.57477140510667,61.0316434067188,3.32773677791541
"HCT 116.1",0.0916630698681059,NA,1.67742642819112,62.5394440424683,0.956255512026885
"FLO-1.1",0.00543079784923797,7.8825318534115,4,0,7.8825318534115
"JHH-7.1",0.0211675466656606,NA,4,94.8580510396091,0.291121171373414
"TT",0,NA,0.172822154867215,100,1.11613473831347
"NCI-H2087.1",0.0330266387716398,NA,4,79.1583954049088,1.6787359024609
"SK-LMS-1.1",0,NA,0.305994080740928,100,1.4614668336751
"COLO 684.1",0.0873761670868869,NA,1.9650091763804,63.8520002917211,0.960139660076145
"AMO1.1",0.125335985066981,NA,4,61.6943142791877,0.521746390395945
"BFTC-905.1",0.0691551627632233,5.80784238642947,2.06817763905715,41.7651247448383,2.4281153764982
"BICR 22.2",0.0354259263543428,5.43741534629758,2.43645916055758,0,5.43741534629758
"Capan-1.1",0.00765939838925442,7.17611922612255,4,0,7.17611922612255
"DND-41.1",0.00872308877331745,NA,4,96.2623381109983,0.997802877033849
"EW-22.1",0.150583194421896,NA,2.3225764592716,56.0498800848819,0.469832490298568
"HPAF-II.1",0.00568316720870637,7.78656346784544,4,0,7.78656346784544
"IM-9.1",0,NA,0,100,206.227849733739
"Karpas-422.1",0.0224602795116497,NA,4,87.729601082086,1.41439811371969
"NCI-H3122.1",0.0893462391475175,NA,3.47897773965181,66.5147611471583,0.792077953637512
"NCI-H441.1",0.0314534924674904,NA,4,94.7322741484978,0.0808743227690762
"NCI-H82.1",0.0309015299474385,NA,4,85.3748767448832,1.16268790914186
"OCI-AML-2.1",0.00919040595521798,NA,4,96.5972645823275,0.774154949733055
"Reh.1",0.0722345711556903,NA,3.44122419567047,75.9463414025272,0.628378185933716
"SaOS-2.1",0.0691077973428981,NA,3.13845862804046,81.4712092664521,0.38034012928448
"SBC-3.1",0.0334419130798305,NA,4,91.9632428214546,0.282312579187621
"SK-MEL-24.1",0.00140329370822049,11.2132195840082,4,0,11.2132195840082
"SK-PN-DW.1",0.0538965446288448,NA,4,87.7697759762351,0.238243864007324
"SUP-T1.1",0.13728821065219,NA,0.894986685619663,60.2571062925891,0.519039286500109
"WIL2 NS.2",0,NA,1,100,0.00500263492533161
"A2780.1",0.283369493484247,0.616956716518448,1.33174339391427,36.3125517983356,0.233219715020533
"C-33 A.1",0,NA,0.900399524084764,100,2.79438706584623
"CCRF-CEM.1",0.0218161259575497,NA,4,83.8792461470779,1.97526546707099
"ECC10.1",0.048545836256447,NA,2.33296845943754,80.2666444441525,0.9216494192782
"NCI-H2795.1",0.114223727151703,16.7932743831224,0.521948121657085,0,16.7932743831224
"NCI-H3118.1",0.183293000026754,NA,2.74404316560013,51.4289524582792,0.369034020317916
"KP-N-YN.1",0.0418968350408381,NA,1.11147757607828,58.4517783767794,4.34148185909885
"LOX-IMVI.1",0.0261424815673909,5.59919442917489,2.98241842637218,0,5.59919442917489
"MKN45.1",0.0694499602902838,NA,1.06695930317983,62.4309986852861,1.83580778466558
"SJNB-14.1",0.0229881397355671,NA,4,94.7881868842576,0.237595759420843
"NCI-H1299.1",0.0757714727898156,NA,0.949086906785373,81.0742495376203,0.333680688468501
"NCI-H1651.1",0.00111781383861214,11.8810759858869,4,0,11.8810759858869
"Ramos.2G6.4C10.1",0,NA,1,100,0.0500175646263872
"SH-4.1",0,NA,1,100,0.500087815420388
"SNG-M.1",0.033244430576038,NA,4,81.7469650286608,1.42340845055403
"SW1990",0,NA,1.07893681976689,100,0.259397125164586
"T98G.1",0.00210881636144245,11.8923366847877,4,32.7319379312249,9.11665657527107
"TE-8.1",0.11396291494429,142.302741008176,0.324521300925301,0,142.302741008176
"TK-10.1",0.0287245309332147,NA,4,83.5136145597688,1.50383169292495
"COR-L32",0.107123303239273,7.9656618653128,1.16941184291651,41.4354144080777,1.76183922296367
"COLO 680N.1",0.0076566045015425,9.47600610491412,2.84401978729338,0,9.47600610491412
"EoL-1.1",0.063233417529387,NA,2.1885369797626,83.6383309021382,0.346894896337764
"LB831-BLC.1",0.00715069616138387,7.31375189134413,4,0,7.31375189134413
"ONS-76.1",0,NA,0.885889548923171,100,0.0365842802419958
"Panc 10.05.1",0.0097971125707165,6.69620463106559,4,0,6.69620463106559
"SF539.1",0.00962421031677599,6.7302761051048,4,0,6.7302761051048
"SNU-387.1",0.1107717617518,NA,1.64488506683738,70.3508461982667,0.381793805981742
"SW1271.1",0.0212950745186683,NA,4,85.1643575181182,1.86406221528092
"VM-CUB-1.1",0,NA,0.779932253524356,100,4.30057811652427
"EN.1",0.0422190694467472,6.92023809593345,1.5999261913315,0,6.92023809593345
"GR-ST.1",0.144684920457237,4.57931255267494,0.718223110619645,0,4.57931255267494
"KYAE-1.1",0.0849249855400807,8.58649545992418,1.44937842135395,43.4782280201443,2.10611612963636
"NCI-H1581.1",0,NA,1.16821496125432,100,2.16717308444604
"OCUM-1.2",0.00733198534308823,7.26341625621349,4,0,7.26341625621349
"RF-48.1",0.00438490968011686,8.34633159249228,4,0,8.34633159249228
"SAS.1",0.0262105556941784,4.92419239938863,4,0,4.92419239938863
"SCC-4.1",0.0400366752754314,NA,4,72.0357960850884,1.86890912613272
"VL51.1",0.0674025975829444,11.4861648457508,0.954819011475375,19.3285276387514,6.88488863075821
"SW900.1",0.00937968555025798,6.77969061894012,4,0,6.77969061894012
"LS180.2",0.0698126908989836,NA,4,64.9098991001119,1.26649524346886
"NCI-N87.1",0.286107162676566,2.06311796960009,0.409465861219377,0,2.06311796960009
"FU-OV-1",0.0673457390368385,NA,4,87.7704183110297,0.111444481350816
"EW-3.1",0.200921291795167,4.09711844829882,0.575354989280726,17.083107422211,1.98121750676813
"UACC-62.1",0.00293761577927007,9.27244821855899,4,0,9.27244821855899
"WIL2 NS.3",0.00687715853384982,7.39262307506589,4,0,7.39262307506589
"A-673.1",0.10796083818531,NA,0.95292939700427,57.0884170394896,1.09015060358498
"VCaP.1",0.0695244826478422,NA,4,88.2441743308672,0.0841182939573412
"LS123.1",0.113585687700628,NA,1.89510401751375,62.0333511445607,0.639894572350744
"PSN1.1",0.0370206822780457,NA,4,94.7980151935497,0.036652321276135
"CAL-72.1",0.00588106887221896,7.73011695933276,4,0.854208986025584,7.69688763231377
"D283 Med.1",0.0258550276970497,13.5806563890803,1.32312501939467,0,13.5806563890803
"HCC1395",0.0340442969962257,NA,4,69.3181650876955,2.35126584519867
"HO-1-N-1.1",0.0944399840228765,14.1311336987599,1.20982245497479,45.6574458216409,1.87500763780218
"Karpas-299",0,NA,1.04276504080775,100,0.0682927420067563
"MLMA.1",0.144585414464326,NA,1.46650970789658,63.787812446087,0.320480967109255
"SNU-16",0.00762329343569919,7.18552837167897,4,0,7.18552837167897
"PCI-30",0.0389866381947291,16.4933254480242,0.991189561358133,0,16.4933254480242
"RCM-1 [Human rectum adenocarcinoma].1",0.0175864368769009,6.14831583106099,3.34326772932023,0,6.14831583106099
"SK-N-AS.1",0.0174402267359335,NA,4,95.9787979052283,0.250005472174635
"SW1116.1",0.0524332923090808,NA,4,86.5963260321821,0.335354227629831
"SW1417.1",0.0565401322112706,NA,1.12127537672388,64.967728867508,2.2130554585606
"VMRC-RCZ.1",0.00128525497955485,11.4669597489627,4,0,11.4669597489627
"A-375.25",0.0508847164239389,NA,4,87.1168227781913,0.326701869042296
"A-375.26",0.0616116300521423,65.7292291694284,0.524688266784329,0,65.7292291694284
"A-549.15",0.0600946900873172,NA,4,73.6314124723391,1.0363695424018
"A-549.16",0.0462739492036765,NA,1.89251961853059,64.168989726095,2.28278363985546
"A-549.17",0.0518690564500237,NA,4,83.3068375945387,0.58465581838638
"HCT 15.20",0.0895690707796881,5.65488210793518,1.02078795324936,0,5.65488210793518
"HCT 15.21",0.0868141492679347,7.97341851339883,0.853566383412234,0,7.97341851339883
"HCT 15.22",0.0696917029026834,5.61073279842976,1.29090506856429,0,5.61073279842976
"HT-29.25",0.101823971175145,4.79707480169037,1.52635180584384,38.8890236854891,1.79067313389306
"HT-29.26",0.147650191633689,11.0635205472238,0.485659289718859,0,11.0635205472238
"HT-29.27",0.190644253984268,3.35222322742377,0.675131043955432,16.4184591033888,1.85900196673181
"PC-14.26",0.0522825677508517,NA,1.64545276005273,63.1599585448412,2.14732096725912
"PC-14.27",0.0104283335359029,6.57746768826216,4,0,6.57746768826216
"PC-14.28",0.0111258220947082,6.95138343526819,3.53424836289853,0,6.95138343526819
"SNU-C2B.22",0.0471757183357821,26.022313101181,0.762909409292137,0,26.022313101181
"SNU-C2B.23",0.0305086478724451,255.0327112075,0.714118878501149,39.3963083333931,29.0708359288388
"SNU-C2B.24",0.00927515853358327,NA,4,86.1360488938606,3.287664030432
"SW620.26",0.0620935787644646,NA,2.19955666042268,88.6184184578116,0.11541449489039
"SW620.27",0.0756166441421633,NA,4,87.951582641821,0.0655074317669253
"SW620.28",0.0699118903514821,1355.31115055542,0.302550881138946,0,1355.31115055542
"U2OS.26",0.0412237114503103,34.437622540091,0.74433063744241,0,34.437622540091
"U2OS.27",0.0718778169843012,NA,4,90.0157818296831,0.0346213841025846
"U2OS.28",0.038119225955997,1454.32787095909,0.381584350692905,0,1454.32787095909
"EFM-19.1",0.225964451080879,16.4554768327969,1.06728061365788,49.4702983638175,0.232204438668221
"IST-MEL1",0.0266303340953006,NA,0.652330118965278,67.2442715406362,17.0296821310919
"IST-SL2.1",0.109403988249881,13.952589085689,0.571254918847033,0,13.952589085689
"NCI-H810.1",0,NA,1.13810444134155,100,7.35166659047229
"SW1088.1",0.0108286648480349,NA,4,84.3654250135225,3.22504101583493
"SW1116.2",0.00706184141236606,7.33897561675511,4,0,7.33897561675511
"SW837.1",0.0177357806677537,NA,4,91.4396381402128,1.19623837622184
"TC-YIK.1",0.0109873372191352,NA,4,98.0858611726261,0.0948576256051857
"TE-9.1",0.0351209304823436,NA,4,72.0077135267041,2.11857442679535
"YAPC.1",0.155646334352093,73.8634148315931,0.654911866234882,47.042201527498,0.98484015473858
"CGTH-W-1",0,NA,0.977076221074274,100,0.246491068923553
"EB2.1",0.111032438989398,NA,1.67753584923006,69.7924856286117,0.397990676269129
"NCI-H1755.1",0.119439731447269,NA,1.32753030558489,71.5819082995843,0.277702244795363
"RPMI-6666.1",0.104811284566749,NA,1.83424444620958,53.280375267415,1.09699788651019
"SK-GT-4.1",0.166230375614129,7.41206801675623,0.499843294409532,0,7.41206801675623
"ST486.2",0.00116266959498843,11.7629549383569,4,0,11.7629549383569
"SU-DHL-6.1",0.173994983337047,1.54370208945422,2.33783741509115,0,1.54370208945422
"WSU-NHL.1",0.174181738374675,1.96634949965064,1.20489936549163,19.9843843945515,1.28743720897608
"YH-13.1",0.115861846666904,18.6443884275396,0.500815070744365,0,18.6443884275396
"A-375.27",0.00237209228653783,9.80096545975762,4,0,9.80096545975762
"A-549.18",0.0874227870634375,7.13366961651436,0.901404624170305,0,7.13366961651436
"A-549.19",0.0795702399000331,7.09283452283761,1.07797891475747,17.259567770001,4.78890433177455
"A-549.20",0.0709961630398839,9.54201021224745,0.902198817034585,0,9.54201021224745
"C32 [Human melanoma].26",0.00912064821409069,NA,4,98.6940310114476,0.040175255520844
"C32 [Human melanoma].27",0.00210178590493507,NA,4,57.6841931037067,8.07370020649977
"C32 [Human melanoma].28",0.00337104015062622,8.9452804385215,4,0.00126188036906918,8.94522399861844
"HT-29.28",0.155369197123786,NA,0.916708391323139,58.9419186180023,0.397844193641477
"HT-29.29",0.129414171539427,48.1897820984434,1.21575450691177,49.5839417440214,0.93806883437084
"HT-29.30",0.205060982728079,NA,1.12938341633844,50.2663554805753,0.297782706988977
"MFM-223.14",0.149907249197009,25.4332305088475,0.379477458695546,0,25.4332305088475
"MFM-223.15",0.153493822379573,7.63601145175493,0.534505330238376,0,7.63601145175493
"MFM-223.16",0.127050974828049,6.54307005545963,0.681645037048643,0,6.54307005545963
"MHH-ES-1.27",0.00356657655789041,8.81399465003398,4,0,8.81399465003398
"MHH-ES-1.28",0.00675209703932989,7.42992815683001,4,0,7.42992815683001
"MHH-ES-1.29",0.00444003964183326,8.3186857336969,4,0,8.3186857336969
"PC-14.29",0.0184179623990012,NA,1.68412468720349,53.6261099148814,6.85857182535813
"PC-14.30",0.035968369769263,NA,4,82.616542285574,1.19850747403703
"PC-14.31",0.0611238553044926,NA,1.58169538400784,76.1850761009694,0.883314222907806
"SNU-C2B.25",0.0894712538953281,NA,1.3445555075029,76.112542797813,0.38419113213485
"SNU-C2B.26",0.00677013039058475,9.66346036016988,3.05575235325424,12.2503196387528,8.81433200064393
"SNU-C2B.27",0.0613088209599982,NA,0.310472915028155,66.8905066562697,27.3014278480211
"SW620.29",0.0277496823808185,18.826190539103,1.09586922734032,0,18.826190539103
"SW620.30",0.0928885464848875,3151.51497702784,0.23939101755428,0,3151.51497702784
"SW620.31",0.00993588120026832,6.66935849006639,4,0,6.66935849006639
"U2OS.29",0.0801470597314458,88374.4718168565,0.188852430549181,0,88374.4718168565
"U2OS.30",0.0968737832402546,88.4941942041164,0.389522944422592,0,88.4941942041164
"U2OS.31",0.0694140080953928,NA,0.406637005894892,85.3211489463312,0.215514533451762
"A-375.28",0.0128022780830243,NA,4,97.203664012907,0.211643595198235
"A-375.29",0.00271521543006744,9.4641149754668,4,0,9.4641149754668
"EW-24.1",0.0906125270808983,6.02573118439717,0.968015263452236,0,6.02573118439717
"COR-L88",0.12424119014091,NA,0,75.151761971818,3.87345640669791e-06
"Capan-2.1",0.0883748691007768,NA,0.898349662734105,52.7223040756038,2.07473842888752
"SK-OV-3.1",0.157141161842574,NA,1.9216116116203,64.6493670595534,0.23226572860463
"WM115.1",0.033255876325237,NA,1.82696966887455,56.2626747305217,3.85210184723086
"YT",0.0173302807231255,5.64805625446469,4,0,5.64805625446469
"VMRC-LCD.1",0.132651764382276,NA,4,86.3001123816411,0.00544450769878893
"UM-UC-3",0,NA,0.795142400529373,100,0.0642102256725467
"KNS-62.1",0.0233719074133556,152.755398283009,0.643218105000801,0,152.755398283009
"HCC70.1",0.0948205224121302,269.090603429785,0.325463638358999,0,269.090603429785
"CAMA-1.1",0,NA,0.757480296510833,100,2.45765848439671
"TGBC1TKB",0.00550772003092864,7.85272521354746,4,0,7.85272521354746
"OE33.1",0.0676756083591366,NA,2.60596408699519,63.3321245848757,1.41724234801418
"NCI-H2342",0.0520910340249353,16.6475087670245,0.936360655847802,18.3208437616305,10.2254521752056
"KYM-1.1",0.0535310985555091,352.480088242875,0.409061202941806,0,352.480088242875
"MV4-11.1",0.0844721710831575,NA,0.922567926236048,58.3884799926075,1.72976300226324
"NCI-H1648",0.268086632001474,1.2053244432838,0.6895923220032,0,1.2053244432838
"NCI-H211.2",0.0708657401357527,NA,4,88.0711093143013,0.0825847824442793
"Panc 02.03.2",0.114859940848912,40.9072278539874,0.614017662997293,39.1454558994389,3.39971747395095
"SK-MEL-2.1",0,NA,0,100,0.44655307443137
"SK-MM-2.1",0.10570873469618,11.0140296117207,0.637430067183903,0,11.0140296117207
"U-698-M.1",0.0171432924020671,5.66734293747263,4,0,5.66734293747263
"NCI-H2085.1",0,NA,1.05485154558065,100,0.897984398652388
"SNU-449.1",0.0191084010369056,17.3089897281499,1.32957552131439,0,17.3089897281499
"SK-MEL-1",0,NA,0,100,1e+06
"HT-1376.1",0,NA,1,100,0.0500175646263872
"MDA-MB-415.1",0.0780012658949151,NA,4,90.6583607503939,0.015597819830617
"NCI-H2066",0.0908824553164842,9.4218697761396,0.760903644038676,0,9.4218697761396
"SK-CO-1.1",0.185582239874965,4.43154018745429,0.548317589645813,0,4.43154018745429
"SW1463.1",0.049295605131521,NA,4,89.5421993534152,0.192729778448849
"COR-L105.1",0.109947302050642,157.195210493433,0.743903080952116,48.0804737592628,1.96456644899081
"EW-11.1",0.185442892668868,3.41817605856985,0.626780002644875,0,3.41817605856985
"SW48.1",0.247528420932163,1.98615494202331,0.994242920321897,43.7141690985752,0.246712369254321
"ZR-75-30.1",0.0815522875832211,477.557101668908,0.652679652462456,47.5442784935645,4.71810519948583
"ME-180.1",0.110753781915543,NA,1.51719553083676,55.5544825939093,0.940109722100254
"MSTO-211H.1",0.0511272645358926,NA,4,91.5078503120764,0.0781530882826396
"NCI-H835",0.0345464003089563,NA,4,65.164969743904,2.56286426749327
"SW872.1",0.0380991831148835,NA,4,78.5510291808858,1.46870541550606
"HCC78.3",0.170993420904778,15.5175743753183,0.456341701809448,23.2354827577941,3.94521657564334
"HuCC-T1.1",0.0865238527658013,100.346336482474,0.404934659313895,0,100.346336482474
"Ca Ski.1",0.0415853174357476,NA,4,70.6484124178449,1.88864626092269
"CCK-81.1",0.0619104335486652,NA,1.63554647554825,52.2062163067146,2.40036878192705
"COR-L88.1",0.0496040983497614,NA,4,91.6682700819487,0.0818490264164378
"CS-1 [Human chondrosarcoma]",0.0478845190973358,NA,4,71.7787201056389,1.5523415387011
"G-292 clone A141B1.1",0.181714906272329,6.14055220411162,0.489003639658611,0,6.14055220411162
"K-562.1",0,NA,1,100,0.0500175646263872
"KYSE-270.1",0.0587256878414868,7.59765543987328,1.17579607425608,0,7.59765543987328
"NCI-H524.1",0.0341089994283563,NA,4,87.2550665650227,0.787434187938444
"U266B1.1",0,NA,0,100,161279.677553325
"Ca9-22.1",0.0810654012853938,21.9794324512415,1.9467603757045,49.6368513488689,1.75116382089431
"CAL-148",0.220682512464355,3.50053184857546,0.48797777208184,0,3.50053184857546
"SJNB-12",0.272390673728823,0.829101424230627,1.06092277095853,20.1451514344341,0.509932862761004
"SHP-77.1",0.0279456545463437,NA,1.31263308492144,65.3035853949419,4.72903752411752
"SK-N-SH",0.145077888153384,NA,1.1557196273676,68.2547251331426,0.215284205227059
"T84.1",0.164992982105553,9.21712720161933,0.466037859080831,0,9.21712720161933
"KYSE-70.1",0.0511597345446846,NA,1.66046680521741,68.0656838743806,1.83545175731588
"Hs 766T",0.0117522457545504,6.41463537826392,4,4.32025753011751,6.27134056538622
"SJSA-1",0.0367491361611922,NA,4,78.3500387429651,1.5516160893051
"MKN7",0.00983900623968383,6.68805382166117,4,0,6.68805382166117
"KYSE-450.1",0.0503062502369982,5.4504164491473,1.78209697826899,0,5.4504164491473
"BT-549.2",0.0281468047787834,6.56715035431215,2.23383718366474,0,6.56715035431215
"MFH-ino",0.055294924392704,1013.03116788932,0.34716000232046,0,1013.03116788932
"HSC-39",0.219581369988663,1.86913574347299,0.723688274178076,0,1.86913574347299
"NCI-H1703",0.10132542380245,7.14657350758267,0.797053939441025,0,7.14657350758267
"SW1783",0.0674281605690946,NA,0,86.5143678861811,11.9368279229012
"KGN",0.10214341019417,103.278890365669,0.366873626741481,0,103.278890365669
"MeWo.1",0.00943965072411667,6.76743558601381,4,0,6.76743558601381
"8305C.1",0.0667595750723051,NA,1.53650073168721,57.3498899617474,1.9449626089204
"KYSE-70.2",0.0139787690157875,6.0342221776364,4,0,6.0342221776364
"SHP-77.2",0.0411546322983861,NA,4,93.9067847048927,0.0470824122506995
"SKG-IIIa.1",0.0550347380354098,7.65334323577712,1.54108889579528,30.31514640743,4.17979746725331
"SK-N-FI",0.159970314829899,NA,1.7169631300924,69.9647161298859,0.126105243653455
"NCI-H64",0.00802256692684404,7.08427823512435,4,0,7.08427823512435
"NCI-H526.1",0,NA,0.355349245545412,100,15.3614116770402
"TGBC11TKB.1",0.106365779851409,NA,4,85.0359496692269,0.0368696983221652
"Fu97",0.213188760417817,2.80484958366552,0.867273474167093,38.3252902632802,0.52421249590647
"Hs 578T.1",0.0742584092380054,11.5161963184405,0.885096462627234,17.6274708082724,7.04703557268448
"MeWo.2",0.0452054629165127,NA,0.879491952634164,63.8951712133843,4.28563070421217
"A-549.21",0.066210430906432,NA,4,64.8921720994497,1.36091965308308
"A-549.22",0.108080067468729,10.6399035135014,0.635129221379146,0,10.6399035135014
"A-549.23",0.0915476577731585,NA,1.13291009495843,57.5638338519213,1.3469570976638
"C32 [Human melanoma].29",0.0490555869795572,NA,0,90.1888826040886,0.00793133549213129
"C32 [Human melanoma].30",0.00961052401747155,8.7622067797804,2.81840505914051,0,8.7622067797804
"C32 [Human melanoma].31",0.0903213148205077,NA,0,81.9357370358985,3.32482476683488e-06
"HCT 15.23",0.096485292702248,NA,1.39014935986073,60.0468871940913,1.01549332988583
"HCT 15.24",0.0906191860331908,5.01143963387324,1.10460307779087,0,5.01143963387324
"HCT 15.25",0.0739134382533489,NA,3.29730088011357,58.3273212871752,1.47655651646478
"HT-29.31",0.0890330162750455,NA,1.0336187960915,56.4422585381225,1.5685540912387
"HT-29.32",0.0792481506578451,NA,4,67.8954117021714,0.909104914449435
"HT-29.33",0.0619255828402097,NA,4,67.6824682615583,1.33263790495204
"MHH-ES-1.30",0.097039397846545,1840.44005189131,0.248630716861671,0,1840.44005189131
"MHH-ES-1.31",0.070575073965974,NA,4,83.4188948200909,0.264339250242916
"MHH-ES-1.32",0.104711263068294,16.3011417924059,0.560258667825152,0,16.3011417924059
"PC-14.32",0.0297176675991818,NA,4,78.6861935197524,1.91886457146695
"PC-14.33",0.0485057870853982,224.380117077121,0.458679317473359,0,224.380117077121
"PC-14.34",0.0384648552015548,NA,1.81820281198388,78.2814917028931,1.56683413747085
"SNU-C2B.28",0.0225545749053798,NA,4,86.5741889476255,1.5706453325987
"SNU-C2B.29",0.0406630393509267,17.3681695466575,0.949997836149949,0,17.3681695466575
"SNU-C2B.30",0.0462291796119223,863.158687755932,0.380691635789525,0,863.158687755932
"SW620.32",0.0659097340432314,NA,4,88.6929257379952,0.089203344390469
"SW620.33",0.0495346849337895,NA,1.04196846270482,84.3070262269645,0.622910228069972
"SW620.34",0.0508929023070577,47.637302321523,0.619399309459112,0,47.637302321523
"U2OS.32",0.0442839679138549,NA,4,86.6175468962148,0.508540171721884
"U2OS.33",0.0198814635686331,NA,4,83.3766029085211,2.20933480496583
"MFM-223.17",0.068890396273935,16.7355188221664,0.725523011929128,0,16.7355188221664
"A-375.30",0.0488934608839417,NA,4,93.3123301685116,0.0320462346944635
"A-375.31",0.0323545447594593,NA,4,89.3738868735615,0.610406844797378
"A-375.32",0.0823384237296911,NA,1.39374164050622,89.0703918072614,0.0256370606878767
"Mono-Mac-6",0.0632387390018418,NA,4,85.6194754140262,0.239780137173471
"NTERA-2",0.125753115413445,NA,1.30520961236685,62.6868601633426,0.505214893091368
"NTERA-2.1",0.0858406966726191,9.01378262595858,0.810150068221117,0,9.01378262595858
"UACC-812",0.10758067133478,24.0810334325704,0.650600299827217,33.6030028990123,4.33940951191891
"UACC-812.1",0.152358325271854,351.324002393407,0.283765329756436,26.44008913795,24.7779174462997
"NCI-H727.1",0.0173391191030118,NA,4,85.5649324627754,2.20113418801773
"NCI-H2009",0.0701566953853947,NA,1.42836862722309,53.320667209798,2.11999096023842
"MDA-MB-175-VII",0.198116951072735,2.29615023188181,0.817930478651024,18.1343340149396,1.32374003209181
"NCC-IT",0.146488023849116,NA,1.14013664924607,69.8069064448596,0.175930982956849
"NCI-H1869.1",0.00251126057073132,9.6575669223744,4,0,9.6575669223744
"NCI-H69",0.166377040484071,1.46934399828378,2.29323374570293,38.0593396877217,0.786893965270952
"NCI-H847",0.17164672858971,NA,4,74.7377101179979,0.045786248313328
"MDA-MB-175-VII.1",0.15011547641865,2.76263755799988,1.05197082925815,12.2436664207757,2.11529014294014
"NCI-H69.1",0.184990891832087,1.73653672111207,1.52075803019738,39.5629460910711,0.6198416089355
"NCI-H847.1",0.0802630747039358,NA,1.23361820677488,64.5087348041478,1.18982864766639
"WSU-DLCL2",0.0203002892736163,NA,4,83.630172041509,2.1406975760198
"Hs 633.T",0.0112646528309975,NA,4,97.623610505458,0.189237456308522
"ES1",0.259059480150635,10.633730070012,0.421875,37.1875,0.421696503428582
"MOG-G-CCM",0.0333663304181993,NA,4,67.0699518209675,2.52251492918207
"MOG-G-UVW",0.0228384473264534,NA,4,90.122938710651,1.0128009307596
"OC 314",0.00593146251039596,8.47863094663934,4,25.3776217249964,7.10257340148719
"ES1.1",0.225674346660621,NA,4,68.5130811624427,0.0353930723378105
"Hs 633.T.1",0,NA,0,100,27797.343180348
"MOG-G-CCM.1",0.0138180096260587,6.05527220118023,4,0,6.05527220118023
"MOG-G-UVW.1",1.53725199187002e-10,NA,2.99140447833718,96.2336675584271,1158.09369008294
"OC 314.1",0.0400452137355368,NA,1.37361762794775,73.3475701193785,2.16311637020175
"WSU-DLCL2.1",0.0744073604961375,NA,4,76.9767530017654,0.536423143304308
"T.T",0.104103803901083,NA,1.77382491757898,50.3129144196307,1.23026948510945
"T.T.1",0.0910500069896624,5.1851104732815,1.07057214320763,0,5.1851104732815
"PC-3 [Human lung carcinoma]",0.0481032486174018,34.117880769152,0.695842368765903,0,34.117880769152
"PC-3 [Human lung carcinoma].1",0.0422207526600702,38.5024127605881,0.713103202056726,0,38.5024127605881
"RMG-I",0.0684207819906991,NA,2.98952042998344,59.165878635348,1.58845212796061
"RMG-I.1",0.0394775145677225,NA,4,80.3112675855909,1.25290644187979
"Caov-4",0.0178977591939735,6.23040962608594,3.23189503449225,0,6.23040962608594
"NCI-H2452",0.0676221436666366,21.2925238110401,0.675474559035106,0,21.2925238110401
"NCI-H2452.1",0.0487918460684619,NA,1.9376048089501,69.9390609817576,1.73453759110611
"NCI-H2452.2",0.0927973567588455,35.1528289422309,0.488467607471871,0,35.1528289422309
"OVKATE",0.025364022313669,NA,4,83.9828064199195,1.68002790283561
"OVKATE.1",0.0250012896666526,NA,2.42915175142588,79.0374918699522,2.32896474366262
"ES6.1",0.120077529726976,4.86540934086249,0.846150145637507,0,4.86540934086249
"ES6.2",0.134754189086832,3.5505207492755,1.09878718449095,25.0613326347561,1.88519162322479
"HO-1-u-1",0.110096521646363,4.50552160824702,0.978494037335582,0,4.50552160824702
"SW948.1",0.054409606900114,7.69719668969847,1.48974501871561,27.363814299659,4.52177188799105
"SW948.2",0.0865314012926804,8.7455110551913,0.817071475068516,0,8.7455110551913
"Caov-4.1",0.0722218919891565,NA,4,79.2691939803732,0.450731786674082
"Panc 04.03",0.0525217956676778,NA,4,67.6193726394695,1.63545644094346
"Panc 04.03.1",0.0371458868162545,1389.73180483339,0.387318661725391,0,1389.73180483339
"KMRC-1",0.00306578241116109,9.16986497129671,4,0,9.16986497129671
"KMRC-1.1",0.00886013086473491,NA,4,92.7378646823854,2.17160429320721
"COR-L279",0.025529328212371,NA,4,93.9474598067299,0.271444868670886
"COR-L279.1",0.0764293959649299,NA,4,79.2697020468993,0.391746334262099
"T-47D.3",0.229853472429202,NA,0.866570669075717,54.1557563170546,0.30921806868535
"HCC1806.2",0.0619974994095737,25.7559902643874,0.969814201322904,21.5779012732018,14.3856309204262
"Evsa-T.3",0.0334507485508552,NA,4,84.5691892454385,2.22688109434482
"CAL-51.2",0.0775761331132068,51.2615673779351,0.589336264490753,0,51.2615673779351
"MDA-MB-436.2",0.0914974590071103,59433.820601863,0.193832477105453,0,59433.820601863
"MDA-MB-231.2",0.0606609590010774,5301.29400887501,0.296772760658664,0,5301.29400887501
"MDA-MB-468.2",0.0196123949945338,NA,4,83.6130798422567,4.40273324579618
"HCC1143.4",0.126662216067817,NA,0.602243330076858,52.0332447821892,2.89702186506384
"MDA-MB-157.2",0.0743221234924121,106873.311825213,0.203384454284146,0,106873.311825213
"HCC1395.1",0.065294376870909,30.1078073196387,0.777453479780456,0,30.1078073196387
"MDA-MB-415.2",0.0396809030922913,148.382696694586,0.728396569520969,28.5103661163022,46.5470795006573
"COLO 824.2",0.198023435063218,NA,0.353103636317151,56.9237998207787,0.521990374539611
"JIMT-1.2",0.0706404672719738,NA,1.79072247205111,69.5930939856918,2.06346560336117
"HCC1954.3",0.171573261812922,6.16338686887958,0.739618050415309,0,6.16338686887958
"CAMA-1.2",0.0305082555750308,NA,3.03685898529418,84.5640574117437,2.55434867382568
"HCC1569.1",0.129355234196597,12.1172303399074,1.2037725914905,42.9715379195634,2.37430964175455
"HCC38.2",0.0719430001682598,NA,0.706893094061596,72.1147743660144,2.57562262026604
"MDA-MB-453.2",0.277386530811546,1.2688774571851,1.46414920559492,23.6415853920402,0.819433437400928
"CAL-120.2",0.0251272492848827,40.2020432246031,1.11009143033831,0,40.2020432246031
"HCC70.2",0.069270480368152,66.4758232109963,0.583573276164194,0,66.4758232109963
"HCC2218",0.0987971961950591,416.856093763953,0.330817030905225,0,416.856093763953
"BT-549.3",0.0451706513560457,NA,2.01911077541121,75.0372425430413,2.97225429394061
"MDA-MB-361.2",0.385190809216416,0.774192308282583,0.79064822233057,1.24976528606114,0.749798728958948
"OCUB-M.2",0.346494571528857,0.940049223077686,1.25573460781635,0,0.940049223077686
"MRK-nu-1.2",0.00566501580332579,NA,4,93.2408317586211,5.7396650248293
"CAL-85-1.2",0.0994921565619621,16.9824080745214,0.74224023061908,0,16.9824080745214
"HCC1937.3",0.0491724178091636,27.2502271820702,0.953205305546403,0,27.2502271820702
"BT-474.2",0.223817491435699,9.18428932592585,0.716412845271822,40.860656971782,0.856715186197015
"MFM-223.18",0.11285169045072,14.7126183494427,0.714983345466207,0,14.7126183494427
"AU565.2",0.218992589037409,25.5075694658319,0.313317421204183,0,25.5075694658319
"Hs 578T.2",0.14276763733705,9.40908734040859,0.715302729561305,0,9.40908734040859
"BT-483.1",0.191177996743842,NA,0.527534887767145,54.8106912577715,0.656300689344187
"UACC-893",0.290397775884769,1.51291387082009,1.02191114200969,0.84220192100876,1.48797216430004
"HCC1419.2",0.0512648638259551,NA,4,87.1352551492981,0.631573598724435
"EFM-19.2",0.268127741454192,2.654825333143,1.23808277840703,46.500018551485,0.309898359463793
"ZR-75-30.2",0.163256157350557,NA,0.939099447456599,57.2469343674627,0.762698839573953
"HCC2157.2",0.118714443329764,15.0399143778987,0.677530693561637,0,15.0399143778987
"EFM-192A.2",0.112338779352029,NA,2.27956349473304,57.8074187165417,1.58985266299467
"DU4475.2",0.0369135231580908,NA,4,90.6247611935921,0.652745471561828
"HCC1500.2",0.00852362948895786,NA,4,92.3814580997682,4.65802807248705
"HCC1187.2",0.0428843762626899,NA,4,93.8465813165497,0.0798066065176454
"HCC1599",0.217907812580104,4.06298906405738,0.926830145908752,35.195329014224,1.09281246612857
"HDQ-P1.2",0.117503648252201,NA,0.990477670551424,55.9126612002219,1.86853157325123
"BT-20.2",0.22353470244195,3.46129497095975,0.744350313340428,0.924435948947711,3.37559486969174
"HCC1428.2",0,NA,0.982259321686941,100,6.51319861077704
"MCF-7.2",0.1787988855404,4.72162228159305,1.20295855381127,37.5630524310913,1.48519278100333
"CAL-85-1.3",0.0437619969148071,18.8587831719772,1.23808381340792,0,18.8587831719772
"AU565.3",0.175961028127923,12.7521972524294,0.581503223444657,22.0263519633405,4.69727033385411
"MDA-MB-175-VII.2",0.196396889717152,5.81071624582972,0.706043683777283,17.6432348311186,3.13713998717775
"BT-474.3",0.22979093791901,NA,1.6044017096165,52.4185348201961,0.352045160995155
"AU565.4",0.151968891362067,13.3464355255844,0.567803571836393,0,13.3464355255844
"CAL-148.1",0.224242557503384,2.34895180821634,1.23464388577386,24.6353285952697,1.35565375381437
