"","aac_recomputed","ic50_recomputed","HS","E_inf","EC50"
"A-204",0.417779748732258,0.703392235075403,0.520394250966906,0,0.703392235075403
"MES-SA",0.362360265079641,0.809720655665976,1.36830434158551,2.8585800704709,0.775621422347908
"PL4",0.363771340813809,0.90596955421337,0.765359397398013,12.0857810062197,0.631110137841255
"OS-RC-2",0.245170670924776,3.17518121460624,0.662511763185963,0,3.17518121460624
"WM793",0.525032768406313,0.263084896503493,1.00038405926681,0,0.263084896503493
"KYSE-50",0.266364175834926,1.48229984973083,1.84900550344807,9.77643533757719,1.31775057925551
"KE-37",0.79437684457856,0.0288309070714624,1.12251226190316,2.96207219464341,0.0273043036470971
"Jurkat",0.511570983903286,0.2896860276494,0.881371974031054,0,0.2896860276494
"KM-H2",0.30276247696312,0.929574793612495,2.7977954730207,17.247902897266,0.799124525213256
"697",0.64293187174742,0.112603115596135,1.54779923016555,0.970096496428255,0.111186727010638
"8-MG-BA",0.552553514242709,0.164934064679087,1.6273966792603,9.80782245589035,0.144224925354593
"PaTu 8988t",0.237448320098177,2.0243969695309,1.63967245206242,0,2.0243969695309
"FTC-133",0.422012507280954,0.496959454285016,0.918737370266493,12.0402819422296,0.368206211946145
"KMRC-20",0.37520907989918,0.530987542124884,1.55232929328705,21.3837504430189,0.370646078820152
"NCI-H1975",0.374393779888855,0.821135434337166,0.915515509139239,0,0.821135434337166
"OVCA420",0.265567467680622,1.98865771495642,0.908848445789447,0,1.98865771495642
"HCC1954",0.297087323501756,0.681083361380453,2.17361203985017,40.7026741572577,0.314103106624549
"ASH-3",0.20886718048139,2.5350972752444,1.56577972894918,0,2.5350972752444
"NCI-H1568",0.379926647689733,0.392106840696623,2.20502616008445,26.863864647972,0.276454889283266
"NCI-H1563",0.0972607979600808,4.84927476021069,4,29.1011373622828,3.89910520811262
"Daudi",0.418483543496797,0.403341867915401,2.26426603433932,13.7982331669315,0.349733323784492
"CTV-1",0.620378134731191,0.118521129186302,4,3.81557626931325,0.116192249998955
"EM-2",0.469895050474941,0.254225538720419,4,13.4609181959986,0.23505315379197
"WM278",0.304011110164733,1.53616558831878,0.805686699697487,0,1.53616558831878
"GI-ME-N",0.321791696431814,1.74378825376027,0.557756924383349,0,1.74378825376027
"EJM",0.378621736857554,0.334403742611518,4,27.251091982113,0.274643147095637
"HT-3",0.118688868116586,6.82427231565914,1.13880773367537,0,6.82427231565914
"Hs 746.T",0.271929088348269,NA,4,51.0283209611261,0.215919461082777
"EW-18",0.448579032589481,0.305393569554864,1.63230822334843,17.3042605953519,0.235419659553034
"RPMI-7951",0.466499627194385,0.31433833421595,1.61978539408778,10.6622112337004,0.271076890444472
"CA46",0.328672480972026,1.16775125348912,0.84215652108537,26.9943871347928,0.464542524178424
"RCC10RGB",0.167686180711351,2.49987349629776,4,48.3801692343793,1.06057880047805
"U-251MG",0.124941633374143,3.69175242771205,4,28.9638818358175,2.97325028017189
"Karpas-231",0.53065634602867,0.208293852537239,3.99922678983732,6.11242605433888,0.2016121068157
"BALL-1",0.612121427388328,0.116124635801657,2.5322442343368,6.18786486861386,0.110221512564415
"IGR-1",0.238496601798845,2.3172988942584,1.04171399196892,16.7273979711549,1.56740727979584
"KP-1N",0.223854833196636,3.27321703085607,0.785435834931539,0,3.27321703085607
"OVCAR-8",0.506440865212601,0.293126980961012,1.89564841999483,1.26794181110118,0.289181917458238
"JJN-3",0.382098696650113,0.572704354544585,2.43955526678591,10.8528376430117,0.51804726195306
"ALL-SIL",0.590974778691138,0.14817416586918,1.93442802784541,4.00194321964724,0.141919859404886
"HEY",0.352053423480864,0.923130552083687,1.02275091734021,3.47585736778596,0.860334969311435
"HeLa",0.221104359624165,2.08488288611065,1.9367635787745,10.8679053706174,1.83706954415504
"SCC-15",0.251233832605278,2.04732849008528,1.08371151572558,0,2.04732849008528
"CAL-33",0.28684536971437,1.3961848417385,1.60038309692559,1.69608825085938,1.36639998038516
"JHH-6",0.226558204398037,2.4853770229804,1.10847180304901,0,2.4853770229804
"ES4",0.525601278215962,0.160457117203482,1.63523383186077,17.0874185147487,0.124250917523427
"UACC-257",0.0934202252277085,37.1047813790586,0.580795825992325,0,37.1047813790586
"KCL-22",0.543479256776486,0.195392438892634,2.77834157366538,5.63989442526848,0.187154241891601
"CHP-134",0.425774778928776,0.332421757465193,4,15.9781979040962,0.301916097057009
"KMS-12-BM",0.528244835623512,0.233691106811858,3.78329067782045,3.33481364435743,0.229466166381109
"OE19",0.43810835841108,0.303063475052396,3.85697844191948,15.8258471425666,0.274589174801024
"MDST8",0.45071530599063,0.240466168817608,3.39978628931006,19.6513346862532,0.207623412996105
"HCC2998",0.409310988379046,0.476491348794621,2.87398234208952,9.23958969285925,0.443793539768669
"G-401",0.295140699825798,1.13804150342592,1.74938278409588,13.9585230429969,0.943823768081711
"OAW28",0.145527276651882,3.16555310561374,3.05222111746551,35.6251916791483,2.1041712567775
"DMS 53",0.0593330452489733,7.593903193042,4,39.041552535514,5.19588838040317
"TOV-112D",0.292418168532894,1.01639900570043,1.92883764243617,22.0560735527936,0.751729719495075
"AsPC-1",0.22314395900506,NA,1.95822473938482,64.3576616811561,0.132002459113364
"HSC-3",0.407711110958796,0.649381631576211,0.828125,0,0.649381631576211
"Evsa-T",0.173136071136284,3.62254703101552,1.30422384359202,0,3.62254703101552
"VA-ES-BJ",0.317086996781567,0.661102563362568,2.26691903220402,29.649925053865,0.444683443905689
"GOTO",0.493073319026553,0.192193688292249,1.88206886028813,18.9452199912376,0.14922375463974
"SNU-175",0.268279050787937,1.200469044209,3.24318937622772,17.8798801584035,1.04734682408418
"IM95",0.165672956188682,3.20021589877863,2.4874691668254,4.4910091528904,3.08139801718501
"OVCAR-3",0.279646816705376,1.98054354198236,0.761822958971659,0,1.98054354198236
"LXF 289",0.331363636057755,0.91828390790155,2.29841039298429,6.62640553192038,0.863202984684952
"AGS",0.337148594352397,0.880126070244379,1.87188940755739,7.78045300873391,0.804086958591438
"AU565",0.256580554268332,2.10074725325524,0.963831179511464,21.7623066532388,1.16123806355391
"LN-405",0.171445467153886,4.94346408771944,0.889531517561667,1.04231818690017,4.82776381879591
"TE-4",0.365056934550553,0.738624770827788,1.79504097979661,5.90907453134273,0.688644611694661
"42-MG-BA",0.489027593688945,0.342662358183659,1.04453078059526,0,0.342662358183659
"TUR",0.50368167577519,0.275626946671921,3.47495175244012,3.72234340099718,0.269558396952626
"EMC-BAC-2",0.33671993067114,1.0997982505983,0.924033494154607,0,1.0997982505983
"LC-1/sq",0.522575951803283,0.120827775259775,2.90982277327545,21.7265954270407,0.099329550698598
"Hep-G2/C3A",0.130979806506982,27.3587560914929,0.696262127529004,35.2452049255721,4.74062819449863
"Karpas-45",0.467245056794923,0.372360152167979,2.1454761789483,2.68334903812523,0.362908697398082
"A-375",0.356633577470188,0.705828040641138,2.4501082409249,10.2695830352879,0.642609111365573
"C32 [Human melanoma]",0.327583996129254,2.66709177665176,1.72986320317077,49.8010174969035,0.109283689553442
"C32 [Human melanoma].1",0.293565665792277,NA,1.38262849861953,50.8426179023997,0.159522356999683
"C32 [Human melanoma].2",0.307401616195487,0.477814939564895,3.13951054137102,48.1908819775845,0.166001010315122
"HT-29",0.41569881040986,0.279026381072406,4,23.1041449627903,0.238959391758245
"HT-29.1",0.469864804197185,0.196608638801703,2.93270847803071,21.1635040047648,0.162966590981184
"MHH-ES-1",0.295805272175457,1.41989404835564,1.12166902439213,0,1.41989404835564
"MHH-ES-1.1",0.300682505283418,1.38315773351062,1.08063380161954,0,1.38315773351062
"MHH-ES-1.2",0.279925445000316,1.48408330649161,1.3364117119765,5.19429512438602,1.36714021782606
"SNU-C2B",0.382742431502042,0.606816683997853,0.913399323387239,29.8405794538982,0.224472536947207
"SNU-C2B.1",0.368655296863462,0.693100239826356,0.928879181191272,31.2102359060409,0.241659002481711
"SNU-C2B.2",0.359765330842399,0.607611951346179,1.19612570010598,31.353293495268,0.266377066833687
"U2OS",0.480816059417831,0.271153222748815,4,9.22590340653786,0.257672669214438
"U2OS.1",0.487394264700702,0.275944213429996,3.56386415017031,7.38488418077157,0.263843421195108
"U2OS.2",0.470354659176711,0.285077206589038,4,10.1043079339661,0.269433438928244
"PC-14",0.430845993588496,0.473981148174814,2.08528234798977,3.53197740600985,0.457618688694015
"PC-14.1",0.472014654509688,0.351196774396792,1.26051648575078,5.06355807663227,0.322673248359077
"PC-14.2",0.441425503183419,0.401444482042423,1.78505252189489,7.97281785355623,0.364219824768288
"SW620",0.290311944065162,1.17520724122787,3.14065932189306,9.06492127149493,1.10268957505227
"SW620.1",0.279910091020543,1.41313922092438,1.81950362860639,4.29404711269923,1.34509219172022
"SW620.2",0.280911804819316,1.29605073551043,2.16797291854667,9.57043160164129,1.17506284246312
"HCT 15",0.312163765892394,1.02244919359821,2.07696835389247,9.68437041566515,0.92177697732527
"HCT 15.1",0.255327711185934,1.58604414628215,3.48456429404184,6.16799261843609,1.52723598520822
"HCT 15.2",0.296025211923908,1.21709253236772,1.81921505140578,7.0413689384174,1.11966583222393
"A-375.1",0.341052221951958,0.883736217500777,1.60991784940819,6.76594363774692,0.807422345253485
"HGC-27",0.396396485756613,0.631704275541315,2.18233121911095,1.35052275875329,0.623827731989182
"B-CPAP",0.316914775581871,1.20953445846335,1.11673589313883,0,1.20953445846335
"SK-MG-1",0.350662193056686,0.844959693034558,1.62170282441192,4.69476481211743,0.795116291455325
"NCI-H1650",0.396758305616937,0.719615861615616,0.783344775308901,0,0.719615861615616
"786-O",0.482943456021185,0.278160887994347,1.40861551125749,11.2318650427287,0.232195460528564
"TGBC24TKB",0.31831144894631,1.3401599966728,0.803674651934324,8.40652505375082,1.06581681371042
"KP-2",0.256723750423602,1.58970616264272,1.42541148059052,21.9013308462425,1.06103445613203
"HDQ-P1",0.39887193600262,0.596700966310569,1.42536719192182,5.11226985588645,0.553214275107306
"NCI-H716",0.308803990086585,0.713149168850615,2.65309104488257,27.4884595467857,0.527902333490676
"MHH-PREB-1",0.519356935327786,0.211345439078549,4,8.03226148986965,0.202292262052828
"NCI-H513",0.21583171869455,2.79755966801733,1.05554399046976,0,2.79755966801733
"Huh-7",0.0756947644249373,20.4883133503902,0.979246037513299,24.5504207001362,10.2801840174884
"HT-1197",0.308702880821896,2.39782744528942,0.480484598165595,0,2.39782744528942
"J82",0.188805917542481,4.32665409441616,0.845849514399864,0,4.32665409441616
"NCI-H1568.1",0.368833068279023,0.721100569214004,0.939401461473441,21.4454108814824,0.397198345092215
"SK-N-DZ",0.443474333651483,0.425667150896707,3.77897986737063,3.5591334153963,0.417430138092469
"NCI-H322M",0.626539815361392,0.113389133924339,1.23943812760261,3.98485540860885,0.106040111675192
"LB996-RCC",0.362868558762419,0.685963117000817,1.97339425887985,10.5198742628325,0.608574072589188
"NCI-H1944",0.286193494869345,1.14274213582372,1.40433253220013,31.7869250468173,0.556722149353122
"MCF-7",0.0718971767048776,NA,4,78.2518865236896,1.01933313606349
"KYSE-180",0.533358769502496,0.212293095319329,2.25897269766551,5.66190665656642,0.201294135814199
"NCI-H23",0.341336262247882,0.896882481573133,1.29060378205755,8.92616308988128,0.770125133148845
"L-428",0.416335333281719,0.389817248726144,3.91521438545817,13.5161767623301,0.359668699094106
"IGROV-1",0.535744088351395,0.2026524121607,0.881805037410293,8.66878971661187,0.163296200889582
"LN-229",0.408590080846691,0.475504712908388,2.67810357277814,9.74647685783001,0.438523970511682
"HSC-4",0.39670811954904,0.585826082046314,1.14933710087868,10.2374410584845,0.479955332720856
"Mel JuSo",0.195806003942767,2.89137302916586,1.86951835339219,44.6812302539281,0.872095949782502
"639V",0.297343829126029,1.59868162815739,0.829622868689632,0,1.59868162815739
"SK-GT-2",0.467897057875397,0.281014891091211,3.41641905180473,11.398866702526,0.260518269500013
"NCI-H2373",0.212221452732162,2.71560179723298,1.1844294367567,0,2.71560179723298
"U-118MG",0.271708245785967,1.95625925780235,0.856634486507745,0,1.95625925780235
"TE-1",0.4031660118833,0.581659465500353,1.23516027154714,6.02411302008997,0.524238108358999
"SKN-3",0.351297169025442,0.973874358213062,0.843174645488205,8.27568811546218,0.785790104039132
"SiSo",0.301750248269308,0.960510831328128,3.4444289989281,14.727820706434,0.86797506696449
"SNU-C5",0.482797237085151,0.25484347806908,1.25841676494935,15.6681009546883,0.189029420189585
"MFE-296",0.233455650087033,1.1981732699468,3.66780633385209,48.8629327868577,0.427088442547988
"NCI-H2170",0.40390050208425,0.442895757011159,3.14609277462955,13.2124329001946,0.401736579543585
"NCI-H1694",0.259827215090713,1.54771477689205,1.49841939008359,18.0065157601003,1.14890007024015
"8505C",0.190250688168078,2.88480634215004,1.66786302387486,0,2.88480634215004
"JHH-4",0.241986593356931,2.35144711107109,0.964647706073224,0,2.35144711107109
"TT2609-C02",0.226508560174262,1.94672329572708,1.85251701340555,15.9181488742983,1.58290631152792
"SW1573",0.137543894539815,4.34270250446057,1.96915446329197,33.5152987944475,2.47195964745892
"LOU-NH91",0.392398331413743,0.765325648005574,0.72598965869559,0,0.765325648005574
"NCI-H1048",0.193013747023589,2.471475144468,3.49896350920656,8.03102214170034,2.35084305639036
"C-4-I",0.408218140269572,0.614333869376845,1.11712721639173,0,0.614333869376845
"Jiyoye",0.566335996237136,0.179693045198986,4,3.04853659336354,0.176889091247758
"SUP-M2",0.585527535888771,0.152527660510418,4,3.76396900702145,0.149572324994911
"CAL-120",0.268113459786689,1.50480433031743,1.44605796437815,13.7730759887701,1.2042248961042
"SW756",0.0871620411329425,29.4432072743764,0.778502465631397,25.6586486039811,11.6791823795793
"G-402",0.538362989669525,0.200512746642533,0.385631306728128,0,0.200512746642533
"WM35",0.330762083255622,0.739504297379552,2.13350660159878,19.4494471736482,0.587028718217836
"UMC-11",0.311828567219643,0.912158262994291,3.08685384669231,13.8302352393379,0.821323641836024
"HCC827",0.439745465331588,0.314471095112824,2.12970547519165,16.8237528460853,0.259378559830749
"HOP-92",0.240225031181515,2.49840575013506,0.900495293797103,0,2.49840575013506
"SW780",0.186757205627656,3.19882145226124,1.32527020805359,0,3.19882145226124
"OVCAR-4",0.251968693222398,NA,1.35932779638919,52.8630463455265,0.248048655155477
"RERF-LC-KJ",0.260288477157502,2.42922055936985,0.74070479180383,0,2.42922055936985
"RL95-2",0.279494928781031,1.38067230191529,1.9237810226831,6.26245896918403,1.2878982093919
"DEL",0.728720785648578,0.0512908387870252,3.0474320130617,5.13472035753532,0.0494991127099393
"KOPN-8",0.56540037373435,0.170341068353295,2.60419192707713,5.05305964849519,0.16351285769695
"ETK-1",0.400941036384999,0.536353478452455,1.34559502971496,11.3222257251953,0.443181673287439
"GB-1",0.26186399904498,2.29182053777192,0.778796409113625,0,2.29182053777192
"Calu-6",0.416793638550909,0.277406245768433,2.93239692501638,24.5362753143879,0.220384770760199
"BHT-101",0.116114405217947,4.59349938632559,3.23158781726881,0,4.59349938632559
"Daoy",0.381029378983904,0.59046202498325,2.68481574943142,9.49718490281195,0.545905014952
"CADO-ES1",0.419019646801259,0.461380984668439,2.26972366494363,8.30471704619553,0.425897612729206
"ESO-26",0.339629286207536,0.742303189571179,2.19225582257543,15.226294662997,0.628981118801737
"NCI-H1623",0.287867628956197,1.24430910893012,1.45979564935486,16.2400290095164,0.950789923336094
"HTC-C3",0.406830476791195,0.671663857843469,0.750230205584843,0,0.671663857843469
"KM12",0.637716978138323,0.0619605039719887,0.888071304410066,15.858609721424,0.0403221270647347
"LOU-NH91.1",0.476106078577919,0.381971291958168,0.785031292602589,0,0.381971291958168
"PWR-1E",0.481518972820727,0.359538555564423,1.84402770415889,0,0.359538555564423
"SNU-182",0.295608176179787,1.62225334463847,0.829973435614219,0,1.62225334463847
"SNU-398",0.373210480665595,0.484515418438863,1.84129644115561,23.607212730282,0.342457637282973
"CHP-212",0.440976617099463,0.514141937101618,0.710533916929479,0,0.514141937101618
"TYK-nu",0.38065551469582,0.552123832594894,1.53531589269795,17.1251056806803,0.420170258602924
"DBTRG-05MG",0.24700535040877,6.78047808564291,0.418900220815256,0,6.78047808564291
"ESO-51",0.532425139720186,0.103483402590783,2.40913979642329,24.012244087805,0.0788683534536317
"RPMI-8226",0.508670280659942,0.247899295271543,2.41826754392712,6.40195971884288,0.234244631184976
"OVISE",0.361297574587762,0.737568601482047,0.991436827417404,23.2543226869833,0.392409186280068
"DiFi",0.416474819545109,0.297596378883616,3.38257489986348,21.9441807796835,0.25086465116076
"KG-1",0.332251734465892,0.761152100632445,3.80899715084079,13.7138345881583,0.6997111641026
"ARH-77",0.587062089435531,0.147246197998871,3.19779590469983,4.54307494779665,0.142924627730206
"EBC-1",0.0945679909774033,6.92072286280807,3.07095942196367,46.1837853625845,2.99441283008391
"HuO9",0.471531840803172,0.398245642328204,0.73636649936237,0,0.398245642328204
"Raji",0.531512276071404,0.199372381103702,3.28633019428074,7.37823438578604,0.189917903870838
"Granta-519",0.41015796582716,0.296440775925107,4,22.8243479617921,0.254530853352926
"TC-71",0.353904862439795,0.815673551769082,2.50542778123503,3.65907680099542,0.791303073563511
"HuO-3N1",0.312266435890413,2.05037088868479,0.526996642431096,0,2.05037088868479
"BT-474",0.00433100804434278,NA,0,99.1337983911314,0.0680084880107907
"RERF-LC-Sq1",0.334827405913594,0.346807479411497,4,37.6982091297257,0.244251949628788
"RD",0.220544389997826,2.55632595100915,1.16120744585227,0,2.55632595100915
"CAL-51",0.44405164944249,0.376276194922387,2.57446785424083,8.5119817800085,0.349965757380462
"IMR-5",0.45556158976065,0.329959793502725,2.77658560372501,9.84671794003408,0.304899475014807
"BPH-1",0.35594190931804,0.864245493934967,1.65324368832643,0,0.864245493934967
"SNU-1",0.343830688999263,0.798047232119951,1.98676981956932,10.2511037415532,0.711007784323121
"JSC-1",0.625479298931285,0.110885481577572,1.46496506588806,5.14681171446547,0.102960680351127
"SAT [Human HNSCC]",0.248115213358897,1.87196548153723,1.63470009025539,0,1.87196548153723
"P30/OHK",0.454300218775093,0.312670649551181,2.52207307057563,12.2685859529634,0.279645848611779
"NCI-H2405",0.220623836790415,4.27232891156461,0.757675928083489,23.8878065351954,1.81261987542699
"C2BBe1",0.215423234436758,1.60837128458856,3.14451912853099,29.5493700417948,1.21035641914952
"TCCSUP",0.356389603767793,0.928868572165835,0.970352929892103,0,0.928868572165835
"HuP-T4",0.20452873616687,2.88134086816293,1.19862487930425,0,2.88134086816293
"A101D",0.314720686202433,0.977813834125446,1.44341314435872,17.7334200881724,0.72189385853155
"GA-10",0.664519724744097,0.0761036842254406,1.41203634836752,7.12652595728311,0.0682513648887901
"CESS",0.624592351188379,0.116606165848517,1.71264582137757,3.91658459421302,0.111182630154607
"RT-4",0.201575786552454,3.55327421657206,0.921272004153534,4.40545616329293,3.21475946006896
"NCI-H1155",0.387961934914824,0.583842400686564,2.1640750240375,8.44573381272301,0.535999738292647
"COLO 678",0.108447848770126,NA,2.55177141937275,63.7221857819085,1.27096888733064
"A-172",0.355563503348658,0.708567190533964,1.99746254268849,11.7526981280017,0.619615858053092
"647V",0.354182836669594,0.821263730594439,1.68245757971123,4.60559414979795,0.775422463812831
"EC-GI-10",0.256730232775019,1.47294146555375,2.97890336905936,11.5142452629407,1.34904722247968
"LN-18",0.438494676491506,0.420406155836533,2.87051801716951,5.67908587782124,0.403114115079122
"M14",0.49119325602489,0.217640383993098,1.6085292262805,16.7507158526912,0.168882394912555
"KYSE-140",0.590720763938801,0.129512419896983,4,6.92500764495399,0.124774322174384
"COLO 829",0.285000069948533,NA,2.03356406926033,51.4734412383487,0.172829702011147
"EPLC-272H",0.618044019575489,0.127666811176548,1.19863175077844,2.10988496552939,0.123156336797913
"G-361",0.226842540518606,NA,4,59.915716371113,0.200625934553449
"GDM-1",0.757067825788086,0.00592840663346987,0.309926449609015,0,0.00592840663346987
"JHH-1",0.372970276825766,0.684302781302798,1.43839351764476,8.92549980916248,0.596867732512658
"MM1.S",0.401734729490015,0.440311793446535,2.59191268628235,14.8523582824154,0.3843280418682
"MOLT-16",0.554794442061409,0.185790911075338,4,4.40769906647518,0.181553589996442
"NCI-H1693",0.266601345300284,1.88035906829085,0.99176750587284,0,1.88035906829085
"NCI-H1781",0.228703746540379,1.77304245580027,2.06374865816696,21.229329244478,1.35648877480382
"NCI-H2141",0.212353896238144,NA,0.805720933254554,65.8235408533872,0.121197086692281
"OE21",0.472604000418029,0.232934425288569,1.57473548047805,19.9039641498397,0.168746631275996
"Panc 08.13",0.16832042761751,4.28938347509001,1.06939734308575,0,4.28938347509001
"UPCI-SCC-090",0.279196163888379,1.96058263870082,0.776201134080393,0,1.96058263870082
"SU.86.86",0.198369218084867,NA,4,61.7218569200118,0.27888512283951
"SU-DHL-10",0.451931918023096,0.410478866774017,2.96305484722947,2.83723700732422,0.40246529367538
"SUIT-2",0.236757765914388,1.06715711176601,3.16393976524061,41.7160466916002,0.604600928821999
"SUP-HD1",0.428779404810099,0.328940935903609,1.70287984121761,20.4027242417739,0.241764503480245
"NOS-1 [Human osteosarcoma]",0.528990457211035,0.243663048265664,0.854154203332835,2.17931965526282,0.231276072600065
"CFPAC-1",0.400813700180589,0.647062876242547,0.79364752490518,9.47038104899213,0.496634837912698
"A2058",0.378258799646923,0.646561684874073,1.6582981373015,8.51129967490674,0.577750700877329
"CAL-27",0.284999346206851,1.49016759229837,1.27600107325145,0,1.49016759229837
"COLO 205",0.324942315115506,0.94388513394355,4,6.23260536013571,0.912986421995682
"COR-L23",0.493223020705339,0.235054448962023,2.08440994321535,12.3202312710103,0.205222646325722
"DAN-G",0.439156980374945,0.40433162692234,1.90757140926558,8.11987884472216,0.36846151483305
"EW-1",0.50384963613188,0.224816085436244,3.67223550498464,9.69269029919049,0.212003280028299
"GP5d",0.361004958029734,0.536546968493809,4,17.8580788550898,0.480433411057305
"NCI-H2722",0.137953863957164,4.83618707819132,1.37983075764641,0,4.83618707819132
"HCC15",0.176916200317675,3.1725383566848,1.73290062678062,0,3.1725383566848
"MFE-319",0.36465834339693,0.465129536854849,4,21.4974995077268,0.404158910852642
"NCI-H1876",0.393737064739659,0.526472704719379,2.04751094815647,11.4762595975795,0.463520476155778
"NCI-H661",0.282389017325524,2.24038651961283,1.05087811569514,43.6766693215451,0.313167403072998
"T-47D",0.0843574338490364,9.28553431638757,1.27213114817305,0,9.28553431638757
"U-87MG ATCC",0.216115153098104,5.91371498208073,1.08609524359484,45.2131880385097,0.681878934228753
"MC/CAR",0.488318218073541,0.272597191672034,4,7.39757387042508,0.261901182505146
"23132/87",0.320382634786273,0.624947708018846,2.1805125415175,31.4242181225288,0.396854980057681
"ATN-1",0.651505575610416,0.0840325780118194,2.76182743215552,6.85663743416087,0.0796625755525789
"BB49-HNC",0.445414177530333,0.471578798199616,1.03537660413811,0,0.471578798199616
"SK-N-BE(2)-M17",0.340946581782338,0.801453381815902,4,8.35221944623112,0.76565607075466
"BFTC-909",0.438395327709964,0.341676805863864,4,12.1248262974334,0.318758412828729
"BICR 10",0.511541915441009,0.191675342144585,1.66837066559118,15.1826025431873,0.154297306828829
"BV-173",0.55738220677569,0.200264454644464,2.21879131610731,2.00093699415458,0.196611886366374
"CAL-29",0.3673963920467,0.727083944461687,1.80393483980944,5.78440304315361,0.679181176582959
"COLO 678.1",0.0703404925223381,NA,0.658437660677256,60.7644339417992,6.7858570592063
"COR-L311",0.233167462514967,1.76917966511972,2.74726375539511,12.3682342986546,1.59532404268265
"DG-75",0.452635176076503,0.373169732208299,2.11332084598458,6.9213746554273,0.347766082399751
"EW-13",0.194211288063042,4.02391960846501,1.01154516704323,26.8456193402441,1.87987243307193
"GCT",0.254669559825112,1.80640818134012,1.51100698185428,0,1.80640818134012
"Lu-135",0.255305075100443,1.23456109036099,2.24481253233317,28.7305734026832,0.843620704234676
"MOLP-8",0.459566271675626,0.348485234841157,3.39698404487543,6.59254433363679,0.334278046040556
"SF268",0.273022740022731,1.80540470962441,0.966944102428182,0,1.80540470962441
"SNU-61",0.21329443538327,1.9438516779549,2.14338173059689,25.4934983714259,1.39372505864726
"HC-1",0.466825791964494,0.325609687282746,1.95158000313871,8.34500099767621,0.296525536746002
"A-704",0.390460001466491,0.741176439741416,0.81879504925088,1.14222130524885,0.720550162495508
"ALL-PO",0.602681377375379,0.12990893431641,0.643933647364242,0,0.12990893431641
"AM-38",0.288242905090444,1.1146845922088,1.83296843635325,19.2091514297901,0.855627201460831
"P32/ISH",0.578931900912106,0.171211872458316,1.35699805149643,2.14331220051666,0.165772396443881
"SUP-B15",0.404151495551494,0.563325485448795,3.50270395341368,3.68410438972869,0.551149738795166
"MHH-CALL-2",0.441327903262014,0.351834555536402,1.31897377980138,16.3114157603607,0.260809155775009
"ES-2",0.382202538157448,0.564681061893736,1.83835082111257,13.247813055914,0.477619626170385
"NUGC-4",0.0583123741378249,29.6301275554723,1.25148387499964,40.33029711049,7.97195555886328
"HCC1187",0.0133286596232208,12.2421629690348,4,0,12.2421629690348
"NEC8",0.421728422800127,0.47095697992695,4,5.58123681955518,0.457225403841246
"CAL-78",0.225299979770512,2.33309803132997,1.33010922760861,0,2.33309803132997
"AN3-CA",0.310024109026989,1.05096563612991,2.19519293774007,8.50565155441867,0.965380094090545
"DU4475",0.408283677099253,0.61132103296493,1.16473315893539,0,0.61132103296493
"PaTu 8902",0.182667658786264,3.2629678083338,1.38189443208808,20.5853618528118,2.2226979440974
"HT-1080",0.268215099293381,2.41383023165155,0.687794039549473,0,2.41383023165155
"HCC1806",0.619394115703606,0.118694562737799,2.11744797774784,4.38291769645243,0.113661803269955
"HOP-62",0.345743006249022,0.931923353632746,1.03798763214353,8.21606370967767,0.783921719773601
"JIMT-1",0.307586917059126,0.977160243180016,2.21524821447823,14.3314957063846,0.838976284923666
"Rh1",0.537496786470968,0.21166946705157,2.41415555768823,4.70752672969382,0.203174787928794
"RC-K8",0.337692295563644,0.666209786675565,2.00603427466757,22.4060425533847,0.495360389056044
"SU-DHL-5",0.808903311216147,0.032160244020996,1.33384239264649,0.214550281539651,0.0320567280237019
"A3/Kawakami",0.579376849509289,0.167311915386923,2.34842620074404,2.71819050869333,0.163376569019255
"A3/Kawakami.1",0.607431480870978,0.133307287368165,1.77635914877695,3.64748498309211,0.127742296341555
"CL-40",0.288581370002583,1.21607555637176,2.86024240094336,8.13063284483761,1.1429152539256
"COLO 792",0.125955336756859,4.38280864855233,2.55086951719689,0,4.38280864855233
"COLO 824",0.301209215747369,1.82964848582335,0.657404002945791,0,1.82964848582335
"HCC1143",0.428936009220464,0.226166527946251,1.74583846576977,32.3275766230876,0.124656156665205
"HCC1143.1",0.434015598997454,0.263408144829409,1.91921565700177,24.9679931004254,0.183682674113978
"HCC1143.2",0.437077686779363,0.179748561737623,2.74842648451198,30.8900544005083,0.126672900593062
"HEC-1",0.214459495556604,2.3741266554573,1.44356019148173,32.5585051002237,1.14461086922165
"Hs 445",0.495517591066865,0.173871017971369,3.08461513167961,18.5524183689834,0.149603244649396
"HT-55",0.225186396075149,1.13788590002778,3.94702970299765,39.3853789489114,0.768376642062934
"HuP-T3",0.404785470642532,0.468905525663794,1.39130745543512,16.5562349373561,0.351198348037734
"JVM-2",0.643570726816789,0.0849453636665424,1.29621116121194,8.47621397030712,0.0736041139764249
"JVM-2.1",0.622292918445595,0.095062791036268,1.48826287508279,10.0414674810735,0.0817695658766791
"JVM-2.2",0.649337438499896,0.0723095148021635,1.71567057541075,11.2418643064613,0.0623342451095446
"NCI-H2228",0.334771659687231,1.10988450709438,0.909693545412969,2.5520002723253,1.04777266317329
"SNU-5",0.519658286580046,0.194202650654643,2.67231237031495,11.034046791336,0.176902585124303
"NUGC-3",0.287503343127669,0.913698274954284,2.87286759522876,24.3647033673865,0.724123331566403
"OACP4 C",0.319165213416678,1.00411819630001,2.22712929267267,6.8674617671819,0.939667511493459
"OCI-M1",0.540805425433138,0.204330165857202,2.74465973999715,4.90456286213875,0.196786931463294
"OCI-M1.1",0.551891804886136,0.192019010419148,3.0148957785895,4.27671348015204,0.186407762077429
"OCI-M1.2",0.518275023163536,0.242839732357276,4,4.29182916827044,0.237451930584923
"OV56",0.209027125528041,4.64737746726076,1.15500530141804,43.2826564919267,0.817391417240966
"RS4;11",0.451317708911296,0.333718824421622,2.82779718381522,10.5106605874577,0.30699895557258
"SCC-3",0.568748084998603,0.178835811928085,2.07437409746016,3.08057961734779,0.173436659814881
"SK-ES-1",0.427289364456693,0.439913659244852,1.90906904097351,8.34370620322065,0.39979231402949
"SU-DHL-8",0.460937637898175,0.186816453955779,3.4702257759189,23.5301037289884,0.155531600767657
"TK [Human B-cell lymphoma]",0.424840447065299,0.296452416850513,4,19.4115475782517,0.262181395354273
"A3/Kawakami.2",0.601823884050449,0.134387554484707,2.67836632036358,4.27546963808536,0.129976506773779
"NCI-H747",0.247303958762079,2.00455266752865,1.24390044668109,0,2.00455266752865
"NB1",0.276039895880798,NA,4,53.92578968745,0.159505198483787
"HPAC",0.348110595042888,1.26928318951446,0.595993466291763,3.75000242128949,1.11364992991725
"EW-16",0.277664706524205,1.88137671172596,0.83962625786557,0,1.88137671172596
"OSC-20",0.241210379294207,2.57718699391284,0.895586316943703,16.8247436084722,1.63012002242181
"EGI-1",0.0942501333120463,7.71931385963634,1.35818673424959,0,7.71931385963634
"SBC-5",0.341139366690034,0.899719972410102,1.22675516978127,10.127865866897,0.748129615260121
"NCI-H2369",0.171083509989902,3.91965516481905,1.17138638826105,0,3.91965516481905
"H9",0.588205811756046,0.169586122288245,1.32588266938612,0,0.169586122288245
"OACM5.1 C",0.33950675653718,1.18359806490191,0.731371235159442,22.0404727091811,0.534618682431996
"U2OS.3",0.462767933621763,0.300601844281756,2.56867287483728,11.3191999970345,0.272015665964271
"A-375.2",0.310993148473576,0.909299534074462,4,13.1787806482793,0.84234307346552
"A-375.3",0.33670765138417,1.01317905249613,1.30119427553587,0,1.01317905249613
"HT-29.2",0.473853478770575,0.183975318854902,2.93469999584757,21.9236271464396,0.151132424023886
"HT-29.3",0.445977302263393,0.273164333976177,1.67706520769521,21.7738193403166,0.194248229946513
"HT-29.4",0.446274708431057,0.212782457416681,2.87008540170315,24.543656345445,0.168185150272058
"A-549",0.298287910613518,1.29424687909197,1.58186560692018,0.990659151436977,1.27797656650254
"HCT 15.3",0.413564356036087,0.483471320518348,2.02368750451593,8.5059556478673,0.440912654141964
"HCT 15.4",0.320456878161408,0.962007130415111,3.64789338829551,7.13694969013558,0.922236957594536
"HCT 15.5",0.347204420444776,0.935450441739407,1.33937285644882,0,0.935450441739407
"A-375.4",0.336574341717654,1.00853992661617,1.35629197764343,0,1.00853992661617
"U2OS.4",0.457199933046112,0.339537279349378,2.30829246725976,8.94218834051914,0.311756092777795
"C32 [Human melanoma].3",0.354695506734115,1.04228040763275,0.73635529472615,30.2426257393549,0.295370717564038
"C32 [Human melanoma].4",0.339097672777077,1.25105134735529,0.785811646813455,35.6189373075412,0.256204745047059
"C32 [Human melanoma].5",0.314928228420951,0.584901210611756,2.00938180264284,41.9334619377074,0.235934089676112
"PC-14.3",0.451916253359342,0.447191549561724,1.1278898211808,0,0.447191549561724
"PC-14.4",0.457381056274425,0.436285133805467,0.907231318186126,0,0.436285133805467
"PC-14.5",0.42316689709679,0.454317175716844,1.99122950117563,8.11590062933807,0.415651491258401
"A-549.1",0.331997833467286,1.01625729221114,1.39516836013744,2.24428392254668,0.983350097597193
"A-549.2",0.299389965024208,1.31344946726633,1.41648498750918,0,1.31344946726633
"MHH-ES-1.3",0.328473250570602,1.14422144639597,0.995233087315664,0,1.14422144639597
"MHH-ES-1.4",0.250260280204625,1.765302634361,1.72186338355205,5.23229477664542,1.65553890079563
"MHH-ES-1.5",0.269634534061546,1.63165783334286,1.38331042153448,1.22730482958222,1.60260543902057
"SNU-C2B.3",0.323495220232212,1.81822784906983,0.526977016547501,0,1.81822784906983
"SNU-C2B.4",0.323385217884686,1.85253505403204,0.518669064434781,0,1.85253505403204
"SNU-C2B.5",0.347486380302306,1.66432297602207,0.454805469515913,2.35139107729161,1.49706414337955
"SW620.3",0.265997329448517,1.55351428557486,1.65968474877826,7.03866167449772,1.41779556555455
"SW620.4",0.263291971509213,1.70786298079151,1.44625189510031,0,1.70786298079151
"SW620.5",0.249228350426944,1.63239217013747,2.08600090666515,11.6014791312642,1.43833562372201
"HT-144",0.258734026277249,3.0172755481677,0.614363502443352,0,3.0172755481677
"HuH-1",0.250680710415585,2.68086470274775,0.73605323719506,0,2.68086470274775
"LB771-HNC",0.235610498013699,18.942425760445,0.540071317820901,40.6872270126172,0.843265058464567
"LCLC-97TM1",0.334149430171117,0.948022155662778,1.61281742794484,5.30404703726409,0.884345077805018
"NCI-H196",0.154106395073777,5.32503966369047,0.985571035414481,0,5.32503966369047
"NCI-H1963",0.369134384622947,0.853759187084597,0.921715045131603,0,0.853759187084597
"NH-12",0.343026427145976,0.620909770427851,1.96279405336584,23.7933937350526,0.446775962199885
"OAW42",0.306880904685315,1.92007639991624,0.765327454170443,35.2719207934454,0.388801521020996
"PFSK-1",0.368263951472298,0.909200543938263,0.780749763089662,0,0.909200543938263
"RERF-GC-1B",0.345743285123099,0.954597381722367,1.24653952497543,0,0.954597381722367
"TE-6",0.274774432280264,1.60834414169063,1.17931789027421,5.16830527350965,1.46621988226483
"A-253",0.158148243603073,6.03750837149306,0.846823024984374,0,6.03750837149306
"DMS 273",0.350372201774076,1.0314054286576,0.780411299521095,6.30227708826573,0.867869830633109
"SK-MES-1",0.309453136554631,1.38398074303877,0.900607048165641,0,1.38398074303877
"TOV-21G",0.468241473225898,0.418824376016153,0.608577350087637,0,0.418824376016153
"MS751",0.180176208050322,3.73633500344758,1.15308725236967,13.4461464238954,2.84753861566674
"DK-MG",0.277577084278187,2.77449870981031,0.55951531779885,0,2.77449870981031
"CHSA8926",0.149740215640159,3.8120128442429,1.9790345029428,0,3.8120128442429
"HCC2157",0.190948362695502,2.58226639480649,1.94002007589904,17.7211422877408,2.0608063680573
"KY821",0.473820277949704,0.348265709102136,4,2.96056770847923,0.342991795721016
"NCI-H1092",0.144304388969369,NA,2.19540775161084,59.3487101898724,0.863053416476045
"NCI-H1793",0.243048040571257,NA,1.44058500951457,52.1576914818521,0.299036444229482
"PC-3",0.152829395940298,44.0300840717136,0.387168640480478,0,44.0300840717136
"NCI-H1915",0.229590981791141,2.46286888055879,1.072997611851,0,2.46286888055879
"NCI-H650",0.180376081438164,3.65943703288161,1.20540721141366,18.0815508086972,2.52175428424609
"Rh41",0.405445853813704,0.561229761469066,1.38776966643323,6.09961249362573,0.511006819332012
"KU-19-19",0.408667251267329,0.325822139663583,4,20.645044935539,0.285205860469177
"CAS-1",0.308532926647688,1.4885653349067,0.795659994464893,0,1.4885653349067
"HPAC.1",0.282600203162391,0.994902551318815,2.63474929667538,23.36870510228,0.783332424152264
"CL-11",0.239743664953787,2.1594537746119,1.14280917534447,24.8666047842963,1.18291612679188
"HCC1954.1",0.336455194839737,0.429867778853488,4,31.57670908318,0.334914688339216
"HCC1937",0.165090115377953,7.76085429894665,0.676613368969975,0,7.76085429894665
"PA-1",0.3030705997727,1.07803790584151,2.13605140216003,10.6365472700373,0.963837306882948
"EFM-192A",0.0113709281990358,NA,4,87.1284772659997,5.55761238707871
"MOLT-13",0.444621590520481,0.343185954330978,4,10.487461189476,0.32357185435685
"MHH-ES-1.6",0.229471999601255,2.12235196638839,1.7731694530502,0,2.12235196638839
"U2OS.5",0.433389852539592,0.302278964261187,4,16.894368920282,0.272672218823231
"HT-29.5",0.330445088817545,0.371286391378241,4,37.1875,0.264164832038609
"A-375.5",0.281699386720764,1.44194426047104,1.59715666793911,2.40257389435406,1.39816392327517
"PC-14.6",0.481755467800004,0.337184740444193,1.11022689985397,3.8900443876377,0.313462020692651
"KYSE-150",0.218802574334783,2.41031935552318,1.41384805029174,0,2.41031935552318
"SiMa",0.556665930610895,0.173564367536014,1.35927070494374,7.55047331747858,0.153870442863219
"SW626",0.285893367473057,1.87685339901531,0.877298945599079,32.4998155592043,0.567199602519629
"KMOE-2",0.331855964856415,1.15910428601863,0.891317348088521,0,1.15910428601863
"NCI-H2591",0.12161198231706,8.83153248295868,1.43590794991021,41.1778866736227,2.63847180114069
"HCC1937.1",0.254278503833604,4.05344088948112,0.518753329320938,0,4.05344088948112
"KLE",0.301357545242388,5.74746897866153,0.316670859383157,0,5.74746897866153
"KYSE-410",0.262470996547002,2.18171409794782,0.823669885468504,0,2.18171409794782
"LNCaP clone FGC",0.314541878484486,0.941437100218446,1.33243013858466,42.454636114402,0.227722745339504
"NB(TU)1",0.508221728461822,0.240044768828678,1.26558802898848,9.72982396813664,0.202315500233441
"NCI-H209",0.544726939982225,0.227554478001164,1.00194573742632,0,0.227554478001164
"NCI-H720",0.244562751904547,2.05352502645715,1.234375,3.46944695195361e-15,2.05352502645715
"NB1.1",0.270477650111405,10.4844908996376,0.528057995371268,39.8374482357658,0.513035335133106
"Lu-99A",0.295075360499155,1.22075809230938,1.62529709595592,9.14940950929598,1.07801834751965
"MOLM-13",0.969211905989988,1.01601529351973e-06,4,3.0788094010012,1e-06
"Lu-99A.1",0.320132636304805,1.11136552350198,1.24052715070497,4.72585781748908,1.02588265183539
"Lu-99A.2",0.317642431318207,1.17805906778611,1.19055261700085,0.803967223499687,1.16212785658772
"NCI-H2347",0.150546614040161,9.58059756077157,0.772191386177783,21.1961269833669,4.69041825442271
"MDA-MB-436",0.110088859251717,14108.4146681526,0.163691686009986,0,14108.4146681526
"HDQ-P1.1",0.0225687635404511,1.69656071043184,1.95009873673039,0,1.69656071043184
"MDA-MB-361",0.165582231757263,0.458431673482297,1.80921536188492,45.2861315023348,0.124280548858998
"BT-474.1",0.0699399046768674,NA,0.56167547666498,89.9888604405143,0.0046076040775153
"MDA-MB-157",0.296654950426663,0.137059508742898,1.12672998881529,3.73743565418579,0.127927478574048
"CAL-85-1",0.0334154019809768,NA,2.1548008567784,73.9338774063815,0.442823818148124
"AU565.1",0.104011239772725,2.25635155266213,0.63778996698625,0,2.25635155266213
"HCC1806.1",0.308006409180581,0.101549694966163,3.35345893152774,9.02233617559077,0.0956989954437127
"NCI-H1341",0.453925349187553,0.360791866914813,1.76348761113755,8.54972371349182,0.324394934728858
"NCI-H1573",0.144368833038294,3.71021939477496,2.21286328821931,29.3463721227373,2.488173540679
"NCI-H1688",0.136825895850027,24.9315249713043,0.498461357088381,0,24.9315249713043
"A-498",0.286485226977012,1.76143847657612,0.822477596942935,5.90482762425471,1.51184850056457
"MFM-223",0.265483590296061,1.51759941827997,1.45546414758714,42.404109218339,0.415784485481746
"MDA-MB-175-VII",0.0702990906524447,NA,4,58.3864755548102,0.310791004290645
"HCC1187.1",0.141312605801371,16.6904881180124,0.359375,22.5000000000001,3.16227766016838
"MFM-223.1",0.149865411179402,0.627032623591859,0.912995309587709,7.07463026436868,0.530542595265656
"DU4475.1",0.139335475325079,0.393901862640265,2.37764928362553,4.42381253987642,0.378849846122991
"HCC1569",0.379943675219113,0.0599065038085179,1.3087179086703,14.83696964035,0.0457777583958567
"UACC-893",0.084049048321271,29.8491330849118,0.381883601309212,0,29.8491330849118
"CAL-120.1",0.0398940700236808,NA,1.61978503386758,64.180256204958,0.569087437167776
"HCC1937.2",0.159156348878049,1.02588056375596,0.608218681345917,0,1.02588056375596
"JIMT-1.1",0.0875585570746221,0.684036186566191,2.46032046956861,36.7313371713684,0.398937787333035
"CAMA-1",0.100237488072784,149525.603895928,0.144850711235605,0,149525.603895928
"HCC1419",0.055572095063091,NA,0,88.8855809873818,0.0422657752197929
"MDA-MB-361.1",0.308220059455316,0.401133792100571,4,42.1125027832675,0.252802609646273
"LS411N",0.460240246995937,0.248497344873231,3.5666661365161,16.5005506661636,0.222103636833137
"HL-60",0.297242077827749,1.11569082234898,4,8.2767681610674,1.06634035413973
"PF-382",0.470839133519331,0.31404310459773,2.77488785378695,7.61782815157462,0.295882378263888
"SNU-407",0.147082331158266,4.13110144788492,1.68613521877007,23.7271424063316,2.82048824216706
"NCI-H1417",0.450745058332791,0.414421177870295,1.24402370220126,4.76089574941039,0.3823931682432
"NCI-H1417.1",0.451506660575435,0.417849405758143,0.984146106602508,5.78235936361305,0.368795426039079
"NCI-H1417.2",0.49182664946815,0.321058694230212,1.13528774699803,2.41362604397847,0.307367263949283
"P12-Ichikawa",0.532445919228416,0.215353984002071,3.34317883769779,4.94928451649038,0.208743235620265
"P12-Ichikawa.1",0.528251655922459,0.230658839516601,4,3.69040004260135,0.22627957738479
"P12-Ichikawa.2",0.541542636269358,0.200660641995109,3.24689833009828,5.10753625301977,0.194110710756779
"SiHa",0.114957712905478,5.0075339592236,2.0796029803583,0,5.0075339592236
"OVTOKO",0.274406435098177,1.19556117928436,1.54363687564777,33.2128824947392,0.58953383750555
"FaDu",0.301263240445204,1.26299727115517,1.67666466774058,0.678696139645936,1.25274412600249
"5637",0.29004035862059,1.38874407313112,1.55087203164886,0,1.38874407313112
"Detroit 562",0.37799056955443,0.653093279047979,3.0642554670067,5.67748836172973,0.627902991402827
"NCI-H2052",0.187098235915257,3.36254302509894,1.18946000371589,0,3.36254302509894
"Rh30",0.470894530979292,0.374371835088755,1.4364780435502,1.82165450000475,0.364823314114876
"T-47D.1",0.0322745973646534,NA,4,73.9057828603208,4.2913586216046
"KYSE-180.1",0.407786834857018,0.507884165575788,4,6.59115269737163,0.490249021183401
"HCC827.1",0.344449332563577,0.61718667638746,1.79258974970033,25.0393160175601,0.418894841871315
"A-375.6",0.31903439139682,1.122926947617,1.62687565082736,0,1.122926947617
"A-375.7",0.335197554257051,1.02803686070543,1.27068680721784,0,1.02803686070543
"A-375.8",0.306828712510415,1.18229972247917,1.92834431008059,2.14828072366177,1.15567841044525
"A-549.3",0.290837751726572,1.38778385543834,1.49058147922216,0,1.38778385543834
"A-549.4",0.302084388685672,1.12582384596924,2.44268017185545,7.26455222660984,1.0557419168204
"C32 [Human melanoma].6",0.265971163745989,2.15577906704041,0.802282185064924,0,2.15577906704041
"C32 [Human melanoma].7",0.293311710743404,1.98515977828169,0.653462902655843,0,1.98515977828169
"C32 [Human melanoma].8",0.250314529777396,2.33591012760679,0.876096562432264,4.85153013454974,2.07902707428715
"HT-29.6",0.296777091214292,0.658360482292536,4,30.7184962399445,0.51880777865574
"HT-29.7",0.287973166563605,0.627883127744799,4,35.2899590249704,0.462423378679312
"HT-29.8",0.36829015014681,0.519915321702285,2.02491922870803,21.2534601970145,0.395566515404425
"MHH-ES-1.7",0.220116151970869,2.13843024838883,2.71932196278215,3.35721453605661,2.08446545412526
"MHH-ES-1.8",0.23488200511171,2.04150553141336,1.76172550713906,0,2.04150553141336
"MHH-ES-1.9",0.226264665994318,2.12078638581329,2.24287096559589,0.212439333020954,2.11676413036928
"SNU-C2B.6",0.285016215144657,1.28399804152218,1.24088334787355,33.3799435852725,0.528546148530379
"SNU-C2B.7",0.262810133782154,2.71369403640501,0.648031163036819,0,2.71369403640501
"SNU-C2B.8",0.218542979110188,3.94293240822365,0.69903369566084,0,3.94293240822365
"SW620.6",0.264950089095356,1.61163215133508,1.7512416589794,2.41100146961595,1.56678641240303
"SW620.7",0.263932925607494,1.47678895227117,3.24803678777148,6.95811507289274,1.41020454254415
"SW620.8",0.263014369004301,1.6424272984356,1.74796529012333,1.83928949188899,1.60758563535562
"PC-14.7",0.410280155785107,0.465587051270959,2.13138271186246,10.9924433983859,0.414393967247401
"PC-14.8",0.39464849131487,0.556395392875282,1.67032015658696,9.8171385692127,0.488146996542475
"PC-14.9",0.388424561025669,0.572679636841442,2.3188454609968,8.89641243925354,0.526279722431905
"HCT 15.6",0.269296768533597,1.42614314565314,2.76577617647458,7.26293534462768,1.34746384422091
"HCT 15.7",0.251957136759481,1.5663658020688,3.93589241977727,8.45333840721104,1.49436676187989
"HCT 15.8",0.273039208818748,1.4583435645985,2.1697102051355,4.5298407810038,1.39588961494673
"U2OS.6",0.370157617281488,0.644340267766975,1.90616970058273,11.0869989313776,0.564934330382304
"U2OS.7",0.388738491517271,0.558173911699814,1.74799083332702,11.6714205558335,0.479428483791116
"U2OS.8",0.371019216440136,0.586067136982487,2.44551165621779,13.6378287957565,0.514501361158186
"HCC1428",0.0814980114612428,NA,3.53831729755825,68.1374170004391,1.70984354589354
"HCC1500",0.0892106880743499,NA,4,87.4166784184673,0.0746875023792743
"KYSE-520",0.36548942260491,0.571396824952361,2.29020924730264,17.1042779882865,0.47592999527179
"KYSE-520.1",0.355521069096244,1.0830295868142,0.68102444980942,0,1.0830295868142
"KYSE-520.2",0.350789006162832,0.979764957963947,0.937873718850101,0,0.979764957963947
"MeWo",0.188919674519437,NA,4,63.9848656861923,0.26696283676243
"NCI-H1838",0.2576925017016,4.14675600525296,0.49928336234284,0,4.14675600525296
"NCI-H446",0.327022611736368,0.947939576336809,4,5.24089525306696,0.922058556035494
"NCI-H446.1",0.367368951460596,0.745329784790664,3.01019389247878,3.06091978037322,0.729851161353628
"NCI-H596",0.306852027647394,1.36127679915953,0.984763204068455,0,1.36127679915953
"NCI-H2122",0.460466674673836,0.353861239621298,4,5.66337880552115,0.34338485906206
"BT-20",0.147219920254275,5.76219777230899,1.20275397418164,28.8167060428797,2.8215391345755
"HCC1419.1",0,NA,1.7601738131001,100,6.55537749635828
"BT-483",0.138644921393042,2.35091524817289,0.501246418106486,0,2.35091524817289
"COLO 824.1",0.0927974632425243,1.01796716102601,1.06201523961895,0,1.01796716102601
"EFM-192A.1",0.0891376695737915,NA,4,89.5276226649583,0.00272871500944601
"HCC1428.1",0.077113761998232,95.7453312393339,0.331591130895488,0,95.7453312393339
"HCC1954.2",0.138213650418652,0.458433847337199,1.58339386096872,17.4728066141922,0.34942229103615
"IGR-37",0.401252357727326,0.283565210508069,4,26.0264425006587,0.235962814707451
"HD-MY-Z",0.240156565134106,3.09330192394511,1.06601755101424,40.8779621489133,0.627050134520944
"H4",0.455290437592099,0.418604371466667,1.07571754070604,2.96985336749438,0.395441242057656
"Calu-3",0.155642448908172,6.41306916041553,0.82672808595718,0,6.41306916041553
"Becker",0.379800741987126,0.388441226693885,2.49429929508756,25.914355933569,0.289834865007615
"DU145",0.241940718622293,1.11877030439996,4,31.4688807203957,0.872918790283173
"NCI-H2595",0.140136136753896,8.94257719581044,0.968478288955888,30.6316504288434,3.3587653122782
"DOK",0.341285112725737,0.982323788352131,1.27968829696172,0,0.982323788352131
"CW-2",0.139693990821067,4.59035869345075,1.80622573034081,35.0018427643107,2.35684027141008
"22Rv1",0.179306631401038,NA,4,52.6057448396135,0.732993354813542
"CAL-39",0.454171761046344,0.448340726831836,0.880261048107836,0,0.448340726831836
"K5",0.264765019184905,1.65969816743598,1.61689791284734,0,1.65969816743598
"COLO 679",0.467306059179429,0.131239507157083,4,29.076451209255,0.105555514331942
"769-P",0.501997773474381,0.202883439094273,1.80668107703195,15.3925909762331,0.165499471272874
"GI-1",0.532603665623643,0.238719933498322,1.37034847791668,2.22829476692425,0.230908725938105
"DOV13",0.453553075579563,0.43665838872525,1.75044700301155,0,0.43665838872525
"DB",0.296612392017122,0.864142066088895,4,20.6439124143296,0.756427291443281
"A-375.9",0.319023020666923,1.16178241911488,1.24622633195624,0,1.16178241911488
"A-375.10",0.316606887609184,1.12424821959715,1.51184480428701,2.35167250800143,1.08898841437339
"A-549.5",0.345228472915051,0.994878256380109,1.03384361503473,0,0.994878256380109
"A-549.6",0.308171390923149,1.16712847926839,1.60761986956458,4.01319123422359,1.1079390086396
"A-549.7",0.275552060641625,1.44105581605897,1.99118514246454,4.61166692617687,1.37269766268017
"C32 [Human melanoma].9",0.376323894144518,0.308182716824744,2.69285313436689,33.0148678031133,0.206386031756316
"C32 [Human melanoma].10",0.455983161707717,0.305063358310266,0.83695954690056,26.4521746393817,0.12407012578113
"C32 [Human melanoma].11",0.445074235710743,0.185186776414945,1.8846756052839,32.1136743062698,0.107331278906935
"HCT 15.9",0.379962454205521,0.700583731039784,1.6436841175739,2.80172464438751,0.676431182772388
"HCT 15.10",0.353476121439581,0.823566558443437,2.08302179716304,3.74043001536587,0.793391313082777
"HCT 15.11",0.334647174084884,0.926585201754016,2.98479696747832,3.95656924456572,0.90134377609309
"HT-29.9",0.505313161085884,0.155387415158894,3.1860020739747,19.1240637520161,0.133569276291191
"HT-29.10",0.522755667963605,0.132961517785307,3.85452757334693,18.7099772649478,0.117737353998773
"HT-29.11",0.498678039739205,0.172221162745819,2.57083133754338,18.8658991177972,0.143238706222852
"MHH-ES-1.10",0.301007711336272,1.3859392077676,1.06559776660851,0,1.3859392077676
"MHH-ES-1.11",0.29493805568678,1.23133094059278,1.61911545189142,8.48301099253817,1.09775517165854
"MHH-ES-1.12",0.297662791759179,1.37247593501384,1.20652510824827,0,1.37247593501384
"PC-14.10",0.569410989368082,0.156861472804169,0.487867844291252,0,0.156861472804169
"PC-14.11",0.510194694654076,0.293660123679115,1.04770681797967,0,0.293660123679115
"PC-14.12",NA,NA,NA,NA,NA
"SNU-C2B.9",0.283743138757922,0.50323365743824,4,45.1054333968722,0.281485312939803
"SNU-C2B.10",0.317110704854687,1.01883490181292,1.10248245334214,31.6971097891013,0.409471989416036
"SNU-C2B.11",0.345753383169219,0.701071893221407,1.30524624752599,25.8332459657995,0.401654735027711
"SW620.9",0.259672876480555,1.52917741683509,2.29386721370321,8.83283708778684,1.4049336148913
"SW620.10",0.247315597553908,1.49238596694995,4,13.8803312050602,1.37586111106113
"SW620.11",0.293770349217346,1.28584650863674,1.60202052886941,5.15148891955264,1.20146913792438
"U2OS.9",0.454338340291902,0.285269262193408,3.70089336111791,13.9019024936076,0.261231072628703
"U2OS.10",0.499041902646265,0.271616596566623,1.71502382267116,6.47097280514284,0.250530135097442
"U2OS.11",0.465450402492703,0.258580606390957,2.75448954755979,15.0657414931405,0.227019594028036
"MFM-223.2",0.206251481093252,1.33502902141186,4,45.2396346873651,0.741580456714944
"MFM-223.3",0.213633159797374,1.24750206658142,4,46.9796113862,0.618464076588178
"MFM-223.4",0.212572075711376,1.23539988167325,4,43.8771690693015,0.730807711155497
"A-375.11",0.309835660126263,1.0503006848439,2.30497204473442,8.32915929803604,0.970465622084702
"ES7",0.529822357662585,0.252354602515502,1.1470725482295,0.570172642768231,0.249844014456375
"HLE",0.271054697006873,1.69661123262006,1.17270253678806,0,1.69661123262006
"Kelly",0.710306655438802,0.0615421107410393,4,4.01248478762132,0.0602684292001026
"KINGS-1",0.235065642757792,1.82848389173877,1.53606778153404,35.3599235248941,0.821908519285633
"KP-3",0.255621657927512,NA,1.28989091231429,54.0252794758129,0.212808675028989
"MKN1",0.48894610375215,0.269609536404784,1.243746309111,11.3731669389204,0.219088551668336
"SJNB-13",0.492172997533662,0.225244031174971,4,11.9634756405385,0.210358951096046
"SJNB-7",0.3673279363182,0.67752050937143,2.67891120687228,7.96986181043932,0.634999311164348
"NCI-H1993",0.353039608488847,0.295893508817017,4,36.6779766530712,0.212586403376852
"NY",0.445792626633197,0.491945611944676,0.727081811136887,0,0.491945611944676
"BxPC-3",0.432617998344037,0.377465740140227,1.53446507684633,14.7038222056508,0.300825044459033
"CPC-N",0.568853899573299,0.147719124897084,2.34915088304173,8.47910211847995,0.136484237240756
"GaMG",0.346582190543799,0.863196472998799,1.926883697697,4.23173215002658,0.82447641616454
"L-540",0.450048452155921,0.224261956976947,2.6156603752034,22.8895453388929,0.177469700445443
"LCLC-103H",0.317957050962152,1.20631831244659,1.09481177111304,0,1.20631831244659
"Loucy",0.562874497005496,0.184284486244466,4,3.03274024520431,0.18142414321693
"MOLT-4",0.498590597667446,0.299695394094163,2.72300049019703,2.29657845777178,0.294564776684596
"Mo",0.107319242039941,NA,1.0511319950833,52.0694219200313,2.61453638531262
"NALM-6",0.629902412113163,0.122470366969602,1.75719722954647,1.37239881954238,0.120545877169137
"Namalwa",0.609740261526148,0.121337854871648,1.83596895501834,5.85278307565781,0.113382945597544
"NOMO-1",0.594975577076556,0.134473686969335,3.67262194144935,5.29563717916752,0.130436395229471
"OPM-2",0.506919649090672,0.276894572135362,2.47953062390422,3.066140341074,0.269916972387643
"A4/Fukuda",0.669847650822927,0.0601894135038177,2.59253154577644,11.109861267701,0.0546293361276879
"ACHN",0.648506693438178,0.0682799632664483,2.23601902603527,12.243407932109,0.0602202029721888
"BE-13",0.589375056527631,0.151757550864325,2.88435859894161,3.34733968912848,0.148155212464657
"BT-483.1",0.0824561318132527,NA,4,86.1079472779603,0.165762982409509
"CAL-62",0.558698107665349,0.189204515764419,0.954492681031031,3.51914245413819,0.175276810579324
"CAL-85-1.1",0.356501135050496,0.636603011644723,2.76388385601885,14.4229666049266,0.562850577283929
"CHL-1",0.308505882040107,0.693267818194029,4,25.0353546171406,0.582760208191171
"COLO 668",0.385817892042163,0.61330457296999,1.1284174475763,13.920759213426,0.459294166041784
"ES8",0.492177423693419,0.334126984102693,1.43668488542239,0,0.334126984102693
"JHU-022",0.457722450878426,0.29038375912569,0.999307541574214,23.1759118025915,0.155718383029798
"JVM-3",0.688270229569553,0.0668547801336315,3.079583684288,5.80101312613332,0.0642304927627292
"L-1236",0.448552861989824,0.25167874048322,1.81810583155359,22.8395889851025,0.179916884854151
"LAMA-84",0.624637050425867,0.126378252762352,2.93398187004453,1.52731963741089,0.125049023408157
"LC4-1",0.42775384192383,0.182046671835428,2.84724476587895,32.4410044566701,0.126056474795832
"LoVo",0.505170997149375,0.151159900574025,3.764548011705,19.2492741885097,0.132848581455744
"M059J",0.323076624695262,1.06961595156885,1.52025207137016,2.52381063690293,1.03378813018414
"MFE-280",0.149458471001927,4.04567748887371,1.62268287526323,0.948370437848469,3.99821427095587
"MIA PaCa-2",0.294703203380175,1.15197201730235,1.43527754955725,18.894587433725,0.827603453606333
"OCUB-M",0.20620698570736,NA,2.15651603560067,56.4774402660281,0.379159933911957
"COLO 320HSR",0.571635972269606,0.127868290389444,1.55816135385216,12.9585610689621,0.105475139640661
"CaR-1",0.31390247170684,1.15181016594948,1.61572131028486,1.15745607999604,1.13523411874959
"BICR 78",0.302930667691658,2.56353780423883,0.480529974208423,0,2.56353780423883
"NCI-H1435",0.0481771760917667,7.74084225884796,4,0,7.74084225884796
"IHH-4",0.347080079845133,0.91479421580201,1.19484709620766,4.35359283029215,0.847640544434479
"EFO-21",0.326108533237405,0.871367227742595,1.2731892404628,24.3135884570069,0.516419716015816
"IA-LM",0.10579584458092,7.2335858117297,1.25409114920584,0,7.2335858117297
"KALS-1",0.467398908125029,0.407699602311232,0.817660593733918,0,0.407699602311232
"KS-1 [Human glioblastoma]",0.231246766386523,1.25765347603401,4,31.017994394585,0.987197436054275
"NCI-H2818",0.152890270432505,NA,1.26819906497515,50.1146755589135,1.27067915048319
"Kuramochi",0.227291592517477,3.61698096808435,0.695077854442259,0,3.61698096808435
"HOS",0.386385005498139,0.632386287829733,2.4827133856571,4.72434728529738,0.607603514858422
"WM1552C",0.372684675304515,0.84556687244727,0.866459534944328,0,0.84556687244727
"JHH-2",0.311411572238457,1.91387243840231,0.565241055612972,0,1.91387243840231
"NCI-H2461",0.361966916037862,0.579539210323028,1.7574374384052,48.591401353393,0.0760348832998039
"VAL",0.690617901336093,0.0701024501016937,1.75722207110981,4.47584083044676,0.066459285013621
"BL-41",0.5627292363994,0.202658602214271,4,0.350614524915057,0.202302388891617
"TE-5",0.242263094517431,2.62859075671222,0.865463959565857,15.9858030259832,1.68424378326739
"GCIY",0.241127729610158,1.8213365340412,1.60161601511998,13.996253057369,1.4836832700085
"TGW",0.341104865444046,0.849607602579007,4,5.57192619065656,0.82487902413424
"HAL-01",0.63583691343094,0.109613831163115,0.844144193831295,0,0.109613831163115
"L-363",0.630947263471885,0.0999549195232691,2.9164084643982,6.30492743129574,0.0954404291427507
"BT-20.1",0.0164721052011488,NA,4,86.4253976942758,0.435047127207511
"CAL-148",0.0609196447182168,1.85954551465756,1.01188050805006,0,1.85954551465756
"CAL-51.1",0.192176947329191,0.426491957195595,0.824507105439351,0,0.426491957195595
"Evsa-T.1",0.0966708297593852,0.511175360217275,3.36509288763284,23.2904581802125,0.424277340095106
"HCC2157.1",0.0550702000646896,5.76289562344097,0.684030785716007,0,5.76289562344097
"T-47D.2",0.117338491330332,13068.373001208,0.158860350388496,0,13068.373001208
"D-263MG",0.322573077026618,1.1005478790293,1.48627778919324,0.312691932566711,1.09591233254611
"HCC38",0.398850512840438,0.569815386308289,0.806603534631856,30.0163783835987,0.182784933179759
"HDLM-2",0.275862458717728,0.845849927355327,4,29.1216425163103,0.679946742681591
"Lu-165",0.329444900721882,NA,1.56237670232882,53.3808577773579,0.073840576092398
"ME-1 [Human leukemia]",0.3192502796504,0.777326972127911,1.42631160788992,36.3733912888686,0.312442442913813
"MN-60",0.339637625341408,0.775686404200734,1.17925001254939,28.162160158254,0.384247141201917
"NB69",0.437140944930565,0.505535666484519,0.952437639099002,0,0.505535666484519
"NCI-H1792",0.396963714336151,0.579980252043058,2.16599216098654,5.52104494813615,0.549480934430955
"NCI-H2023",0.51059615514254,0.197899368140013,0.845523456046429,19.7807054652291,0.109095039420497
"NCI-H28",0.304282836212954,1.0661799228996,1.22729896619652,29.1193759311523,0.523404812695665
"NCI-H841",0.191703437833435,2.7548159807462,1.67622774421836,36.1693721264454,1.27975207223856
"OV-90",0.244713827467745,NA,1.69783673626759,52.7510890861052,0.279277181152111
"OVCAR-5",0.401211068590254,0.306606789428166,2.00412121430485,29.4272307604921,0.196851935957153
"PL18 [Human pancreatic adenocarcinoma]",0.17866232464851,3.28860563734737,1.46565239647409,0,3.28860563734737
"SK-HEP-1",0.106064862200623,36.0295850881148,2.8212659094449,49.9780712242959,2.32503318617474
"SKN",0.260549621732006,1.92437651473722,1.04970048134031,0,1.92437651473722
"SK-UT-1",0.436909797916152,0.393357238619321,2.0293962614606,9.70357169894826,0.35368291319785
"SN12C",0.293545258641483,1.67305820743271,0.812496521462079,0,1.67305820743271
"SW1710",0.316354532765615,1.01342496954275,1.73185699049804,9.89229968675894,0.892295298180107
"SW684",0.129828993503848,5.6801194794954,1.22399310260069,0,5.6801194794954
"SW982",0.440749720660261,0.496274432092796,0.887019290169736,0,0.496274432092796
"MG-63",0.258134027054079,0.993972652152155,4,29.604444140694,0.794357171901157
"RKO",0.428539349021599,0.518007298407212,1.34692404266027,0.680362597489427,0.512764924954178
"AU565.2",0.107098014307996,0.782061107796236,1.13379927678406,0,0.782061107796236
"BT-474.2",0.0447424270014449,NA,0.0910939476435675,74.1614658215458,1e+06
"CAL-85-1.2",0.100357422922421,0.946199612289979,1.03710500267914,0,0.946199612289979
"HCC1937.3",0.168251928098225,0.551520253952955,1.63195091993643,45.9898701932462,0.117513592268567
"MFM-223.5",0.0888509363771516,3.18560511556808,0.629209920450508,0,3.18560511556808
"DMS 114",0.126770695399617,4.58878912769228,1.99035043097197,0,4.58878912769228
"MDA-MB-157.1",0.5911750236382,0.136180665557987,2.39506492704981,6.13071902379822,0.128942491799306
"MDA-MB-436.1",0.135518626591232,19.8928764557425,0.59375,15.3125,10.7460782832132
"NCI-H1666",0.186449611766673,3.03952227960301,1.53521338948128,0,3.03952227960301
"OCI-AML-3",0.411863599342905,0.378532116310229,2.48960017476823,17.4588451289363,0.318548985856985
"RPMI-8402",0.618322774011748,0.124867796930238,3.20176794911672,2.98248680206718,0.122492098336816
"SR",0.671978128630308,0.0816106068132189,4,3.87213513069525,0.0799824943797924
"SW13",0.278258374347916,1.49500122855007,1.72135631805545,0,1.49500122855007
"CAL-54",0.487901333747989,0.300366459917268,1.05979038740767,7.77382206830951,0.256096452330733
"CML-T1",0.61363822144396,0.104993302801548,4,7.8388078279385,0.100611428964896
"EW-7",0.636120846410959,0.0926349191006848,2.02127518912577,7.63998634877289,0.0853388460229221
"HMV-II",0.193952124873808,4.29036589363261,0.888337643610884,17.447116751239,2.64658658651069
"IST-Mes1",0.235298945103259,1.96393153430257,1.92533730336124,3.75540187734126,1.88588135742938
"KP-4",0.261542002504784,1.35774266578406,2.46063236628062,16.3551773173186,1.15583462273172
"LS1034",0.144990210873236,2.9042526167254,4,45.4546923451975,1.59471364163553
"MDA-MB-453",0.322560477397302,0.532128511488301,4,29.3795212265679,0.426430946339934
"MKN28",0.226285114335221,2.87548294747709,0.960309096602165,21.8263200643714,1.58229563037206
"MPP 89",0.431863599306124,0.492505180064904,0.968548539093466,5.23343689622103,0.439374988068215
"MRK-nu-1",0.252255801548013,1.81500816729604,1.4345761446126,4.51993630288344,1.69900591870914
"SJNB-10",0.342813878512522,0.855320358033281,2.04559467992087,6.32040642642086,0.800639834269372
"NCI-H226",0.189459816042975,6.30567435839414,0.772041570881775,25.9787115284131,2.4397907008476
"NCI-H520",0.321233473053591,0.546459705050627,2.07302745535099,38.9717121750128,0.263566327002384
"OVMIU",0.391019254095837,0.482661865678441,1.29136202776207,22.9615321932271,0.299842986807947
"PEO1",0.201620741203251,3.87983079242943,1.06322463999743,33.6354715874714,1.35703406479993
"RKN",0.194789765468578,5.0524131867711,0.937864775008794,33.3653534150591,1.56270485997747
"RT-112",0.357613430323202,0.58589459186693,2.11240260881064,19.645889917192,0.462604683362167
"SK-LU-1",0.272775630250755,NA,1.75864238947352,55.052474316775,0.150513405463934
"Ku812",0.609244909058362,0.143305718301999,1.7238963388867,1.02463375187373,0.141594781772336
"BC-1",0.42275118388182,0.410445759527074,1.79130499236439,13.2204318651167,0.345784379081959
"D-392MG",0.228195609641304,2.62985382389718,0.97825253929158,0,2.62985382389718
"EB3 [Human Burkitt lymphoma]",0.442619888616836,0.517977655891726,0.637717482491214,0.435226484435029,0.510925018707078
"GAK",0.30999330494402,0.874793371202053,1.40928061530052,34.7748275611365,0.376245983872808
"NCI-H2731",0.391297070803522,0.747708906420267,0.798259070855893,0,0.747708906420267
"HARA [Human squamous cell lung carcinoma]",0.697522864445509,0.0553368574695941,3.01231616901867,8.31681700574867,0.052093770796272
"HCC44",0.375645533584857,0.756470927546854,1.49297633422744,0,0.756470927546854
"H-EMC-SS",0.225401487547022,1.84819201359885,1.73587696146631,36.8107987451609,0.857711540386764
"HSC-2",0.303088388938353,1.28412160799418,1.37600258130634,0,1.28412160799418
"KYSE-220",0.579282001748469,0.150333182850391,1.32614901858737,6.5737459854022,0.135173915502604
"LK-2",0.225532169484065,2.10108767660747,2.04603046236358,3.4415738789747,2.02911523205439
"Lu-65",0.476188574093104,0.244074321778172,2.56705792602342,14.476578410233,0.213644252076564
"MDA-MB-231",0.301990498965415,1.04415803294611,4,9.87153109318917,0.988295641958813
"MEG-01",0.647724160936395,0.0901107911976781,3.25959610778586,5.74043966393442,0.0868017535529567
"ML-2",0.652633248193617,0.0981755453564093,4,2.80514332735087,0.0967686069675636
"NCI-H1355",0.233645929886991,1.94437800015953,1.5899948281468,41.4850110404909,0.638654492726508
"NCI-H358",0.399381420646102,0.543955727807498,1.32774604257533,11.4035199997272,0.447601993055786
"NKM-1",0.929994713946964,1.03842879395553e-06,4,7.00052860530357,1e-06
"SNU-423",0.306904831380001,1.28043311175018,1.20545211669379,0,1.28043311175018
"DoTc2 4510",0.278339402090241,1.26407604828931,1.92190416290786,14.8932975972944,1.05162980839257
"DSH1",0.250327282618841,2.08179457394445,1.06186884580488,0,2.08179457394445
"ESS-1",0.60020108890024,0.133413589727256,3.39899509990924,4.58994215554197,0.129687176984183
"HH [Human lymphoma]",0.29184046461224,1.56177591136251,0.909861399404709,9.88222010222776,1.22605902450236
"Karpas-1106P",0.664193803167506,0.0772098727025652,0.90663789056591,4.5230520227813,0.0695430474939506
"Karpas-620",0.373326819054204,0.776942547639249,0.914318982350623,8.59197044578593,0.632164297073983
"KATO III",0.246937747658361,0.833432046812016,4,47.8357995382262,0.380147436351899
"MDA-MB-468",0.34000285724195,1.07389474961051,0.918437681711795,0,1.07389474961051
"MS-1 [Human lung carcinoma]",0.437810371106693,0.471331654115525,1.24173212982636,2.79081935638022,0.450027349941207
"NCI-H522",0.124804657983429,12.6053354945071,0.716310905657975,3.13668130271473,11.5152674755161
"NCI-H929",0.393269188400264,0.662299603073662,2.04937369320948,0,0.662299603073662
"P31/FUJ",0.632521746171472,0.112193743386028,2.4147645085413,3.27454460209437,0.109090447020729
"Panc 03.27",0.49173913085367,0.30064858021108,0.815930831880138,7.73156907282455,0.24470752025377
"KTCTL-195",0.239026042072829,2.20655789403199,1.14770695214433,0,2.20655789403199
"WRO",0.0740240105211522,8.41468094984591,1.65482673779243,0,8.41468094984591
"SCC-9",0.115735821085175,5.38078554978772,1.68144289977721,0,5.38078554978772
"SNU-C1",0.350329830952605,0.434199895944436,2.9850542904732,29.5979785620418,0.321569164281956
"HCT 116",0.305876676743707,1.21694399302922,1.49946599154219,2.43009049850078,1.17717311440906
"FLO-1",0.339838544952131,0.997173134140544,1.24297269997435,0,0.997173134140544
"JHH-7",0.0892327922340047,9.62164161754194,1.16076427464436,0,9.62164161754194
"TT",0.28283706300467,NA,2.5733254228711,67.2420655632635,0.0247948403413838
"NCI-H2087",0.200609676345458,2.17306881851192,2.08136286189808,28.9874966208528,1.4328018455982
"SK-LMS-1",0.205880530546682,1.52224421975694,4,34.7437093542125,1.13136846932268
"HCC1500.1",0.0847945282393176,14176.7137530999,0.187055154446401,0,14176.7137530999
"HCC38.1",0.175018519387906,0.559856215271044,1.27878018423228,42.3958376903603,0.128371330518702
"MDA-MB-231.1",0.0720705874958975,1.17365660003347,1.2035283402756,0,1.17365660003347
"MDA-MB-330",0.0630977191433747,72.8192317340796,0.378825916311569,0,72.8192317340796
"MDA-MB-453.1",0.133494094113823,0.406131707058576,2.28633001052798,20.0994134301366,0.324342380921136
"MRK-nu-1.1",0.0143986943096485,NA,4,75.7642091523682,0.698845573668028
"OCUB-M.1",0.103071665017833,NA,0.802319735098635,67.2170111027135,0.139621635057235
"COLO 684",0.412019351992966,0.348072804444594,2.41933189143249,20.3772683316508,0.280349622657715
"AMO1",0.54174432125443,0.22001194199203,2.13327039247746,2.5764488029101,0.214622855325556
"BFTC-905",0.366711447847683,0.726032801975988,2.91948205815004,4.64208379864898,0.702201218851436
"BICR 22",0.29322380161949,1.16677326844667,3.38239988427781,7.91595016643129,1.10880832972852
"Capan-1",0.256935647649553,1.34003116552842,1.89535932088724,26.4090031823985,0.901566609497545
"DND-41",0.590833707880209,0.12195524345625,2.05808501685904,9.40023611074396,0.110218261897805
"EW-22",0.595570384742687,0.105856447641557,1.37857933439447,13.0636789805592,0.0849801294765561
"HPAF-II",0.291174976383218,1.52961089438991,1.00180644955204,34.3840192038305,0.47873101518093
"IM-9",0.495026832296072,0.294344662272549,4,3.51446148928724,0.289030137915118
"Karpas-422",0.468926894951814,0.302153178807738,1.60120504659675,11.5428775217857,0.256469086212157
"NCI-H3122",0.321538261658449,0.821304336359241,1.98903472052902,18.9951023855832,0.645895405546814
"NCI-H441",0.173291070158389,8.33160606553487,0.641738904715116,8.29296351291283,6.28056390965831
"NCI-H82",0.421802732270512,0.47859255003487,2.26131161814811,5.86415486549173,0.452904906738729
"OCI-AML-2",0.518489482603137,0.253794461639311,2.95689787549003,3.08526472963,0.248386217585572
"Reh",0.37826442500508,0.71127707496166,1.68584377491285,2.49901267902206,0.689970258178439
"SaOS-2",0.270781075068977,1.72069079708219,1.13151341796643,0,1.72069079708219
"SBC-3",0.295856154038446,1.05230216831064,4,11.9002426669288,0.98316976992131
"SK-MEL-24",0.177463029041325,NA,2.3343423263699,52.5029497032001,0.757948541908373
"SK-PN-DW",0.650502172559237,0.0882057984018148,2.2514764124292,6.09169772441162,0.0832600239115803
"SUP-T1",0.495167312940674,0.282164020793291,0.849813325585879,9.46871883513263,0.220398111393779
"WIL2 NS",0.623462507365142,0.103364149504901,4,6.52525609651641,0.0998129042838909
"A2780",0.38642367022016,0.553731484138979,2.28231298734532,11.1741228518114,0.495642772199305
"EFM-19",0.090888238725731,4.33236838857281,0.562797961744167,0,4.33236838857281
"HCC70",0.23774809710302,0.180059126821449,1.60742666145861,19.2023283887783,0.13319572117203
"ZR-75-30",0.0562319117774558,NA,0,88.7536176445088,0.236303036713175
"MDA-MB-175-VII.1",0.0729614332161168,NA,1.64411576569805,61.748029703345,0.286874687118338
"C-33 A",0.446118080349905,0.44443385318226,1.05641350712336,3.7152919001407,0.413109634746422
"CCRF-CEM",0.638912539511306,0.11174694634454,4,2.02732984142904,0.110596564393053
"ECC10",0.215856496106794,2.23757532879006,1.69146778448085,41.3501441115459,0.793056868501637
"NCI-H2795",0.525680256046863,0.253215505609806,1.00851081034116,1.76279271759223,0.244362181517059
"NCI-H3118",0.449676216183418,0.317207593719794,2.04299394084888,13.9878771652631,0.270136074542779
"KP-N-YN",0.60822547616875,0.106012345908137,4,8.54346261783557,0.101160787191169
"LOX-IMVI",0.390841867172282,0.683212670492562,1.36822915944513,0,0.683212670492562
"MKN45",0.497203398496831,0.122427445827277,2.25945479226062,27.8449214252247,0.0853938457786506
"SJNB-14",0.57591123053575,0.163397285815409,4,3.76882965700709,0.160227131999902
"NCI-H1299",0.313205192744246,1.04775679491276,1.42856014355672,12.919633042878,0.849926913025473
"NCI-H1651",0.337771805387048,0.784251388753834,2.43519825334935,12.3972870808942,0.697650226772101
"Ramos.2G6.4C10",0.492848339225518,0.301202893383941,4,3.27542049593215,0.296144034553312
"SH-4",0.222942438505527,1.36942971165716,3.0824986797921,35.6718596174725,0.912967392325259
"SNG-M",0.365584771690507,0.521095248584269,2.39628427024358,20.4389278986389,0.418471176141455
"SW1990",0.352874886958249,0.203412291955371,4,46.9093968125994,0.101425113930669
"T98G",0.449085855241607,0.437552455400941,1.5847215178246,1.59633149138268,0.428684601602941
"TE-8",0.421972946384196,0.572188624793109,0.894301421908676,0,0.572188624793109
"TK-10",0.340155621614559,0.786357629706614,1.27471818740337,21.7546745747801,0.502399183812071
"COR-L32",0.401819939097704,0.755186004425235,0.614992923014678,0,0.755186004425235
"COLO 680N",0.133307104440695,6.51069287194234,1.01266296407623,0,6.51069287194234
"EoL-1",0.958656981907378,1.02181082403306e-06,4,4.13430180926221,1e-06
"LB831-BLC",0.160284797636599,3.42915488446045,2.27614636711976,0,3.42915488446045
"ONS-76",0.505070856151139,0.16700693615469,2.99807684853962,17.6759376733026,0.144392946486926
"Panc 10.05",0.24830481490193,1.0438815833205,3.26460678708877,34.4989838162633,0.729215861943351
"SF539",0.605667941615081,0.136418819620721,2.30280992007381,3.21239757811144,0.132541169684407
"SNU-387",0.263330600649263,1.67855942149958,1.60683381669638,0,1.67855942149958
"SW1271",0.209525431757989,2.1047918615051,2.13657212809498,44.8565231379367,0.725972929313007
"VM-CUB-1",0.451014693202648,0.328686148339223,1.97657063487404,12.5091888862826,0.284130400919717
"EN",0.344559267718632,0.841553062214874,1.02536637975886,37.6833480948589,0.214613577565391
"GR-ST",0.514121564110025,0.18185354540958,1.41629310498705,17.2025079548708,0.135026772483663
"KYAE-1",0.27002355231859,1.03706205876437,2.25660370750351,30.5532782976733,0.682434544283014
"NCI-H1581",0.251118922530651,1.06306013441016,4,29.676423239174,0.848819536022472
"OCUM-1",0.399278430714723,0.533235437375236,1.00483130674893,19.4289534439736,0.326803424079468
"RF-48",0.283349643912511,1.20136380890032,1.62114786255682,19.918313313495,0.878124891807552
"SAS",0.416937027648416,0.46592323891749,3.5286283548724,7.46286424960629,0.445060915935863
"SCC-4",0.273407306520341,1.77731392495256,0.992305753676803,0,1.77731392495256
"VL51",0.471602392619109,0.285297716372893,4,9.79896542715394,0.270156301315049
"SW900",0.345411780067368,1.15235778072403,0.713690058519405,0,1.15235778072403
"LS180",0.256815452853738,1.67221353009139,1.27804088369186,30.2534155908274,0.808334905584747
"NCI-N87",0.289394247959112,1.06347351587938,1.50567125185106,30.1956228038348,0.574906793270689
"FU-OV-1",0.217504380986426,3.56394378186601,0.7695314214631,0,3.56394378186601
"EW-3",0.26812186631552,1.29606434757915,1.78127703519021,22.2292195840904,0.931657821350551
"UACC-62",0.150901713581453,3.5504123067512,2.25676773653043,38.3317645953574,1.86315006669515
"WIL2 NS.1",0.669947679706071,0.0829851121026443,4,3.82490326113808,0.0813503896439212
"A-673",0.419426317927198,0.581165229307826,0.915094245526122,0,0.581165229307826
"VCaP",0.176147498045433,16.6989591639131,0.960875182222383,46.1038746476,1.17279785545184
"LS123",0.30751476363851,1.20669462038344,1.11777959894465,12.4887568253851,0.933124973729978
"PSN1",0.30942219854477,1.16772294498034,1.5497167596099,3.53432978649844,1.11377007368571
"CAL-72",0.473843246780845,0.193856914111764,1.6095226243315,25.001498637944,0.126018559606929
"D283 Med",0.65366804395483,0.0853427279634073,3.72294275893798,5.881378512187,0.0825217392457573
"HCC1395",0.639520636735264,0.0790960233993468,1.64215772934927,11.0548685905267,0.0679317485726116
"HO-1-N-1",0.307411325541232,0.968690167038964,2.63875405833348,13.471660613478,0.860035818000942
"Karpas-299",0.655115499208407,0.0771563955053692,4,7.77840463392378,0.0739627566656602
"MLMA",0.565682028657165,0.0912630726133842,0.728317950528141,24.9708016732548,0.035291400342547
"SNU-16",0.609454144510088,0.135611446589176,2.48066161011657,2.58356450066063,0.132741909269816
"PCI-30",0.435016569381663,0.323880451368041,1.99425888406326,17.6196218958069,0.26047682637076
"RCM-1 [Human rectum adenocarcinoma]",0.305256905481254,1.36890079648329,0.974996312865489,35.3445316152255,0.388806666185312
"SK-N-AS",0.456787212834417,0.361826004282473,1.39017284435959,8.74092367060616,0.315116328301238
"SW1116",0.146147107433427,7.03244728091388,0.839861053406917,0,7.03244728091388
"SW1417",0.227871630108791,2.1765729019136,1.35792420982243,33.068182825172,0.98052911240303
"VMRC-RCZ",0.132773385799971,7.15448475689109,0.938189866068712,0,7.15448475689109
"AU565.3",0.06731929599735,0.977717273063837,1.52247838654821,0,0.977717273063837
"BT-474.3",0.0102150430154468,NA,4,93.788953534367,0.320664402014267
"CAL-85-1.3",0.143518239819264,0.373493333561142,2.22770378193943,19.8241961238826,0.297738964925313
"HCC1937.4",0.122571758195675,NA,2.35851090298062,55.2051437711155,0.150801673424405
"MFM-223.6",0.16270676666037,0.409873802118789,1.48759290730674,33.7135492662375,0.19283201909572
"MDA-MB-415",0.0473934009905131,NA,0.0827464791460988,75.6220293515086,1e+06
"A-375.12",0.333615864319077,0.895009541533989,2.41121736817041,6.95869382567026,0.841076033098963
"A-375.13",0.331511043701581,0.899781431030764,2.17409854451581,8.09080305484802,0.829614108504445
"A-549.8",0.331398202429734,1.0766427441018,1.15149581438559,0,1.0766427441018
"A-549.9",0.277388921367146,1.61630105725419,1.16999775117069,0,1.61630105725419
"A-549.10",0.258750271274133,1.68753286863981,1.74761481705262,2.39946604561648,1.6407065392325
"HCT 15.12",0.307418254936303,1.310575421896,1.08693799582466,0,1.310575421896
"HCT 15.13",0.23701448817942,2.03853316398676,1.60348622669267,0,2.03853316398676
"HCT 15.14",0.323876527261847,1.09055995230038,1.52945112288533,0,1.09055995230038
"HT-29.12",0.430989500891047,0.290487936336579,2.14315939262543,21.7594659813072,0.222518325500783
"HT-29.13",0.410103612209855,0.358505463448744,1.87278911008854,22.2091903481687,0.261998308094421
"HT-29.14",0.48686371390946,0.182511685467479,3.92087367394491,18.3853403495107,0.162373778477664
"PC-14.13",0.612853960867443,0.0921295637555675,0.440144682961457,0,0.0921295637555675
"PC-14.14",0.585779041432299,0.135716887059996,0.508740816976086,0,0.135716887059996
"PC-14.15",0.560667140209273,0.173933145848652,0.506113874306725,0,0.173933145848652
"SNU-C2B.12",0.380922551544635,0.394580308898193,1.86782019469855,28.6397797603478,0.250255649767456
"SNU-C2B.13",0.386505848459409,0.664599131392234,0.855718666610771,17.8477286432955,0.396706540322073
"SNU-C2B.14",0.385044277085248,0.296645113570556,2.31654459630029,33.3982179245575,0.184307685913668
"SW620.12",0.315266932849082,1.14888591398142,1.7173841569474,0,1.14888591398142
"SW620.13",0.310535117402507,1.18705351704373,1.7388085920443,0,1.18705351704373
"SW620.14",0.30538063707583,1.10632953914814,2.59284906654465,6.52517579646022,1.04824200791765
"U2OS.12",0.498423960330699,0.240775249386046,2.50837319349619,9.6929044531632,0.220953764148435
"U2OS.13",0.515025432875031,0.211238898673145,2.16813737299771,10.212960096847,0.190111001156249
"U2OS.14",0.506502201169694,0.263363481349497,1.63739796423912,5.65647949572173,0.244744223166539
"EFM-19.1",0.153906498648513,6.25379957125205,0.856098651330883,0,6.25379957125205
"IST-MEL1",0.468603996921577,0.308994137164554,1.19689892617888,12.9692983629091,0.240433671651256
"IST-SL2",0.332331282521832,0.925661258098684,1.61351683813061,8.26752142326036,0.827567036920251
"NCI-H810",0.346820995633088,0.783965699153836,2.71426994429426,8.33833241349547,0.733002837439727
"SW1088",0.447302363358116,0.473218758539752,0.869024236722856,0,0.473218758539752
"SW1116.1",0.158552917746565,3.45384516097326,1.94990596791028,32.2136287796385,2.03280411438808
"SW837",0.250403223206433,1.15951799197154,4,26.0381465983963,0.964750678094573
"TC-YIK",0.487249845697529,0.248129885890956,2.84098029426919,11.0683835652429,0.227210841644477
"TE-9",0.36490066794528,0.850010808297007,1.03295187592674,1.05023921569211,0.832720245608294
"YAPC",0.264734745010663,1.5497739373102,1.78236532107257,6.99056965102438,1.42420332771709
"HCC1395.1",0.326060213583286,0.0719163178063893,2.72256255938181,19.780553738678,0.0597729609609997
"HCC2218",0.103654613100198,NA,4,87.8765894113707,0.00265607879168189
"MDA-MB-415.1",0,NA,1.00172257707478,100,0.0165226591599563
"MDA-MB-468.1",0.0772485463634849,NA,2.33129934121998,51.3391070500169,0.34436935607537
"CGTH-W-1",0.346754838501176,1.12280549716029,0.732408137181936,0,1.12280549716029
"EB2",0.486286151672144,0.132838674950359,4,25.3197305469372,0.111344689380993
"NCI-H1755",0.616354647415351,0.129412627515419,0.876476733258065,0,0.129412627515419
"RPMI-6666",0.61624672637146,0.111673081051356,0.826725132316095,4.89730089940993,0.0985821142852676
"SK-GT-4",0.3544883491765,0.475740613035892,1.8063749202354,32.4327210933204,0.266619030690264
"ST486",0.524766051351015,0.218199350947549,1.64148239372751,7.56403871867506,0.197449537281817
"SU-DHL-6",0.731045466665514,0.0630364370214523,1.86182054924764,0,0.0630364370214523
"WSU-NHL",0.767156389290582,0.0433114730690623,1.16037334160361,0,0.0433114730690623
"YH-13",0.342077411704571,0.933692042769431,1.29812757679008,4.39483882796744,0.869809071860394
"A-375.14",0.377766279306179,0.741507297662083,1.04666893087175,4.87782482892941,0.672238198744371
"A-549.11",0.456373889307124,0.442583986704836,0.847310254297675,0,0.442583986704836
"A-549.12",0.405714301765733,0.632162447808864,1.03205564161128,0,0.632162447808864
"A-549.13",0.332410375308249,0.827293472679714,2.3999484449706,11.9030043786231,0.738684255403563
"C32 [Human melanoma].12",0.331114497104376,1.52550323621342,0.581597131243732,0,1.52550323621342
"C32 [Human melanoma].13",0.37777497403802,0.957954593652686,0.594259045978833,0.669049790883997,0.936482900186171
"C32 [Human melanoma].14",0.346012240079928,1.29138140425585,0.596857180421628,0,1.29138140425585
"HT-29.15",0.513919239106086,0.184386895661737,1.88577432338032,15.0983648903815,0.15238405842554
"HT-29.16",0.488734422045262,0.161881173735867,2.3583272128735,22.9881617680262,0.124682116094428
"HT-29.17",0.455893359037545,0.24437951872116,2.64864749763125,19.1221302445662,0.203720522752572
"MFM-223.7",0.303537674881894,2.45642154687413,0.493093299099588,0,2.45642154687413
"MFM-223.8",0.289759259658959,1.02323252772805,1.51077463436993,38.4347286541899,0.388258743386201
"MFM-223.9",0.28996890675396,1.8126596943654,0.762058611005268,7.70348720031668,1.45533220712144
"MHH-ES-1.13",0.252092201197218,1.86498181764584,1.34399476080506,2.84857811584933,1.78533516172231
"MHH-ES-1.14",0.285784038288981,1.51618285556716,1.16653938593458,0,1.51618285556716
"MHH-ES-1.15",0.289578052929821,1.39433360602735,1.39761929683926,2.01384289258459,1.35391715480973
"PC-14.16",0.51690790873113,0.256092022695958,1.33263039577024,4.11628830465178,0.240103058891463
"PC-14.17",0.537777395866508,0.189064023181684,2.18390893946872,8.29334138210339,0.173997501012672
"PC-14.18",0.511642665634705,0.290808209107326,1.10353516491734,0,0.290808209107326
"SNU-C2B.15",0.384440486771652,0.375621937299574,2.04796157615411,27.7985007274709,0.252688661438013
"SNU-C2B.16",0.405028267143873,0.46448203130014,1.04790329591902,23.9797747719099,0.249044525740963
"SNU-C2B.17",0.363801753386164,0.649289859364905,1.14977476517881,24.2124976858341,0.365036954327763
"SW620.15",0.282425190995669,1.2497037918137,1.92632070702793,13.0503675013502,1.06810752225158
"SW620.16",0.294869816634752,1.12030142246609,1.91088589174864,13.8655749224028,0.945195303848086
"SW620.17",0.300023156595223,1.00942710508672,2.46811297151396,15.0386148787051,0.873211459854913
"U2OS.15",0.457538909048237,0.303743265593915,2.06576130299704,13.2452404324442,0.261701283919191
"U2OS.16",0.473823644201149,0.253355613253942,2.76168127075696,13.6727412558244,0.225680464535969
"U2OS.17",0.45609022587235,0.333295515301477,1.710042783312,11.2573351804409,0.287109236249957
"A-375.15",0.402406922881175,0.586814039150675,1.0188771494378,9.09427061079833,0.48187007861544
"A-375.16",0.4152052442878,0.508208170341154,1.15489783966859,9.7581650531619,0.42111055579639
"EW-24",0.227781264815414,3.81537057166076,0.663434388492761,0,3.81537057166076
"COR-L88",0.288255725652337,0.940518425625171,4,20.123512732101,0.826907994327273
"Capan-2",0.335587273378821,0.821139164174141,1.44294707762432,17.4085618893218,0.610388640462208
"SK-OV-3",0.301983774200282,2.14273702595237,0.55778790359932,0,2.14273702595237
"WM115",0.178049643052624,19.2198394776677,0.623478627729941,36.4241247688886,2.37473806695816
"YT",0.514045017481211,0.264126033135121,1.38318850837502,3.63202245270209,0.250110942678795
"VMRC-LCD",0.320462488671663,0.555188762934746,4,28.6957041401634,0.448554236099151
"UM-UC-3",0.189183151043539,3.18303486987997,1.27966704460648,0,3.18303486987997
"KNS-62",0.267885557147304,1.80580453020019,1.02174158973553,7.24807002009101,1.54918659914157
"HCC70.1",0.505239334564992,0.241612315249684,1.48759964362294,9.63027701357351,0.209247317762072
"CAMA-1.1",0.101743592413736,NA,4,74.741456441499,0.618967536132191
"TGBC1TKB",0.33674319181667,1.50565275127555,0.554555741289197,0,1.50565275127555
"OE33",0.467087696122208,0.174587658419478,2.32226126829775,26.072533880765,0.127111619631285
"NCI-H2342",0.173120733923333,4.76930736007472,0.901082826107453,0,4.76930736007472
"KYM-1",0.686652029392954,0.0562821409936743,0.977296742902405,8.13677836478965,0.0469289999977162
"MV4-11",0.962069866507575,1e-06,0.265262460185469,0,1e-06
"NCI-H1648",0.382511055692545,0.563042251459276,1.64467060709135,14.3810223327591,0.458127053606369
"NCI-H211",0.489116694674653,0.342481532536722,1.03645474665925,0,0.342481532536722
"Panc 02.03",0.359044019026013,0.97243537037446,0.797538236443656,0,0.97243537037446
"SK-MEL-2",0.319057698999097,0.871547970747243,4,12.1991370544955,0.812688704457487
"SK-MM-2",0.147647420035731,NA,4,52.3297650548071,1.17736680861441
"U-698-M",0.50613640445904,0.270994681749998,2.57964480822664,3.96084925872022,0.262461940552375
"NCI-H2085",0.323813574367451,0.959509684921176,3.4919882623245,6.06250803718745,0.924642960643875
"SNU-449",0.178413396770966,4.92968768257517,0.830682911545303,0,4.92968768257517
"SK-MEL-1",0.130356752371563,NA,4,54.4013842476193,1.38825575675751
"HT-1376",0.315622133162273,0.940103679179559,2.01157382164051,13.7251641509787,0.801483162353992
"MDA-MB-415.2",0.153534883171139,NA,3.37522333399534,54.7839881683697,0.958183380304564
"NCI-H2066",0.183334231026415,1.77043853322469,4,43.702232488313,1.05471472262635
"SK-CO-1",0.539629429144418,0.232948558835385,0.839965667311517,0,0.232948558835385
"SW1463",0.307387252037028,1.43534845124849,0.856844044130515,2.13162039031442,1.36418987703287
"COR-L105",0.310775924527227,1.19432774621121,1.37016707615858,2.056531303943,1.15827284177
"EW-11",0.454915551759953,0.455216057774715,0.741929274292072,0,0.455216057774715
"SW48",0.331690427758523,0.680487335227392,3.27475839012314,19.2015550905863,0.586892346674325
"ZR-75-30.1",0,NA,0.83196953247645,100,20.3670889806586
"HCC202",0.104726691398655,NA,1.83311462424645,54.6714867561352,0.207689580747169
"AU565.4",0.0578469644999636,1.0286543552987,1.67051978237861,0,1.0286543552987
"BT-474.4",0.0107166072138062,NA,0,97.8566785572388,0.000285397739900662
"CAL-85-1.4",0.106984781376123,0.510727585431709,2.43704258490648,20.2071093125491,0.412974111327935
"MFM-223.10",0.0932979225903292,0.593225408807461,4,46.8758284281452,0.296593044664217
"HCC1937.5",0.162547934210672,0.393279823677314,1.74541845395178,40.0224387336489,0.156200663320187
"ME-180",0.275262013007779,2.35764281525586,0.657071666523193,0,2.35764281525586
"MSTO-211H",0.371122856347264,0.520358360233551,2.69277170954701,17.8297312487585,0.441754044408599
"NCI-H835",0.253437625566091,1.7214760573078,3.00462345753408,0.958484620172271,1.71042193549909
"SW872",0.262893184087939,1.39309940353683,2.20876582626506,15.0220408633322,1.18502550329846
"UACC-812",0,NA,1,100,0.0009765625
"HCC78",0.380525959197741,0.599390306467091,2.49051631393363,9.2752193436042,0.55198780566072
"HuCC-T1",0.462899475473722,0.375792865426804,0.984755479437007,6.8440003446484,0.323616052634886
"Ca Ski",0.415951461569249,0.544156386030529,1.74614376741113,2.31004093907319,0.529613342083
"CCK-81",0.41216896387106,0.481384314619575,1.64712734768756,10.3901227453069,0.417899611991647
"COR-L88.1",0.340206943573161,0.705505119996577,2.65495831783995,15.9739292259118,0.610294429812135
"CS-1 [Human chondrosarcoma]",0.371715465847769,0.708670713896668,1.48663546369523,6.82169306776396,0.642085845710282
"G-292 clone A141B1",0.323952292382085,1.24363981967546,0.877902975188526,0,1.24363981967546
"K-562",0.440967678919653,0.437998404727123,4,3.1302478758923,0.430976104974162
"KYSE-270",0.516699116899746,0.237283405168378,1.90976367382969,6.35670654054107,0.220976457586346
"NCI-H524",0.372180682248286,0.709592140923042,2.99327422776005,3.79437392800067,0.691127345450932
"U266B1",0.19896562789684,NA,1.79298646866116,50.8190761405306,0.613600567567131
"MCF-7.1",0.107812639997921,NA,2.25714621355741,73.8748045365943,0.0572798070130293
"Ca9-22",0.389448938776801,0.569480730192009,1.8271436217707,10.0377538324402,0.503750518589977
"CW-2.1",0.0111747764729525,NA,2.7229380918711,88.4564910317906,0.545206515312596
"SK-CO-1.1",0.169691929532376,0.343524320391492,1.59889778602718,28.9644180845268,0.199887580902389
"LS411N.1",0.16369901713931,0.255956204172308,4,27.2891696248147,0.210126783809739
"SW948",0.1006597593066,0.552893810298448,2.38994267560344,24.9081004015283,0.414334884472754
"HT-55.1",0.0732432833210091,0.927482835857449,1.47785078691555,0,0.927482835857449
"HCT 116.1",0.0408385729123871,1.43197895412106,1.58467730004693,0,1.43197895412106
"SNU-81",0.0383147631554097,26.2158333509587,0.55542806470406,0,26.2158333509587
"LS180.1",0.0847459196361779,0.725663889320283,3.36126690716626,46.1441238409392,0.338575793479721
"SW1417.1",0.0849403557314681,2.47195745418502,0.710880918797344,0,2.47195745418502
"LS123.1",0.0822588654117479,0.578483119126211,3.75208049330701,34.685981106035,0.422018789938166
"CAL-148.1",0.396035595691858,0.804233764764523,0.601836804305222,0,0.804233764764523
"SJNB-12",0.152397040009096,13.8155260166409,1.29936064758899,47.3644225625156,1.43461134944843
"SHP-77",0.346571105827425,0.77480216765017,3.35666874047228,8.36270253196454,0.733686222393686
"SK-N-SH",0.336304248522808,1.3638639332165,0.626874660145021,0,1.3638639332165
"T84",0.453510210474501,0.224555153125113,1.22197756389616,31.1759784453448,0.100956358793864
"KYSE-70",0.266960360606944,2.1771646428876,0.782968620719353,0,2.1771646428876
"Hs 766T",0.455120910191478,0.411192221575631,0.681115759239371,11.7056206894418,0.277957499404286
"SJSA-1",0.396989101737034,0.724495283734794,0.762104779642761,0,0.724495283734794
"MKN7",0.293137156625538,2.34182597629889,0.566102447981721,2.70855028876049,2.1224060315411
"KYSE-450",0.369128425232744,0.681445930490394,3.0230536808642,6.74847507810576,0.64953407711741
"BT-549",0.44697926907482,0.444220722732805,0.899687868375848,5.03484743028008,0.394789474043473
"MFH-ino",0.257342099181935,1.84523493371756,1.26253456635708,0,1.84523493371756
"HSC-39",0.695199659548638,0.070721509967273,4,3.36038964852489,0.0695020719945198
"NCI-H1703",0.601880643971746,0.105390299107234,0.497568638093275,3.35211109073243,0.0916706010399333
"SW1783",0.491090220490045,0.284058926784039,1.09568009832383,9.08585470782346,0.236547090761264
"KGN",0.414656099772147,0.615665957238108,0.822918555501167,0,0.615665957238108
"MeWo.1",0.339626172361945,1.73483970564767,0.825502501393305,43.6945030256607,0.141228398117927
"8305C",0.354297910395709,1.01476131169857,0.791120682840301,0,1.01476131169857
"KYSE-70.1",0.228387389801733,2.78954119335624,0.897031849575577,0,2.78954119335624
"SHP-77.1",0.394963118123987,0.599716300693307,2.2054228631711,4.53849817268979,0.574390693246066
"SKG-IIIa",0.233971735313297,1.8913331704419,1.96350482175276,9.80504595198209,1.69234073288114
"SK-N-FI",0.319452306451214,0.725780380264179,3.40513274147116,20.6023891963018,0.620964688902746
"NCI-H64",0.483864663989189,0.246000889333421,1.31398837502529,16.2821483297041,0.182269810613667
"NCI-H526",0.209694433691932,2.1863877826377,2.57479502716873,10.4553208240497,1.99598943029658
"TGBC11TKB",0.581288081202496,0.131574077592685,1.49565949998922,10.0625394296219,0.113219653529265
"Fu97",0.236278637451485,8.81478079715181,0.401411199374931,0,8.81478079715181
"Hs 578T",0.43571008443105,0.336221639175481,1.26560349336625,21.1781391656306,0.217563983486796
"MeWo.2",0.265425293146887,4.66402002600376,0.44343921810125,0,4.66402002600376
"GP5d.1",0.168036149730675,0.276230359283426,2.99577976139937,20.7360322405285,0.231002441169432
"RKO.1",0.167986951849237,0.269177792856024,3.65593184685268,19.7761804059911,0.234552648151391
"KM12.1",0.350589897560851,0.0474967684309584,2.03833093393265,30.9921651807428,0.0295525389478037
"NCI-H508",0.129498918385983,0.369223884007934,3.16588407335647,36.5291940685358,0.243993965194544
"SNU-407.1",0.054967711009194,NA,2.12362173981424,61.4023857705353,0.396384459129625
"NCI-H747.1",0.0419428744951934,NA,2.34852093698821,67.7246514147897,0.429103403167761
"SNU-175.1",0.0716391027294338,1.37519511929387,1.36835725579968,30.5106111518186,0.690780758595852
"A-549.14",0.364984433969103,0.865014434998075,0.990956176173259,0,0.865014434998075
"A-549.15",0.339764463044343,0.971895037722727,1.56921939546901,0,0.971895037722727
"A-549.16",0.326274606074587,1.10141692057618,1.24482220293544,0,1.10141692057618
"C32 [Human melanoma].15",0.287140891749297,2.90119356759338,0.501019881002877,0,2.90119356759338
"C32 [Human melanoma].16",0.307545938550028,2.42650580757684,0.481005118037961,0,2.42650580757684
"C32 [Human melanoma].17",0.291950770416485,2.71054104836948,0.505441912837865,0,2.71054104836948
"HCT 15.15",0.335943060537855,0.93724192425572,1.78316135759484,4.3315418535117,0.890803897645921
"HCT 15.16",0.313426062937248,1.12612176885784,1.81486308827963,2.62284230482865,1.09317896705744
"HCT 15.17",0.313258318918392,1.19618257245821,1.34567551971891,0,1.19618257245821
"HT-29.18",0.503122868292378,0.144905469616036,2.27835934587674,22.7556667674038,0.111005963439703
"HT-29.19",0.495002314017247,0.168822373328107,2.22378115673485,20.9253547790008,0.13229677810689
"HT-29.20",0.490251857244355,0.136973128544713,3.35106326435358,24.630978311997,0.111867311144212
"MHH-ES-1.16",0.370787117812137,0.796055078111193,1.24277243266673,0,0.796055078111193
"MHH-ES-1.17",0.333431462737785,0.869850342059506,3.061152196478,7.78214194168913,0.823080907053876
"MHH-ES-1.18",0.341487771265981,0.924191836041911,1.74544515754923,2.48686889841759,0.89756997332911
"PC-14.19",0.503996109206167,0.26392784313584,1.46304338596332,6.62408922428218,0.239495974520006
"PC-14.20",0.509146859678551,0.27144661348965,1.2405912815923,4.2078991756954,0.25287694428476
"PC-14.21",0.520175876515512,0.250170922413939,1.27969734473803,4.15006156692458,0.233792440588433
"SNU-C2B.18",0.351967877089392,1.29295531970803,0.559417964507049,5.7395465415957,1.0397385813064
"SNU-C2B.19",0.383955621330693,0.876895022284911,0.605726392558622,11.3918030409725,0.572224010419503
"SNU-C2B.20",0.362628861663038,1.17493620047162,0.547513193073312,1.0606329688322,1.12981439350184
"SW620.18",0.295497843466207,1.28992680344808,1.78267940580234,2.19091371610885,1.25790881680125
"SW620.19",0.293256425280902,1.16279270659779,2.68566568114963,9.04365106721638,1.07954033931505
"SW620.20",0.298145991786468,1.22698760819353,1.93560506760039,4.3536839273017,1.17057681082069
"U2OS.18",0.46322331169913,0.36439828720039,1.64995368433603,5.38270754665379,0.34009136977535
"U2OS.19",0.465924783752777,0.361920445048472,1.39858617805257,5.37617826260998,0.333648682768271
"MFM-223.11",0.217702915259542,2.13403958365278,1.79410970492726,42.7805960476979,0.725675489492784
"A-375.17",0.429700498039493,0.524591764875498,1.1409335780564,0,0.524591764875498
"A-375.18",0.422024036458604,0.561066677098185,1.02075031176593,0,0.561066677098185
"A-375.19",0.380113682991843,0.630693316444743,2.02299134585071,7.85881281575452,0.579573622157112
"HT-29.21",0.250176162464566,0.133065889460348,3.10956477491485,20.8436416609968,0.111876513765438
"HCT 15.18",0.0429758666829798,1.60492650548464,1.39733705643823,0,1.60492650548464
"SW620.21",0.0512182765213457,1.66188982069436,1.21494999799602,0,1.66188982069436
"Mono-Mac-6",0.886351761768935,0.000911042718036909,0.526659557484996,5.7412288953705,0.000722703559558288
"NTERA-2",0.294099150800397,1.02674671089475,4,13.815988451866,0.947000040442528
"NTERA-2.1",0.306671928348847,1.03908556842574,2.6018799846886,9.8329638274075,0.955214123578382
"UACC-812.1",0.115947400545148,NA,4,65.2232007934943,0.999709317953219
"UACC-812.2",0.109030431132018,NA,4,64.8525874184555,1.17345006320023
"CL-40.1",0.0496462706313147,5.53139418537576,0.72888516985246,0,5.53139418537576
"COLO 205.1",0.117331043076886,NA,4,78.235755932231,0.0238312584438366
"DiFi.1",0.115064715541146,0.556188691870839,4,48.9941644357171,0.209464968382092
"HCC2998.1",0.206736309143625,0.444072997339635,0.700370978828228,0,0.444072997339635
"LS513",0.0918338212750872,2.0586405842366,0.870969947087763,26.4014788052808,0.869335353714402
"MDST8.1",0.29416251299861,0.11799621278325,2.23606745099752,8.14254536706424,0.108979403819301
"RCM-1 [Human rectum adenocarcinoma].1",0.188525421717785,0.321060051166164,1.30675478835537,23.5483549779879,0.197233256116594
"SNU-C1.1",0.206735983795684,0.328386654132077,0.93390900218684,0,0.328386654132077
"SNU-C5.1",0.255886657772988,0.250880960734399,0.742189654275773,0,0.250880960734399
"SW1463.1",0.0335696918205976,NA,3.48016680353628,65.0037280441558,0.529947460090412
"SK-CO-1.2",0.177959030033283,0.312836947046814,1.59852071250472,26.3501557353454,0.195846767867583
"LS1034.1",0.0270200293024843,NA,4,78.7390527661732,0.41752113396863
"SW837.1",0.0762836889002637,0.679544477067124,2.98085452627873,34.0342815028387,0.463335885137933
"SNU-C2B.21",0.132107953144563,0.32631884608162,4,42.0779284313063,0.205877718046509
"COLO 320HSR.1",0.130953562124146,0.539417128466763,1.66069725399071,34.4894584465501,0.266576926822343
"NCI-H727",0.380228951287893,0.774550536151243,0.927199975234774,1.28763456145549,0.753059559390429
"NCI-H2009",0.239676709071139,2.17062827091597,1.17972804395993,0,2.17062827091597
"MDA-MB-175-VII.2",0.254360504737557,1.52135236069961,1.68568944096023,20.5335928430664,1.11172920342585
"NCC-IT",0.508505492564771,0.295709472201493,0.777671138849638,0,0.295709472201493
"NCI-H1869",0.166601393718944,3.89976797423853,1.50561146415091,33.6415744535084,1.85677269911339
"NCI-H69",0.245724323901241,1.70634472050969,1.99736108945608,10.6440237329776,1.51362551672214
"NCI-H847",0.466166571629463,0.383231999275047,4,1.51290222763558,0.38029954974188
"MDA-MB-175-VII.3",0.271710365545331,1.94550013318614,0.866553201850912,11.7174389936914,1.42956311803999
"NCI-H69.1",0.256645533102532,1.34066662314639,3.34444410862337,16.8860784517503,1.18525375606666
"NCI-H847.1",0.438652030705906,0.483228398675081,3.18567719547104,0,0.483228398675081
"WSU-DLCL2",0.535031518430559,0.248174512179393,1.9378205460784,0,0.248174512179393
"Hs 633.T",0.386287445680833,0.69443485790882,2.2936339466884,0,0.69443485790882
"ES1",0.646958008565969,0.0952128334907446,1.39538047401158,4.8041491222444,0.0885635478184508
"MOG-G-CCM",0.276722518765591,1.57354757438989,1.32104609917942,0,1.57354757438989
"MOG-G-UVW",0.393486662874319,0.676792607305883,1.22512425967541,0,0.676792607305883
"OC 314",0.389210655342147,0.538487587437977,1.67359505295042,13.6987467787494,0.44472551499893
"ES1.1",0.675243743987977,0.0765013421464382,0.934429902438019,2.45203244714999,0.0724934227372604
"Hs 633.T.1",0.357654403070639,0.848386074926036,2.01192604821755,0,0.848386074926036
"MOG-G-CCM.1",0.235429788878666,1.99157494517565,2.2138882971136,0,1.99157494517565
"MOG-G-UVW.1",0.395844694308508,0.587919780582634,2.18155608705117,5.23454658256288,0.558860024008357
"OC 314.1",0.394060016296743,0.474070212892218,1.95195755412342,16.2859135025778,0.38739770953878
"WSU-DLCL2.1",0.546552139244024,0.228301841415475,1.44865752896764,0,0.228301841415475
"BT-549.1",0.222240037523246,0.210733159161803,1.58334387130798,16.5047319997543,0.163624136919764
"T.T",0.360297182219893,0.808743461932589,4,1.30105015230419,0.803430252496081
"T.T.1",0.351887395607532,0.874321961869334,4,0.327304304701936,0.872887589270102
"PC-3 [Human lung carcinoma]",0.371216071725361,0.76391010570927,0.921869252497444,12.6064740274949,0.557410492150844
"PC-3 [Human lung carcinoma].1",0.389496885346914,0.656170742824248,0.890716632874912,13.5941676330771,0.459527018063944
"RMG-I",0.270755731276861,1.24080775127915,1.55078166988795,32.6990884009123,0.625891256364314
"RMG-I.1",0.250331052976397,1.08112608602982,2.48733709016287,38.9073212519239,0.590162026274993
"HCT 15.19",0.0756440689561039,1.09084441144406,2.32450124009976,45.0004010045654,0.405086726343089
"HT-29.22",0.278377299940763,0.109972767498872,2.42175080586073,20.4651156193858,0.0884863529899802
"SK-CO-1.3",0.292674901962831,0.116087215840994,1.44971424361114,18.5839227316992,0.0842504248986794
"SW620.22",0.0540284311640604,NA,2.33000049565356,62.8508042365504,0.380975727349614
"Caov-4",0.462160665867757,0.258286334691932,1.94425308703449,17.73387156174,0.206187700021222
"NCI-H2452",0.601610443099334,0.102686161360755,1.25437163253728,12.6594156705472,0.0813643769141917
"NCI-H2452.1",0.591580734780369,0.127510082909685,0.770584860854202,7.25401771663408,0.104040618125996
"NCI-H2452.2",0.607774645824321,0.109367034103365,0.788928214191134,7.72192884466908,0.088417826291898
"OVKATE",0.143529688891698,4.8934014182638,1.38645003331264,22.414219136271,3.18653518979701
"OVKATE.1",0.252195599075411,3.38731059296838,0.593768499261174,0,3.38731059296838
"ES6",0.370639440104758,0.896061660024552,0.75620802662099,1.77826491841275,0.854162461604267
"ES6.1",0.363627745239555,0.871403675869249,1.00328529528978,0,0.871403675869249
"HO-1-u-1",0.5317546928136,0.190818573578179,1.99407973175497,9.64138866656113,0.171382173012573
"SW948.1",0.325829585641632,0.714839259587233,2.29272515658199,22.2955090464051,0.55254514175078
"SW948.2",0.305205342942678,0.817438899966496,4,19.8666472511817,0.720235732216894
"Caov-4.1",0.399765795503018,0.361733136962106,2.45009048087151,22.5147371348779,0.283349714421775
"Panc 04.03",0.256405998128582,7.79278572977277,0.584198055243429,37.6913149754458,0.707378246819977
"Panc 04.03.1",0.256553229420355,6.5592777208615,0.73567425672483,42.640352987732,0.48502829392467
"KMRC-1",0.294320707585536,1.55516719596829,0.915481042713931,0,1.55516719596829
"KMRC-1.1",0.264826289770074,1.98130266827084,0.92456830448823,0,1.98130266827084
"COR-L279",0.377809697567689,0.848438866276252,0.761852821750082,0,0.848438866276252
"COR-L279.1",0.308678698159835,0.72295773348219,3.22556422833291,24.9644679007406,0.583415319910308
"CCK-81.1",0.221666885622043,0.190146374057453,2.31527966817173,16.3918091859743,0.160166714992005
"HT115",0.0353082777164941,NA,0.0929522010689545,90.9788768568723,3.75775369022233
"LoVo.1",0.204421683377214,0.185203245623862,3.56487108758946,24.4126454534153,0.15347380081749
"SW48.1",0.130506572667968,0.402743543668273,2.76951616825095,12.7486862377732,0.362137154262466
"HCC1143.3",0.275544708814202,0.118092164917338,2.51667589993287,17.0941467756158,0.100005509348978
"T84.1",0.116291448694289,0.418580423030451,3.30706727248227,32.5519394903954,0.304454659069117
"COLO 678.2",0.0147823122602356,NA,2.26849891903929,85.2466755703938,0.553041836553165
"NCI-H716.1",0.155041013203213,0.312097469841771,3.39035748975575,16.4002645979554,0.277569082833866
"SW620.23",0.0627670108129562,1.73635589755739,1.03039864424223,0,1.73635589755739
"SK-CO-1.4",0.17088483879623,0.453669154189295,1.09490767267861,23.0150906213553,0.258290022040462
"HT-29.23",0.225779426287038,0.175754592134928,2.19422839851228,22.2180443997714,0.134461602375884
"HCT 15.20",0.0842105701207842,0.858570331853401,1.43564089654935,8.44287555839561,0.75478905415309
"CaR-1.1",0.0601438118825919,4.03249246801147,0.827648204397132,21.6404282321063,2.03244686346454
"CL-34",0.0382375289569592,NA,4,68.5600726402993,0.434186343416927
"C2BBe1.1",0.0020920491089826,NA,4,98.7256049178005,0.321351517877871
"SNU-1040",0.20365615785803,0.659834560343835,0.587121975980513,8.59344735109841,0.478563379815423
"SW1116.2",0.0284948124253362,NA,4,82.6420509814202,0.321351853254032
"CL-11.1",0.14618724910969,0.507893853004409,1.42405558184414,32.4113330180993,0.243865185665309
"CL-11.2",0.131371308096165,0.3285630392704,4,38.706311451079,0.226508840953816
"HCC1599",0.26544842785944,0.144358663952166,1.40241459926871,24.6898768302374,0.0888401984330322
