"","aac_recomputed","ic50_recomputed","HS","E_inf","EC50"
"A-204",0.109988792500798,NA,4,78.4085145635679,0.0296409395461025
"MES-SA",0,NA,1,100,0.00100052698506632
"PL4",0.150364849211679,NA,4,61.6187545884703,0.0668024504883822
"OS-RC-2",0.075338002821061,NA,1.08000892132413,81.1362844388416,0.0658180931606497
"WM793",0.160067914991767,NA,4,81.7044736405982,0.00235512610670629
"KYSE-50",0.27845241373867,0.0870186368095879,2.09504549787037,41.7228968918076,0.0368794357540117
"KE-37",0,NA,1,100,0.00100052698506632
"Jurkat",0.00846412934011382,1.39579281493876,4,0,1.39579281493876
"KM-H2",0,NA,0,100,24.7503494691246
"697",0.103341081871195,NA,1.25444166290805,63.3156196639743,0.153395085547813
"8-MG-BA",0.232227925462966,0.150051512402797,2.08050614430053,40.3297341466114,0.0681208092803255
"PaTu 8988t",0.106719170124671,NA,1.65475105800447,72.223732819923,0.0708758108411395
"FTC-133",0.0454152791623823,NA,4,84.2477929070946,0.136512347684156
"KMRC-20",0.1358421368638,NA,2.90978793380717,66.2791157766916,0.0618882894074178
"NCI-H1975",0.200488083522324,NA,2.15269597665263,56.9637190362923,0.0400551176447023
"OVCA420",0.24388104261891,0.143454568323413,1.92663202664914,42.5883389257986,0.053260049636806
"HCC1954",0,NA,1,100,0.00100052698506632
"ASH-3",0.0738279231682995,NA,4,82.4509022446302,0.0547036813079348
"NCI-H1568",0.0329909111388328,NA,4,86.104464834807,0.19406417433396
"NCI-H1563",0.20670701286241,NA,2.72521727075668,70.4323893437732,0.00798561061167312
"Daudi",0,NA,0.358070156945686,100,0.00787149144408148
"CTV-1",0.928030512615502,0.0008669524846802,2.52048735866839,4.50318714243977,0.000835089364562956
"EM-2",0.607744642733193,8.74359109506526e-05,0.269582670408389,35.0195771461741,1e-06
"WM278",0.0360868747030653,NA,4,90.9719503342579,0.0632316764804439
"GI-ME-N",0.138869398845163,NA,0.517042984770546,71.8219499369227,0.0339076834391519
"EJM",0,NA,0,100,1.5650085437083
"HT-3",0,NA,1,100,0.00316366632677971
"Hs 746.T",1.38701354469164e-14,NA,2.22581970647784,99.6218293919346,40226.475962445
"EW-18",0,NA,1,100,0.00100052698506632
"RPMI-7951",0.222800644263319,0.122347049154751,4,48.5937800590989,0.050103066961901
"CA46",0.0823712841898045,NA,4,78.1577383792418,0.0739150707591437
"RCC10RGB",0.173839965669349,NA,4,60.6510074322213,0.0472858514517107
"U-251MG",0,NA,0.173398655451455,100,0.00985739489631583
"Karpas-231",0,NA,0,100,0.600932562505588
"BALL-1",0.0758060094136312,NA,4,80.6047899339326,0.0672270814008102
"IGR-1",0,NA,1,100,0.0316311078697273
"KP-1N",0.101519074861877,NA,4,77.7974078768576,0.0424996854086345
"OVCAR-8",0.128965457290345,NA,4,62.0615006413064,0.0955626102441987
"JJN-3",0.00175302440351739,2.11871288916892,4,0,2.11871288916892
"ALL-SIL",0.814173536562287,1.70632154417676e-06,0.172693064425808,4.40736414947324,1e-06
"HEY",0.176129539394695,NA,1.95728088010707,54.7853280751092,0.0680076444648952
"HeLa",0.0497359169834879,NA,4,93.7285758073812,0.00417498963495621
"SCC-15",0.171546588497781,0.409993772273273,1.40291818579938,35.8908398188664,0.166385663538045
"CAL-33",0.21451198629685,0.413304723464741,1.19905039238829,43.5689168432595,0.0747212809374514
"JHH-6",0.135359965444298,NA,1.63630784631331,70.2751898783056,0.0431477260438993
"ES4",0,NA,0.51514906750019,100,1.34425323956082
"UACC-257",0,NA,0.880186318829325,100,0.18985387169653
"KCL-22",0.794592927383844,0.000474756729195899,0.626988518965742,13.0129660526096,0.000293536886168845
"CHP-134",0,NA,1.60122872168076,100,6.61797612701262
"KMS-12-BM",0.0305065090167826,NA,4,74.1696211431633,0.446636470651415
"OE19",0.0060256696921149,1.53283195003195,4,0,1.53283195003195
"MDST8",0,NA,1,100,0.00100052698506632
"HCC2998",0,NA,0,100,0.0163828270355614
"G-401",0.0951676956696862,NA,1.49917315722995,79.8773523684434,0.0382143942924608
"OAW28",0.0497051809597102,NA,4,85.3983176645224,0.0952500388614095
"DMS 53",0,NA,1,100,0.00316366632677971
"TOV-112D",0,NA,1,100,0.00100052698506632
"AsPC-1",0.0266793036937639,NA,0,94.6641392612472,3.0078409843798
"HSC-3",0.256164426210282,1.09364855723441,0.644297606406329,43.3551917663199,0.04769808332185
"Evsa-T",0,NA,0,100,0.444135860510968
"VA-ES-BJ",0.0602602591815075,NA,4,81.0439793567726,0.111276666462257
"GOTO",0,NA,1,100,0.00100052698506632
"SNU-175",0,NA,1,100,0.00100052698506632
"IM95",0,NA,1,100,0.00100052698506632
"OVCAR-3",0.143341575758956,NA,0.911696954169072,61.807964539167,0.0816187358770164
"LXF 289",0.286776686790203,0.0847308687536052,2.92021160931323,27.9278509373914,0.0640371787279427
"AGS",0.110607271069659,0.794796120577779,2.14835086652304,45.8459987092777,0.249637744248795
"AU565",0.0324354760226364,NA,4,83.3800623892367,0.260051862679637
"LN-405",0.0825416931654983,NA,0.965217235886356,78.8911087322766,0.0713921948512124
"TE-4",0,NA,1,100,0.00316366632677971
"42-MG-BA",0.28838606697883,0.0972727531857337,2.17415690265968,24.6784691280811,0.0711353761533923
"TUR",0,NA,1,100,0.00100052698506632
"EMC-BAC-2",0.27611613731699,NA,4,65.6162265860645,0.0038957082180831
"LC-1/sq",0,NA,0.574608983540921,100,7.73099715227676
"Hep-G2/C3A",0,NA,0,100,4.56822598757291
"Karpas-45",0.100677894828412,1.35540226833223,0.824061713555855,0,1.35540226833223
"A-375",0,NA,1.26924382344952,100,0.695720817535183
"C32 [Human melanoma]",0,NA,0.383760545059194,100,0.421268742193754
"C32 [Human melanoma].1",0.00140694384267912,2.24115950149635,4,0,2.24115950149635
"C32 [Human melanoma].2",0.003794682542939,1.73429859797289,4,0,1.73429859797289
"HT-29",0,NA,1.49901076051829,100,15.9517562906967
"HT-29.1",0.0316176498025691,NA,4,92.5598108897532,0.053115986809286
"MHH-ES-1",0,NA,0.862533281157964,100,0.00122847332121466
"MHH-ES-1.1",0,NA,0.46768920061696,100,0.00160110329771224
"MHH-ES-1.2",0,NA,0.231805320753381,100,0.00209638880553822
"SNU-C2B",0.0100576782965353,NA,4,96.2780110383652,0.154687181062202
"SNU-C2B.1",0.021084066172301,NA,4,93.0409556685799,0.123359813352625
"SNU-C2B.2",0.00503107793551471,NA,4,98.3505462141924,0.121632376497027
"U2OS",0,NA,1,100,1
"U2OS.1",0,NA,1.04493012967009,100,0.0742650827729984
"U2OS.2",0,NA,1.42567204238872,100,4.02685347536249
"PC-14",0.248253493320297,0.195865636118178,1.20160680430946,9.16137736787413,0.165503468008885
"PC-14.1",0.188994943181874,0.302832118737436,1.41602290150555,8.13421381037457,0.267144396593695
"PC-14.2",0.229055554457688,0.205174212215433,1.56553777787712,12.1150766610806,0.171850232686493
"SW620",0,NA,1,100,0.0316311078697273
"SW620.1",0.0588697206765071,NA,4,92.6553436369397,0.00393674607969379
"SW620.2",0.0361978363788549,NA,2.67883074790816,92.8532533441678,0.0302433864933528
"HCT 15",0.0557890298110052,NA,4,69.0079532397034,0.288910030249845
"HCT 15.1",0.00720289304773133,1.45982125878673,4,0,1.45982125878673
"HCT 15.2",0.0285667943928001,NA,4,82.3854683377099,0.327145824140195
"A-375.1",0.00221747383243688,1.99458011122479,4,0,1.99458011122479
"HGC-27",0.252420161448313,0.120265170780309,4,23.3862836934853,0.102724432817151
"B-CPAP",0.153000164617411,NA,1.08793552192973,59.822853095561,0.0753915892043464
"SK-MG-1",0.175950163739358,NA,3.45503351396346,57.9325488708003,0.0556326373651559
"NCI-H1650",0.198132547154228,NA,0.484589710216961,55.1272644214539,0.0571980939993513
"786-O",0.15368217717383,NA,1.4921900809941,59.0557146076338,0.075810533918685
"TGBC24TKB",0.166734067287365,18.6552787197686,0.266676429862397,0,18.6552787197686
"KP-2",0.169189224509393,NA,2.15559220658831,65.4042800229575,0.034120110414404
"HDQ-P1",0.382843486781053,0.0461228278018597,2.37896832228331,19.4765263471593,0.0374817369330553
"NCI-H716",0.0303004164564294,NA,4,88.818741011118,0.153866538793589
"MHH-PREB-1",0,NA,1.73570797652334,100,88.0729487048563
"NCI-H513",0.0440020822741106,NA,4,87.9762022359724,0.079838677156424
"Huh-7",0,NA,1,100,0.00100052698506632
"HT-1197",0.0867480657846184,NA,1.75798174151637,58.6637316018526,0.245795005369223
"J82",0,NA,0.835682381662065,100,0.109403616961236
"NCI-H1568.1",0.0363673181995198,NA,3.39253993330067,80.7846484966233,0.271509263643095
"SK-N-DZ",0,NA,0,100,1.98575700600389
"NCI-H322M",0.236804012456573,0.113239848638457,2.8474142508855,43.5410912234685,0.0551890118612785
"LB996-RCC",0.363646870605323,0.0515181054896525,1.33460644668387,34.5485686876462,0.0213709483364555
"NCI-H1944",0,NA,1,100,0.00316366632677971
"MCF-7",0,NA,1,100,0.00100052698506632
"KYSE-180",0.0787619652627547,8.71182700314956,1.11843591355628,48.0046481339918,0.48898948671203
"NCI-H23",0,NA,1,100,0.00100052698506632
"L-428",0,NA,0.649762803548104,100,58.985935838348
"IGROV-1",0.373949200395776,0.0321427427140312,2.5900027568009,32.9661139480252,0.0212090325724991
"LN-229",0.00526085714709241,NA,4,97.203371642139,0.27308786478648
"HSC-4",0.209209925073559,NA,1.799113051593,52.0146777689478,0.0493165566850888
"Mel JuSo",0,NA,0.996886964571449,100,0.00831627614334322
"639V",0.168006609078172,NA,4,77.7735574451208,0.0053999097463337
"SK-GT-2",0.0999464236296481,0.643207531431356,1.60669910395631,0,0.643207531431356
"NCI-H2373",0.0012591881635964,2.3053786965624,4,0,2.3053786965624
"U-118MG",0.0799395850345672,NA,2.30734196660009,73.4118121156882,0.125793945316449
"TE-1",0.226252629215092,0.201346322469632,1.59538821488721,39.0097952673532,0.077898183137803
"SKN-3",0.0798771939243262,NA,2.01452065634326,68.0636669731727,0.18049011931252
"SiSo",0,NA,1.01676230501073,100,1.04611415894029
"SNU-C5",0.0471295818755106,NA,4,88.8025370418148,0.0546275493596666
"MFE-296",0,NA,0,100,0.451650287596204
"NCI-H2170",0.0140103481694041,1.20602381188379,4,0,1.20602381188379
"NCI-H1694",0,NA,0,100,34.0736272374974
"8505C",0.0299732722018503,NA,4,88.194291677159,0.173177640031738
"JHH-4",0.199113401634643,0.148170947645306,4,41.6335906063071,0.0947666078475284
"TT2609-C02",0.029164692176479,NA,4,89.9738440021114,0.134104522908977
"SW1573",0.00418253259701197,1.69030660564208,4,0,1.69030660564208
"LOU-NH91",0.14070862587971,NA,4,60.1853904831315,0.0870679859496573
"NCI-H1048",0,NA,1,100,0.00100052698506632
"C-4-I",0.0163343379899986,NA,4,93.3505562262023,0.183328384423727
"Jiyoye",0.217342984109548,NA,4,68.1553123131514,0.00896625644852108
"SUP-M2",0,NA,0,100,0.0117816727039575
"CAL-120",0.112991118290511,NA,4,65.932666939609,0.101175954479791
"SW756",0.0278712976906874,NA,4,93.0965005261951,0.0615053146547892
"G-402",0.278875178940032,0.0925084467335173,2.18300152881577,46.5314189092974,0.027248607379666
"WM35",0.00210817407508438,2.02071498819154,4,0,2.02071498819154
"UMC-11",0,NA,0,100,0.0268859684723622
"HCC827",0.24463207216889,0.181827720666871,1.37151135524303,21.51820064202,0.120631474273636
"HOP-92",0.0665889407295915,NA,4,80.2022112050881,0.0979604844376263
"SW780",0.0350549186324084,NA,4,87.7980288724663,0.137479380471177
"OVCAR-4",0.0402743366161554,NA,3.16334878041067,84.6262867465151,0.163908939353607
"RERF-LC-KJ",0.0325050880151037,NA,4,92.3385620912061,0.0533693172718633
"RL95-2",0.038462357020804,NA,4,92.5642613298655,0.0280755291485768
"DEL",0.0324942206134187,NA,0,93.5011558773163,0.000800550605368607
"KOPN-8",0,NA,0.606200301433062,100,0.157655045465592
"ETK-1",0.323814115095708,0.0688947126550951,2.34281360339242,24.5219676746532,0.0516661621012396
"GB-1",0.125849846522375,NA,1.81142694872788,74.5383385941945,0.0329126929268399
"Calu-6",0.0898923588172664,48513.2743593331,0.165642889794204,0,48513.2743593331
"BHT-101",0.138323924443806,0.660013756602642,2.00720943420264,46.7769070254745,0.168400259827292
"Daoy",0.0311352422367276,NA,4,87.8487036846539,0.170396519376441
"CADO-ES1",0,NA,0,100,0.140951649369457
"ESO-26",0,NA,1,100,0.00316366632677971
"NCI-H1623",0,NA,0.629924044407741,100,0.00896128227343276
"HTC-C3",0.0899763329612062,2.24784536677948,0.813707715942106,21.6963180479324,1.11702134627862
"KM12",0,NA,0.0427315630513727,100,0.0136143749829607
"LOU-NH91.1",0.130723755391289,2.48550984656728,1.58517612987509,49.2521560319876,0.175397562778523
"PWR-1E",0.0719227572284576,NA,2.25159092288021,82.2243385683804,0.0611773021686458
"SNU-182",0,NA,1.0477454011354,100,0.105850468703049
"SNU-398",0,NA,0.822459931145415,100,0.0247984509540767
"CHP-212",0.205001314200641,NA,3.85382468033498,52.7971645443525,0.0497971200525339
"TYK-nu",0.124858302306378,NA,4,71.5718535597623,0.0481372397175894
"DBTRG-05MG",0.064676995231125,NA,4,87.893813514373,0.0249677602872706
"ESO-51",0.00291379745315473,1.85842280716408,4,0,1.85842280716408
"RPMI-8226",0.0050959484843444,NA,4,79.6875,1
"OVISE",0.188319338917062,NA,2.17732783282582,62.1358085963569,0.0322150110958368
"DiFi",0,NA,1.99022998402272,100,17.7827985972938
"KG-1",0.00169474136321153,2.13713203131453,4,0,2.13713203131453
"ARH-77",0.176957398019978,NA,4,53.9273687867112,0.0704433330782615
"EBC-1",0,NA,0.863501865336831,100,0.00150215954741209
"HuO9",0.193576824977512,NA,1.51180574216782,50.3995620176313,0.0681867095380811
"Raji",0.00134232692802506,2.26816639999451,4,0,2.26816639999451
"Granta-519",0.00324196911041883,1.80741529430037,4,0,1.80741529430037
"TC-71",0,NA,1.28333252931205,100,0.945464837791944
"HuO-3N1",0.203017865659308,5.91528400559846,0.521298945628998,43.1960357159493,0.128926365870795
"BT-474",0,NA,0.497170715479555,100,0.151789416018448
"RERF-LC-Sq1",0.0118497739463106,1.26757524330482,4,0,1.26757524330482
"RD",0.167461815561946,NA,0.610501156935687,61.3974280396169,0.0568330664470616
"CAL-51",0.0510912727290791,13.5094690217374,0.568484210686891,0,13.5094690217374
"IMR-5",0,NA,1,100,0.00316366632677971
"BPH-1",0.435761901631818,0.0253139389456352,1.11869883030961,38.5334989787113,0.00678701060559381
"SNU-1",0.00252252897264304,1.92927674057497,4,0,1.92927674057497
"JSC-1",0,NA,1.23804255929249,100,1.51660859308029
"SAT [Human HNSCC]",0.200359289106393,0.452168727396959,0.892701870015578,27.9934703846892,0.180319391213757
"P30/OHK",0.164230445049507,NA,4,67.8916232039779,0.029218197594834
"NCI-H2405",0.0887262147530423,NA,4,83.3890186989474,0.0249859699213408
"C2BBe1",0.0607986615262036,1.08486463830631,1.50866233425376,0,1.08486463830631
"TCCSUP",0.0523523582844415,NA,1.67672008469349,73.001804333999,0.280070577246927
"HuP-T4",0.039976533413016,NA,1.79792118504863,78.2679900097168,0.297932416296346
"A101D",0.0490983330403118,NA,4,93.9775213977601,0.00357908237209238
"GA-10",0.26356387159486,NA,4,61.8978335452687,0.00841295333590576
"CESS",0.246320340699551,0.241833319682456,1.39452063167715,45.1874572597449,0.0451360350175411
"RT-4",0.127157184771195,NA,1.43343776874696,71.5172882570289,0.0460464056796948
"NCI-H1155",0,NA,0.140770754168704,100,6.9241669107872
"COLO 678",0.0135792059558781,NA,1.71869258458502,86.231911160882,0.627962283297676
"A-172",0.0398574649135456,1.18580777167404,1.96120157521159,0,1.18580777167404
"647V",0.0473517147606884,NA,1.5381501232439,65.4774575128819,0.460647560536396
"EC-GI-10",0.0460000433686301,NA,1.76753187947291,80.6066079947707,0.200638442254431
"LN-18",0.0885759500669712,NA,4,81.2291088784197,0.0384122943712684
"M14",0,NA,1,100,0.00316366632677971
"KYSE-140",0.0409852634577899,NA,1.22524052078813,62.5318312348185,0.708801730817911
"COLO 829",0.210092549946937,NA,0.927009893994071,69.711571358703,0.0071415169500201
"EPLC-272H",0.29038452485977,0.0974255495522687,1.73676375243825,29.5498932013954,0.0582251797286391
"G-361",0,NA,1,100,0.00100052698506632
"GDM-1",0.572734712518428,0.00716685329718974,1.51444107143247,26.2286026381172,0.00438636171580453
"JHH-1",0.0938702645494723,NA,1.83836710173453,84.3681662284176,0.0157487771676709
"MM1.S",0,NA,1,100,0.00100052698506632
"MOLT-16",0,NA,1,100,0.00100052698506632
"NCI-H1693",0.13563433707232,NA,1.63543157962368,64.2198670452647,0.0735037924479309
"NCI-H1781",0,NA,0,100,0.356758366054491
"NCI-H2141",0,NA,0,100,3440.27530000827
"OE21",0.138795769650066,NA,1.99192405942738,70.8642882840892,0.0372500765037218
"Panc 08.13",0,NA,0.329629700190774,100,0.00713098477472584
"UPCI-SCC-090",0.00125917904116825,2.30538294507295,4,0,2.30538294507295
"SU.86.86",0.103659506663183,NA,4,85.0106210254387,0.00842320725988004
"SU-DHL-10",0.119419600567961,NA,4,78.1450638324304,0.0229544349600687
"SUIT-2",0,NA,1,100,0.00316366632677971
"SUP-HD1",0,NA,1,100,0.00100052698506632
"NOS-1 [Human osteosarcoma]",0.210825492053301,NA,3.06067081692959,50.8810738634382,0.0515787163617475
"CFPAC-1",0.0567302038565437,NA,0,88.6539592286913,0.0630735069947368
"A2058",0,NA,0.831302423633143,100,1.17745111611645
"CAL-27",0.105266606307129,NA,1.7834863479476,58.7473870575881,0.175890565998667
"COLO 205",0,NA,1,100,0.00100052698506632
"COR-L23",0.0755516422204827,22.3637036573505,1.12429605524019,49.3044079667049,0.499097761700225
"DAN-G",0.0718874050247595,NA,2.59164804301402,77.6564116466261,0.10849092134704
"EW-1",0,NA,1,100,0.00100052698506632
"GP5d",0,NA,1.85416039825881,100,112.342059406272
"NCI-H2722",0,NA,0.721620433710327,100,0.0016778278672477
"HCC15",0.00933130851783187,NA,4,97.7989427816698,0.0534881901441484
"MFE-319",0,NA,1,100,0.316255534471853
"NCI-H1876",0,NA,0,100,0.0141350659677823
"NCI-H661",0.00201104461544218,2.04537676483972,4,0,2.04537676483972
"T-47D",0.0383493321157701,NA,4,92.1837088579709,0.0337452171400811
"U-87MG ATCC",0,NA,0.229218016120662,100,1.16494371672436
"MC/CAR",0,NA,0.850963242018095,100,8.73495011183359
"23132/87",0.104735180880765,NA,4,81.742530061164,0.0190178161918147
"ATN-1",0,NA,0,100,1e+06
"BB49-HNC",0.4312102607881,0.0356685799868596,0.872987342185355,33.6489833215279,0.00991368457606058
"SK-N-BE(2)-M17",0,NA,1,100,0.100017563084078
"BFTC-909",0.0612485944235452,2.58131477274846,1.68808765208071,46.3828412359858,0.544707945894823
"BICR 10",0.21489730221413,0.356278486534679,2.11189144877867,49.0583936798341,0.0543173532748373
"BV-173",0.652962196622787,3.72697772675337e-05,0.0945339407940958,0,3.72697772675337e-05
"CAL-29",0.172437906024739,0.435026970130405,2.23530172276832,48.0840838819702,0.101106513654509
"COLO 678.1",0,NA,1.16229670280586,100,1.12777100854905
"COR-L311",0,NA,1,100,0.0100035129252774
"DG-75",0.00348832760466971,1.77308934612886,4,0,1.77308934612886
"EW-13",0,NA,1,100,0.00100052698506632
"GCT",0.200584255513809,105.236000326558,0.876809708870497,49.9203902405032,0.0677713009978115
"Lu-135",0.00244888705181141,1.94412013909195,4,0,1.94412013909195
"MOLP-8",0.0409216114435703,3.17617366781274,0.983440440597928,0,3.17617366781274
"SF268",0.0714556337783834,NA,4,72.9866000532823,0.160907257709153
"SNU-61",0,NA,1,100,0.00316366632677971
"HC-1",0.0874676533939172,NA,4,85.5385884727414,0.0153331698565347
"A-704",0.303216703146745,0.307869731014789,0.459869046545135,12.6583136810217,0.163188046017623
"ALL-PO",0.034724396201645,NA,4,91.8350514421684,0.0529955825301088
"AM-38",0,NA,0,100,0.594784905166136
"P32/ISH",0.140059836009234,0.570044464010875,1.07353578538354,0,0.570044464010875
"SUP-B15",0.441115462288505,0.0580845290856429,0.471338815647006,0,0.0580845290856429
"MHH-CALL-2",0.00301237343130825,1.84239308315036,4,0,1.84239308315036
"ES-2",0,NA,1,100,0.0316311078697273
"NUGC-4",0,NA,0,100,3.7882572852798
"HCC1187",0,NA,0.946975921480118,100,0.00114003644732879
"NEC8",0,NA,1,100,0.00100052698506632
"CAL-78",0.0707492328587839,6.36082332376891,0.584951354013057,0,6.36082332376891
"AN3-CA",0.100743330823908,2.72409579261587,0.611042712934273,0,2.72409579261587
"DU4475",0.0762581958807136,NA,4,63.8248178126384,0.233325381727581
"PaTu 8902",0.00173907900743196,2.12305065120077,4,0,2.12305065120077
"HT-1080",0.0258663792693097,NA,4,92.6616304380359,0.0876280600434505
"HCC1806",0.196808032065128,0.177601343080007,3.94576446695371,48.6768469667287,0.0707434052420329
"HOP-62",0.186323017239835,NA,2.76849964955438,51.962016325238,0.068641011898596
"JIMT-1",0.2216042580304,0.129123363811416,3.25129353672466,39.2670661401713,0.0804397615157215
"Rh1",0,NA,1,100,0.00100052698506632
"RC-K8",0.0011633975011861,2.35221696830833,4,0,2.35221696830833
"SU-DHL-5",0.585693004227822,0.0171583114350418,1.68468253947095,0.535962079923282,0.0170488980956925
"A3/Kawakami",0,NA,1,100,1
"A3/Kawakami.1",0.00221751604335242,1.9945703255992,4,0,1.9945703255992
"CL-40",0,NA,0,100,6.5296320575959
"COLO 792",0,NA,1,100,0.00100052698506632
"COLO 824",0,NA,1,100,0.00316366632677971
"HCC1143",0.21012008938119,NA,3.05950851874607,67.17098164653,0.0120211144132513
"HCC1143.1",0.162578903237286,NA,1.49166273639539,74.7810702330294,0.0114534195697229
"HCC1143.2",0.239808633009933,NA,4,75.4186703084815,0.000991362096108042
"HEC-1",0,NA,1.44405412373561,100,3.60806557529146
"Hs 445",0.00279246062601535,1.87908741557891,4,0,1.87908741557891
"HT-55",0,NA,1,100,1
"HuP-T3",0.273615979341503,0.0569998108127767,4,46.8480766784899,0.0285610930440585
"JVM-2",0.298686491779319,0.912585277899163,0.340592145977985,24.5642308802747,0.125448416142667
"JVM-2.1",0.359539101948297,0.602399733699671,0.203727403403995,0,0.602399733699671
"JVM-2.2",0.342291682429442,0.223963224666267,0.66128942768418,41.5410706538681,0.0152504549787091
"NCI-H2228",0.0709171252466201,NA,0.700563294913101,78.1039471889275,0.141091186424568
"SNU-5",0,NA,1,100,0.100017563084078
"NUGC-3",0.0689097612646647,NA,1.4545004304521,50.7815376210718,0.461168383553108
"OACP4 C",0.177912402275864,NA,1.83941766423874,60.3888307572927,0.0450020266999424
"OCI-M1",0,NA,4,100,2275.37431228965
"OCI-M1.1",0.0351180938742554,NA,4,90.6786724631241,0.0741036702411086
"OCI-M1.2",0.0401387011575281,NA,4,89.8053455919853,0.0659057141886888
"OV56",0.100817504394767,NA,4,80.3934699668433,0.028675199118988
"RS4;11",0,NA,1,100,0.316255534471853
"SCC-3",0,NA,1.19162498975704,100,0.855286349472814
"SK-ES-1",0,NA,0.730590147443658,100,0.002119041771446
"SU-DHL-8",0,NA,1,100,0.100017563084078
"TK [Human B-cell lymphoma]",0,NA,1,100,1
"A3/Kawakami.2",0.0266427878382718,NA,4,80.0036409156204,0.40094623239046
"NCI-H747",0.174471522762905,NA,4,64.9964489490649,0.0319738971280219
"NB1",0,NA,0,100,0.0080406572161149
"HPAC",0.0336102839533885,NA,4,94.3176470693546,0.0168142691389485
"EW-16",0.0219627096045876,NA,1.17921943616074,66.4309994468576,1.34632144449758
"OSC-20",0.0944217268474005,1.42965993891277,0.900386444070138,11.8975224390612,1.05720513430377
"EGI-1",0,NA,0.953855430468331,100,0.792536438029882
"SBC-5",0,NA,0.53961633895982,100,30.3814792684296
"NCI-H2369",0.0537476450063864,NA,4,73.4750087199239,0.246921324408586
"H9",0.0312581172179949,NA,0,93.748376556401,1e+06
"OACM5.1 C",0.229470296660809,2.01510109638747,0.316945729054071,0,2.01510109638747
"U2OS.3",0.00631128960287251,1.5136511231628,4,0,1.5136511231628
"A-375.2",0.0782031588241503,NA,1.37840121233138,66.6705171386077,0.214595681121665
"A-375.3",0.0431219694030237,NA,4,84.2589334620274,0.150758482218493
"HT-29.2",0.171391745938138,NA,4,64.3990783295119,0.0359612844778149
"HT-29.3",0.141533427537897,NA,2.83879404521849,65.5811555659332,0.0584135277974866
"HT-29.4",0.150789713685711,0.973424463905332,0.988871846228963,38.0507758667983,0.22891619351683
"A-549",0.230810074884731,0.101249767632024,4,47.4411284908905,0.0481574690066964
"HCT 15.3",0.118393734966619,NA,4,79.2458215210811,0.0194427526681841
"HCT 15.4",0.0422525225941951,NA,4,79.5742219775641,0.239788994362029
"HCT 15.5",0.116641368814173,NA,3.1393516409808,79.3329821812557,0.0202752623789408
"A-375.4",0.0419541203963823,NA,4,85.1006505185387,0.14300759890846
"U2OS.4",0.0166099965512223,NA,4,83.8856247407227,0.498058323962492
"C32 [Human melanoma].3",0,NA,1,100,1
"C32 [Human melanoma].4",0,NA,1,100,0.00100052698506632
"C32 [Human melanoma].5",0,NA,1,100,0.316255534471853
"PC-14.3",0.167161854369019,0.320844939421734,1.99130996282602,12.2715646602845,0.278533687519039
"PC-14.4",0.202833720630539,0.245039299404927,1.63400650217074,21.3185997648139,0.174389078635812
"PC-14.5",0.180967964654844,0.280323396634398,1.93050587365338,19.9787431252979,0.215229240863373
"A-549.1",0.207467352652693,0.3077593479982,1.27916232389112,37.0635910155764,0.106953505511652
"A-549.2",0.267319462320984,0.119701711130933,1.67464736749834,37.9380586154442,0.0512076080812029
"MHH-ES-1.3",0,NA,1,100,0.00100052698506632
"MHH-ES-1.4",0,NA,1,100,0.0100035129252774
"MHH-ES-1.5",0,NA,1,100,0.00100052698506632
"SNU-C2B.3",0.071939114661515,NA,1.51646258169979,74.6700873064416,0.145508592629958
"SNU-C2B.4",0.0701275984163748,NA,4,77.1856612397789,0.119657786096257
"SNU-C2B.5",0.0546787022461779,NA,4,85.9644698331589,0.0678220654582122
"SW620.3",0,NA,1.33942688625156,100,2.2674571583643
"SW620.4",0,NA,1.10882177162829,100,1.9482559593008
"SW620.5",0,NA,1,100,0.100017563084078
"HT-144",0,NA,1,100,0.00100052698506632
"HuH-1",0.00237132277503404,1.96035736356024,4,0,1.96035736356024
"LB771-HNC",0,NA,0.767922858740701,100,0.0334046192871055
"LCLC-97TM1",0.00381021259143803,1.73243413516598,4,0,1.73243413516598
"NCI-H196",0,NA,0.997095987811803,100,0.343827550139246
"NCI-H1963",0,NA,1,100,0.00316366632677971
"NH-12",0,NA,0.0359082357382834,100,0.00336135287399845
"OAW42",0.0856279343602157,NA,4,71.9685021053561,0.121250097693633
"PFSK-1",0,NA,1.0529982806811,100,0.453094623390866
"RERF-GC-1B",0.606733112196635,0.0110874315609825,0.73647622037125,6.8766806165507,0.00906944233632967
"TE-6",0.15653870158462,NA,4,68.5782529971433,0.0320299609354002
"A-253",0.0176409405322612,NA,4,89.1754232684669,0.32533690478692
"DMS 273",0,NA,0.480117745327386,100,5.63913276476536
"SK-MES-1",0.13476168676891,0.661956194910222,1.19264235347747,27.3984684279789,0.34017027203237
"TOV-21G",0.315323055527294,0.191887662246912,0.542917256927863,0,0.191887662246912
"MS751",0,NA,1.25633217103716,100,1.09443048533752
"DK-MG",0.14281325144617,NA,4,72.5005777960641,0.0276772685079709
"CHSA8926",0.338158337579168,NA,1.57327042821512,55.7695530283359,0.00483495256404161
"HCC2157",0,NA,0,100,0.156502701246827
"KY821",0,NA,0,100,3687.05152719906
"NCI-H1092",0,NA,1,100,0.100017563084078
"NCI-H1793",0.0428598088917036,NA,1.95507731060344,95.714018678413,1e-06
"PC-3",0,NA,0.930403199102549,100,0.0174889437144892
"NCI-H1915",0.145895205880401,NA,1.91778051719686,66.7537857491051,0.0483221949193045
"NCI-H650",0,NA,0,100,0.105035685673702
"Rh41",0,NA,0,100,0.981308419737301
"KU-19-19",0.108677455231434,NA,0.924822210411046,54.1995666327076,0.25179718959289
"CAS-1",0.145002747873903,NA,1.31074924017322,67.4545437826053,0.0464738270241452
"HPAC.1",0,NA,1,100,0.0316311078697273
"CL-11",0.00133465370646173,2.27148000866284,4,0,2.27148000866284
"HCC1954.1",0,NA,1,100,0.00100052698506632
"HCC1937",0.0499964689392979,NA,1.45307001305185,80.2943489925623,0.183286268251933
"PA-1",0.217364523045886,NA,2.51878531221503,53.7505172574153,0.038921641483305
"EFM-192A",0,NA,1,100,0.00316366632677971
"MOLT-13",0,NA,1,100,0.316255534471853
"MHH-ES-1.6",0,NA,1,100,0.0100035129252774
"U2OS.5",0,NA,0,100,0.0302303743210395
"HT-29.5",0.00450626829388816,1.65720327526781,4,0,1.65720327526781
"A-375.5",0,NA,0,100,0.0442098232204494
"PC-14.6",0.253171543499238,0.171148390156318,1.49033823830947,11.5782707503543,0.143422190744215
"KYSE-150",0.0358030158515787,NA,2.76542073733335,77.0234194595314,0.347360224639117
"SiMa",0,NA,0.842279808853714,100,0.00613248008134663
"SW626",0.108746786063077,NA,1.32283182807354,74.5885873147969,0.0526188357511432
"KMOE-2",0,NA,1,100,0.316255534471853
"NCI-H2591",0.0253568516824196,NA,4,93.1586824146651,0.077296574973128
"HCC1937.1",0.0725499405193104,NA,4,87.6205309019527,0.0174574751070135
"KLE",0.236462227732607,NA,4,62.1848797957341,0.0133108457104105
"KYSE-410",0.0696608557058059,3.50697932064729,0.708947766611068,0,3.50697932064729
"LNCaP clone FGC",0,NA,0,100,0.0104891237374775
"NB(TU)1",0,NA,0.5985634464658,100,0.0030800276687418
"NCI-H209",0,NA,1,100,0.00100052698506632
"NCI-H720",0,NA,0.993009696239936,100,0.00339255633056268
"NB1.1",0,NA,1,100,0.00100052698506632
"Lu-99A",0.129598783279322,NA,4,73.4295424231051,0.0344227953865389
"MOLM-13",0.155427724621453,0.585704243988268,0.890480235977485,0,0.585704243988268
"Lu-99A.1",0.112427096017776,NA,4,79.1869812670307,0.0239658556289527
"Lu-99A.2",0.0887997557161872,NA,4,82.8903288352447,0.0277401478372125
"NCI-H2347",0,NA,0.133458772951232,100,0.00710930068472201
"NCI-H1341",0,NA,1,100,0.100017563084078
"NCI-H1573",0,NA,0.907036316932795,100,0.00134836252451409
"NCI-H1688",0,NA,0,100,46.211469475229
"A-498",0.0577351281011408,NA,4,74.9693469657552,0.203359849426013
"MFM-223",0.038595379371787,NA,4,76.4406763306826,0.32340929777379
"MDA-MB-361",0.002043376728612,2.03700777490751,4,0,2.03700777490751
"LS411N",0,NA,1,100,0.00100052698506632
"HL-60",0,NA,1,100,0.100017563084078
"PF-382",0.206264998876796,0.245316430323981,3.91716770658723,49.818195913182,0.0584775752608389
"SNU-407",0,NA,0.662238187241394,100,0.0178850458812124
"NCI-H1417",0,NA,1,100,1
"NCI-H1417.1",0,NA,0.763416591396642,100,0.00181557333926393
"NCI-H1417.2",0,NA,1,100,1
"P12-Ichikawa",0,NA,1,100,0.00100052698506632
"P12-Ichikawa.1",0,NA,1,100,0.100017563084078
"P12-Ichikawa.2",0,NA,1,100,1
"SiHa",0,NA,0.907936690325695,100,0.0869135472419341
"OVTOKO",0.390133654560658,0.0349341004848661,1.50044610500137,35.0786688106407,0.0156043386864848
"FaDu",0.0929599573701838,NA,4,77.5286585626421,0.0574181223502935
"5637",0.275975237216224,0.087427304417505,2.78624373726547,32.0232639197392,0.0605619353080425
"Detroit 562",0.314941589364959,0.0565099737070286,2.75352689036242,33.6750496779331,0.0376340790141639
"NCI-H2052",0.138268658350781,NA,2.33301509980102,60.3248113800797,0.0902087270445598
"Rh30",0,NA,0.741828363625026,100,0.0019170089024343
"T-47D.1",0,NA,0.779364070223056,100,5.14033363112281
"KYSE-180.1",0.23889669034197,NA,1.97865043721938,57.2975156876258,0.0209587869672402
"HCC827.1",0.227154203013638,0.213150934394122,1.37458572601794,23.9556683871734,0.132623418527038
"A-375.6",0,NA,1,100,0.00100052698506632
"A-375.7",0,NA,0,100,11.4204553082176
"A-375.8",0,NA,1,100,1
"A-549.3",0.220424136932772,NA,4,52.8936306581534,0.0394749622707073
"A-549.4",0.260422409615928,NA,1.22242948443019,54.6008068348164,0.0187161680505457
"C32 [Human melanoma].6",0,NA,1,100,0.00316366632677971
"C32 [Human melanoma].7",0,NA,1,100,0.00100052698506632
"C32 [Human melanoma].8",0,NA,0,100,0.139299576142025
"HT-29.6",0.0370176502731492,NA,0.00395569783936835,92.3919780353347,25326.7060273281
"HT-29.7",0,NA,0,100,74184.1859330139
"HT-29.8",0,NA,0,100,1e+06
"MHH-ES-1.7",0,NA,1,100,0.00100052698506632
"MHH-ES-1.8",0,NA,1,100,0.00100052698506632
"MHH-ES-1.9",0,NA,1,100,0.00100052698506632
"SNU-C2B.6",0.0394691412965655,NA,4,84.7102879338957,0.168159102618987
"SNU-C2B.7",0.055602600057677,NA,4,81.2188535836009,0.129399305292536
"SNU-C2B.8",0,NA,1.26324114394249,100,1.26788778658962
"SW620.6",0.0107266728601687,NA,4,98.0723889832279,0.0214142030011068
"SW620.7",0,NA,1,100,0.00100052698506632
"SW620.8",0.0196235015024805,NA,0,96.0752996995039,0.0108797421320332
"PC-14.7",0.28235912422545,0.158180859574298,1.10947408505269,0,0.158180859574298
"PC-14.8",0.295845417024533,0.147359223820165,1.00619317097023,0,0.147359223820165
"PC-14.9",0.268909336041615,0.174464960570886,1.1344954950656,0,0.174464960570886
"HCT 15.6",0.058981911079592,NA,1.9548782237122,65.3102956393166,0.326233386464836
"HCT 15.7",0.0626246443202608,NA,4,80.3302250043969,0.110904469043874
"HCT 15.8",0.0636330627377574,2.99891152209811,0.792139928040956,0,2.99891152209811
"U2OS.6",0.00180444808250547,2.1030773203361,4,0,2.1030773203361
"U2OS.7",0,NA,1,100,0.00100052698506632
"U2OS.8",0,NA,1,100,0.00316366632677971
"HCC1428",0,NA,1,100,1
"HCC1500",0,NA,1,100,0.00100052698506632
"KYSE-520",0.296760444334464,NA,4,55.8058077200892,0.00967532076283534
"KYSE-520.1",0.26711152612361,NA,2.12026990044788,55.8983607733526,0.0152234425422648
"KYSE-520.2",0.264653443742821,NA,3.06261214781814,52.645352893316,0.0210615505816562
"MeWo",0.0554094347669407,NA,4,87.050714939447,0.0520489015468652
"NCI-H1838",0.0827189280396807,NA,4,81.049332996433,0.0490469598750823
"NCI-H446",0,NA,1,100,0.100017563084078
"NCI-H446.1",0,NA,1.00908932505428,100,0.0757767385716609
"NCI-H596",0.153143924320621,NA,1.18035018910702,78.0183002081731,0.00756716438371126
"NCI-H2122",0,NA,1,100,0.00316366632677971
"BT-20",0,NA,1.33740971974794,100,2.73105349035274
"HCC1419",0,NA,1,100,1
"IGR-37",0,NA,0.857927739927624,100,0.39501973034391
"HD-MY-Z",0.0421767298640159,NA,4,88.709053016546,0.0757626320780795
"H4",0.12206301068511,1.8128190995825,0.613496090924638,0,1.8128190995825
"Calu-3",0,NA,1,100,0.316255534471853
"Becker",0,NA,0.562245351679068,100,0.0202427849072172
"DU145",0.0684813726353186,NA,2.78984263430085,71.6546354322641,0.189126916215521
"NCI-H2595",0.0906450715880018,NA,4,80.9641846681733,0.0372875601656687
"DOK",0.369274487024298,0.0651688259482435,2.00810186401506,10.4867502853199,0.0579605491877828
"CW-2",0.00195842297940922,2.05935760636125,4,0,2.05935760636125
"22Rv1",0,NA,1,100,1
"CAL-39",0.423797611162644,0.0347049049592207,2.85805247030013,16.350203077053,0.0302144277029725
"K5",0.242658944848265,0.941111088115562,0.751948274550381,44.2246962779571,0.053335823497049
"COLO 679",0,NA,1,100,0.0100035129252774
"769-P",0.26996851087964,0.250064954227281,0.653384900736582,0,0.250064954227281
"GI-1",0.0821188156831427,NA,4,81.305180382229,0.0481195827758744
"DOV13",0.415631442060057,0.0317447129338452,2.19496068218696,23.0653720673704,0.0239482234188367
"DB",0.0347423409850612,NA,4,75.4848262185455,0.377628789110517
"A-375.9",0,NA,0.532819751325941,100,0.178324699155837
"A-375.10",0,NA,0,100,0.163658611812374
"A-549.5",0.151411620517954,NA,1.4523713458661,66.9338104033666,0.0424745124973062
"A-549.6",0.124014353949714,NA,4,71.5602775659644,0.0491948151090254
"A-549.7",0.128236326875786,NA,1.99069282700622,67.1145880713654,0.0677982862182934
"C32 [Human melanoma].9",0,NA,0.920737581583184,100,0.00113644245185877
"C32 [Human melanoma].10",0,NA,1,100,0.00316366632677971
"C32 [Human melanoma].11",0,NA,1,100,0.00316366632677971
"HCT 15.9",0.0053795912792546,1.58053105735016,4,0,1.58053105735016
"HCT 15.10",0.094575170043523,43.644918153157,0.336880535028103,0,43.644918153157
"HCT 15.11",0,NA,0,100,1572.44249517898
"HT-29.9",0.100918907591725,NA,0,79.816218481655,0.564984427140531
"HT-29.10",0.0463275685200866,NA,4,91.6442424226706,0.0217174965735592
"HT-29.11",0,NA,0.880176774740328,100,0.060712980405053
"MHH-ES-1.10",0,NA,1,100,0.00316366632677971
"MHH-ES-1.11",0,NA,1,100,0.0100035129252774
"MHH-ES-1.12",0,NA,0,100,1e+06
"PC-14.10",0.216152335043016,0.251944120169401,1.26758985574937,8.11968181330777,0.219073858609677
"PC-14.11",0.205521770692398,0.268151834342943,1.36316664141349,5.70154598443917,0.245362261929653
"PC-14.12",0.200357363124762,0.280410790796487,1.35354994296946,7.1312846847535,0.250277146360226
"SNU-C2B.9",0.0333229270102192,NA,4,93.7670979591727,0.0249019796874356
"SNU-C2B.10",0.0775529347997531,NA,4,87.3323571302738,0.0145713296091721
"SNU-C2B.11",0.142037809605346,NA,0.386504344959011,76.0940234655378,0.0102528212385095
"SW620.9",0.0324246804181135,NA,4,92.3851235880608,0.0528052514689218
"SW620.10",0,NA,1,100,0.100017563084078
"SW620.11",0,NA,0.633103666044404,100,25.8760856950301
"U2OS.9",0.0406779202342177,NA,4,88.2994566522893,0.0905965581806752
"U2OS.10",0.0584719907808435,107836.092153774,0.188857833461682,0,107836.092153774
"U2OS.11",0.015094590551491,NA,4,96.3180430743049,0.0589130960067688
"MFM-223.1",0.00188135654064093,2.17023779977721,4,13.6903796662495,2.00341190108934
"MFM-223.2",0,NA,0,100,4.44222021695815
"MFM-223.3",0,NA,1,100,0.100017563084078
"A-375.11",0,NA,1,100,0.00100052698506632
"ES7",0,NA,0.55619042204455,100,0.557160217816262
"HLE",0.0483865263849991,381.887291501033,0.909317141354056,49.7306178091866,1.22206645943065
"Kelly",0,NA,1,100,0.00316366632677971
"KINGS-1",0,NA,0.96130255876087,100,0.0392200426482957
"KP-3",0.0664109774175302,NA,4,88.1757142380986,0.0206624143704134
"MKN1",0.108939931112349,2.55639951665612,0.590429282561143,0,2.55639951665612
"SJNB-13",0,NA,0.240641553413018,100,0.00781328346756294
"SJNB-7",0.0142547264039731,NA,4,95.0611627653438,0.136215949062177
"NCI-H1993",0,NA,0,100,0.820503374078953
"NY",0.0730712720628917,NA,4,86.6716554629722,0.02266762651226
"BxPC-3",0.118637995999029,1.66790165199044,1.27355880899572,45.5005412500849,0.251767290556395
"CPC-N",0.0116998809763664,NA,1.27396812565445,91.8251402879065,0.483384888030614
"GaMG",0.19276244103494,NA,2.20652750308124,57.2798763418488,0.0443195666037159
"L-540",0,NA,0,100,26.3100556000104
"LCLC-103H",0.0995235970041686,NA,0.777197630608631,54.906062759321,0.34144613003332
"Loucy",0,NA,0.96624414956344,100,0.223219770822326
"MOLT-4",0.00195764422484551,2.05956796907996,4,0,2.05956796907996
"Mo",0,NA,1,100,0.0100035129252774
"NALM-6",0.131509396091496,NA,1.93930220569581,54.930691645488,0.134650661899258
"Namalwa",0.182562353007522,NA,1.17278028624182,65.7095212098084,0.0250862547897456
"NOMO-1",0,NA,0.152407480129208,100,2.70077479728714
"OPM-2",0.00213368451257545,2.01446855311053,4,0,2.01446855311053
"A4/Fukuda",0.0793229279290802,NA,4,81.9165129990271,0.0483232029264961
"ACHN",0.261850082340291,0.212955394115691,1.17483632999539,41.9944532378737,0.0447822388975648
"BE-13",0.25595724915721,NA,4,74.2129938174421,0.000690960695159222
"BT-483",0,NA,1,100,0.00100052698506632
"CAL-62",0.174674691390759,NA,3.95558831618428,53.5016224343897,0.07466498177369
"CAL-85-1",0.0814951735020807,NA,1.96972197870309,86.1555451088892,0.0171176020654451
"CHL-1",0,NA,1,100,0.00316366632677971
"COLO 668",0,NA,0,100,0.235752955816611
"ES8",0,NA,0.933884230340002,100,0.179998638022158
"JHU-022",0.208696284622479,NA,3.97308540822827,54.0500153713595,0.0434070328767248
"JVM-3",0.127464196235024,NA,0.722584732489151,53.431040988247,0.218625482877688
"L-1236",0,NA,1,100,0.00100052698506632
"LAMA-84",0.964071003030289,1.01881749235781e-06,3.99999999999432,3.59289969696764,1.00000000001298e-06
"LC4-1",0,NA,1,100,1
"LoVo",0.242864565252115,0.422126807164159,1.41338106893013,48.2615180535469,0.0392019896779549
"M059J",0.172413367366588,NA,1.08144379467921,52.6600536953325,0.085375770995193
"MFE-280",0,NA,1.09308388954787,100,5.29149827035049
"MIA PaCa-2",0,NA,0.337184876029791,100,0.542883610046616
"OCUB-M",0,NA,1,100,0.0100035129252774
"COLO 320HSR",0.00789513412207952,1.42318775511918,4,0,1.42318775511918
"CaR-1",0.210816246616254,0.81635185066338,1.01761686476201,45.7841853563293,0.0718428215440338
"BICR 78",0.0680046402418558,NA,1.41953559887506,81.5423724794409,0.0798945671831528
"NCI-H1435",0,NA,1,100,0.00316366632677971
"IHH-4",0.0571550283867497,NA,1.89394262007837,72.1579975475825,0.251410854322875
"EFO-21",0.0608374926864909,NA,1.0627423381681,54.1306444192242,0.62414238912348
"IA-LM",0,NA,0,100,18.9964091460282
"KALS-1",0.234998364087561,8.55324141732622,0.219746478617874,0,8.55324141732622
"KS-1 [Human glioblastoma]",0.0251272030710042,NA,3.18793695891921,72.828418872703,0.551625935179875
"NCI-H2818",0.0962186915124701,NA,4,79.0839392416856,0.0416904448415253
"Kuramochi",0.169629009647249,NA,3.15322101724713,56.1512053692336,0.0691144482551448
"HOS",0,NA,1.43609252526921,100,1.17164062287914
"WM1552C",0.14388283403126,NA,4,60.6945479634948,0.0797807765814997
"JHH-2",0.17612437610256,NA,3.17332216038837,67.074223750791,0.0248529703411631
"NCI-H2461",0.0525368160423074,NA,4,83.2918596759125,0.113965902619994
"VAL",0.141858799203678,NA,1.57198329562151,65.718879613938,0.0577159079711861
"BL-41",0,NA,1,100,0.00316366632677971
"TE-5",0.00829576412380004,2.04141783932198,2.57612773118261,0,2.04141783932198
"GCIY",0.140965215883566,2.05436865812102,0.888905905139065,42.5686896736478,0.240604379231815
"TGW",0,NA,1,100,0.0100035129252774
"HAL-01",0.0334439368018732,NA,1.07552162767672,80.4883381058555,0.414530999865842
"L-363",0,NA,1,100,1
"D-263MG",0.172863374775818,0.218199568999083,4,47.5518763052965,0.102640728699399
"HCC38",0.0764292612585144,NA,4,91.5921290898375,0.00183645015621438
"HDLM-2",0,NA,1,100,1
"Lu-165",0,NA,0.779694943696024,100,0.0491198746405288
"ME-1 [Human leukemia]",0,NA,0.371412864138437,100,0.0933692600880818
"MN-60",0.00645218636230313,1.50456533985251,4,0,1.50456533985251
"NB69",0.288981629730969,0.211572589851372,0.776113691560424,31.3691338479826,0.0592985748467782
"NCI-H1792",0.104109267951627,4.70559048597127,0.849040680380419,43.0767069634114,0.458445471549255
"NCI-H2023",0.0863072201334497,NA,1.5055576731249,59.2134538652955,0.250613182543055
"NCI-H28",0.15715915673922,NA,1.30092524672705,61.2097135595025,0.0619326112872621
"NCI-H841",0,NA,1,100,0.00316366632677971
"OV-90",0,NA,0,100,0.0274000349112349
"OVCAR-5",0.219575185469894,NA,1.08825443150755,50.8355338663347,0.0465727413640542
"PL18 [Human pancreatic adenocarcinoma]",0.134600605729217,NA,4,72.8891411611977,0.0324090893212048
"SK-HEP-1",0,NA,0,100,18120.264915959
"SKN",0.27890498926102,0.217361271837387,1.31951818743112,46.8898025908764,0.0264895285446791
"SK-UT-1",0.0310785747043984,21.0861508079184,1.17978584851681,47.8063731133804,1.489718922708
"SN12C",0.121620263990188,NA,4,81.4930038624185,0.0106823563907938
"SW1710",0.36027691311197,0.039283439755057,2.13411044802722,33.9985652751798,0.0230330406709847
"SW684",0.0046537320637931,1.64306164658914,4,0,1.64306164658914
"SW982",0.398165207959722,0.0443276038756849,1.44798215210065,21.5103437601494,0.0300585889019136
"MG-63",0.0601969077660873,NA,1.58725615396294,66.7936428942017,0.313682291333889
"RKO",0.0146638137701009,NA,4,98.3360238246973,0.00225054068344815
"DMS 114",0,NA,1,100,0.0100035129252774
"MDA-MB-157",0,NA,0.704113266014895,100,0.00675905533868431
"MDA-MB-436",0,NA,0.541776638214032,100,0.0793439836979796
"NCI-H1666",0.130325320319339,NA,4,74.017631491221,0.0312853215389829
"OCI-AML-3",0,NA,1,100,0.0316311078697272
"RPMI-8402",0.0273916052247651,4.1715475923135,1.05591907227358,0,4.1715475923135
"SR",0,NA,0.713340177554007,100,0.00173445143874644
"SW13",0.127457668782096,0.667814355026857,1.05306996571672,0,0.667814355026857
"CAL-54",0.497614972814663,0.0179180768149985,1.25655807211793,23.4295252733184,0.0108338107777583
"CML-T1",0.815295933708236,0.000303712753353701,0.792935611462117,14.7150026023532,0.000195682641075549
"EW-7",0,NA,0.0566387129015208,100,743.847670649667
"HMV-II",0,NA,0,100,1e+06
"IST-Mes1",0.204880459938405,NA,1.42110195614474,58.6195886913874,0.032733142610275
"KP-4",0,NA,1.21550672787418,100,1.75706494547656
"LS1034",0,NA,0.397536618602345,100,0.655490820531626
"MDA-MB-453",0,NA,0.00485907875218117,100,0.00744498161320627
"MKN28",0.0116503872111814,1.27388840593739,4,0,1.27388840593739
"MPP 89",0.176540553462251,NA,2.10754143162442,55.9735100206468,0.0627622740308814
"MRK-nu-1",0,NA,0.977330581964304,100,0.0133935798743108
"SJNB-10",0,NA,1.32922113210798,100,1016.3876717214
"NCI-H226",0.0842901159318423,NA,4,81.1653695563505,0.0454486397506173
"NCI-H520",0.0862569736796674,NA,4,90.7523888825487,0.0015260069734627
"OVMIU",0.223024373993052,NA,0.963625811588536,50.3984427132976,0.0459923037147074
"PEO1",0,NA,0.994660517853796,100,0.749063066312499
"RKN",0.118962682460513,NA,1.58679564580929,79.5542885597567,0.0178750182365062
"RT-112",0,NA,1,100,0.0316311078697272
"SK-LU-1",0.200247194070024,NA,1.47155933141594,71.6713653377721,0.00731773500626124
"Ku812",0.959282049841408,1.02146298364202e-06,3.99999999999585,4.0717950158557,1.0000000000095e-06
"BC-1",0.0142065701517389,NA,1.6972240420538,82.5869721446907,0.757428172043724
"D-392MG",0.0611783432890646,NA,2.72236317476782,84.7305046402617,0.0628352197647167
"EB3 [Human Burkitt lymphoma]",0,NA,0,100,24.4845930478329
"GAK",0,NA,0,100,1.91057036934048
"NCI-H2731",0.0298679787783582,NA,4,93.2687781511065,0.0466587448217809
"HARA [Human squamous cell lung carcinoma]",0.0771674458980998,NA,1.24914247772252,53.8984398926834,0.390098679624457
"HCC44",0.308365117056043,0.174552934568271,0.673714458547449,16.2295753995402,0.0974880337976849
"H-EMC-SS",0,NA,1,100,0.00316366632677971
"HSC-2",0.243261025021368,0.302238246304114,0.703772556913902,0,0.302238246304114
"KYSE-220",0.00472609747586888,1.63631778272175,4,0,1.63631778272175
"LK-2",0,NA,1,100,0.00100052698506632
"Lu-65",0,NA,0.916360854586902,100,0.0183889218410473
"MDA-MB-231",0.100999640629489,NA,1.62958472691687,60.3376730788439,0.178511627772408
"MEG-01",0.945552582883613,1.02924261537523e-06,3.99999999997772,5.44474171163526,1.00000000005096e-06
"ML-2",0,NA,1,100,0.100017563084078
"NCI-H1355",0,NA,0.999748012374737,100,0.0316655428970411
"NCI-H358",0.041004188339625,NA,3.654063386814,88.4629033926483,0.0858739408137574
"NKM-1",0.0734553740600357,NA,4,56.122805416385,0.315408728148235
"SNU-423",0.14383522918009,NA,1.90135651686317,53.4631507883295,0.119340478148609
"DoTc2 4510",0.0267955581860159,2.34118752813003,1.41636908616249,0,2.34118752813003
"DSH1",0,NA,0,100,0.0464824927305849
"ESS-1",0.383540684800515,0.099175941267693,0.528974394117181,15.4065700100254,0.0494286645540408
"HH [Human lymphoma]",0,NA,1,100,1
"Karpas-1106P",0.34435583302405,0.0741940129298777,1.23846302635489,24.7762764776096,0.0426997803504903
"Karpas-620",0,NA,1.11807308980006,100,1.5042191717409
"KATO III",0.00305626472749278,1.83546033076312,4,0,1.83546033076312
"MDA-MB-468",0,NA,0.0526003367085228,100,0.185196393579905
"MS-1 [Human lung carcinoma]",0.00292419574370905,1.85670091077153,4,0,1.85670091077153
"NCI-H522",0.0135710794904492,8.3732151258864,1.06180479822639,0,8.3732151258864
"NCI-H929",0.0419508806018211,NA,2.4044585324639,57.3734625152037,0.55458514025515
"P31/FUJ",0,NA,1,100,0.0316311078697272
"Panc 03.27",0.0902219292414526,NA,3.77276170068859,66.6613494299463,0.154274352653675
"KTCTL-195",0.18798370851098,NA,0.988761685416169,52.3584208852149,0.0691811281384787
"WRO",0.0841621886039319,NA,1.03612940482927,58.3954157508505,0.319240553375338
"SCC-9",0.145499249618351,0.820112405370404,0.864071988859127,19.9067264551125,0.455706946610112
"SNU-C1",0.00253882968841206,1.92606279877761,4,0,1.92606279877761
"HCT 116",0,NA,1,100,0.00316366632677971
"FLO-1",0.289149284520725,0.143867626680573,1.03491433097507,27.5348946825449,0.0664084970434534
"JHH-7",0.00337116592041245,NA,4,86.5625,1
"TT",0,NA,0.209640292273391,100,0.228863817658809
"NCI-H2087",0.0154549617987655,NA,0,96.9090076402469,0.00285577028248692
"SK-LMS-1",0.045784400796677,NA,0,90.8431198406646,0.0994913233746378
"COLO 684",0,NA,1.3606215005658,100,4.18646422232862
"AMO1",0,NA,1.27244684019943,100,2.27758967978683
"BFTC-905",0.144318807243493,NA,4,60.4023241653913,0.0806676707196624
"BICR 22",0.0400931725196361,NA,4,74.6174368108112,0.336945731240603
"Capan-1",0,NA,0.900653999238044,100,0.704265274551583
"DND-41",0,NA,1.17430454360671,100,0.109174077285284
"EW-22",0,NA,1,100,0.0100035129252774
"HPAF-II",0.0487915577756275,NA,4,94.7360871856145,0.00159967434574784
"IM-9",0,NA,1,100,0.00316366632677971
"Karpas-422",0.0432806557771964,NA,4,75.2265608181546,0.299775140103837
"NCI-H3122",0,NA,1,100,0.00100052698506632
"NCI-H441",0.00397154066565365,NA,4,98.2515181502201,0.208367390864808
"NCI-H82",0.0038989355744782,1.72195613322423,4,0,1.72195613322423
"OCI-AML-2",0,NA,1,100,1
"Reh",0,NA,1,100,0.00316366632677971
"SaOS-2",0.155421719049542,NA,0.392228538092416,63.2694249115906,0.0782965972061248
"SBC-3",0,NA,0.593237746351347,100,2.80133127298122
"SK-MEL-24",0,NA,0,100,0.0613604578416179
"SK-PN-DW",0,NA,1,100,0.100017563084078
"SUP-T1",0.074678684327383,NA,1.12720912346095,55.3944486186312,0.416172089621369
"WIL2 NS",0.18157061994425,NA,3.26188669166633,61.002977940451,0.0401149002031546
"A2780",0.070657484360144,NA,4,90.2363318192058,0.00674652491102488
"C-33 A",0.116992312682448,NA,1.45484286901502,76.2168496163061,0.0334731252534924
"CCRF-CEM",0,NA,1,100,0.100017563084078
"ECC10",0,NA,0,100,0.637604775081055
"NCI-H2795",0.264662138241195,NA,0.852248112526167,53.0603934278835,0.019351997405294
"NCI-H3118",0.368715308945717,0.130678576879456,0.516691189042287,24.6955197112098,0.0349758681525827
"KP-N-YN",0,NA,1,100,0.0100035129252774
"LOX-IMVI",0.23251070502007,0.120173338538078,2.9354390549396,39.1640705122809,0.0713791707631997
"MKN45",0.00963425796372001,1.34565536653648,4,0,1.34565536653648
"SJNB-14",0,NA,1,100,0.0100035129252774
"NCI-H1299",0.138919799642168,NA,3.4111261872995,69.4999190871002,0.0430215468370495
"NCI-H1651",0.00475994967438255,1.63320554393421,4,0,1.63320554393421
"Ramos.2G6.4C10",0,NA,1,100,1
"SH-4",0,NA,1,100,0.100017563084078
"SNG-M",0.194442976259497,NA,3.16904895935331,50.2708953524415,0.0671587186282686
"SW1990",0,NA,1.16239951195373,100,0.661471279102606
"T98G",0.269583585223509,0.169723310082838,1.07451569771297,15.9473348106378,0.118711059857417
"TE-8",0.298628882876123,0.202138296714353,0.74097585462852,31.2458271673663,0.0538150447954583
"TK-10",0.238641954593598,NA,4,52.9072641971233,0.0301904085748685
"COR-L32",0.0178371370263501,NA,4,91.4493883972912,0.236902412626588
"COLO 680N",0.070492356715109,NA,2.37280766074245,70.3660290529323,0.195061264197425
"EoL-1",0.728335445870128,0.00521252075055637,1.99318479534746,4.85891019933466,0.00495191191222491
"LB831-BLC",0.0320361730252609,NA,4,78.2009106576604,0.363947597707813
"ONS-76",0,NA,0.707171160368455,100,19.2974841603555
"Panc 10.05",0.154204787037266,11.5485005558429,0.904190602477969,49.0382875894666,0.146143277296412
"SF539",0.139760549474817,NA,1.67113927308683,60.8251571392213,0.0858832137446862
"SNU-387",0.0797336912472848,NA,4,76.9594575557015,0.0916035197115298
"SW1271",0.121442125205531,NA,1.72106725623732,63.2448839376887,0.103223447776658
"VM-CUB-1",0.0141076925883975,NA,4,93.530336640513,0.221888772873761
"EN",0,NA,0,100,0.284714114766438
"GR-ST",0.0634272876780685,NA,4,79.2106062720567,0.12156544623971
"KYAE-1",1.06872414138623e-12,NA,3.3693231922315,99.6485583337976,262.376724987171
"NCI-H1581",0,NA,1,100,0.0100035129252774
"OCUM-1",0,NA,1,100,0.100017563084078
"RF-48",0.10338487353533,NA,2.63100075451774,81.3778997066675,0.0216054810849556
"SAS",0.0159738954243225,1.15869083818271,4,0,1.15869083818271
"SCC-4",0.111911099582563,NA,4,74.3509138650503,0.0491079787900377
"VL51",0.060369746430346,NA,1.50588032013104,59.2040664168367,0.422378702591876
"SW900",0.136030268412683,NA,1.58880693877593,67.9298949116549,0.0536687638242052
"LS180",0,NA,1,100,0.0316311078697272
"NCI-N87",0.152093737898322,NA,4,67.5709159357072,0.0391827743843347
"FU-OV-1",0.212883148461647,120.729559548309,0.16217064746016,0,120.729559548309
"EW-3",0.00362854802118294,1.97108882400252,4,27.7441091070971,1.60999653118206
"UACC-62",0,NA,0,100,44.9882118170661
"WIL2 NS.1",0.171320083756382,NA,4,63.646157278786,0.0385777205478764
"A-673",0,NA,1,100,0.0100035129252774
"VCaP",0,NA,0.762144311557037,100,0.114454473725706
"LS123",0.23483772294334,0.139214890430379,2.4458068505781,45.9827321957587,0.0496551886581312
"PSN1",0.15397015982845,NA,3.9810838319178,55.5360728523117,0.0914627017687346
"CAL-72",0.0522074435819204,NA,4,84.7870212707299,0.0934449436122679
"D283 Med",0.0773510847482649,23.8670421133661,1.02953823378394,49.0199352965791,0.523695679789546
"HCC1395",0.157803473083585,NA,4,72.3736368051413,0.0193424560770005
"HO-1-N-1",0.314606878312584,0.0982956381640041,1.20995935491907,27.0749153983686,0.0515990049072106
"Karpas-299",0,NA,0.759942241643975,100,0.0132026049124051
"MLMA",0.240422236053393,NA,1.43855317598167,57.3101486133041,0.0203114530364645
"SNU-16",0.00697752946317926,NA,4,72.1875,1
"PCI-30",0.0482273111203455,4.23718065687488,1.5596706339567,46.8254815201783,0.723469021122948
"RCM-1 [Human rectum adenocarcinoma]",0.00261150896377662,1.91203418084049,4,0,1.91203418084049
"SK-N-AS",0,NA,0,100,12.0958185120804
"SW1116",0.0300554029353223,65.2086850921305,0.51468182089104,0,65.2086850921305
"SW1417",0.0604993896447639,39.8605285291442,0.426083092037016,0,39.8605285291442
"VMRC-RCZ",0.0552307109818165,NA,4,86.6664712826612,0.0572035711810892
"A-375.12",0,NA,1,100,0.0316311078697272
"A-375.13",0,NA,0.512641508550791,100,0.0431143682133378
"A-549.8",0.181348080247389,1.1495851544,0.503145278031895,0,1.1495851544
"A-549.9",0.148066212238648,NA,2.16580029715742,57.5122295603823,0.0903001457008621
"A-549.10",0.125663440680994,1.83738212619688,0.595619565574419,0,1.83738212619688
"HCT 15.12",0.150088478384766,9164.54508560058,0.140022822817627,0,9164.54508560058
"HCT 15.13",0.0593087217083432,1.70290947016216,1.08616159331793,0,1.70290947016216
"HCT 15.14",0.116562338746665,NA,2.31494077609169,69.4431775535508,0.0717986781579106
"HT-29.12",0.0944604304152977,NA,4,81.0340585632175,0.0320593804874931
"HT-29.13",0.0135324178115311,1.71580246788248,2.73820515467225,19.5712610312018,1.43119283649853
"HT-29.14",0.0463203607664186,NA,4,90.8335307504181,0.0304890477912082
"PC-14.13",0.286478976117191,0.151040885034474,1.16043208648294,0,0.151040885034474
"PC-14.14",0.300606487146468,0.142963168089618,0.986712283573407,0,0.142963168089618
"PC-14.15",0.265113838413811,0.173515504621943,1.19460618487202,4.52522369484454,0.160269325478408
"SNU-C2B.12",0,NA,0,100,14.9614135987509
"SNU-C2B.13",0,NA,0,100,0.684087479246584
"SNU-C2B.14",0,NA,0.400229304785777,100,0.111884796264614
"SW620.12",0,NA,0.595533682834818,100,0.000996360599597236
"SW620.13",0.0290042423615667,NA,0,94.1991515276867,1.30704080797756
"SW620.14",0.0467440820998468,NA,0.124994844000075,55.8259786668696,1e+06
"U2OS.12",0.00358784084899281,1.88354846089537,4,19.8096008556715,1.66035712838514
"U2OS.13",0.00196982894265671,2.05628828527831,4,0,2.05628828527831
"U2OS.14",0.00228605001616943,1.97897703836415,4,0,1.97897703836415
"EFM-19",0.118025187414026,NA,2.99279155076836,80.2262383312942,0.016198284147599
"IST-MEL1",0.122732890655503,NA,2.75240035801211,73.7745726738473,0.0394590294952615
"IST-SL2",0,NA,0.323346293158694,100,0.0277932029940299
"NCI-H810",0,NA,1,100,0.00316366632677971
"SW1088",0.284938247605835,0.125873827969373,1.36577368891806,41.2298722110957,0.0351908153222319
"SW1116.1",0.00262387484224527,1.90969487298023,4,0,1.90969487298023
"SW837",0,NA,1.04250467231249,100,1.12334002031783
"TC-YIK",0,NA,1,100,0.0316311078697272
"TE-9",0.0498800415798695,NA,1.21887924833466,55.03535755246,0.69969460287467
"YAPC",0.199236808846557,NA,0.438162524104665,57.740829678853,0.0430704152842139
"CGTH-W-1",0.173272662891162,1.06916478552302,1.99237156577335,49.6112338731764,0.0934040746091934
"EB2",0.244133135668594,NA,1.16540665540133,63.2815956390316,0.00957842574735547
"NCI-H1755",0.398296690363052,0.0487789863669655,1.12014410508827,22.5140726052632,0.0285920379604295
"RPMI-6666",0.369830818226491,NA,1.77738601131474,53.8295706147525,0.00375789540113454
"SK-GT-4",0.166721198471876,NA,4,67.3860398325266,0.0292771946979674
"ST486",0.270210952428744,NA,4,72.3085726247487,0.000988280235264564
"SU-DHL-6",0.557562283855238,0.0211990378014636,4,0.0771731888405111,0.0211908530758913
"WSU-NHL",0.522905067819784,0.01569762415972,1.32607117685246,19.8316503678474,0.0107242977463749
"YH-13",0.188193664216171,0.288467262133111,1.56337589751519,27.1170611738126,0.174970567320643
"A-375.14",0,NA,0,100,2.56970656400144
"A-549.11",0.222449865214425,NA,4,54.9672106001005,0.0329756803473558
"A-549.12",0.2246645135227,1.18648952806309,0.8136975917665,45.3932034382354,0.0633272881806391
"A-549.13",0.243882726295635,0.445454904017689,0.543351220273488,5.30562380445394,0.362362525149466
"C32 [Human melanoma].12",0,NA,1.00150501641316,100,0.00602108828081654
"C32 [Human melanoma].13",0,NA,0.104760164184824,100,0.138550313958196
"C32 [Human melanoma].14",0,NA,0.107144081128537,100,0.0420133299863146
"HT-29.15",0.103099969090336,NA,4,76.6488199493296,0.0473743884816586
"HT-29.16",0,NA,3.6395436693889,100,59838.6468091586
"HT-29.17",0.113478842491765,NA,4,80.1117098572873,0.0194261275184448
"MFM-223.4",0.0481220919079768,NA,0,90.3755816184046,0.000170336764231065
"MFM-223.5",0.0382815577936338,NA,0,92.3436884412732,0.00801909930712367
"MFM-223.6",0,NA,0,100,0.032727763168664
"MHH-ES-1.13",0,NA,0,100,0.0943916095107923
"MHH-ES-1.14",0,NA,1,100,0.00316366632677971
"MHH-ES-1.15",0,NA,1,100,0.00100052698506632
"PC-14.16",0.207147836922218,0.263983996620682,1.41873041707405,0,0.263983996620682
"PC-14.17",0.234366022535881,0.199832810714576,1.48546775489394,12.0797642514109,0.165888978256146
"PC-14.18",0.257415073094264,0.198587749286535,1.03666582182428,0,0.198587749286535
"SNU-C2B.15",0.0312585047162725,NA,4,94.2968655552525,0.0226905363060225
"SNU-C2B.16",0.0544609077954071,63.3301452545098,0.413045992036296,0,63.3301452545098
"SNU-C2B.17",0.0410827888286745,NA,4,94.3899633958352,0.00635586496056224
"SW620.15",0,NA,0,100,40.7966268899865
"SW620.16",0,NA,0.621226238386474,100,0.741407918483087
"SW620.17",0.0194794495528035,NA,0,96.1041100894393,3.31875459493794
"U2OS.15",0.0515122916270494,NA,4,76.1022106144517,0.225773751124175
"U2OS.16",0.0393070401649001,NA,0,92.13859196702,0.115367002499853
"U2OS.17",0.0181839901154166,NA,4,87.52335173167,0.367074606691547
"A-375.15",0,NA,0,100,41.1280776764716
"A-375.16",0,NA,0,100,10.6022644695187
"EW-24",0,NA,1,100,0.0100035129252774
"COR-L88",0,NA,0,100,6648.05001251027
"Capan-2",0.362456284108368,0.0362008807334544,1.90454839345743,45.9616836307221,0.00965941325832277
"SK-OV-3",0.104655045950913,702.827248572702,0.222093242414692,0,702.827248572702
"WM115",0,NA,0,100,0.109649610060588
"YT",0.139405109600962,NA,4,75.7940275131836,0.0187238341151751
"VMRC-LCD",0,NA,0,100,0.0133315885794916
"UM-UC-3",0.134012118306571,NA,1.89325968825337,66.1596340122337,0.0650524833148538
"KNS-62",0.0315907794288978,NA,4,90.7568984315106,0.0943531312429633
"HCC70",0,NA,0.937577901559885,100,0.0382376995463175
"CAMA-1",0,NA,0,100,661164.121142133
"TGBC1TKB",0.171532588368777,NA,0.778595423142037,57.2336197752807,0.0696074963033037
"OE33",0.0164387491005797,1.14842861230222,4,0,1.14842861230222
"NCI-H2342",0,NA,0,100,2.6940367996591
"KYM-1",0,NA,1,100,0.00100052698506632
"MV4-11",0.0492308433189727,NA,1.59371904962612,70.4796425662664,0.352408515359923
"NCI-H1648",0.23901498620557,NA,4,54.0584978098943,0.0275005065743134
"NCI-H211",0.00206291410909282,2.03202913242519,4,0,2.03202913242519
"Panc 02.03",0.218922192976561,NA,1.53273573856675,54.5571989450982,0.0359258144304715
"SK-MEL-2",0,NA,0,100,19.980021465809
"SK-MM-2",0.00234546177963606,1.96591635683675,4,0,1.96591635683675
"U-698-M",0.140132910307299,1.48178336532956,0.589420294683697,0,1.48178336532956
"NCI-H2085",0.176638169945308,0.203854175483407,4,36.1963518779141,0.147766361707255
"SNU-449",0.24737031250657,0.293229403563835,1.0368309511456,40.6487782734688,0.0582062935236026
"SK-MEL-1",0,NA,0.795910245762968,100,0.00990434691870007
"HT-1376",0.0576855139583321,NA,4,91.8372436883814,0.00758671956039729
"MDA-MB-415",0.0655424949352371,NA,4,89.9239586777851,0.0111868036811781
"NCI-H2066",0.109932435373526,NA,1.41212044330093,85.9438314013805,0.00412047914560097
"SK-CO-1",0.165626772986534,NA,4,68.5832502215312,0.0262145684604594
"SW1463",0,NA,1,100,0.00316366632677971
"COR-L105",0.193244957817329,7.82809697996591,0.275788534944798,0,7.82809697996591
"EW-11",0,NA,0,100,0.0859730461700477
"SW48",0.0800446741241114,NA,4,88.4446321207988,0.00835640630456795
"ZR-75-30",0,NA,1,100,1
"ME-180",0.206157621219271,NA,4,76.4093733220544,0.00237207067080055
"MSTO-211H",0.114628243275075,NA,3.70427203429169,84.9922039000086,0.0051111931801083
"NCI-H835",0,NA,0,100,32638.8197766484
"SW872",0.0669855719910103,NA,4,83.0593185666052,0.0651410750344454
"HCC78",0.135333655830522,NA,4,71.6730559206896,0.0368843095647437
"HuCC-T1",0.192801686742384,NA,2.23448652630532,63.1369506342939,0.0269769127209032
"Ca Ski",0.235896314329022,0.268623832520359,1.06138614354947,34.9310504286647,0.0867727671425354
"CCK-81",0.00907082418659089,NA,4,97.7080758770695,0.0649789255447829
"COR-L88.1",0,NA,1,100,0.00316366632677971
"CS-1 [Human chondrosarcoma]",0,NA,1,100,0.00316366632677971
"G-292 clone A141B1",0.12330333688282,NA,4,76.7383065258254,0.0256986359276452
"K-562",0.547391921666914,0.000141946523370988,0.0395229268538858,8.89338316449323,1e-06
"KYSE-270",0.309749979770798,0.252948421169219,0.499809138488288,14.6913534144232,0.12610686053876
"NCI-H524",0,NA,1,100,0.100017563084078
"U266B1",0,NA,0.618997303906525,100,0.998996496712917
"Ca9-22",0.28104255574998,0.121268363165632,1.78274250836448,18.0738710290546,0.094289721372458
"CAL-148",0.100055566783833,NA,0,79.9888866432333,0.000861983171459304
"SJNB-12",0,NA,0,100,113.732194655246
"SHP-77",0,NA,1,100,0.00100052698506632
"SK-N-SH",0,NA,0.18671640710106,100,3.39914923506973
"T84",0,NA,0.790768628241038,100,1.89874051649432
"KYSE-70",0.0205068118381423,NA,4,94.7656956226827,0.0667974919899215
"Hs 766T",0.171374201087195,NA,4,63.2080747863025,0.0400615644094393
"SJSA-1",0.0297031377826371,NA,0,94.0593724434726,3.876008058431
"MKN7",0.0584257583754722,NA,4,67.4194431851827,0.290287316743022
"KYSE-450",0.173590043876514,NA,1.64150318700941,58.0684643095851,0.0575743630486837
"BT-549",0.0363389125223006,NA,1.28764353906609,74.958974159936,0.470992849703696
"MFH-ino",0.0409546075385056,NA,4,78.7980681992313,0.263678207649202
"HSC-39",0.0646351712548417,NA,2.40479966608361,54.5439762250905,0.390238342929726
"NCI-H1703",0.331490612496778,0.0562480308847625,1.75706262755097,37.6878665811449,0.025334532959889
"SW1783",0.212455753672381,NA,0.549337365261332,54.7413453086573,0.0421030406070486
"KGN",0.367084906304065,0.0766960090271496,0.862914396944447,24.5259542562522,0.03510540609012
"MeWo.1",0.0504470719089287,NA,4,91.0629025404481,0.0202639436478404
"8305C",0.149786584586618,1.23096375684367,1.44019958723131,47.7273337558042,0.143922398581656
"KYSE-70.1",0.0102713796304689,3.35196191155244,2.47409663297933,43.052927060345,1.50953106707169
"SHP-77.1",0,NA,1.03033896540373,100,0.00635654071765037
"SKG-IIIa",0.213593530643423,NA,2.79241071505388,51.3849185873879,0.0480906123780493
"SK-N-FI",0,NA,0,100,8.02605781179229
"NCI-H64",0,NA,1.10555993657831,100,0.0142143626816061
"NCI-H526",0,NA,4,100,5791.82740749484
"TGBC11TKB",0,NA,1.02914061830933,100,1.11457080743972
"Fu97",0.0105520376721386,1.31103374955215,4,0,1.31103374955215
"Hs 578T",0.326680609213741,0.0547102333030989,2.40201579591334,32.4968595221771,0.0353418100330492
"MeWo.2",0.0255571765343188,NA,0,94.8885646931362,1.72602817691054
"A-549.14",0.167607422171595,0.632124936681704,1.03891627621547,35.1148285175155,0.19692372614219
"A-549.15",0.198725164332363,NA,1.1351355885356,63.3623240930725,0.0233160242710693
"A-549.16",0.216290619275288,1.07457802905156,0.425686180448687,2.94072405837815,0.931959803502673
"C32 [Human melanoma].15",0,NA,0,100,3.49690736717011
"C32 [Human melanoma].16",0,NA,0,100,0.0109942310942444
"C32 [Human melanoma].17",0,NA,0,100,0.00280295191050167
"HCT 15.15",0.0504393973491186,NA,4,75.4706746712766,0.241841557497084
"HCT 15.16",0.0574509792944152,NA,4,68.5106504559787,0.284059366503554
"HCT 15.17",0.0220203393076179,NA,4,92.6695585363957,0.125576474468779
"HT-29.18",0,NA,1.00767327952558,100,8.09250949887717
"HT-29.19",0,NA,0.80642803761633,100,0.0279611857381462
"HT-29.20",0.00710509163850613,1.46533028190028,4,0,1.46533028190028
"MHH-ES-1.16",0,NA,0.912925021094534,100,0.00126198736719168
"MHH-ES-1.17",0,NA,0.0320708109915999,100,0.00219962411402184
"MHH-ES-1.18",0,NA,0.54158228664099,100,0.00588635371637076
"PC-14.19",0.273947678725549,0.181434842017282,0.943266739646064,0,0.181434842017282
"PC-14.20",0.272430177142462,0.186205554337713,0.920454469906503,0,0.186205554337713
"PC-14.21",0.263962122554376,0.175035064039018,1.18838530546581,5.18141583077763,0.159641157072899
"SNU-C2B.18",0.0642748566908544,NA,4,89.1475486994606,0.0167244011322676
"SNU-C2B.19",0.0630115702485316,NA,2.72274232548202,84.7707810184517,0.0573978127890037
"SNU-C2B.20",0.0889662012891922,NA,1.54963814406798,76.714842410189,0.072148357730271
"SW620.18",0.131758554956049,NA,1.67815346358812,85.6560660630462,0.00130912129973622
"SW620.19",0.0767556311570696,NA,4,88.135652171948,0.011463338670091
"SW620.20",0.0971613919757768,NA,4,89.9706019544944,0.00108248705063576
"U2OS.18",0.00240303457698238,1.95364128607238,4,0,1.95364128607238
"U2OS.19",0,NA,1.10664183296427,100,0.143139476267623
"MFM-223.7",0.000211251349759911,NA,0,99.957749730048,0.0766236436218442
"A-375.17",0.0035020759810815,1.77126113140812,4,0,1.77126113140812
"A-375.18",0,NA,0,100,1801.48257327222
"A-375.19",0,NA,0,100,5.6001894925387
"Mono-Mac-6",0.0554429593630518,NA,4,58.3064613020191,0.401688070044961
"NTERA-2",0.166726621937649,NA,1.67944056008033,54.87830516615,0.0785200995905091
"NTERA-2.1",0.147724738820532,NA,1.63503724790128,58.2856187871948,0.087581385807941
"UACC-812",0.0550157080847714,NA,0,88.9968583830457,1e+06
"UACC-812.1",0.0758060794720288,NA,0,84.8387841055942,0.000131332949141199
"A101D.1",0.181180332134658,229.991749303885,0.328919468930369,41.9615334961318,0.887902551653573
"A3/Kawakami.3",0.0882704339472458,7.95095434074102,1.342904379653,47.9506089926929,0.736760293008761
"ARH-77.1",0.400213219226564,0.105228991586474,0.858984202757632,31.6104009973326,0.0328416089911593
"AsPC-1.1",0.0932156302353888,NA,0,81.3568739529222,0.00402444280805698
"BALL-1.1",0.206052889901256,52.8421695670806,0.207919218112421,0,52.8421695670806
"BB49-HNC.1",0.57723199940281,0.0264299009333143,0.41552369691396,0,0.0264299009333143
"SK-N-BE(2)-M17.1",0.121551771124655,NA,0,75.6896457750689,0.000157169192808028
"BT-474.1",0,NA,0.253237884706837,100,0.0055433963499107
"CA46.1",0.366689889763081,0.338520966139226,0.491035942109777,31.7029543401935,0.0436985766372028
"CAL-51.1",0.185849227503467,NA,0.481487230100938,51.0703047181144,0.218140120050614
"DBTRG-05MG.1",0.117929702274937,NA,1.83301268145014,75.0434087016988,0.0765279651403103
"DG-75.1",0.25838180998723,NA,0.780093448294798,64.756388939121,0.00915661027919223
"DMS 53.1",0.13343902002599,NA,0,73.312195994802,4.25581645067214e-05
"EC-GI-10.1",0.12011886305669,3.85938674702544,0.606709112509976,0,3.85938674702544
"ESO-51.1",0.0929185828108458,NA,0,81.4162834378308,0.0267873333165863
"NCI-H2591.1",0.0568709318213706,NA,0,88.6258136357259,232.259271891141
"HSC-3.1",0.341293758492874,0.265437625988333,0.651046750107426,23.2199139661157,0.101734204277254
"HuO-3N1.1",0.382551894429724,0.0478748497423147,2.74941537374429,49.1035686809025,0.01108915801488
"IGR-1.1",0.0606974694742017,NA,0,87.8605061051597,0.0445320298889415
"IM95.1",0.0356714206224515,NA,0,92.8657158755097,0.00136955477304417
"SiMa.1",0,NA,0.875748387244071,100,0.550007527490314
"HEY.1",0.391559305225975,0.20635423063794,0.449484809218848,7.87768098685085,0.140916582736806
"697.1",0.322062007571578,1.14989495910533,0.338063639120406,22.839145951496,0.189105194727596
"A-375.20",0,NA,0,100,0.00131830543529101
"A-375.21",0,NA,0,100,776.710623671191
"A-375.22",0,NA,0,100,395.872923115711
"A-549.17",0.413530898406252,0.168724869401542,0.418341740072562,7.08979013245684,0.117067084597386
"A-549.18",0.403795194157798,0.0777186276844702,1.13832037734107,43.2643560098511,0.0133574048178982
"A-549.19",0.405680702271844,0.228839648453732,0.51417461618916,38.905444769468,0.0122422686769728
"C32 [Human melanoma].18",0,NA,0,100,0.00862428082905572
"C32 [Human melanoma].19",0,NA,0,100,7.63069151866373
"C32 [Human melanoma].20",0,NA,0,100,0.435268398907038
"MFM-223.8",0.129137654724607,122660.996654697,0.133640180059915,0,122660.996654697
"MHH-ES-1.19",0,NA,0,100,0.188082594145021
"MHH-ES-1.20",0,NA,0,100,0.132896131418211
"MHH-ES-1.21",0,NA,0,100,0.228021161026312
"PC-14.22",0.430188262115166,0.104950572028569,0.819730555850082,3.9594747877333,0.0949020619986143
"PC-14.23",0.426560813103336,0.111393753216317,0.852254910835916,0,0.111393753216317
"PC-14.24",0.416667281886141,0.108365981134849,0.985633096913966,6.9198433856773,0.0931659581197102
"SW620.21",0.0987977292557352,NA,1.69497319964441,88.5760314815848,0.00444451989043299
"SW620.22",0.132580887218133,NA,1.13360498374679,85.1682560206812,0.00251578997902799
"SW620.23",0.118416302744439,NA,2.93388985474176,87.3519350685679,0.00278600456151985
"SNU-C2B.21",0.194854222111316,NA,0.58638442671495,69.7913823528969,0.0166617500573974
"SNU-C2B.22",0.194659490651581,NA,0.401568551710908,65.9198515723501,0.0277519638934507
"SNU-C2B.23",0.229763017869876,NA,0.876994403054134,72.9822825297385,0.0031369013617714
"U2OS.20",0.100998582022249,52.6083805588484,0.353538133075467,0,52.6083805588484
"U2OS.21",0.04955983362264,NA,4,79.9426128658035,0.36302270238037
"HCT 15.18",0.143219321663076,5.66039782891224,1.1856897549665,48.3264344681561,0.322529385477553
"HCT 15.19",0.202444096079721,10.3002314512263,0.369711298609696,28.324364180427,1.07400121608611
"HT-29.21",0.153257564129109,263728196532.172,0.0763232870990943,30.7154497223988,1e+06
"HT-29.22",0.117335852052365,NA,1.71671323632429,87.001028998172,0.00314385192136659
"HT-29.23",0.120041614962819,NA,2.8004485015551,86.3388188716595,0.00446177782292788
"NCI-H727",0,NA,0,100,31.484135466963
"NCI-H2009",0.154295507375518,NA,2.73920035039331,53.0376570742243,0.103451528433738
"786-O.1",0.26638336039502,NA,0.957723378936741,53.8178987011844,0.035674902286715
"ALL-PO.1",0.0987901329783799,699.261107776567,0.247759699298846,0,699.261107776567
"ASH-3.1",0.215704661569598,NA,4,56.8047528719294,0.0635375401810781
"ATN-1.1",0.0406713446234451,NA,4,70.0430577336649,0.78766973318684
"BICR 10.1",0.388135760511187,0.0926627940886484,1.10394272513312,35.7599320489109,0.0297033569636181
"CAL-27.1",0.35391182971655,0.229080843558317,0.741441608650353,35.9287443719222,0.0414315614032721
"CAS-1.1",0.317369454398864,NA,0.744697178979747,55.2645280089611,0.0109674301298892
"CHSA8926.1",0.540846441078795,0.0205531088700579,1.09992095759542,27.7692893168928,0.00983647250816803
"CTV-1.1",0.975965514526784,1.07386782158985e-06,0.483603026482205,1.69388735243541,1e-06
"EJM.1",0.0670796462627126,NA,0,86.5840707474575,0.00551425412811061
"ES-2.1",0.217327617293638,NA,0.701873898962799,70.3604414787183,0.0083366873546662
"FaDu.1",0.0825835390795522,NA,4,90.4740709084481,0.00498473484302059
"GOTO.1",0.0577191336866416,NA,4,91.7514518778423,0.0159190069984057
"H9.1",0,NA,0.701133690511081,100,1.07336135270744
"HeLa.1",0.116215351708023,NA,4,85.5445672956484,0.0077421541704915
"HuH-1.1",0.0505559456329743,NA,4,84.0075480780429,0.225293378407292
"J82.1",0.0874063057069957,NA,0.756523469403926,88.1404233325296,0.00861048553100281
"KMS-12-BM.1",0.0858242937413459,NA,1.72355237966776,66.0288479704019,0.359670348511839
"MDST8.1",0.0931744383101165,6321.93633367766,0.203391783245793,0,6321.93633367766
"NCI-H720.1",0.103274306301883,NA,0,79.3451387396234,0.0313875491112163
"SNU-407.1",0.179773007570033,NA,0.656705346776695,77.2855352742242,0.00417192723583916
"Jiyoye.1",0.22061164945595,0.250082538518747,4,48.5280918310557,0.103588381346846
"BT-20.1",0.0920702893676729,NA,0,81.5859421264654,0.0136833380614581
"CL-40.1",0.0955768419481625,NA,0,80.8846316103675,0.00743395002177496
"COLO 792.1",0,NA,0,100,0.0043565076095492
"HCC1419.1",0.0293015448738779,NA,0,94.1396910252244,0.00830057204899792
"HCC1428.1",0.0694362406720484,NA,4,85.1991871778502,0.0782930977795021
"HCC1937.2",0.130740408987521,NA,2.33875803599923,75.1238399971021,0.0530158842529057
"HCC2998.1",0,NA,0,100,0.0134464580730065
"HuP-T3.1",0.31913407508707,NA,0.949263277764442,52.3886768006211,0.0173796750972086
"IGROV-1.1",0.558940648247668,0.0216484909228459,0.775806536435886,22.8870018313993,0.00983617299030175
"KLE.1",0.362162547191443,0.0820168257128248,1.62738047333106,41.0818133137743,0.0284342956514388
"KY821.1",0.0800827945688669,NA,0,83.9834410862266,0.00517416283305831
"KYSE-150.1",0.0735850652538001,NA,4,64.7542155232154,0.473245862880577
"MCF-7.1",0,NA,0,100,1805.9200921795
"SNU-C5.1",0.157924650019487,NA,1.12015969819033,59.1710096257926,0.143645897833513
"G-401.1",0.148297538410688,NA,4,81.8224343408462,0.00712956707673434
"HT-1080.1",0.0697309697435965,NA,2.43769959821315,90.4001951490106,0.0131908565986181
"SAT [Human HNSCC].1",0.244648979617901,0.219664611764045,2.71837516917289,45.7232928156528,0.0889057124655225
"COLO 205.1",0,NA,0,100,0.00122862174081839
"42-MG-BA.1",0.373277682481748,0.0976468971972376,1.54773861128634,26.4485690715962,0.0600361756839027
"MDA-MB-175-VII",0,NA,0,100,0.0134790194610615
"NCC-IT",0,NA,0,100,0.455359947680294
"NCI-H1869",0.00165607087727043,2.14978946183953,4,0,2.14978946183953
"NCI-H69",0,NA,1,100,0.00316366632677971
"NCI-H847",0,NA,1,100,0.00316366632677971
"MDA-MB-175-VII.1",0,NA,1,100,0.0316311078697272
"NCI-H69.1",0,NA,0,100,2.34123921596938
"NCI-H847.1",0,NA,0.731277991256551,100,0.0116028161153105
"BPH-1.1",0.520033372217606,0.0392888467114951,0.80742408613333,16.5873803151795,0.0238482752778619
"CHP-212.1",0.411181688742616,0.0489817913828997,1.70483652616592,47.4213075043915,0.00860575482000349
"COR-L23.1",0.17767986868729,NA,0.67145888502655,62.6252703864777,0.0778189632970624
"ES4.1",0.0807211958797909,NA,1.21763296881847,87.7527170928701,0.0201565279190573
"HCC1954.2",0.142150684280595,387361.546402432,0.116248957974065,0,387361.546402432
"HOP-92.1",0.0958111784389979,NA,1.92924425676715,89.7471030857912,0.00237735396509938
"KMS-12-BM.2",0.163471014542959,23.9211869960472,0.294107062152827,0,23.9211869960472
"LC-1/sq.1",0,NA,0,100,0.00271833709273271
"LS411N.1",0,NA,0.824253880278443,100,0.00866956920775059
"NB(TU)1.1",0.170503641416815,NA,4,75.1044622690945,0.0176416736819941
"NCI-H1341.1",0.0898860267329335,NA,2.55084523034254,91.0113910919917,2.37287856159347e-05
"NCI-H747.1",0.245931829221067,NA,2.081563987301,60.4932741202836,0.0270870715466253
"P12-Ichikawa.3",0.184442836326006,1060.88855424245,0.155935386675663,0,1060.88855424245
"WSU-DLCL2",0.326543446368099,0.154435243584758,1.32226787539403,48.1884315659788,0.0125607681607627
"Hs 633.T",0.207885707582474,0.13616683565775,4,40.2073296708033,0.0905845492473413
"ES1",0,NA,0.638751761756643,100,1.91141433216682
"MOG-G-CCM",0.181364114719069,NA,2.81899840448808,58.4124393552864,0.0491839349255277
"MOG-G-UVW",0.0411923616575348,7.10308023902546,0.737847846253177,0,7.10308023902546
"OC 314",0.255010587953096,0.0967130247165241,2.60737788131618,43.0511627243793,0.0453711800614356
"ES1.1",0,NA,0.416876250855194,100,0.99728863608772
"Hs 633.T.1",0.250680179363044,0.123169592034881,2.03638605326199,40.0679819902109,0.0556939857032664
"MOG-G-CCM.1",0.185057546053791,NA,1.3282164544229,51.9914950843595,0.0711507438280206
"MOG-G-UVW.1",0.0500071319157686,NA,4,83.6346518162014,0.121169075860992
"OC 314.1",0.2432235826504,NA,4,53.2056962454635,0.0275932897292529
"WSU-DLCL2.1",0.326084431198716,NA,2.71472340215478,51.5477528727741,0.00956756657990217
"A-172.1",0.174004376839764,NA,1.1859899702324,58.3659035997379,0.113847415456013
"CADO-ES1.1",0.0156793987619787,NA,0,96.8641202476043,0.00138550493031074
"COLO 678.2",0.147564869297274,NA,2.12334739342213,79.3561149206478,0.0142436091068707
"Daoy.1",0.146267747063836,NA,1.20070031144925,72.2397738085317,0.0522208976478571
"Daudi.1",0.0592046017968177,NA,4,61.1427802898576,0.700803023561968
"DG-75.2",0.285862744745848,NA,0.45123174355692,64.6620252585876,0.00152658404498799
"EBC-1.1",0.136440089437009,1994903.00234678,0.109743045027394,3.64936647554056,1e+06
"EJM.2",0.0420552379821937,NA,4,68.576989243543,0.798504767403283
"EM-2.1",0.749237068239678,1.72697750626641e-06,1.27418930049139,25.0757640282132,1e-06
"Evsa-T.1",0.137925411109817,NA,0.477392178870496,85.7341325644915,2.38159717674925e-05
"G-402.1",0.4020465149149,0.118191105355225,0.772142076793387,36.5963215450548,0.021484113420808
"HGC-27.1",0.282647737368252,0.139349464382626,4,33.6817538997501,0.10532492833876
"IMR-5.1",0,NA,0,100,1537.92640320734
"JHH-1.1",0.178651949950871,NA,4,78.5805336673666,0.00627937468036724
"JHH-6.1",0.162631505445981,NA,0.758353372955345,72.5187702572099,0.0302256409488381
"KE-37.1",0.141643980348118,NA,4,75.3153352763056,0.0379943885284026
"KMRC-20.1",0.310702067415002,0.550876450983475,0.600307467916873,34.1432132306978,0.0813245996967435
"KYSE-140.1",0.191825391063282,NA,0.536536991458334,64.7053155782481,0.0418606202219204
"T.T",0.0803310108035132,NA,4,82.8614759236373,0.0392608183028369
"T.T.1",0.0413155565989193,NA,4,68.3467691405963,0.40873517693821
"PC-3 [Human lung carcinoma]",0.188175206362171,0.312933878554063,1.36528524377914,22.4330934079691,0.202327455998028
"PC-3 [Human lung carcinoma].1",0.197230456930025,0.304109962975985,1.54394401733034,40.6706044368282,0.10251509422687
"RMG-I",0.224539644656144,NA,3.43234326589426,55.2619715826729,0.0312189464959206
"RMG-I.1",0.218799304807228,0.715836469666831,1.11711692683684,46.8754253385089,0.0598245061264918
"Caov-4",0,NA,0.721754410194456,100,0.00208256267990221
"NCI-H2452",0.31719355424535,NA,0.600969868372952,50.0397328807887,0.00933186952211081
"NCI-H2452.1",0.318609893444009,0.13337761862173,0.965745655576537,40.0709533060682,0.0250102957933848
"NCI-H2452.2",0.336874963108976,0.187891587164468,0.597755772940231,33.0602708083691,0.030727465428364
"OVKATE",0.114289783687548,NA,4,77.9281900689483,0.0279699594615026
"OVKATE.1",0.0689816048618488,NA,1.52330483536972,75.8375111652118,0.143860308781324
"23132/87.1",0.153338170540329,2.76463098866961,0.556479933789229,0,2.76463098866961
"8-MG-BA.1",0.288472734760801,1.21673073353311,0.621640545422561,41.8851601954733,0.0652923341671949
"A-498.1",0.276269732976821,NA,1.28318966172096,62.3224548069558,0.0117097732622011
"AGS.1",0.299540113868253,0.111893880706891,2.72115401855342,41.3724438986804,0.0586651765593751
"AU565.1",0,NA,0.250351568690385,100,0.00812285766195151
"CAL-120.1",0.276723233212653,2.2840927992487,0.288032751296581,0,2.2840927992487
"DEL.1",0.086999360660583,18.9005989397689,0.520948133900908,17.9214960880919,8.06242703082312
"Detroit 562.1",0.469561379617191,0.0356080564382255,1.75633978620058,27.5429035022062,0.0225749783403457
"DiFi.1",0.00805378513895464,2.83064478147661,4,0,2.83064478147661
"EFM-192A.1",0.0965122174153605,NA,0.38712430357353,87.4003349290327,0.0019926192513522
"G-401.2",0.210767871892697,NA,2.98490232136194,65.1895345325719,0.0305286947448591
"GP5d.1",0.103678193882207,NA,0.567383763847868,83.3100201557863,0.0204684599892681
"NCI-H513.1",0.0682462528643109,812.547861855329,0.291259775339545,0,812.547861855329
"Jurkat.1",0.0919085708636859,31.0957944418293,0.411709429667251,0,31.0957944418293
"LN-18.1",0.10576711535808,NA,4,87.2454124988634,0.00649385046598277
"NCI-H2052.1",0.182941872578243,NA,1.270259784725,66.071959305482,0.0479196034733234
"ES6",0.12674886449097,NA,0.65341187532119,56.6895790471498,0.19980649874944
"ES6.1",0.183754636152657,NA,4,72.6045692344152,0.00972509095622088
"HO-1-u-1",0.244086400112475,NA,4,62.0450072262906,0.0117722246615482
"SW948",0,NA,0,100,2.10400813042287
"SW948.1",0,NA,1,100,0.0100035129252774
"Caov-4.1",0,NA,1,100,0.100017563084078
"CAL-29.1",0.345629959610471,0.169952900672662,0.995679142078279,36.4864456097687,0.045673301256104
"CESS.1",0.207080521176797,0.468904430153813,1.70437426692227,38.654822191177,0.196399303393049
"GDM-1.1",0.687895946911748,0.00279919977294053,0.592438888998161,21.1771887202913,0.00110464401539238
"NCI-H2373.1",0.0704801486846304,NA,4,82.7530005351192,0.118896722021192
"HPAC.2",0.101246937988249,NA,0.124503298164419,82.9643000330949,0.00281134318869632
"HT-3.1",0.0982341741765704,NA,2.81926447553909,74.9469461524046,0.133315069457632
"JSC-1.1",0,NA,0.0606982543160951,100,0.0147179902317843
"JURL-MK1",0.983876079713767,1.03672796895319e-06,0.47729379276929,0.853421848610885,1e-06
"KM12.1",0,NA,0,100,0.175416832382214
"LB996-RCC.1",0.434644314646936,0.126868634532103,0.441494316086075,22.0435214039747,0.0339986130425786
"LN-229.1",0.113274220028799,NA,0,77.3451559942403,0.000148261949599764
"MOLT-16.1",0.0937075065401486,NA,0,81.2584986919703,1.40322290926822
"NCI-H1623.1",0.0149404083637204,NA,2.43902191931593,98.5059590693021,7.11605825315806e-06
"SNU-5.1",0.000897374895916458,NA,0,99.8205250208167,0.0816893708070578
"SiSo.1",0,NA,0,100,154.294281484023
"SUP-M2.1",0.00314634716471509,3.6432085949635,4,0,3.6432085949635
"SW780.1",0.180491223539882,32.7878765761826,0.255050646585624,0,32.7878765761826
"TUR.1",0.097149606892515,NA,0,80.570078621497,0.00133579632665889
"VA-ES-BJ.1",0.181105716404693,69.5092248775574,0.224494427153041,0,69.5092248775574
"WM278.1",0.0665854595537537,NA,0,86.6829080892493,0.944494908102333
"WM793.1",0.140623609981564,NA,4,69.0426257948154,0.0867734424773385
"Panc 04.03",0.14686386308876,NA,4,72.6495830630158,0.024502420464613
"Panc 04.03.1",0.125372411497127,NA,4,76.2160366854776,0.026225897559829
"KMRC-1",0.150616711410256,NA,2.86127073525042,62.8703249823755,0.0607002089926631
"KMRC-1.1",0.164514891235863,NA,1.86172403938212,58.9779950689655,0.0628364590024976
"COR-L279",0.00773464190628476,NA,0,98.453071618743,63.8565005670456
"COR-L279.1",0.0198586972826609,NA,4,94.7595906334119,0.0729844402082504
"B-CPAP.1",0.374658788138892,0.318075283284215,0.504573607619218,34.6496056900525,0.0306285367122592
"C-4-I.1",0.268655659081926,3.30930653879008,0.351776265084066,27.581862366286,0.338390916256065
"GB-1.1",0.254626250392713,NA,0.50350937547279,63.4969241371456,0.00827490724720248
"HC-1.1",0.111599242021781,NA,0,77.6801515956437,64.4966356388452
"HCC1806.1",0.317930769946124,0.108481125487036,2.2119139308113,38.9269539413368,0.0548737781837958
"Hs 746.T.1",0.0770893295569577,9.84611285576998,0.599598480135774,0,9.84611285576998
"HT-144.1",0,NA,0,100,0.00489922135474614
"HuO9.1",0.374956504932984,0.140339600177184,0.905583448305042,38.8611747091003,0.0267336453099932
"KCL-22.1",0.866651552525003,1.08063522268823e-06,3.99999999999871,13.3348447474995,1.00000000000325e-06
"KYSE-180.2",0.369317900620846,0.0815773427081646,1.50814156722623,41.0786640962499,0.0260157747622856
"NCI-H1838.1",0.290687271436491,0.874559804199598,1.16302392335925,48.6408139986621,0.0394062560303826
"SNU-175.1",0.0768418913515175,NA,0,84.6316217296965,1.15091263931357
"NCI-H1155.1",0.00201733518876759,6.22582683984874,3.44054312698385,37.3644887770741,4.1741523110516
"NCI-H1944.1",0,NA,0.0249289216348393,100,0.0131528080680255
"Rh30.1",0.172504920549032,NA,0.918514413996217,77.4143634466685,0.00783485223488746
"Raji.1",0.0326602493668841,9.88918490784744,1.22693561902932,37.3344771502555,3.22934702019549
"5637.1",0.440130538824119,0.0690219967358049,1.18466894879458,19.3069035951514,0.0457187396927291
"8505C.1",0.275775496310674,0.759990090562871,1.00813139454785,46.3144125047174,0.0572109135508217
"A-253.1",0.1625723907569,159.515515863247,0.217257110011112,0,159.515515863247
"BFTC-909.1",0.232893274410228,1.82984852372855,0.403726293394015,0,1.82984852372855
"CAL-78.1",0.180489104213194,NA,0.970853249478998,72.3228653872908,0.0201759228361528
"DU4475.1",0.0788176925232035,NA,4,80.4126966432349,0.124150485951478
"ESO-26.1",0,NA,0,100,2.1887254480527
"NCI-H2722.1",0.101855299111352,7139.80099627275,0.192066872405253,0,7139.80099627275
"HCC2157.1",0.193268354291076,NA,0.489664002535602,68.2320787208485,0.0210419961809887
"HT-55.1",0.0551469212377347,25.1193380148302,0.558426914447136,0,25.1193380148302
"JJN-3.1",0,NA,0.994480606912095,100,0.231613699161557
"KP-1N.1",0.181798791138467,89.099285633319,0.215469211531582,0,89.099285633319
"LNCaP clone FGC.1",0.20100905624086,NA,0.240122144984023,71.4203021476184,0.00143460185038519
"MDA-MB-361.1",0.148549447076901,NA,0.764832885278399,73.0805349311843,0.041825178667085
"MES-SA.1",0.0496479518340231,NA,0,90.0704096331954,0.000202380415638278
"MHH-PREB-1.1",0.0394653480765997,NA,3.09599916828302,84.231038363266,0.355579354121334
"NCI-H1693.1",0.269033368807937,1.36513357814021,0.620560920655971,40.2660075277927,0.0977135503649517
"NCI-H1975.1",0.299971046357074,NA,1.09351604838556,64.5961863921539,0.0040687639062079
"NCI-H720.2",0.00491451859067673,3.23865127650738,4,0,3.23865127650738
"NEC8.1",0,NA,0,100,718.463422851004
"COLO 824.1",0,NA,0,100,0.0566777902600775
"EW-1.1",0,NA,0,100,0.0374872892617875
"EW-16.1",0.183736372072107,NA,0.770028037240258,72.3648462326181,0.0165721193088294
"KOPN-8.1",0.150050221190966,NA,3.11373951240097,80.8438126139619,0.00891223247714086
"KYSE-50.1",0.310191963713089,0.560298557251972,1.07645944054809,47.6959497859456,0.0321269610763487
"LB771-HNC.1",0.0613732580870112,NA,0,87.7253483825978,7.63912204049127e-05
"LXF 289.1",0.403312500609101,0.083735487760682,1.11209556857555,29.529896575148,0.0375105632658367
"NCI-H1781.1",0.0853785834612213,NA,0,82.9242833077557,0.0503864503754638
"OACP4 C.1",0.308956683767808,8.99890985829131,0.552090153983664,48.0154678437763,0.026061295243568
"OS-RC-2.1",0.258845474507942,NA,1.65200098876188,69.9756896493138,0.00450600571080425
"OVCAR-4.1",0.167156568920614,NA,4,66.1399048923831,0.06609033800385
"OVTOKO.1",0.504224801655413,0.0210166262846904,1.15589039840968,36.948770098452,0.00657528105651784
"PC-3.1",0.205211474332454,NA,0.793658412982622,71.0507635305923,0.0115340247772639
"PWR-1E.1",0.31694997811115,0.920733190440653,0.462320226280977,34.1211951914986,0.0770245460668067
"Raji.2",0.128933950688656,NA,0.540340993970707,80.443617071659,0.0135074348220099
"RPMI-8226.1",0.0933596750254375,14.367858672349,0.525149523462997,15.3356896557747,7.15244670721779
"HT-1197.1",0.113956967543695,NA,0.359019606312779,61.183358424056,0.97190995141814
"HCC1187.1",0.071875,NA,0,85.625,1e-06
"TCCSUP.1",0.203698772152524,NA,0.401725533108211,57.434466798995,0.0809771242261545
"NUGC-4.1",0.152061565379177,31.1255716050772,0.296365147873317,0,31.1255716050772
"SNU-1.1",0.0266466041687353,NA,4,93.3940929381717,0.123309814889475
"NCI-H23.1",0.0222954745965591,NA,4,94.50412118484,0.121365586152006
"NCI-H1048.1",0.0622905090242407,NA,0,87.5418981951519,0.0107430487502419
"MS751.1",0.0820468302904425,2372.0115708038,0.238065217430658,0,2372.0115708038
"MC/CAR.1",NA,NA,NA,NA,NA
"LOU-NH91.2",0.284847347132935,0.687631020448647,0.985542935600941,46.141230952325,0.0511110162348413
"KYSE-410.1",0.284517348957728,1.53504260212115,0.315267388523552,0,1.53504260212115
"KMOE-2.1",0.0348708268044142,NA,0,93.0258346391172,0.0274721424778334
"KG-1.1",0.193180176992696,2.38912011302456,0.461376304947946,0,2.38912011302456
"JIMT-1.1",0.358755201787219,0.15701713013261,0.915107855450692,28.4981625351473,0.0624387044229301
"HEC-1.1",0.097729861920008,NA,4,86.2087495647874,0.0149708820243544
"GI-ME-N.1",0.217527727472085,NA,0.613490702082488,65.2291526951472,0.0206108381529126
"EW-18.1",0.114297480508638,NA,0,77.1405038982724,0.00422047299136257
"DAN-G.1",0.385145627515157,0.0784383706552729,1.31689059755622,40.7798433499497,0.0217259640180981
"Hep-G2/C3A.1",0.0985770956140781,NA,4,87.9227567236198,0.0071100426905661
"647V.1",0.184743702565469,3.62313281382357,0.418572436620151,0,3.62313281382357
"TOV-112D.1",0.116285279103635,NA,0,76.7429441792731,0.000773640907350898
"DMS 273.1",0.0365376732576294,NA,4,96.2006657348192,0.00234383864060644
"NCI-H1793.1",0.0337954413376296,NA,0,93.2409117324741,0.825701137929944
"OCI-M1.3",0.209373338656477,NA,1.34434854350653,72.5541125454455,0.00944154186290331
"OE21.1",0.246625226275811,2.7786171999,0.922409819467262,48.1985959269464,0.075693589103439
"P30/OHK.1",0.225653567089307,NA,0.938708265879188,62.2751937380862,0.0302596298261494
"P32/ISH.1",0.25699547847594,1.35096760695337,0.394044171083162,0,1.35096760695337
"RCC10RGB.1",0.221357734709916,NA,1.32563716451438,59.7611713477669,0.0444213500603154
"RS4;11.1",0.206383234858785,11031.7355277471,0.112824223291357,0,11031.7355277471
"SiHa.1",0.163407464732191,NA,2.54106046860927,77.367681807972,0.0136101565886951
"SK-N-DZ.1",0.101059821549543,272.82931473408,0.275142070001547,0,272.82931473408
"SU-DHL-8.1",0.0267165697584646,NA,0,94.6566860483071,0.213835252668735
"SUIT-2.1",0.00416305130058797,3.38479334402065,4,0,3.38479334402065
"SW756.1",0,NA,0,100,25.6825605422397
"T-47D.2",0.197423576491359,NA,0.45333626828247,57.9867426338648,0.0869439934070793
"TK [Human B-cell lymphoma].1",0,NA,0.0525751364844602,100,0.00957980861608008
"TT2609-C02.1",0,NA,0,100,14.6218259474263
"U-118MG.1",0.148566085404731,NA,0.800480866297901,64.5942110783412,0.11913654564117
"UMC-11.1",0,NA,0,100,0.00487258220447871
"WM35.1",0,NA,0,100,0.0181519653144475
"G-361.1",0,NA,0,100,0.0495960005970883
"HCC1143.3",0.197388537527872,NA,0.53377848480338,58.3653180414791,0.0809362551125833
"HuP-T4.1",0.104960558106079,NA,0.677536571318879,66.5698025052805,0.316519112815447
"MOLP-8.1",0.128059260135041,1.1666568904182,1.88538363533785,41.5461946945284,0.454486546116071
"NCI-H1092.1",0.034971433341035,NA,0,93.005713331793,0.0326936512493183
"NCI-H2141.1",0.0644580889562708,NA,0,87.1083822087458,0.00216750805467002
"NCI-H596.1",0.268688789124916,NA,0.60914638001712,60.9156544035819,0.0113918040738666
"NH-12.1",0,NA,0,100,0.125082744327676
"NOS-1 [Human osteosarcoma].1",0.41601080510163,0.126043928670928,0.586176491297306,25.6984366229437,0.036811219902903
"Rh1.1",0.00119436039308451,NA,0,99.7611279213831,0.351230068633213
"SK-MES-1.1",0.22251490019928,0.419987827432166,1.7274966198599,42.7782112476939,0.137023696675075
"SU-DHL-10.1",0.317363617702861,NA,1.51937353457037,57.5105513733149,0.0109579366555326
"TC-71.1",0.0800086283775075,NA,0,83.9982743244985,0.00183167798166697
"GA-10.1",0.423982507745746,NA,1.33407664766371,50.1473385724136,0.00452240022195356
"KU-19-19.1",0.248489926500224,NA,0.650157410955773,66.8782627197432,0.00646580339830265
"MHH-CALL-2.1",0.00587689326686533,NA,4,97.0611989390329,0.50301587040158
"MOLT-13.1",0.00166847953978619,4.2913771059003,4,0,4.2913771059003
"KM-H2.1",0,NA,1.14523002245426,100,4.85714183290189
"AM-38.1",0.0401454306504501,NA,0,91.97091386991,0.00276429707963989
"HL-60.1",0.157526139449933,NA,2.29626046414304,84.2473860289165,1e-06
"639V.1",0.138843715968568,NA,4,85.4550042494265,0.00251806272395803
"A2058.1",0,NA,0,100,0.0264969844401168
"AN3-CA.1",0.0762480571425037,NA,4,80.3156199698091,0.137740529723224
"CAL-33.1",0.268272103733268,1.59828578728583,0.734448173732967,44.9762255802173,0.0699669553573609
"Calu-6.1",0.0873067664570785,NA,0.398067173283537,83.5471365007355,0.0443404640803217
"CFPAC-1.1",0.252727917604357,NA,4,73.8335557357087,0.00223964550335708
"COLO 829.1",0.162253892395742,NA,2.34037465079835,83.774610741571,1e-06
"EMC-BAC-2.1",0.264949357492929,259.528292019817,0.124385625538305,0,259.528292019817
"EPLC-272H.1",0.326542304038985,0.0899362379785794,3.52424072669044,34.2254636133853,0.0648294944397846
"NCI-H2369.1",0.0912612936977563,NA,4,58.959480103757,0.430732791090646
"HCC15.1",0.142904518919765,NA,1.08244640398623,82.4802042742413,0.00547743131753313
"JVM-2.3",0.405389623911217,0.900685434334334,0.147289663369468,0,0.900685434334334
"KYSE-520.3",0.315345711281557,0.119775395045494,1.94772822178698,42.3144514848882,0.045793803763827
"L-428.1",0.0636565540387483,NA,0,87.2686891922503,0.601053110805524
"LCLC-97TM1.1",0,NA,1,100,0.0632622157394545
"M14.1",0,NA,0,100,0.00777979600490168
"Mel JuSo.1",0,NA,0,100,0.00404739266774674
"NCI-H1568.2",0.242487251760464,NA,0.943730485970361,66.3165635269196,0.011611818276373
"OACM5.1 C.1",0.163450881766213,NA,0.406830060172588,82.8555166661319,1.89795127458846e-05
"OAW42.1",0.266852463976405,2.6132723767851,0.783827105548168,47.4168324425835,0.0596312447628326
"BHT-101.1",0.284505143163978,NA,1.36788886819343,50.5438924291277,0.0372350988035262
"BV-173.1",0.64560586749155,0.000588076765633124,0.428703851886505,30.9778892163129,6.17177615614e-05
"COR-L311.1",0,NA,0.452249851091752,100,0.00773517540000683
"EGI-1.1",0.170791865125485,NA,1.81471328129905,82.9208120958483,1e-06
"EJM.3",0.0276853506921788,NA,4,85.6157133291307,0.529906895305712
"ETK-1.1",0.42665363344589,0.0536411989624325,1.63220705788915,28.7740905212004,0.0317338441514693
"GCT.1",0.293621145342204,103.857709980267,0.753792048585258,49.8881583499968,0.0316514910077868
"HTC-C3.1",0.302474949678997,0.732754570864831,1.22762836349554,48.8940157927406,0.032858716014788
"JHH-4.1",0.38689516765883,0.127401340387875,0.826026524350146,31.8159078743527,0.0374435531007152
"KP-2.1",0.123988491566527,NA,4,81.8818708454511,0.0177079101683072
"NCI-H1417.3",0.178288732724435,40.8972182858032,0.248067339666683,0,40.8972182858032
"NUGC-3.1",0.190348331757838,1.07318639926715,1.65452116528146,47.7969365150573,0.162606216494693
"OVCAR-3.1",0.227498873017795,NA,1.64695885392847,62.0723230339814,0.0315639298598005
"PaTu 8988t.1",0.245509671797154,NA,1.56318674970267,59.8992595238254,0.0288797744894176
"SK-GT-2.1",0.254467198964397,0.369193198380006,1.16827445287151,16.8658996892253,0.259595697822443
"SNU-398.1",0.0542287548119989,5350.5122009812,0.26248769836508,0,5350.5122009812
"SK-MG-1.1",0.22826587920775,NA,1.98347872010736,60.6775848853167,0.0362281025004248
"SCC-3.1",0.034209862960225,NA,4,76.1915967795558,0.744847149012955
"RPMI-7951.1",0.386550681105646,0.206482684816259,0.617824839632594,37.2726328132046,0.0225461036629025
"RL95-2.1",0.138674520344543,3584.81109158564,0.188957851454339,16.9580626512373,400.293266640508
"RERF-GC-1B.1",0.696016279245722,0.0112096391701075,0.964026793160533,6.16338066152204,0.00977972706529981
"PL4.1",0.270114851249372,NA,0.831994472988719,60.3775076749448,0.0149674636375891
"OSC-20.1",0.308104688564269,0.216044052274658,1.38848219482015,44.9004682856079,0.0417346368330383
"OAW28.1",0.156544380233853,NA,0.154127001023755,74.6954049566409,0.00255003219100801
"NCI-H446.2",0.0160405318181342,NA,0,96.7918936363732,0.010548066294431
"NCI-H322M.1",0.329538445714878,0.0934198593060196,2.30743144648021,38.4740883547265,0.0494591836210015
"NCI-H1915.1",0.123136279172241,NA,4,83.55505995453,0.0113438075397206
"MM1.S.1",0,NA,0,100,0.266449273765218
"Karpas-231.1",0.0647674175980814,NA,4,83.2027173445222,0.139435272944483
"A-204.1",0.302861016412352,NA,1.38056463206232,57.4749885674441,0.0139335093072558
"TE-1.1",0.312319040743745,0.385673857153377,0.779905004721361,38.1720638981663,0.0607407408073884
"A-704.1",0.401335673622548,0.113264114960267,0.979194655809897,44.8817133860094,0.0110462606931213
"HSC-4.1",0.247637272917085,NA,0.617020753453564,55.9897038996728,0.036440103009884
"NCI-H1650.1",0.309534520642875,NA,0.539372614721697,57.3133251553425,0.00665989091067785
"NCI-H2228.1",0.260218915856289,NA,1.95073744660734,70.463955462702,0.00405637253581983
"OVCA420.1",0.342612326373655,0.440954847896775,0.610760312097773,39.1188607999243,0.0363090722014028
"RC-K8.1",0.00548817574333456,3.14410042704518,4,0,3.14410042704518
"RERF-LC-KJ.1",0.0919672241164672,70.1574076534127,0.354562207360412,0,70.1574076534127
"RERF-LC-Sq1.1",0.204346056460043,NA,4,74.1938904908397,0.00841997843871543
"SBC-5.1",0,NA,0,100,0.114874980023815
"SCC-15.1",0.273736871955229,0.241752119554659,1.52669457546318,37.3256735883133,0.0983908838911042
"UPCI-SCC-090.1",0.0351921048837711,NA,0,92.9615790232458,0.00434442532965076
"SF268.1",0.0591308327482123,NA,4,86.867167350308,0.0892026223826287
"SK-ES-1.1",0.00280603938374083,4.53287959292334,4,35.0547365498151,3.35164162728052
"SKN-3.1",0.303327093090018,0.346572938777105,0.922180437396346,39.9368409340511,0.0609264822639288
"SNU-182.1",0.21179232097655,NA,1.2179539748689,66.686111823743,0.0239102494029378
"SUP-B15.1",0.681516292468395,0.00335770305542918,0.363967364041671,10.891586798854,0.00170956121942716
"SUP-HD1.1",0,NA,1.12464700597402,100,0.278429502809632
"TE-4.1",0.110343042915507,NA,0,77.9313914168985,3.267194866793e-05
"TE-6.1",0.176839173843479,0.913630871855748,1.36633498753988,40.7247215360693,0.266251607456483
"TOV-21G.1",0.469513670115251,0.048867506139034,0.785160885233474,32.6588947759098,0.0126849561989689
"Granta-519.1",0.0698993604834358,3631204.76712672,0.152400179536907,8.92116002810615,1e+06
"PaTu 8902.1",0.19073411748878,NA,0.511855524071085,56.77278588386,0.112433590629597
"OE19.1",0.15020260439584,NA,0.688636702802137,61.2220653609322,0.16319424255543
"OVCAR-8.1",0.115139790430559,445.231162409909,0.342791565732751,37.8255645780763,7.2244779722585
"U-251MG.1",0.0638706239193455,NA,3.60639760940803,93.3078287521343,0.00246246097435203
"HCC827.2",0.371575211705168,0.10469624861276,1.50923952948081,24.355126340847,0.0672669316233392
"Lu-135.1",0,NA,1,100,0.632511068943707
"MFE-296.1",0.054872454089247,NA,0.704495916873331,91.2995440032754,0.0212186893721998
"MFE-319.1",0.0887933039989941,510.173680342733,0.271983271842623,0,510.173680342733
"MOLM-13.1",0.295731680340077,1.20613897741075,0.322303552513006,0,1.20613897741075
"NCI-H2405.1",0.0937887187204885,NA,0,81.2422562559023,0.000726801410513146
"NCI-H650.1",0.00360136030545714,3.51662440477336,4,0,3.51662440477336
"OVISE.1",0.42028241265235,0.116782414063957,0.716863794330587,41.6457498309912,0.00962503491390098
"PF-382.1",0.281668941476051,0.2775280296015,1.52071402262552,45.6535787891256,0.0556819817503978
"UACC-257.1",0.169518858363011,NA,4,81.807317138152,0.00307582183455401
"Rh41.1",0.0864601860914819,NA,0.0410024014161956,83.3898582823732,0.00850242068726473
"DK-MG.1",0.281492584403969,NA,4,60.5929005697512,0.0143944302829963
"HOP-62.1",0.268888372627205,0.50367888077304,1.07076698593487,43.4310717883935,0.0756719567586124
"U-87MG ATCC.1",0.0577600247252905,NA,0,88.4479950549419,0.000115831485056953
"TOV-21G.2",0.45825805496301,0.0785558835141374,0.649328095903344,14.7930873967119,0.0457681958363715
"TGBC24TKB.1",0.225405885572443,NA,0.729727553912379,60.5781183688776,0.0352441646576827
"SW626.1",0.183761855309413,NA,1.88727465952367,63.9080181821615,0.0593771066387878
"SW1573.1",0.198358197680474,NA,0.494274017801442,65.6883045144743,0.0288931629569429
"SU.86.86.1",0.26754284042358,NA,0.439707474205148,61.2150356764782,0.00747401027157054
"RPMI-8866",0.271742998732389,NA,4,55.6145437516139,0.0291383323132542
"RD.1",0.174997007331226,NA,1.1226106311955,80.8859223503405,0.00186813736439826
"PA-1.1",0.3644174222815,NA,0.700487745643038,54.3586708787417,0.00422256849980073
"OCI-AML-5",0.106210027949838,NA,0,78.7579944100323,0.000154890323772304
"NCI-H209.1",0.0758982701149581,NA,4,72.6692816814054,0.293788355232935
"NCI-H1876.1",0,NA,0.959852523878646,100,1082.02088953514
"LN-405.1",0.236122526314187,383.501848570218,0.137048702476506,0,383.501848570218
"Huh-7.1",0.02167697221222,NA,4,92.0354908309875,0.305240658460667
"PC-14.25",0.401151599314325,0.121226791120789,0.924085337973658,9.89105792468878,0.0955004862003525
"PC-14.26",0.405247451313798,0.130118651593065,0.768170875241644,5.33974926743066,0.1123280123176
"PC-14.27",0.400078398245302,0.142360470098888,0.708664781021657,3.02770524847297,0.130349284829733
"MHH-ES-1.22",0,NA,0,100,0.000165477204024928
"MHH-ES-1.23",0,NA,0,100,0.00215422136877273
"MHH-ES-1.24",0,NA,0,100,3.77817347996963
"SNU-C2B.24",0.218750389703267,673694.755961385,0.140725052516177,41.2719659162813,2.76498386161692
"SNU-C2B.25",0.176525974759964,NA,0.630073804873832,81.6082414002726,0.000148363764204652
"SNU-C2B.26",0.217225347620056,NA,4,78.0397185768744,0.00153766390680729
"HT-29.24",0.16765723674083,56.1549783321927,0.247778020555676,0,56.1549783321927
"HT-29.25",0.182850304019717,1714.367873463,0.149416275609716,0,1714.367873463
"HT-29.26",0.171666256185729,NA,0.0252181113834435,56.7650299874977,1e+06
"SW620.24",0.138727003495322,NA,0.0523050724739623,53.1863429023695,1e+06
"SW620.25",0.14613299545902,2.66948911373564e+35,0.0554685776014197,48.8339212240494,1e+06
"SW620.26",0.144046498802352,NA,0.0380807796296736,58.5396460005064,1e+06
"U2OS.22",0.232047057230952,3820170.21558478,0.0955330257691781,32.7759179364194,54.6172287437058
"U2OS.23",0.180053386037506,79.8625021411593,0.220874639935084,0,79.8625021411593
"U2OS.24",0.176345336696284,NA,0.657569167302272,69.8173566628596,0.0307762837297846
"C32 [Human melanoma].21",0.110791637960108,NA,0,77.8416724079784,0.0915115823337185
"C32 [Human melanoma].22",0.0886292649762815,NA,0,82.2741470047437,0.000151785395930608
"C32 [Human melanoma].23",0.0909258713924957,NA,1.91583489716292,90.9074125353951,1e-06
"A-375.23",0,NA,0,100,1e+06
"A-375.24",0,NA,0,100,6.3981911126495
"A-375.25",0.0745982590353434,NA,0,85.0803481929313,0.00318027544801915
"C2BBe1.1",0.154508624511283,NA,0.635119559863421,66.7981456424727,0.0853652805761841
"CHP-134.1",0.0646810225720554,298.386626241129,0.338367335163104,0,298.386626241129
"CL-11.1",0.252778048027842,NA,0.769272556585623,69.2360393563784,0.00368562401663508
"HDQ-P1.1",0.564992486409261,0.032780200241336,0.601396154291764,4.17563576191593,0.0283553850609617
"Karpas-45.1",0.329265836979102,0.557501665843382,0.367979038237856,0,0.557501665843382
"Lu-99A.3",0.264761950786219,NA,0.790908728296504,66.9003815674236,0.00483481214178377
"Lu-99A.4",0.301059669560024,NA,1.23011665368512,61.9315214460696,0.00730666980829436
"Lu-99A.5",0.25967551381771,NA,0.673643924177326,65.5781957589907,0.00645621650919512
"NCI-H1573.1",0.156447335105619,NA,4,84.0210216732096,0.00188195744313507
"NCI-H1688.1",0,NA,0,100,0.654842286527464
"NCI-H196.1",0,NA,0,100,0.343898548017843
"NCI-H2122.1",0.0371399018369929,NA,0,92.5720196326014,0.0101481759124673
"NCI-H2170.1",0.164536762142882,NA,2.79238688489746,58.7287667998014,0.12740181696925
"NCI-H661.1",0.288140768659757,NA,0.937872037683679,52.1962525998242,0.0292131198444026
"NCI-H716.1",0.125754005882301,NA,4,50.4825051701148,0.346185842403592
"NCI-H716.2",0.183999174947663,6.906891790029,0.442462054408397,28.1846326033944,1.05970419475398
"PFSK-1.1",0.196143358891885,NA,2.13724558359849,79.2050841988328,0.00227213992953565
"SU-DHL-5.1",0.498717601047637,0.0590824348552899,1.90456557936153,3.11292087984036,0.0571216232602734
"U2OS.25",0.0826402124073228,NA,2.16366406076744,71.7459161671211,0.266793883509913
"HT-29.27",0.0139356002875453,NA,4,98.2350172441224,0.0085547177049846
"HT-29.28",0,NA,0.718282998812605,100,0.282343690016218
"HCT 15.20",0.256608778376165,NA,1.30528306108938,51.4234905111689,0.0518166885793035
"HCT 15.21",0.154092446365124,NA,2.8772245921823,71.8777314695443,0.0454283381044778
"HCT 15.22",0.29860561672522,0.278135994180283,1.46457570471701,47.0248103246555,0.0405066725845237
"A-549.20",0.283575015486234,0.354047017549059,1.27684742268564,45.3071630707211,0.0555031378457082
"A-549.21",0.320590613096329,NA,2.88066278604281,50.5737854337707,0.0226551059437044
"A-375.26",0.0170206614223659,NA,0,96.5958677155268,0.000844280602994322
"A-375.27",0.0116330880334407,NA,0,97.6733823933119,15896.8482878159
"A-375.28",0,NA,0,100,63.7034605034685
"SW620.27",0.216079161484871,NA,0.424037921774631,76.3799949932655,0.000120950348013097
"SW620.28",0.18216505672269,NA,0.653241520370864,79.8560272169535,0.000799552076398211
"SW620.29",0.162372308246296,1.68697094606557e+37,0.0471921197048216,48.3200490399151,1e+06
"PC-14.28",0.420179022402989,0.115381677511572,0.800977270644393,3.17811251705746,0.106298953200703
"PC-14.29",0.42532660139509,0.103100355609935,0.957009022518113,5.90941588599084,0.090402860543003
"PC-14.30",0.380227414901428,0.151932735729452,0.923456707183513,3.87619732127524,0.139220011275953
"MHH-ES-1.25",0.0563438328363445,NA,1.75892094955132,94.3656159925292,1e-06
"MHH-ES-1.26",0,NA,0,100,0.12497146541279
"C32 [Human melanoma].24",0.074178213536519,NA,0,85.1643572926962,0.00175070835851499
"C32 [Human melanoma].25",0.104964203513029,NA,0.735435962768434,87.2157461272966,0.00348949700529148
"C32 [Human melanoma].26",0.0716688536534466,NA,0,85.6662292693107,0.00221599590069232
"SNU-C2B.27",0.273144915191355,NA,0.29052207409539,56.5194866664284,0.00899253817143924
"SNU-C2B.28",0.23916980562091,NA,0.689093330096112,68.3814617661778,0.00648862926671143
"SNU-C2B.29",0.278361159814042,4403456.31012701,0.0542954236223798,3.8666541621847,1e+06
"NCI-H2347.1",0.0431799758777782,NA,0,91.3640048244444,2.47950413806939
"NCI-H1563.1",0.368567822061056,1.10942556775094,0.32349648147671,35.6859200532267,0.0232233647838456
"NB1.2",0.0787317528399132,NA,0,84.2536494320174,0.000741510133727553
"TYK-nu.1",0.207847634049636,NA,1.76496773398373,71.4305158034195,0.0128717867814345
"RT-4.1",0.169230739669072,NA,1.22976301870795,82.6518893824194,0.000608692388085427
"RT-4.2",0.131634491809427,NA,0,73.6731016381146,0.000117729965174622
"RT-4.3",0.00818431344632997,NA,0,98.363137310734,2105.99486980517
"Panc 08.13.1",0.157693619148162,NA,1.60188007840835,84.2306307459305,1e-06
"OV56.1",0.215019016817466,NA,0.332600567970736,59.3312707945354,0.0431419765142154
"ALL-SIL.1",0.809427413421062,3.06370068966017e-06,0.387102208449913,17.5852277560896,1e-06
"ALL-SIL.2",0.815969137414715,4.73373923701702e-05,0.408905226222604,14.3258958116994,2.0732164612758e-05
"ALL-SIL.3",0.78412297844001,4.55680199237087e-06,0.298310115062176,18.1957603729106,1e-06
"MHH-ES-1.27",0.0531444948946616,NA,0,89.3711010210677,0.00114417006741482
"MHH-ES-1.28",0.0778024998799332,NA,0,84.4395000240134,9.4354021913125
"MHH-ES-1.29",0.0541268205169709,NA,0,89.1746358966058,0.0539335344581076
"A-375.29",0.110669489514984,NA,0,77.8661020970032,0.00205891014694449
"A-375.30",0.0613135588086567,NA,0,87.7372882382687,0.00179981285778143
"A-375.31",0.0611066421874022,NA,0,87.7786715625195,0.00122721837707626
"HT-29.29",0.192572704837578,NA,2.01793361880975,76.7978277269245,0.00616829392476473
"HT-29.30",0.202527084845793,NA,0.764662848836436,78.9091145247072,0.000301186302962595
"C32 [Human melanoma].27",0.0906524930735496,NA,0,81.8695013852901,1.70137267652099e-05
"C32 [Human melanoma].28",0.0767394029454252,NA,0,84.652119410915,0.0227030716500547
"C32 [Human melanoma].29",0.0559090852493059,NA,0,88.8181829501388,0.00145511760443296
"SW620.30",0.150707790647894,NA,1.118175641768,83.3590963098932,0.00213199443733147
"SW620.31",0.114490202244018,NA,0,77.1019595511965,0.000124145653678779
"SW620.32",0.100957644696212,NA,0,79.8084710607575,0.000189795827241515
"SNU-C2B.30",0.208534466641172,NA,0.704880262858498,62.02607628597,0.0421710186650753
"SNU-C2B.31",0.208563348431358,NA,4,72.855616558624,0.00990788748909894
"U2OS.26",0.209330782970193,10.5618129607163,0.276618713634021,0,10.5618129607163
"U2OS.27",0.148720028833263,22.9394630656336,0.319545938760186,0,22.9394630656336
"U2OS.28",0.131179906437843,120.146863703977,0.263658964688985,0,120.146863703977
"HCC1500.1",0.109105042961631,NA,0.0766428474111819,80.4192933125905,0.0030991004078063
"Hs 445.1",0.131326884098908,NA,4,74.0004268546323,0.0610675446374235
"Hs 445.2",0.071234773929826,NA,4,76.935426178558,0.236904955754761
"Hs 445.3",0.144936169784951,NA,2.69243770980551,63.7605475548776,0.126297081764448
"Hs 445.4",0.119480017785991,NA,1.2482594381731,63.4722238157826,0.218850905958156
"SNU-C2B.32",0.26312187625053,4.21527672265964,0.260178112462912,0,4.21527672265964
"PC-14.31",0.38822197056965,0.147494851611326,0.77149167098939,8.3263224019112,0.11647631224472
"PC-14.32",0.421201783188251,0.119441881852121,0.639432987641663,8.15793768273399,0.0904022553356395
"PC-14.33",0.396940141750875,0.14747949119638,0.697030709119005,2.78117494386778,0.135854327559069
"C32 [Human melanoma].30",0.0230099794473966,NA,0,95.3980041105207,0.478898373409582
"C32 [Human melanoma].31",0.0225841367685714,NA,4,79.4473208906738,0.947865238884525
"SNU-C2B.33",0.198268586556137,26.9163604799056,0.242263481633525,0,26.9163604799056
"SNU-C2B.34",0.159817185827942,NA,1.61750974579729,84.0182748761546,1e-06
"SNU-C2B.35",0.120826910315126,NA,0,75.8346179369748,6.21870536229321e-06
"SW620.33",0.187710565447933,NA,0.590832862356592,77.8923623909377,0.00160817408803967
"HCT 15.23",0.381025519377422,0.413275301112972,0.277641196391549,0,0.413275301112972
"HT-29.31",0.269647197081553,5.5467339874891,0.233771601917964,0,5.5467339874891
"HT-29.32",0.249935318441441,1.41673054035328,0.403624291387095,0,1.41673054035328
"U2OS.29",0.16704493414181,33.0268807419147,0.27209597718354,0,33.0268807419147
"U2OS.30",0.150947440911413,NA,3.29540576848117,73.702664129143,0.0379441775479787
"U2OS.31",0.139366792380978,134973.91489027,0.126490886330143,0,134973.91489027
"MHH-ES-1.30",0.00163499306426795,NA,0,99.6730013871464,0.0199721386003148
"A-375.32",0.0933023318328873,214956.503007634,0.153729343360751,0,214956.503007634
"A-375.33",0.0875652170258382,NA,0,82.4869565948323,7.36354777999228e-05
"PC-14.34",0.455885058010098,0.085610174847412,0.797840487422213,3.92713403780159,0.0772679198380337
"PC-14.35",0.411683001585253,0.14111358383959,0.575214374919464,2.21561953264834,0.130421280179397
"PC-14.36",0.441740356706467,0.10291710952722,0.61039451038959,4.27663008311346,0.0888935151628672
"A-375.34",NA,NA,NA,NA,NA
"C32 [Human melanoma].32",0.0252259954803342,NA,0,94.9548009039332,0.347941230709753
"OPM-2.1",0.0756784660491442,5.82350570173685,0.721304142391371,0,5.82350570173685
"DU145.1",0.178761478673929,NA,4,63.7971078778592,0.0660408481180975
"RPMI-6666.1",0.470298250163627,0.123585722954665,0.18352666590157,0,0.123585722954665
"ES7.1",0.144148384912365,335357.078504942,0.116273047458415,0,335357.078504942
"SW837.1",0.134094952342506,NA,0.45052483018473,80.3317496485125,0.0085353190231799
"HH [Human lymphoma].1",0.125395899937309,NA,4,82.0909318190673,0.015871561286315
"NOMO-1.1",0.0909860198270206,NA,0,81.8027960345959,0.0700812561112756
"HARA [Human squamous cell lung carcinoma].1",0.326298090869581,NA,0.857855315024258,58.4613464987222,0.00606367978923709
"HDLM-2.1",0.132553312410597,1946474.93554082,0.11186692492297,3.59319685632885,999362.598625575
"JVM-3.1",0.204407192635712,831.559274936563,0.145918240733002,0,831.559274936563
"Karpas-620.1",0.0978283559828964,1002.11883373778,0.239007077882605,0,1002.11883373778
"Caov-4.2",0,NA,1.34774020688877,100,98.0065318614439
"C32 [Human melanoma].33",0.0257014807059735,NA,0,94.8597038588053,0.0669623653408769
"C32 [Human melanoma].34",0,NA,4,100,1e+06
"C32 [Human melanoma].35",0.125634071415782,NA,0,74.8731857168436,1.67416754496679
"SW620.34",0.169586738203018,NA,2.08464976193168,83.041326025142,1e-06
"SW620.35",0.192602540922846,NA,2.15820080003953,79.9301104549597,0.00183001018579203
"SW620.36",0.10833420225113,NA,1.33997798318875,87.1533053567034,0.00484072083913001
"U2OS.32",0.20071395938506,377.069434854942,0.265237424892333,39.477492947316,1.05816593282469
"U2OS.33",0.136990115420756,1766.82081548226,0.50916413018726,49.073315022424,0.700590914041933
"U2OS.34",0.220281861827494,69.4959626647688,0.185974872975397,0,69.4959626647688
"A-549.22",0.276301073134478,NA,3.00702720915818,64.2990084132406,0.00950797950191917
"A-549.23",0.210572980749411,48.9152342667753,0.20596006104022,0,48.9152342667753
"A-549.24",0.22012663320823,NA,0.695005597823101,71.7069308427768,0.00522757675871012
"MHH-ES-1.31",0.011506637173956,NA,0,97.6986725652088,0.0164361631918938
"MHH-ES-1.32",0,NA,0,100,0.398800266100621
"MHH-ES-1.33",0.0381657725795514,NA,0,92.3668454840897,0.000737727066445051
"SNU-C2B.36",0.166496922466738,750.151879646864,0.176040664010495,0,750.151879646864
"SNU-C2B.37",0.159111640995927,NA,0.0351703387084174,55.6058308047096,1e+06
"A-375.35",0.0124679195874041,NA,0,97.5064160825192,0.00103206764297029
"A-375.36",0.0101493747937723,2.65155611915093,4,0,2.65155611915093
"A-375.37",0,NA,0,100,58.8262938358472
"HT-29.33",0.268623665854076,NA,0.789297702134636,56.390698114883,0.0251395991468205
"HT-29.34",0.225381449697873,NA,0.910413440329447,71.8473162495146,0.00552553570563915
"PC-14.37",0.406687790564004,0.137637925131986,0.698161336421032,0,0.137637925131986
"PC-14.38",0.384892413120854,0.147092397972745,0.878551435249025,5.24297391425043,0.129667464293018
"PC-14.39",0.376226390766324,0.141171608264415,0.979071848650951,13.5938572626221,0.102095495473371
"HCT 15.24",0.260430926938272,1.3121389251719,0.390430852201744,0,1.3121389251719
"HCT 15.25",0.212561622965791,4.76075603162341,0.331304963010629,0,4.76075603162341
"HCT 15.26",0.297414923544654,NA,0.571866226244476,51.8154377137854,0.0213636164950443
"K-562.1",0.671248853603685,2.07404422957518e-06,1.46879260411219,32.8750209405728,1e-06
"C-33 A.1",0.29711824689699,NA,0.781787782496404,56.5185170453773,0.0142708577673646
"A2780.1",0,NA,0,100,0.14437606086191
"NCI-H1648.1",0.382546028685806,0.115023170704341,1.28605022131573,17.1205796275229,0.08302924770862
"SCC-9.1",0.394094855214395,0.174944145058146,0.547955468912961,23.5727974689906,0.0546426870515312
"DMS 114.1",0.146573190369758,NA,2.07099456275799,85.3426808138538,1e-06
"Calu-3.1",0.115253247916578,NA,0,76.9493504166845,0.21340100348135
"Karpas-1106P.1",0.567254104864377,0.0329824646407797,2.00105880193701,5.95760164494588,0.0309562368422691
"CPC-N.1",0.06613878062775,NA,1.38867193166035,84.7954086594909,0.0999132897643293
"L-1236.1",0.121235113580524,NA,0.0267028549374154,75.3441137942847,0.219270541964978
"SK-MM-2.1",0.0717853485597801,NA,0,85.642930288044,0.0205825223399427
"A4/Fukuda.1",0.333679983312262,0.236504628286419,0.783093861064974,24.2878039280562,0.101159500427772
"LK-2.1",0,NA,0,100,170.175062657023
"SJNB-7.1",0.137237198834072,NA,4,84.8686063241432,0.00372979938472715
"MN-60.1",0.0936527962686519,NA,0,81.2694407462696,0.000677848226360053
"OCUM-1.1",0.109852740760966,519531.19074103,0.133130090369648,0,519531.19074103
"BE-13.1",0.422977557287864,2035.3981865358,0.029948861863435,0,2035.3981865358
"Kelly.1",NA,NA,NA,NA,NA
"NCI-H2818.1",0.315479231269091,2.16136925541123,0.230250436523646,0,2.16136925541123
"WRO.1",0.369266527540901,0.841213527867611,0.501850209391335,43.9064512400404,0.0126895722513492
"KINGS-1.1",0.16450985101438,NA,0,67.098029797124,1e-06
"IA-LM.1",0.255841781828233,1371.02701263394,0.108075310628131,0,1371.02701263394
"NCI-H526.1",0.0374394314090771,NA,0,92.5121137181846,0.00164366946123909
"JVM-3.2",0.377742693778798,0.333882050324747,0.677470994782051,44.2716687282258,0.0136360789863297
"KMRC-1.2",0.400207983168356,0.188159972067386,0.466417945108144,19.6174649152211,0.0646668130689026
"DB.1",0.0775013622378112,NA,4,83.2856042243563,0.0813009113148739
"PEO1.1",0.311303544971037,NA,0.656527084558053,63.153907863683,0.00213465822052679
"HCC78.1",0.122659344199884,NA,0,75.4681311600233,0.000184378765629509
"SaOS-2.1",0.261411376162564,1175.12747253607,0.2505978990337,45.327859863796,0.0916416841469015
"K-562.2",0.660090166502365,1.72593406264019e-06,2.08672925400625,33.9909827582022,1e-06
"HDLM-2.2",0.14464512895132,NA,1.2094819932582,85.5353111227815,1e-06
"T84.1",0.159603073906995,NA,0.392435960118272,69.4183088714742,0.0489532146288473
"COLO 679.1",0,NA,0,100,0.0117119383360253
"NCI-H847.2",0,NA,0,100,7576.57773632662
"NCI-H522.1",0.119575648351029,NA,4,73.6733673858757,0.0868027187990721
"ME-180.1",0.396577744738598,0.112259161541521,1.1814497975815,47.120793440748,0.0100212103577457
"COLO 320HSR.1",0.00649747689913532,NA,0,98.7005046201729,0.194948616967121
"Capan-1.1",0.243071047005748,426647.611110112,0.0725818364901285,0,426647.611110112
"ME-1 [Human leukemia].1",0.075,NA,0,85,1e-06
"Lu-165.1",0.0934358803985164,NA,0.0802503584719785,55.5804981209235,1e+06
"Mo.1",0.0135146269348639,2.43830274076832,4,0,2.43830274076832
"EFO-21.1",0.279246348947104,NA,0.486301935459133,57.7412318909368,0.0119412519141471
"BICR 78.1",0.274796446513396,NA,0.650328642412814,57.979697195343,0.0164864428209108
"NCI-H929.1",0.118456896110828,1.34032255525859,2.54237554024083,47.2706138179182,0.427038672136476
"SW900.1",0.32933093628065,18.4396034427539,0.359889819251736,46.092736649366,0.0154717608565843
"CGTH-W-1.1",0.384701383664023,0.162875445299791,0.662701175367263,27.5470577254849,0.0486619672239527
"WM115.1",0.182383333951729,15579.8744876706,0.122369011995762,0,15579.8744876706
"SK-CO-1.1",0.153997806815871,4393.96758100795,0.155782373711683,0,4393.96758100795
"Reh.1",0.0442561595603856,NA,4,79.5427773618612,0.4491069839614
"Loucy.1",0.0904680267386985,NA,4,67.4237431714853,0.293771341290429
"SU-DHL-6.1",0.672377425222018,0.0169768006664768,3.81463736056539,2.93815087018867,0.0167094089166219
"NCI-H69.2",0.139356673919822,NA,4,78.8050445035519,0.0213144556613098
"22Rv1.1",0.0516012860251736,68240579.2912526,0.16016601086179,24.5774739778181,1e+06
"SK-MEL-1.1",0.00423149647156384,NA,-5.55111512312578e-17,98.5386043629322,0.0211701375375514
"L-540.1",0.0317813096533021,8.02259151840492,1.00569038719253,0,8.02259151840492
"NCI-H2595.1",0.244625462041788,55.7626463968548,0.300724058305753,40.3366699675426,0.235827896137315
"COLO 680N.1",0.245659720075757,NA,1.24860780400187,53.9443685382094,0.0499110889244393
"EW-7.1",0.14575404359496,NA,0,70.849191281008,0.000417827189825857
"JHH-2.1",0.357449926206366,0.148590653307005,1.06793333779496,41.6735891772436,0.0277333294981149
"HCC38.1",0.26352945774147,283.44353890343,0.123948483318829,0,283.44353890343
"EN.1",0,NA,0,100,0.155209672283584
"DoTc2 4510.1",0.24278094526967,0.973581071403893,0.506497127620887,0,0.973581071403893
"HO-1-N-1.1",0.352606972194802,0.1003539383555,1.62062171428494,34.1844824363963,0.0493265595185713
"KP-4.1",0.102492720714587,NA,0.211403302391243,87.6326727406219,2.77678641915358e-05
"NCI-H1993.1",0.0981264542770899,NA,0.448121345746067,74.0007380029945,0.238391063503299
"BC-1.1",0.0903939084452575,22.4097878468517,1.2868853925075,49.4280284457773,0.694515784978607
"M059J.1",0.368122463065966,NA,0.703605983064623,53.3098191755979,0.00474478416844431
"MPP 89.1",0.375361094331959,0.305602612527162,0.376954280837148,6.8329135630931,0.20694739329995
"TGBC11TKB.1",0.00548038506088604,3.14530397452794,4,0,3.14530397452794
"SW1116.2",0.244212185062463,12.3256790893261,0.223826009943103,0,12.3256790893261
"NCI-H2085.1",0.483286678247835,0.058556714976232,0.698152415830289,16.2413258170534,0.0333610324204811
"SK-MEL-24.1",0.214071229648504,7.09262827259556,0.296237711750509,0,7.09262827259556
"NY.1",0.312708727836227,NA,0.668506819775892,56.7115631185708,0.00883931095201008
"NCI-H810.1",0,NA,0,100,171.683791394433
"NCI-H1755.1",0.336566928854291,0.185228444600987,1.24365401662633,45.2489685236933,0.0279118934298774
"RKN.1",0.267908462997946,NA,1.08793983287144,66.1260419677586,0.00686425206521924
"NCI-H1703.1",0.484791813832801,0.0198734444912315,1.94412240857208,36.2888477355257,0.010215277453896
"LS1034.1",0.103148013549839,NA,1.48108351745505,87.9455768036473,0.00455153033139553
"SN12C.1",0.193854747228082,NA,4,70.0163593992372,0.0229914591319306
"SW1783.1",0.267130141855042,0.872655346639053,0.909475851898262,44.898869983167,0.0709365913800537
"MKN28.1",0.17047667234738,NA,4,65.6626490031109,0.064821027989574
"MLMA.1",0.274641543022084,1.02542528946412,0.424024787605555,10.184672758208,0.599261598142116
"Mono-Mac-6.1",0.107754956829576,1.46430293015458,1.94499766239191,41.615193512497,0.584692663984837
"U266B1.1",0.101328498322306,NA,1.84656851760062,61.4100292916154,0.332465353235047
"MRK-nu-1.1",0.0281657124287471,NA,4,81.3623197252683,0.706934287923677
"WM1552C.1",0.27308018720474,NA,1.36132083364224,53.9993109550067,0.0326867397909527
"BxPC-3.1",0.229409289651177,NA,2.92514238386314,54.9953758921857,0.0591433736403011
"GI-1.1",0.267228209364373,NA,0.769786665395602,56.3999350209556,0.0255557492218901
"SJNB-12.1",0.0871120096257503,NA,0,82.57759807485,17.158315110162
"Panc 03.27.1",0.319195598953386,0.796311111497994,0.329095619565264,0,0.796311111497994
"SK-N-SH.1",0.103391249314795,NA,1.30430556934959,70.498421854661,0.183335085705921
"G-292 clone A141B1.1",0.32211551127536,7.24975897680142,0.160761418505472,0,7.24975897680142
"MOG-G-CCM.2",0.402131323631379,0.165923173946921,0.60422474131327,36.4773795958668,0.0190550388638573
"NCI-H2795.1",0.300720687623395,NA,0.634411411341152,55.9041629305839,0.012455967019885
"HD-MY-Z.1",0,NA,0,100,43.6616025970815
"MDA-MB-157.1",0,NA,0,100,1929.80686771445
"Kuramochi.1",0.267449287206369,5.65346941368096,0.712849369389572,48.1462758999484,0.0555883351441093
"Panc 04.03.2",0.270440619905944,1.42810683996191,0.570648907931491,38.364394715469,0.110963458098289
"CAMA-1.1",0.0372267327980477,NA,4,89.019410323619,0.192330262466775
"MeWo.3",0.135375633272687,NA,1.23051788897764,76.0947925211328,0.0394613726385446
"SW1417.1",0.158126416150081,130.585205257925,0.228233575877399,0,130.585205257925
"NCI-H727.1",0.23815511820872,NA,1.35457009626378,71.057814893291,0.00582039224201606
"SW872.1",0.218163170140487,154.286652335216,0.167666015317772,0,154.286652335216
"Lu-139",0.0281216781883343,NA,4,91.682808389746,0.193540415812104
"YAPC.1",0.253981285093988,4.43781328426327,0.416288016510699,36.2207095629775,0.200707472237408
"NCI-H441.1",0.203415801116411,9.35879786967266,0.293002281552456,0,9.35879786967266
"CAL-72.1",0.309657286432213,NA,0.580749043170729,50.0329270051243,0.0210652095696322
"Namalwa.1",0.141817684194311,2.70408925014865,0.605726858569293,0,2.70408925014865
"OCI-AML-3.1",0.0319596200955449,27.1565730725854,0.876027636196203,35.4900163870809,6.6150728528189
"RPMI-8402.1",0.179620840699078,10041.4092381466,0.128592261663143,0,10041.4092381466
"Ramos.2G6.4C10.1",0.232695657801895,26.8990086502692,0.204390272002262,0,26.8990086502692
"NCI-H1869.1",0.14084161796437,39.0257357861341,0.301088472301159,0,39.0257357861341
"JHU-022.1",0.442505325429382,0.0405927473678326,1.77601916515215,31.1606549193646,0.02342967273855
"ES1.2",0.00340523869989081,3.56865564964629,4,0,3.56865564964629
"NTERA-2.2",0.192212463382144,1.54499282137954,0.560661488820207,0,1.54499282137954
"TT.1",0,NA,0,100,1.25962061247946
"HMV-II.1",0.115696483223506,19186249.822039,0.113244799047531,14.2195428458268,999346.234414086
"ESS-1.1",0.534936821755372,0.0331330658840062,0.227421540442639,0,0.0331330658840062
"SK-LMS-1.1",0.130681212703532,6.57439176466927,0.47503590245522,0,6.57439176466927
"SW684.1",0.173695688597073,NA,0.60751174481214,72.4035037856354,0.0197799314037904
"NCI-H3122.1",0.0871317413712076,NA,0.0124738276832621,82.5557331235761,0.0745902084072524
"ML-2.1",0.192152657669999,5486780.91444321,0.0820365112682906,6.5170534028321,1e+06
"Ca Ski.1",0.378581235266317,0.115224879243037,1.01742998689213,30.1841683629061,0.0463953712155131
"K5.1",0.342556472805514,0.27828157855436,0.596891475075784,17.1424409681793,0.137724326576841
"8305C.1",0.366298774573708,0.729086574444316,0.236221325612129,0,0.729086574444316
"IST-Mes1.1",0.346580735130932,0.198213212488296,0.975509250736639,41.7824703874962,0.0311325961195412
"GR-ST.1",0.281425029827746,18.1236737991035,0.170100991084237,0,18.1236737991035
"Karpas-422.1",0.108009353840419,2.71222235849471,1.43920347248991,44.5705993989288,0.57990758436136
"COR-L88.2",NA,NA,NA,NA,NA
"EW-3.1",NA,NA,NA,NA,NA
"NCI-H82.1",0,NA,0,100,4.33462575218902
"HCC70.1",0,NA,0,100,0.00794085903059309
"TE-5.1",0.209988990650496,1.53992652605949,0.5,1.56125112837913e-15,1.53992652605949
"KGN.1",0.488091023662861,0.0554790320664887,0.564004973828314,20.7969844828909,0.0213821034214261
"L-363.1",0.172285726559479,NA,0,65.5428546881042,0.00747789437940112
"EFM-19.1",0.307364188557876,NA,0.85556370880057,57.1799537680555,0.0111941163648093
"Hs 633.T.2",0.458336333885359,0.0699293617135181,0.815382258764133,17.1365636743286,0.0417961369796013
"NCI-H3118.1",0.505278014672469,0.0321346560732698,0.947753952702983,27.970397952467,0.0135327920024616
"KYSE-270.1",0.449293345676415,0.0706350641276481,0.753286306245059,25.7947814786575,0.0269632148700138
"TE-9.1",0.220186907081457,NA,0.895351572754561,52.7221815109242,0.0819993119840064
"CML-T1.1",0.863188034694865,1.82055331599481e-06,0.233384876274791,6.52471221029747,1e-06
"LC4-1.1",0.174045679530794,901.022858613225,0.166550787462495,0,901.022858613225
"Lu-65.1",0,NA,0.486032738051072,100,0.00650053399306284
"CS-1 [Human chondrosarcoma].1",0.166585969433539,NA,0.419220552729667,72.61260689162,0.0186072407388987
"HCC44.1",0.45795695217243,0.0500920071127092,0.985683643030149,30.3930365216347,0.0193777691537582
"SW1710.1",0.365845375060649,0.123193847286581,1.07262190746189,36.4024752527641,0.0365903663713083
"NCI-H2087.1",0.0586747331655808,NA,4,91.6236678066415,0.0158385491911909
"SF539.1",0.37961047451022,0.202485206467457,0.762584814541127,42.2396542830475,0.0175958832498619
"ONS-76.1",0.219539333446363,860.748581437136,0.298339823165686,45.5224288998078,0.264451804833647
"NCI-H1666.1",0.325368983429002,0.670187475919236,1.311804857327,49.4041843656639,0.0228887938708558
"SNG-M.1",0.388994071372549,NA,0.756919294097113,56.4688768792014,0.00137124976455897
"HOS.1",0.174976469197674,12.9439001143796,0.314871297059754,0,12.9439001143796
"CCK-81.1",0.256859274716375,2.89167001368727,0.352682247813112,20.1737307589831,0.668288478099618
"OC 314.2",0.391597916617342,0.0840052122635814,1.25111774613262,31.6091304880909,0.0377678698705547
"TGBC1TKB.1",0.290861898966945,0.487439528587643,1.10388298509399,46.2057407508724,0.0471479348588702
"DOK.1",0.481722953428641,0.0573064610317949,1.36616275152566,10.6020829309482,0.0481333769871066
"HO-1-u-1.1",0.345126234138826,0.153233244419427,1.13463878860339,26.4560026547598,0.0788998911528394
"KYSE-220.1",0.240877803828107,NA,4,58.4449687775101,0.0364907094215844
"ES8.1",0.110523670611922,2.65668738311351e+23,0.0795296641660727,47.9431223661018,999721.978352097
"NCI-H2461.1",0.123582536857009,NA,0.995279439886325,84.8757118869322,0.00507494082286323
"LB831-BLC.1",0.287995321296668,NA,4,66.040732406737,0.0056937313474354
"HuCC-T1.1",0.235774736129645,NA,1.38183833364681,56.0813468996863,0.0488308137270465
"NCI-H1651.1",0.147557147911341,NA,0.211652141837306,64.1992056919469,0.364303026605066
"NCI-H211.1",0.256994824727453,999864.965656598,0.0642885027194394,0,999864.965656598
"HAL-01.1",0.201943941038339,945.860187168258,0.238847028439699,39.6000584022202,1.32037664881076
"GAK.1",0.0898671259919063,NA,0,82.0265748016188,0.0428667469171809
"H4.1",0.312751002481115,2.65503597676412,0.428010025223282,41.3712733370381,0.0437872293180953
"CAL-85-1.1",0.169602116605648,NA,0.22822757216484,67.8935265703465,0.0375730884915437
"IHH-4.1",0.357455822975713,0.21252934156089,0.669333062696754,19.7196895601378,0.100462942703942
"KYM-1.1",0.0736503409514715,NA,0.0504527620656993,75.6716883871028,999971.372192991
"BT-483.1",0.0635554271863453,NA,0,87.2889145627309,0.000391337479263148
"TC-YIK.1",0.0783675781918922,NA,0,84.3264843616216,0.294200346763385
"RKO.1",0.131225383351656,NA,0.549862762348753,64.2509029755426,0.223998955872599
"RT-112.1",0.0543488131486256,NA,4,87.4366697704715,0.100770479137144
"OE33.1",0.13854027155363,NA,0.309322762764157,74.349569531415,0.0358411236624022
"KYSE-70.2",0.155637767916456,NA,0.291900373108316,62.3048595274234,0.233394227409788
"SH-4.1",0.0618254348835884,NA,0,87.6349130232823,0.000183756809126789
"D-263MG.1",0.306580623749141,0.170503199247328,1.50252965472699,36.5180732140091,0.0712676975536052
"MDA-MB-436.1",0.0373732671235899,NA,0,92.525346575282,0.0048171771812573
"MDA-MB-468.1",0.088288687194229,NA,4,77.7416596491732,0.129169335199525
"KP-3.1",0.126336809748806,16834.1088097571,0.157739827457987,0,16834.1088097571
"D-392MG.1",0.17459136980865,NA,1.02707932874256,67.4103027012521,0.0487016263001712
"MSTO-211H.1",0.0954657619070995,NA,0,80.9068476185801,1.46960762654499e-06
"SKG-IIIa.1",0.217066004907313,NA,3.0933219202418,59.0551337316075,0.0513712731559317
"PC-3 [Human lung carcinoma].2",0.301585565388549,0.358962439738028,0.752343675284577,27.2637302050462,0.125932022570039
"H-EMC-SS.1",0.11874281924408,NA,0.700034651709091,87.2506434735019,0.000536632755483281
"NCI-H2452.3",0.35715565660991,0.453356644631054,0.418692585240672,26.8182561278889,0.072300160552264
"KS-1 [Human glioblastoma].1",0.247768447323075,1.60563823615082,0.388560976239674,0,1.60563823615082
"KALS-1.1",0.251448931822133,NA,0.677675011101048,58.351722065259,0.0263038670782354
"LCLC-103H.1",0.23189007765283,2.77686115516724,0.350240718300676,0,2.77686115516724
"SJNB-10.1",0.101398317609393,NA,0,79.7203364781213,0.0157551816730969
"OCUB-M.1",0,NA,0,100,0.0547181741882851
"Hs 578T.1",0.512481433964493,0.0547673991393689,0.399597281062822,0,0.0547673991393689
"SK-N-AS.1",0.190338344104064,2924.76983323213,0.136925593683983,0,2924.76983323213
"HCC1395.1",0.157129368808071,NA,1.77156805150041,80.5045432583927,0.00723326411869243
"CHL-1.1",0.0500319033157062,NA,4,67.2542900900955,0.698719501695309
"MFE-280.1",0.0997816121121852,4.34891126771955,0.993804641814481,38.846868581889,0.961048859730941
"MFH-ino.1",0.230976084111817,2.58192859709828,0.360613770471857,0,2.58192859709828
"GaMG.1",0.255504728477606,NA,0.866429262336549,52.2292227731786,0.0484669557475066
"SUP-T1.1",0.211996206830475,0.779529545378355,0.747481024351935,0,0.779529545378355
"ZR-75-30.1",0.137152571586634,31221.8183741928,0.142514063902822,0,31221.8183741928
"COLO 684.1",0.0104378885428809,NA,0,97.9124222914238,0.0154950079148441
"OVCAR-5.1",0.408842137878419,0.140914736230573,0.825454697616008,44.9458404497289,0.00877346632006078
"EB3 [Human Burkitt lymphoma].1",0.318495733722731,10.2043141661257,0.152949910359826,0,10.2043141661257
"GR-ST.2",0.281144199409809,19.5020204498336,0.168070517443246,0,19.5020204498336
"SNU-387.1",0.218978706954893,1.60210427502034,0.717333963378934,38.2920462302422,0.211717649670458
"CaR-1.1",0.371945182271775,0.266743296717428,0.495131369160721,24.9000573676396,0.0663151838960355
"DSH1.1",0.0375941236002381,NA,4,63.9608413091426,0.98711751001505
"PSN1.1",0.195283432921231,NA,4,61.9779466015717,0.0575877794806134
"Ca9-22.1",0.378891865479282,0.1078970943003,1.75619556710184,17.2223891806515,0.0848366707735394
"KNS-62.1",0.124432050438093,4430444902.52312,0.0955889984517575,27.5917324025671,999964.517266599
"A-673.1",0.0672212484418094,NA,0,86.5557503116381,1.5818694557168
"NCI-H1299.1",0.274787559042809,0.124144137164451,3.45565997853627,46.4165356165552,0.0579004759753196
"EW-11.1",0.0156860277284828,NA,0,96.8627944543034,2710.40224132932
"Becker.1",0.122479672944794,NA,0.593132350989097,66.914476314052,0.206190115497419
"GCIY.1",0.319994761542147,0.447647680119084,0.553086293944757,25.8907250808308,0.119722580245967
"BFTC-905.1",0.363486243431627,0.550317380267914,0.334324299758601,21.1449975053604,0.106289308659465
"CAL-54.1",0.637930201266453,0.0130573898575464,1.01460826339856,15.342247996085,0.0090986816567657
"BT-549.1",0.280633182013561,NA,0.660467252588059,53.5645416107565,0.025886544052751
"LAMA-84.1",0.988319604885865,1.00877165594401e-06,3.99887201340659,1.16803951141327,1.00282623310573e-06
"FLO-1.1",0.419198456882836,0.106074228706823,0.69045770336226,24.1426746180921,0.0408161710481358
"HCC1395.2",0.183805715604851,NA,2.98037267893454,61.5835688505718,0.0734135161204795
"YT.1",0.0555710197137528,NA,4,75.7556868961852,0.410806913491758
"BICR 22.1",0.130428306129261,NA,2.47224781031831,64.01459340408,0.163729533218422
"NCI-H1581.1",0,NA,1,100,0.00200105397013264
"KYAE-1.1",0,NA,0.365005335838908,100,0.0715768794206917
"MDA-MB-231.1",0.21124753891063,NA,4,52.2856755283994,0.0939571408265674
"769-P.1",0.169270409129808,NA,1.81021212673247,61.8938744852842,0.0931554664715144
"COR-L105.1",0.340051938716826,NA,1.07554535129321,50.4356411272568,0.0160021714081455
"CAL-39.1",0.617263997063339,0.0195043387282207,0.646844714655816,6.03778138038765,0.0159855124407399
"EoL-1.1",0.908450170241128,0.002381483898976,1.28212257726713,0,0.002381483898976
"HLE.1",0.303128259598187,1.02246504501078,0.771980976206337,45.997562070584,0.0388229324220997
"KATO III.1",0.127880625214041,11.7349065787253,0.413716036507899,0,11.7349065787253
"ACHN.1",0.409909241016425,0.0565920183851761,1.45452553802698,35.9336085129632,0.0236637586371223
"BL-41.1",0.220959446107009,5.74479061328346,0.412062540894806,31.7072453480425,0.500617144635117
"DND-41.1",0.0461996700136375,NA,4,74.9175124455735,0.561268483698365
"P31/FUJ.1",0.292325355771128,NA,4,70.6258518943798,0.00122940518646095
"SNU-449.1",0.375134686246725,0.165978219287153,0.727781222048262,29.5966202817527,0.0484374999308543
"NCI-H2066.1",0.214577939334673,736.595619609596,0.140986556967954,0,736.595619609596
"SBC-3.1",0.34446667734685,1.76832676222242,0.200606965391646,0,1.76832676222242
"HCT 15.27",0.203970131928524,NA,0.479506822615093,68.6202426088754,0.0132433194273163
"HCT 15.28",0.183507112051129,1.29707896119956,1.59429139774132,47.8953527243228,0.177835453292523
"HCT 15.29",0.172429195111152,NA,0.643346863278807,60.104410430542,0.113511067038107
"A-375.38",0.227521500442647,NA,4,76.7754600504225,0.00186475147227513
"A-375.39",0.141305761966825,NA,1.45731975834806,83.70482876288,0.00406449965361049
"A-375.40",0.160942745634986,NA,1.66743261686817,83.9057210644244,1e-06
"A-549.25",0.276590370946794,1.25999610722941,0.530436495318732,35.1149720526437,0.128326883857648
"MHH-ES-1.34",0.134111315285597,NA,0.22312112038619,81.2024628999377,0.000879605207399709
"MHH-ES-1.35",0.0340959945898505,NA,0,93.1808010820299,0.0417559272655232
"MHH-ES-1.36",0.115630444929384,7097.71124731319,0.179139046285197,0,7097.71124731319
"SW620.37",0.19354901943015,NA,1.63483397445046,80.645091186343,1e-06
"SW620.38",0.193414006284097,NA,0.289842385290145,74.9241578428117,0.000702295789064223
"SW620.39",0.159403575642754,NA,4,83.8934646170189,0.00151647336119893
"PC-14.40",0.484114911955606,0.0722174308144696,0.68607964129547,0,0.0722174308144696
"PC-14.41",0.473614985498225,0.0790060404096512,0.670905615328971,0,0.0790060404096512
"PC-14.42",0.502411790413145,0.0619235943887131,0.603793820334145,0,0.0619235943887131
"U2OS.35",0.189413982136933,NA,0.516986322419694,54.2353486642208,0.146687229335065
"U2OS.36",0.191717537756721,NA,4,72.6149502711318,0.0158825320269396
"U2OS.37",0.169403671919206,865.83029196672,0.170928058418002,0,865.83029196672
"HT-29.35",0.352818384464319,0.621490018690415,0.435726261251624,34.7873003742894,0.0404996875874222
"HT-29.36",0.360251771150899,15.3320445529073,0.10572377846488,0,15.3320445529073
"HT-29.37",0.265572065044175,5.7126132404418,0.662278672524455,47.5554322272822,0.0599316177816022
"SNU-C2B.38",0.125278405853395,29.386129292444,0.344212384313793,0,29.386129292444
"SNU-C2B.39",0.154415379165402,1.04816562862629e+32,0.0524002277447683,47.8348222733922,1e+06
"C32 [Human melanoma].36",0.0951463986665468,NA,4,90.0242086824472,0.00253770370539021
"C32 [Human melanoma].37",0.0858022726842307,866.339522048706,0.25982425435093,0,866.339522048706
"C32 [Human melanoma].38",0.108818887661826,NA,0.0303315591573678,77.9036298139262,0.170845993245315
"KYSE-450.1",0.256507105182522,19.5627095596332,0.460733568206972,45.980108595626,0.0822838434834871
"VM-CUB-1.1",0.101438920529426,NA,4,72.0964353429642,0.162373872824586
"NCI-H2731.1",0.14326674778832,NA,0.62712443540063,76.2010950832621,0.0258341806810931
"SNU-C1.1",0.0103661079462271,NA,0,97.9267784107546,0.00812620193675085
"SK-GT-4.1",0.306555986834184,1.33919979155797,0.800353487206757,47.4272645842874,0.0328729114605245
"T.T.2",0.297437102504107,13.1605480038552,0.601991010495512,48.6898442298263,0.0310394505534943
"HPAF-II.1",0.235565080516809,2541869796.72803,0.171353706952257,49.1121210735642,0.154441334749991
"HSC-2.1",0.382716939906254,0.102400787328077,1.15702625439828,28.1291562379228,0.050111202867127
"IGR-37.1",0,NA,0.154146610630127,100,0.548346842948433
"CW-2.1",0.127171425344287,NA,3.52697709859695,85.4880626284059,0.00463507388123464
"CAL-54.2",0.639172302894831,0.00960434292597246,0.874828802736705,20.1757241095166,0.00532059520573713
"D283 Med.1",0.0212175179248405,NA,4,77.2826920635423,1.07006068251227
"HCT 116.1",0,NA,0,100,0.0856414264725076
"MIA PaCa-2.1",0.0352193690968978,NA,0,92.9561261806204,0.00186227713841929
"LNZTA3WT4",0.15720128976202,NA,0.55735542048274,81.5540123690987,0.00132964259381576
"HT-1376.1",0,NA,0.53766995063021,100,0.310041916100143
"OVKATE.2",0.140620237412345,NA,4,79.2315752262766,0.0186170297610114
"SKN.1",0.378543175277853,0.166653001419234,0.69257037865581,27.349175347876,0.0531223575718772
"SCC-4.1",0.27516709041693,161.530198547488,0.508021263826716,49.2470479667132,0.0418206413271832
"SAS.1",0.309878294671799,2.05057665169493,0.381202715888051,35.4675231507822,0.0801948282114483
"SK-N-FI.1",0,NA,1.31097591229922,100,4.38468495143858
"PCI-30.1",0.286842270134862,NA,0.585065332800323,62.3760425625939,0.00490565690619474
"NCI-H1792.1",0.246103351042855,NA,0.799141801340418,58.8039764442411,0.0293173619403357
"NCI-H520.1",0.362902480437982,NA,2.4026916349703,60.0747625362864,0.00338299613151488
"NCI-H841.1",0.152246444259102,NA,2.02618326029691,84.7753553514469,1e-06
"LS180.1",0.0422581987806693,NA,0,91.5483602438661,0.01182690848704
"NB69.1",0.466715023971423,0.0482700184219284,0.834943629848737,32.8736705238124,0.013377886146575
"SW982.1",0.388688168124197,0.0908935950901895,1.34425873416,26.3016827911085,0.0521579387123893
"NCI-H2342.1",0,NA,0.42860511078652,100,0.00327193885905017
"JHH-7.1",0.0453434341179873,NA,0.044020940756905,90.5639479925556,0.372555778847149
"MKN1.1",0.286312280274264,NA,0.757237799454741,51.7599750612129,0.0297903331464473
"MKN45.1",0,NA,0.975826573674369,100,0.0021142766366857
"UM-UC-3.1",0.158544171496873,NA,1.14724016874788,65.0983637872298,0.0878617276223971
"CAL-62.1",0.251871998447538,NA,2.17739604153261,57.7905256606664,0.0324019202981529
"Panc 10.05.1",0.348010913750282,0.327761118092491,0.775298225067247,42.9346537910249,0.0262673303383843
"RCM-1 [Human rectum adenocarcinoma].1",0.13849335338281,NA,0.617405345368518,77.0279058622802,0.0254431833438916
"SW1271.1",0.338945795412064,0.691800211887872,0.464461684441115,35.3700054797679,0.0490741600613328
"OVMIU.1",0.475352668062562,0.0446789103176011,1.15454730621952,24.3205689909379,0.0250873557916003
"COR-L95",0,NA,0,100,101.630125093126
"Capan-2.1",0.348603477930457,NA,1.15157197506439,55.6103599514128,0.00742194159127492
"SHP-77.2",0,NA,0,100,0.0377020130979535
"CCRF-CEM.1",0.0450374646283811,NA,0.89725832788403,92.7245325630519,0.0255081488402108
"COR-L279.2",0.0568835173857776,NA,0,88.6232965228445,2224.73313964348
"ECC10.1",0,NA,0,100,284.057629712643
"WSU-NHL.1",0.829328938251752,0.00369722217333287,1.12489704661875,4.28973925424383,0.00341385092428042
"ST486.1",0.15789700286844,36885.0486211873,0.127753052984379,0,36885.0486211873
"IM-9.1",0.0714484226696265,NA,0,85.7103154660747,0.000975909459209562
"MOG-G-UVW.2",0.153300734893052,NA,1.01647496531232,62.875263742756,0.120098309410432
"TE-15",0.32405426150846,0.298206952391626,0.729124938622417,29.4756800598689,0.0879334879344647
"HSC-39.1",0.258187913138544,7057.62099888418,0.0914997975326109,0,7057.62099888418
"SK-MEL-2.1",0.20015724800218,226.836267744935,0.173611206531561,0,226.836267744935
"VCaP.1",0.181114828788277,NA,1.5966089548588,81.2666808459942,0.00120010060508077
"OV-90.1",0.136297445959388,297.11270545543,0.227073801264197,0,297.11270545543
"RF-48.1",0.17915336822463,48626.3276467707,0.113520505158639,0,48626.3276467707
"Panc 02.03.1",0.313059391154077,6482.00854785028,0.625448312737716,49.9816836369262,0.0207893607905138
"Karpas-299.1",0.281085573139228,NA,1.83869201641756,71.8914408023151,1e-06
"TGW.1",0.0786720106705255,NA,0.0478331741985775,83.9515002915485,0.14367985498047
"SK-LU-1.1",0.388298955148517,0.651635211433814,0.438529280780993,42.307161500108,0.00912738483608038
"PL18 [Human pancreatic adenocarcinoma].1",0.199624271997773,NA,3.47217080858287,60.3709605218096,0.0616521482663275
"UACC-62.1",0,NA,0,100,1.59609449813322
"VMRC-RCZ.1",0.217550494382061,NA,0.788104705926673,69.5749535304765,0.0108680392394318
"OCI-AML-2.1",0.236943609328089,NA,1.94496190970521,76.3056383979128,1e-06
"NCI-H1355.1",0.172491582005473,NA,1.02096171387608,76.5899721499974,0.0104899778851091
"DOV13.1",0.661171815386186,0.0133271965980383,1.01236766790746,9.88411069220724,0.0107214563954344
"VAL.1",0.507355393502007,0.0442982844383151,0.390965436408253,23.5886617662054,0.00865814810872779
"Ku812.1",0.961858942696267,1.14201382029193e-06,0.475551127352061,3.05986608646543,1e-06
"KTCTL-195.1",0.516055822542453,0.0343014631041957,0.866341222142893,22.8624199158775,0.016942134472983
"SJSA-1.1",0.187473869571009,128.582827366581,0.369552611862757,43.3860694504954,0.539456174019318
"LoVo.1",0.337887288343827,0.336031666853982,0.537135771639737,17.9662877882635,0.146687005508332
"SJNB-14.1",0,NA,0,100,0.060832134370372
"MDA-MB-415.1",0.225790076665622,NA,0.392355764436707,74.9525982669627,0.000123494103869387
"MS-1 [Human lung carcinoma].1",0.0114172445595858,NA,4,87.7680725095879,1.07052725450758
"EB2.1",0.305126613201354,NA,0.333244565295715,59.8861454084808,0.00140706296455997
"SK-HEP-1.1",0.0395760061014253,NA,1.64729203952277,92.7154462043453,0.0468140853926425
"MG-63.1",0.227441340293072,NA,0.919224980602117,57.4243176497547,0.048921929529222
"NCI-H28.1",0.384223600360518,9.27588216131285,0.67738106267343,49.6571768217507,0.00592715564179712
"ES6.2",0.273644693511117,2.19202741830076,0.791275010749489,47.320660619091,0.0542813435969255
"WSU-DLCL2.2",0.596407719652768,0.0219116855960723,1.02394044158076,12.0964956828111,0.0167185121977977
"EW-24.1",0,NA,0,100,17.226848314341
"U2OS.38",0.15486732603143,NA,0.479243386472621,76.347923971339,0.0125592121996384
"U2OS.39",0.141018487801314,NA,0.879465033278986,78.9199045978337,0.0170560746249137
"U2OS.40",0.106602701636826,83.4591165410593,0.317113669442928,0,83.4591165410593
"SW620.40",0.0607362494332435,NA,0,87.8527501133513,0.0470832844031393
"HT-29.38",0.280159373798907,NA,1.34221307453648,55.3498393336984,0.02566713755633
"HT-29.39",0.230494124133933,NA,2.37010147913648,60.3493925610392,0.0360615317932583
"PC-14.43",0.373316115952844,0.136269337826984,1.28532023128935,10.7642147774542,0.112845083070982
"PC-14.44",0.389725877427685,0.131329402282742,1.07787966832313,6.83481789383416,0.114587670919548
"PC-14.45",0.395972434937669,0.123708217337089,1.17128016503359,6.25285968318047,0.110372967348316
"A-375.41",0.148292028817959,NA,0,70.3415942364082,0.10466577848898
"A-375.42",0.11111026052567,NA,0,77.777947894866,0.000634746330147858
"A-375.43",0.111709005160369,NA,0,77.6581989679263,1e-06
"SNU-C2B.40",0.248411318618786,NA,1.2403092058778,63.9456267081236,0.0162143247553894
"SNU-C2B.41",0.324067448630132,NA,0.626790132709364,55.9962091270179,0.00714998134537121
"SNU-C2B.42",0.329547904327794,NA,0.516507473058382,52.7835950930549,0.00851530924967753
"C32 [Human melanoma].39",0.152570140409131,214.759017854456,0.21892756504175,0,214.759017854456
"C32 [Human melanoma].40",0.0927124623630377,NA,0,81.4575075273925,0.000259606176272952
"C32 [Human melanoma].41",0.118740115177859,NA,1.05907790476579,87.9625710954641,0.000237157586465615
"HCT 15.30",0.384233971577747,0.0937759515571915,1.13345102385678,38.5815495604629,0.0254824897357606
"MFM-223.9",0.0791267728312592,NA,2.4955622514556,76.8068105800675,0.189714796346464
"MFM-223.10",0.0611804103415991,NA,1.81824341369445,69.3287759950213,0.528442960561442
"MFM-223.11",0.0431095418198251,NA,2.7744110256334,77.5680534412567,0.535209448195862
"LOX-IMVI.1",0.353469638720071,0.107980366476064,1.52265044098709,31.8844015650278,0.0554335310893914
"VL51.1",0.131257412328191,NA,4,65.1792825188481,0.148000544346959
"SK-UT-1.1",0.151553766902709,30339.6086096026,0.133559573941551,0,30339.6086096026
"VMRC-LCD.1",0,NA,0,100,0.455870441026003
"T98G.1",0.359199547320204,0.114456376726856,1.32459883383393,30.4454216173806,0.0563420213630192
"YH-13.1",0.272275774868332,0.166438430781978,2.4596530728362,40.5785749141404,0.0844415499641016
"SK-PN-DW.1",0,NA,0.881908216776692,100,6.69621900537748
"EW-22.1",0,NA,0,100,0.0527889056226892
"LS513",0.114346580717564,NA,4,75.5020477807493,0.0795898653473252
"COLO 668.1",0.0385612320509638,NA,4,91.2833061686969,0.0941847630890849
"NCI-H64.1",0.0340819735872216,NA,4,89.639668426558,0.206167104742009
"SW948.2",0.0036594159339437,NA,0,99.2681168132113,4138.03702386906
"LS123.1",0.39117859636569,0.0790634701742259,1.25340127543382,36.0376081105726,0.0285739600427951
"MDA-MB-453.1",0.0946842089348339,NA,0,81.0631582130332,0.0109801043458826
"UACC-812.2",0.227968593175455,NA,0.915469345134317,71.2750018053566,0.00593505513175166
"SW13.1",0.317373166229923,0.24681016242172,0.889701877433936,22.5003942673166,0.126046552508918
"IST-MEL1.1",0.31230193337318,NA,0.683563472237724,59.0629682343136,0.00601257701474902
"MEG-01.1",0.990098167652381,1.02013096774806e-06,0.530633703680081,0.5260170168416,1e-06
"MEG-01.2",0.992166487333475,1e-06,0.474822790527165,0,1e-06
"NKM-1.1",0.523491434705734,0.0375953886806315,0.186922594755286,0,0.0375953886806315
"Fu97.1",0.109910846017838,NA,4,79.1566993909378,0.0523830935478103
"NCI-H358.1",0.172986376662912,NA,0.755690087221155,68.8416880141573,0.0406312295117873
"CAL-148.1",0.24401757776617,NA,1.85496840888807,75.5982407910346,1e-06
"CAL-148.2",0.1945481745916,NA,1.37765937876163,80.5451246600457,1e-06
"NCI-H2009.1",0.248717626811291,0.301510172336365,1.87093772955569,44.9926476299359,0.0881356723582889
"NCI-H1435.1",0.118781195663995,NA,4,82.7350616936737,0.017266140864483
"NCI-H1435.2",0.138580731983564,NA,4,84.825575391796,0.00355731615564585
"NCI-H2023.1",0.264426623166409,NA,0.34989793600406,59.491700291625,0.00846645277381353
"NCI-H2023.2",0.105865756680811,NA,2.27532865747192,83.7556309153004,0.0221442656312537
"SW1088.1",0.493218490166715,0.0390889022667251,0.841540313932173,27.7562777225239,0.0149298358277443
"SK-PN-DW.2",0,NA,0,100,41.6243184537274
"SK-PN-DW.3",0.0384643972816583,NA,0,92.3071205436683,0.656374890123273
"SW1990.1",0.0665635026667515,NA,4,87.0755452769203,0.0570280210039129
"SK-OV-3.1",0.295706497986894,NA,0.468543928610902,54.8434567407081,0.0122416534180166
"SK-OV-3.2",0.281566931524697,NA,0.726354817185443,64.004912411914,0.00527435438735613
"SK-OV-3.3",0.269530332744215,35.668471364209,0.161119023698117,0,35.668471364209
"SW1990.2",0.0363843921084292,NA,4,92.2112909160544,0.0793795747087243
"SW1990.3",0.104165886789483,NA,0.304463883542243,63.6335029468201,1.63324877757633
"LS513.1",0.10947232460579,NA,1.01581644386608,86.4898427688706,0.00550319140616488
"LS513.2",0.141171788607836,NA,0.716810713742572,79.5617870114539,0.0126336828521057
"NCI-H524.1",0.0645585574752851,NA,4,73.8770894848505,0.362913065376484
"TK-10.1",0.448336988138442,0.0734898523494622,0.682959598882021,29.7223694406207,0.0196030672702399
"SNU-423.1",0.296728117380495,2.16787715079143,0.742802060546996,47.5619349758273,0.0371407952877294
"SNU-423.2",0.249135521902826,NA,0.668824438528906,58.8620841900658,0.0257415328340283
"RMG-I.2",0.30391403849536,NA,0.768890932047831,50.1863013169145,0.026139456051553
"RMG-I.3",0.266411145691375,NA,1.51956148512956,64.7296235255219,0.0102915710092655
"Hs 766T.1",0.144276066729515,NA,1.53202049987759,59.9607171426146,0.168308874873379
"Hs 766T.2",0.125869919881825,NA,3.25347493074358,78.0175515504139,0.0383154488883436
"NCI-H524.2",0.103088530089054,NA,0.0111310125965462,79.6452696415123,0.00620587880759397
"U-698-M.1",0.349924303537827,0.752982201387292,0.266987774252769,0,0.752982201387292
"U-698-M.2",0.41469663471174,0.372501514464174,0.202104475161398,0,0.372501514464174
"NCI-H835.1",0.229901435604073,NA,2.48795507870357,77.0098564314078,1e-06
"NCI-H835.2",0.0123466381027138,NA,0,97.5306723794572,10834.1336909638
"NCI-H835.3",0.00260308047345248,NA,0,99.4793839053095,0.0121647656078151
"NALM-6.1",0.315098769350192,0.855512707056924,0.327710824045784,0,0.855512707056924
"NCI-H226.1",0.328953904748214,NA,0.669432791275391,53.1284270339963,0.0107955202645887
"NCI-H226.2",0.258807784809356,NA,0.458408400259839,54.4900109882209,0.0306916914198232
"NCI-H226.3",0.288212810011675,NA,0.364155455511379,54.3463660903939,0.01200649386598
"FU-OV-1.1",0.34190691888073,NA,0.868790068706946,52.0067373327674,0.0118297990445179
"FU-OV-1.2",0.410644343578733,0.25238155999677,0.727849374583846,46.7327004134374,0.00594667679000414
"FU-OV-1.3",0.316432884748707,NA,1.222547443639,54.3039564406207,0.0157503691172367
"MOLT-4.1",0.0526792329175275,NA,0,89.4641534164945,0.0208023321614539
"MOLT-4.2",0.0481098423953265,NA,0,90.3780315209347,91042.4511783087
"MOLT-4.3",0.0519079998751962,NA,0,89.6184000249607,0.313089919809627
"AMO1.1",0.152194838633427,0.739262456537771,1.91804283831589,11.5104455738821,0.644996668151891
"NCI-N87.1",0.152835967962371,NA,2.00098516964207,58.8260708520105,0.154446454913197
"SR.1",0.0843188024415508,NA,4,67.9378227806609,0.32524473542569
"SR.2",0.061096212827924,NA,4,73.7955191107229,0.39976169462916
"SR.3",0.0867074403981889,NA,3.37031351787072,69.4975063310636,0.280851695665423
"NCC-IT.1",0,NA,0,100,0.0821908309924859
"SW1463.1",0.0124519452543271,NA,4,93.5304925309046,0.52989991093375
"SW1463.2",0.0116953163356661,NA,0,97.6609367328668,3.37196221467317
"NCC-IT.2",0,NA,0,100,0.0381499883896025
"WIL2 NS.2",0.542423837065722,0.0259158876207391,0.509301874615196,23.1807431626464,0.0076278337012879
"RMG-I.4",0.345500576006249,0.416061249362545,0.801636513819281,45.172922717379,0.0225237613874389
"MDA-MB-175-VII.2",0,NA,0.218414128667931,100,0.153872668267505
