"","aac_recomputed","ic50_recomputed","HS","E_inf","EC50"
"PC-14",0.732125799274053,0.00588726316229602,2.0605876243534,19.8741520672008,0.00460397416064038
"A-549",0.642529979864988,0.00281614266859257,1.61545362987079,34.2760049714696,0.00137611274365727
"A-375",0.721957719588198,0.0028319493516174,0.560174479673412,17.7780543639391,0.00129254226119911
"DEL",0.930634218639207,0.000121518526722233,0.44702235684519,0.44095896015045,0.000119134189822099
"EW-13",0.15038902511944,NA,0,69.9221949761121,5.98900041261563e-06
"CL-40",0.441163254809813,Inf,0,11.7673490380375,1e-06
"C32 [Human melanoma]",0.56101076470928,0.0108217603625587,1.62082114007199,37.9464435182087,0.00449882690032113
"U2OS",0.498101591713216,0.0354954949007319,0.834060416959825,42.2458301891583,0.00379925408648111
"TC-71",0.787207988885811,0.00119636009468983,1.65478073353698,20.4342984854633,0.000870902305495769
"DiFi",0.603781893122569,0.0132656398073224,1.04889578658718,28.7812657002315,0.00585909669587905
"RKO",0.757861820067109,0.00413825882028286,1.13909338278918,17.2166432114052,0.00285683818798496
"CL-11",0.333014303008008,0.735322853952816,0.544926370951947,33.9871801815374,0.0909938420966758
"PC-14.1",0.73777913989121,0.0083538170595037,1.333861835736,13.5684693414498,0.00658880081841959
"A-549.1",0.413303422099967,NA,0.325425220368118,51.4959430527088,0.000280711856320271
"A-375.1",0.693877741356367,0.000666273459671315,0.619544956693738,27.9595177790576,0.000177599815282671
"SW620",0.149708199910274,NA,1.64352216684965,83.8177770397976,0.00358545304157791
"HT-29",0.692914939410956,0.00389492256736145,1.27531804332574,26.5056106841866,0.00215428669609451
"HCT 15",0.652969425874006,0.01845003373761,1.60915387587558,14.1410015149682,0.0150064531890249
"SNU-C2B",0.641383867710346,0.00945922733125859,1.16302626719788,26.4879013448082,0.00494434922772837
"MHH-ES-1",0.811320099485091,0.00203488087728778,1.560356280204,16.4511645620958,0.00157572122028051
"MFM-223",0.506762291104997,0.0136390865642693,4,39.4327598204895,0.00924768821872313
"C32 [Human melanoma].1",0.44513523008105,0.491864565685874,0.756707024861314,48.9920656717588,0.0028259614655785
"U2OS.1",0.567514190067487,0.00663272772002623,1.82120136898547,40.4383385585573,0.00267428173644351
"SR",0.919620745118491,0.00227798447020468,1.63869730924805,4.14506138314976,0.00216080480140946
"SKM-1",0.692244302232625,0.0164033412944461,4,9.07292344935953,0.0156024392744502
"COLO 320HSR",0.390959923094719,0.309285391357653,0.445645661629099,0.784254731586852,0.298505739713705
"DiFi.1",0.686194649105897,0.00592640120930838,0.647496852592792,19.6326462274977,0.00274365251094792
"CCK-81",0.569253812362558,0.0487801771271835,0.993777828712334,6.43408282007792,0.0424664218633744
"COLO 205",0.608993322454954,0.00900249829197178,1.95279147970509,32.027054844894,0.00533109724457176
"RKO.1",0.710071761171085,0.00841962414027128,1.3316162440116,17.6337543100241,0.00607367824218557
"SK-CO-1",0.70639458876428,0.00638997178858492,1.33373859201954,21.286226634703,0.00421593622346057
"LS411N",0.38808407573604,NA,1.03715533386375,57.5089225849948,0.00260063762177695
"LS123",0.26313008976041,NA,4,72.766215408565,0.00334643929599029
"LS1034",0.105011241365023,NA,0,78.9977517269954,0.00159486213446034
"HCC2998",0.674230671279607,0.00295023026280826,1.25599733905681,29.8964448360163,0.00142826815707026
"NCI-H929",0.773273741359692,0.00556631909684276,2.0813671225052,15.2691769961443,0.00467233499913402
"CP66-MEL",0.453224318839699,NA,2.57380773469426,53.1606583641553,0.0027232682515214
"Ku812",0.849862361912305,0.00340485979124227,2.02896959486101,10.526272279707,0.00303040869488088
"RF-48",0.772458405469587,0.0024051612761722,1.84758253014074,20.7126486195069,0.00180060229571207
"DB",0.790421774851507,0.00556932618199413,1.25426013963396,10.6966558831427,0.0045967862993444
"SR.1",0.918854179472111,1.04526591259394e-06,3.99999999999899,8.11458205278888,1.00000000000269e-06
"Lu-139",0.491579559786323,0.0372970839972926,0.907086963409987,42.919200872869,0.0043235000367928
"MDST8",0.641203947652226,0.00947620635183342,0.907302119856258,25.5866379056908,0.0043001405161166
"HT-55",0.611112978405172,0.00106164060148282,0.174552168253965,23.6449255822812,2.70847334930685e-05
"Ca9-22",0.754143543584374,0.00468762419745975,2.01289499103392,19.2426594975545,0.00368229091747264
"DOK",0.670320427349134,0.00311174693080531,0.551118737893795,25.1100504640397,0.00087763007035223
"CaR-1",0.350473183908668,NA,0.967547653231292,50.0818858970751,0.0203804927188694
"HT115",0.519436321116045,0.035428118457269,2.36086398275317,23.8382490888362,0.0269274630677943
"GP5d",0.850051424815983,0.00454119057406168,1.41882722303995,5.85943922290338,0.00415926871418954
"SW620.1",0.339055321016149,NA,3.53352605454486,65.4578630261433,0.00255760929094106
"CW-2",0.21173545013418,7.98214704706882,1.1046533719538,49.2764348742506,0.172543409510822
"HuTu 80",0.881617075964275,0.00094655273824711,1.23678521856492,9.98796703602585,0.000790485765129996
"HCT 116",0.769808588830917,0.00273210013980219,0.687286595694783,13.6842449926479,0.00171567095317942
"PC-14.2",0.711985779852023,0.0061866076901454,1.26668561094476,20.5980584712958,0.00406824790204677
"PC-14.3",0.748943397533454,0.00404081041883413,0.827048426407938,15.9238334560107,0.00254171500411237
"PC-14.4",0.665525498048278,0.00690382687861959,1.23981451583673,26.1058439719495,0.00380574480240343
"A-375.2",0.648235254739104,0.00173438611535469,1.10925388680668,33.771142220342,0.000628920227171617
"A-375.3",0.698427332467029,0.00222349778689891,4,29.8667563145351,0.00177122053223105
"A-375.4",0.638006917396915,0.00338478462521117,4,35.2877086112019,0.00249292158525863
"SW620.2",0.464442171284298,NA,0.752267927630568,50.7681923413581,0.000728359496191693
"SW620.3",0.482893458049235,0.0397607030555482,1.47176382535431,49.3101053601202,0.0021653949169184
"SW620.4",0.489822077632822,0.034664849686851,0.977101229600352,45.4727405280685,0.00296693760361039
"HT-29.1",0.762071370122291,0.00270530561345303,1.27669397887045,19.9559009554384,0.00181529770351748
"HT-29.2",0.762841771068194,0.0011936345299377,1.29276241006673,22.3675776779812,0.000754477028747768
"HT-29.3",0.75985574344204,0.00240952360676195,4,23.4626626211532,0.00205661510374348
"SNU-C2B.1",0.429616718077596,0.101136522272182,0.96131723791645,42.6720064667045,0.0137203153581473
"SNU-C2B.2",0.504980677490788,0.0714823570995265,0.275788454488787,23.988047495123,0.00668590112559571
"SNU-C2B.3",0.522076166440763,0.0242920788259457,0.673206445529768,40.6155695616986,0.0020239915620676
"MHH-ES-1.1",0.769903341219982,0.0017425967231362,0.796898492445313,17.8304040296575,0.00100198134515182
"MHH-ES-1.2",0.69859030862033,0.0018418189688286,0.88106631254748,27.0118154158647,0.000762478715618302
"MHH-ES-1.3",0.695517060458494,0.00238085480495422,0.590502774414171,23.4535682818158,0.0008148717985477
"MFM-223.1",0.435280630126538,NA,1.47083064530546,53.1706739950972,0.00309619574925478
"MFM-223.2",0.375144532578796,NA,4,55.0956550238268,0.00932962670861005
"MFM-223.3",0.338825638679218,NA,4,59.2693171105874,0.00956441961895324
"C32 [Human melanoma].2",0.398047708131316,NA,0.635127268614222,50.9242323819877,0.0046932897481617
"C32 [Human melanoma].3",0.401097378529722,NA,1.0306548361187,51.9915240831178,0.00654119357709358
"C32 [Human melanoma].4",0.465693351251617,0.0679836808736139,1.77814168840785,49.7117469287571,0.00374209377987926
"U2OS.2",0.353253160172362,NA,0.486895130093989,51.9480434816116,0.0075736301414695
"U2OS.3",0.371074078109265,NA,1.87139239693003,58.8106331563391,0.00500175064099644
"SNU-C5",0.551644308818952,0.0347871822053942,0.46654526536544,21.6772215552962,0.0102884818879791
"SW48",0.623297317202005,0.00561412328007777,1.52151548550119,33.8383918850748,0.00267248680376581
"NCI-H747",0.255186310285845,19.9250616881921,0.208128827544148,0,19.9250616881921
"C2BBe1",0.319463101680307,NA,1.67133645813253,53.6467345006898,0.0252642739216508
"COLO 205.1",0.624294736254382,0.0117021699943111,2.08246375970257,26.2670975254645,0.00818209177963411
"EM-2",0.54422761889012,1e-06,0.0154806562140456,0,1e-06
"KCL-22",0.801528181632147,0.00607771549410514,1.70968890255205,9.91094873449838,0.00534099808765403
"CS-1 [Human chondrosarcoma]",0.510408711560643,0.0216147199413596,1.15482063499324,42.359396151193,0.00424896265747138
"SKN",0.319438517467063,NA,2.17382697266645,66.4054147314888,0.00312470614749499
"PEO1",0.492594839048323,0.0357404304834151,1.00475882943012,40.7591986376441,0.00665843774625515
"TE-12",0.422622685930965,NA,0.932550639838366,55.4631527415926,0.00109475690820864
"CW-2.1",0.262230367858618,4.35243089914716,0.675425189653513,45.8808067127363,0.108039665772287
"SKM-1.1",0.896925548246652,0.00314546038177597,1.80863049359238,5.13305336780225,0.00296260438282738
"HSC-3",0.497663432511908,0.0157852037016617,1.67656029834287,49.0015614561317,0.00152925151260191
"Ca9-22.1",0.659574972773366,0.00961130397660469,1.72997684731222,23.914808463767,0.00659844214841989
"PCI-04B",0.541013350261636,0.0119581784228004,1.33438522131672,41.0627771570121,0.00329064900816966
"DiFi.2",0.524261556308155,0.0507856815002157,0.582531993692189,22.6704322978029,0.0180053536170387
"LS513",0.521571703795054,0.0573373803553633,0.468759880269682,19.1780040397798,0.0204274538592511
"OACP4 C",0.713016638557701,0.00758190657064519,3.23273086030378,19.3670823075467,0.00651564492628648
"SK-GT-4",0.359056525541095,NA,0.525757457710592,58.965836694907,0.00113381029211377
"NCI-H841",0.679370157767916,0.00661944090603,1.24231302128682,24.5024425813411,0.00384942979728372
"SNU-175",0.872338385009486,0.00150331793621425,1.20493800990283,9.48553684181494,0.0012624947508271
"COLO 678",0.141108676533328,NA,0,71.7782646933344,0.000107941329981801
"SNU-1040",0.469707085177809,0.0217502425454788,2.19792034955873,45.9942422569426,0.00689733144659018
"SNU-407",0.313268604092643,NA,1.0540346473117,61.3657348333022,0.0084343375893803
"T84",0.499447058566206,0.0372884000636717,1.40621459084301,31.6463798594744,0.0182833628480936
"NCI-H2135",0.167963332355557,NA,1.6568909988389,81.2363811364839,0.00498798739928441
"ABC-1",0.220168572052718,NA,1.80180796876079,77.9831418348323,1e-06
"SK-MEL-5",0.368834276429625,NA,4,56.0140429337861,0.00912998527205571
"CL-34",0.524328012297036,0.019691868609931,0.856289013603229,41.4981143112185,0.00248710772147899
"NCI-H841.1",0.614568753933042,0.010857779533537,1.56372456258112,29.3336679099844,0.00617107896872059
"NCI-H1876",0.430693821669895,0.0229723536363529,4,45.8406882671069,0.0123372498466661
"OVK18",0.438737536305238,NA,1.520194833663,53.5942573401547,0.00253494424445896
"A-427",0.427770469883697,NA,2.1999746950964,51.9630104238715,0.00581254999041285
"LP-1",0.457187067504808,0.0330274541986187,1.93962155023256,48.150175719097,0.00603489167756518
"EM-2.1",NA,NA,NA,NA,NA
"Lu-139.1",0.435465274586608,NA,0.87163199993827,50.4121737770472,0.00330594098300735
"MRK-nu-1",0.756428521046807,0.00630461990552697,1.07527628852074,12.971867300214,0.00476817550499208
"NCC010",0.46649951701931,0.0243573315611568,2.06567662693415,47.0352754225938,0.00620358051556214
"RKN",0.477633973670149,0.0427373829277795,1.03214886755302,44.5559436654718,0.00498605493416272
"SW1417",0.206006051132723,NA,4,77.5301579651347,0.0051928682920022
"TE-15",0.803740781675071,0.0012842821781963,0.636827904253614,12.5306951137637,0.000816418516777688
"5637",0.7387093853234,0.00429642291863891,1.36138645804956,20.4167739189868,0.00292204015064574
"697",0.939027724902237,0.00250254826306779,2.04310991782173,2.62750847874742,0.00243729392840371
"OSC-20",0.449907068097662,NA,1.86908135578178,52.2725419390948,0.0031532893679196
"CaR-1.1",0.349709908937532,NA,0.647282043568782,56.5715077030742,0.0052021965542561
"8505C",0.304408104209145,NA,4,64.4525840504716,0.00805777239768082
"786-O",0.518593631618628,0.0147003221080087,1.33723962294549,43.823848446436,0.00307700121358191
"647V",0.560530079062748,0.0114587694093991,1.6206463254361,37.4444042920538,0.00488464995370867
"42-MG-BA",0.545772778617235,0.0106971001225048,1.56606201114412,40.7230954986608,0.00364861602434512
"SW837",0.247619479456691,NA,0.694521776628973,65.9351001513174,0.0131638194290545
"A101D",0.62838428604243,0.0042249877248118,4,35.3727964816188,0.0031072291064783
"VMRC-RCZ",0.162722830260335,2321178857.17837,0.0814892572328383,23.4110669819579,1e+06
"639V",0.634354315675991,0.0061753190668424,0.986598059412404,30.6598468963353,0.00235801069793901
"B-CPAP",0.538228526340734,0.013048850293908,0.549500398429595,41.1087916611912,0.000563221600933791
"A-172",0.607640421464138,0.00854870443958193,0.903101708373128,32.178904916527,0.00272767552418689
"8-MG-BA",0.412323473649003,Inf,0,17.5353052701995,1e-06
"BHT-101",0.502399088358448,0.01744258545942,1.4578023217467,45.7460219460141,0.00321743243907564
"H-EMC-SS",0.174063916650238,NA,1.8948597193054,79.6038616432929,0.00759762501583557
"SW1116",0.21001070694675,NA,1.16203738473067,63.6238446532001,0.0544663373621775
"LS180",0.325155113504823,0.10485059019342,3.19757095375753,44.3433664056585,0.0530386513951241
"A2058",0.888966090626401,0.00102572808781356,0.903829399125693,6.89775470788548,0.000870366753265429
"BPH-1",0.712960968451546,0.0048954465620063,1.25715038668466,22.4236957563942,0.00304944701154078
"Jiyoye",0.641174153867531,0.00633328313876695,1.51233525786681,30.6596394580954,0.00337962354181937
"697.1",0.93502686000259,1.03541268894884e-06,3.99999999999947,6.49731399974093,1.0000000000014e-06
"SUIT-2",0.342554469205823,2.3861242626794,0.97849432257944,49.423700296095,0.0249327604524537
"C2BBe1.1",0.229095027214232,NA,1.61863200418265,73.1612059735699,0.00721906193872972
"UACC-257",0.13885029250142,NA,4,83.0708831688719,0.0103750966240998
"LoVo",0.639690278092145,0.00607903960795018,1.23098135109678,30.7209499427027,0.00280292751580629
"23132/87",0.761803494885908,0.00666092834847619,2.20042905993392,14.6987321542906,0.00568630453978231
"WM793",0.512744802157113,0.025129807336731,1.66382869834821,35.0334633207582,0.0121714924035165
"647V.1",0.492811751241607,0.010569148696702,3.19401023363032,47.7311116920837,0.00401343601659768
"A101D.1",0.523121253440997,0.00836874590747888,1.70226389761754,45.9264333800102,0.0019183458957352
"A-172.1",0.722345998768031,0.00285902603128389,0.839445257895084,21.9998909234288,0.00143299891480307
"BFTC-909",0.403133258594987,NA,4,50.8642967359308,0.0103561724482879
"8-MG-BA.1",0.474715574819412,Inf,0,5.05688503611759,1e-06
"SW948",NA,NA,NA,NA,NA
"NCI-H345",0.00319073777502926,5.44485885746478,4,0,5.44485885746478
"RERF-LC-KJ",0.369890542665528,NA,1.46733211115003,56.4919771701309,0.00714009229431759
"CHP-134",0.452313821955032,NA,1.70219616180986,53.1186827560439,0.00202686620451556
"HuTu 80.1",0.671501589133371,0.00332301858837623,2.38141907260333,31.2140306549758,0.00220297960743367
"C-4-I",0.436675616029978,0.0232694257711494,4,44.0479233115635,0.0136681675719966
"SU.86.86",0.234105273213405,NA,2.04346739592118,76.3291094462757,0.00125367082467492
"BT-474",0.533756634669932,0.00847184316995956,4,41.3546378810024,0.00546300003971312
"EW-18",0.686800375861641,0.00318716072001294,2.21068876775659,29.5520932467136,0.00212690348291182
"SK-N-BE(2)-M17",0.412159238454712,NA,1.1140911072697,52.9228673495685,0.00459891019721086
"A3/Kawakami",0.879349819769224,0.00489922083990999,2.17357940931983,3.69682904968864,0.0047291097876044
"HCC1806",0.756615087779303,0.000255127201525038,0.34333697537057,16.3214466505422,8.07063975905737e-05
"CAL-120",0.53346619458574,0.020397926355657,1.16595915078845,37.0501362955882,0.00640311093953883
"GOTO",0.299853766002212,NA,4,61.6061281313193,0.0136164038328164
"G-402",0.446613376153974,3766913.46467291,0.0152255783141016,17.826867314711,1e-06
"Hep-G2/C3A",0.0934336820089904,32.1469927719137,0.440947935763569,0,32.1469927719137
"BT-474.1",0.379304353492982,0.0431536178971826,4,47.4889291594473,0.0204286398456426
"SUIT-2.1",0.0847084349439668,16.3068269974535,0.902099300338152,42.8927615144415,1.87564272423378
"CADO-ES1",0.492905982254522,0.0371314749572587,4,25.50520709035,0.0310647700214134
"Panc 02.03",0.540176433001248,0.0347137902453427,0.164424800405882,0,0.0347137902453427
"B-CPAP.1",0.545601332125191,0.0132018382846628,0.991906048148844,39.9406313050877,0.00262151600384282
"FaDu",0.424704277672285,NA,0.377899564820575,52.9971668822899,0.00014249117677754
"CADO-ES1.1",0.469129421906856,0.0580220530965519,1.17100172448836,31.4303355836349,0.0249025833640173
"SiHa",0.360377917054719,NA,1.28068214890668,61.4171765644505,0.00250317394417782
"Hep-G2/C3A.1",0.15424886131087,2069.62110240654,0.174486470301142,0,2069.62110240654
"SNU-81",0.461676845830138,0.100344864916862,0.595496439199184,34.142135278951,0.0145881474314835
"BT-474.2",0.47741301225971,0.0192418824008314,4,39.3213220401031,0.0130808036701245
"BB49-HNC",0.718178299549456,0.00358779634403875,0.983670703698173,22.4219320634026,0.00195944003899782
"ZR-75-30",0.14307150295299,NA,0,71.3856994094019,1e+06
"HC-1",0.917126696131675,0.00229164403276145,2.2557267037388,5.92179585062561,0.00216709187847206
"TK [Human B-cell lymphoma]",0.619145416296531,0.0103962245804967,1.54460479262872,29.1484023348579,0.00590157128745698
"DAN-G",0.400875844214791,NA,0.544303832914709,50.6688619795033,0.00341842586660741
"CAL-27",0.838494611156764,0.0023851512097597,4,15.4045754332618,0.00217534468997354
"NCI-H1781",0.418006059403726,32985.2282536207,0.0452403948468999,33.2845883154891,1e-06
"CAL-51",0.633896055781162,0.00812120827052176,1.51475501645172,29.57245200473,0.00449755002272515
"EBC-1",0.403309121975925,NA,1.27171727699002,54.9847451781261,0.00411801186665703
"ES-2",0.563147761612151,0.011847821146511,0.900520499431606,37.4290870926691,0.00255739495353965
"ES4",0.28061453360239,NA,1.52218361085013,69.5617985057336,0.00351702733175643
"COR-L23",0.47169507324294,0.0500473610222886,2.25708301337537,49.868042147483,0.00360547155198188
"KYSE-410",0.490889424454043,0.0358482981205496,1.06159286622863,40.1813487436931,0.00773686937601425
"RD",0.625467185656322,0.0111292012287021,1.14356450171248,27.2180570399197,0.00559682752088358
"RC-K8",0.487845531055636,0.0319051434438254,1.10606193798821,46.0097345137379,0.00324472808207189
"NUGC-3",0.728479506192684,0.00179075608098581,0.7009503898511,21.8673929062177,0.000788351995902126
"VA-ES-BJ",0.29343711459765,NA,1.14464884777634,66.6242577836553,0.00452702150466822
"CAL-78",0.558640908728587,0.0149541005534861,4,30.2566648889525,0.0118542184111858
"EW-1",0.758706185461288,0.00578833650991713,1.59005555454266,15.8707933389112,0.00455253330615633
"CAL-29",0.674439367006629,0.0045714606037144,1.52643116886247,28.5068137787994,0.00262930878995478
"OE19",0.481794510844232,0.092810692151641,0.617751036278482,47.2767590035618,0.000834937891045362
"Jurkat",0.841154328317936,0.0052037019242646,1.26052860696653,4.51840893582838,0.00482702766828661
"PL4",0.513485592631531,0.00683510819063521,3.4104589139765,47.1680097212786,0.00294537876403652
"OVTOKO",0.417990076003536,NA,4,55.9026047524046,0.00402108255369707
"NH-12",0.557255662976948,0.0125734989025812,1.50192581255092,37.256943731683,0.00506018096903061
"A-498",0.224112298114273,NA,3.51421136551318,75.3118274069679,0.00549646200781656
"IGROV-1",0.430408196232153,NA,1.61714246748742,52.4484282406546,0.00444254307871884
"AsPC-1",0.0617734638642559,NA,4,86.4713002076555,0.128054414743065
"Rh30",0.350677657379163,NA,1.05091633149501,59.5184488724135,0.00481445120796168
"NCI-H661",0.160549421694391,NA,4,77.5161625152139,0.0216295064640162
"COR-L23.1",0.379722130795529,NA,0.998403552483203,57.8346243125489,0.00296351092504058
"Daoy",0.915479475203192,0.000874552959840375,0.884039209752538,4.25864166509186,0.000790776856949353
"G-401",0.714199473203623,0.00272060744715144,0.801901925420818,22.9725881491624,0.00126328407075317
"Evsa-T",0.572038942411639,1e-06,0.0253355848088065,0,1e-06
"Calu-6",0.627710181739239,0.00333631986034657,1.78366046195984,35.678122788855,0.00165521468104952
"EC-GI-10",0.838597510948138,0.00168536995164555,1.45910508263533,13.8201450127624,0.00135020952069661
"HCC78",0.361326032445917,NA,0.649342808778598,61.1240698372282,0.000671394455434468
"AN3-CA",0.454233218354563,NA,2.09199929731949,53.6355322312384,0.00179440615677518
"HuH-1",0.480793986722904,0.0303525870039666,1.33866346716341,44.6682155877572,0.00570197859791577
"CAL-33",0.7708150863235,0.000359087900263879,0.452708177359677,17.3042132993529,0.000140508173240529
"ASH-3",0.427306464407366,28.6823373447749,0.0891520074834509,33.0236973502158,0.000156860368618866
"GCT",0.484582250443593,NA,2.07106704164243,50.13331004431,0.00214342160801526
"ALL-PO",0.819197951794672,0.00438188403798209,1.22048235219483,9.11510777769875,0.00371572866552103
"TE-4",0.83309652632314,0.0050433741726863,1.55968263318111,7.52692864305927,0.00454246112144185
"COLO 792",0.43790949859428,NA,1.07067599816173,52.9120245551665,0.00209098689677899
"EPLC-272H",0.597448143143907,1e-06,0.0344927451518678,0,1e-06
"ESO-51",0.27852261501023,NA,1.80475339600267,72.1477360587958,1.49282758187485e-06
"CFPAC-1",0.526477853931813,0.0283080444582076,0.894599750568357,35.1710146336748,0.00727545042664323
"Raji",0.505654083870998,0.0138645290791351,3.34474026377682,40.4155715036043,0.0084609276262643
"Detroit 562",0.767597116618012,0.00248048797878011,4,22.6027713369013,0.0021341320311872
"Daudi",0.631436588243092,0.00941951736695449,1.19408365836652,28.1791903802508,0.0047039122105137
"NCI-H2591",0.031639725268702,NA,4,96.563730729167,0.00503689187770535
"CA46",0.41323376662927,NA,4,50.6458159679943,0.00920975956139435
"ALL-SIL",0.593443779924363,1e-06,0.0330374227356494,0,1e-06
"Granta-519",0.387626842939994,NA,2.12294651511284,56.3831171059805,0.00584368157696552
"NCI-H2369",0.377804884612952,NA,3.80173187944153,54.8562300358838,0.00922672214231767
"DBTRG-05MG",0.354643088400297,NA,1.15092463075792,59.1094325850381,0.00517953368194362
"EGI-1",0.175146907688791,NA,0.635130930842014,78.8940279140413,0.00368642368703152
"LXF 289",0.561780755395086,0.0069505682835219,1.21910032462608,40.9668559330381,0.00170783915130283
"NCI-H513",0.203306475942177,NA,4,78.8913883887239,0.0034613502440555
"ME-180",0.403603139551247,NA,2.54409941154646,57.0666205560055,0.0038361847619099
"NCI-H2373",0.280922940559575,NA,0.435402890445855,64.0669584051106,0.00317795458775351
"CHP-212",0.707622559627702,0.00482308213209889,1.11365020502654,22.6400323395684,0.00280668061209683
"HC-1.1",0.880276691306435,0.0047357273687534,2.1530392021078,3.96045059330053,0.00455764976259234
"GB-1",0.296324697215029,NA,0.619070211182206,68.4355681110183,0.00044011425174468
"DK-MG",0.403707432715076,0.0419182586690715,3.07174368968875,48.5498451511448,0.0132389969445706
"GI-ME-N",0.174559701557757,NA,0.527410466143311,80.7472519650401,0.000580434367242344
"AU565",0.759309892105972,0.0054890886614302,2.68409464878152,17.6147884862113,0.00466902069538204
"G-361",0.490562054156275,0.0282729334251641,1.19217441384392,44.6671299557236,0.00432560017357312
"EW-16",0.731309302653889,0.0102451961381151,1.12819475495924,10.5379818966846,0.0083063358962887
"LN-18",0.467926868084821,0.0253028217660055,1.96922681793284,44.8526871901683,0.00797552441637925
"BT-474.3",0.442894919212972,0.0201739698634366,4,45.2826974864703,0.0111807850584304
"SNU-61",0.345394489953115,NA,4,59.6872792126658,0.00803262082846135
"AM-38",0.404193177775657,0.230767033400064,0.805540193850647,44.6160297768428,0.0145097638704667
"NB(TU)1",0.472261785950697,0.0600002683627783,1.54463377761595,24.9883490111852,0.0383174481895791
"HeLa",0.800801659913442,0.00732089348008809,1.27634203032479,5.76569812627468,0.00665080152713518
"NCI-H1623",0.553848516928365,0.0154296711572394,0.947504802975217,36.8455410974793,0.00376991240995579
"SW1463",0.37339800890964,NA,2.60943395652392,62.1354400804002,0.00185227637395526
"NCI-H2122",0.881414941960822,0.00159421611856853,1.29860650053856,8.70605341027453,0.00137584067279928
"LN-405",0.225604971730608,NA,0.5207653517054,74.8465434809699,0.000696908865187311
"NCI-H2228",0.424399931489382,5.23986252848373,0.0764065797160115,0,5.23986252848373
"MOLT-16",0.946640161667096,0.00208982165230753,2.19786866298882,3.08198706246645,0.00203019510160714
"RC-K8.1",0.542440662154387,0.0220074563674619,1.10740236484703,34.0271121990368,0.00785322738973075
"SNU-C1",0.233275054769121,NA,4,71.7649623365991,0.00995050348502098
"P12-Ichikawa",0.753883614484676,0.00332673541660941,4,22.9470526023639,0.00285318155438256
"DMS 53",0.140173169137298,NA,1.03663814256314,74.6383945051041,0.0645433964528811
"SK-MM-2",0.849752412367825,0.00609134813704319,3.42134354735947,5.41155989096015,0.00589078286724451
"NCI-H1563",0.163215652341123,NA,0.0290860145079947,57.5653889628464,1e+06
"GA-10",0.92499700280586,0.00281750873402181,2.52503271108071,4.34310182294611,0.0027179178412816
"CESS",0.790651419749998,0.00261809388726453,1.86722542299149,18.4148580599298,0.00204714718634248
"HTC-C3",0.69083590427841,0.00634860139635293,0.615063753271828,17.4019003725212,0.00316688122610539
"KMRC-20",0.458523277301914,0.61252191240658,0.612304409416526,48.9365520590239,0.00113773016515556
"HT-1080",0.538450643789969,0.017253747586563,1.51042469747804,36.7469465616903,0.00716309508852071
"HT-3",0.147369657540134,NA,1.5213395237759,74.5620652379144,0.0545076406919788
"SK-N-BE(2)-M17.1",0.354846178719896,7.77313296433678,0.425182021720089,46.5214894606773,0.014724897758287
"EJM",0.5816920277928,0.00998395341908441,2.59081423578384,34.1026532938807,0.00641537233161725
"HCC15",NA,NA,NA,NA,NA
"KP-1N",0.381187804097687,NA,1.62710950054002,60.3294515334448,0.00208359222596843
"JHH-1",0.258680317636042,NA,3.98627409626083,65.0325766964141,0.0181084269541515
"BT-549",0.537408292446483,0.00886135387385396,1.06108628109758,43.6847556869868,0.00126081418980746
"HEY",0.298842079488684,NA,1.25815639505049,63.1368375844357,0.00936629541615028
"HOP-62",0.311930076745895,NA,1.40021567195946,62.2013321943898,0.0086784302024397
"KM-H2",0.700323571712377,0.0122070552630036,1.64432752324347,14.0127049515387,0.0099943429691165
"KOPN-8",0.888522148254087,0.00276291739531218,1.91690547173356,7.31795177965078,0.00254399337034463
"HC-1.2",0.732229506981383,0.010099040314794,2.21598173932438,12.5798587252674,0.00886097561651676
"JJN-3",0.77418711686121,0.00826100206621982,2.24974168929561,9.97786449690988,0.00748278842927442
"A-204",0.210870503263627,NA,3.53685720251551,75.9237706156612,0.00697789410927334
"JIMT-1",0.737553068914158,0.00446256729518047,2.46839759068524,22.0827496409591,0.00352411190636362
"ATN-1",0.822170189714553,0.00727714396936124,1.82133811880586,4.84583615675998,0.00688103004415868
"DG-75",0.623931454872474,0.0127109937320386,2.72548581872119,24.321654180869,0.00995395135027189
"OCI-M1",0.789718719988695,0.00551031235216057,1.36347713237816,11.4723680709932,0.00455150354424346
"KYSE-520",0.284372040433741,NA,0.841111523278701,64.1934961909164,0.00820101970480381
"HuP-T4",0.434606752015424,0.0873116360720517,0.989996177185406,39.2668119140945,0.0184534827672269
"KMOE-2",0.323771887927194,4.07195421309103,0.457977474737956,43.8166039934641,0.0424359483898319
"JSC-1",0.624514653434975,0.0148432607163908,1.35936008366017,23.3861434048368,0.00933394554305097
"EFM-192A",0.203349577513184,NA,4,74.4405299529634,0.012306601552321
"RT-4",0.267818940625987,NA,1.66640020401977,73.2181022040688,1e-06
"KYSE-50",0.349039101340347,NA,4,64.6662966865839,0.00238623621050764
"U-251MG",0.513390924594245,0.0249356727175193,1.03248622560777,40.2247439451634,0.00513194840684003
"IGR-1",0.480205131045291,0.0198298952028144,2.01898381173883,47.1924191419595,0.00476300691362629
"NCI-H1563.1",0.251866096448644,NA,4,69.4495483226591,0.0100734237313869
"FTC-133",0.370185901623796,NA,1.35375624000421,61.9168825689515,0.00122961645148489
"NCI-H2228.1",0.399871286199941,NA,1.06159862657487,56.505992871933,0.00245305907563253
"CAS-1",0.268888123520258,60.777424589338,0.350306795337271,44.4080139296488,0.11690309991517
"HEC-1",0.244865573047126,NA,2.65948007672432,71.3744902322653,0.00792858550109471
"MFE-296",0.18202487261513,NA,0,63.595025476974,0.434985515842098
"M14",0.528537334698072,0.0132345755620502,1.48077383256036,42.1805596469371,0.00378041008076608
"MM1.S",0.712849466930325,0.00595277814264202,3.44019005941832,22.455272821157,0.00500556450102933
"HT-144",0.471238478766919,0.0456913945815148,1.4240070276759,48.7492315029231,0.00342756169678401
"LB996-RCC",0.604583234649906,0.00497761943742709,4,37.0738172034372,0.00354933312207747
"IMR-5",0.747146749973879,0.00219262549371621,4,24.92257629557,0.00184519677854081
"HuO9",0.654967689927326,0.00720502633454154,2.04753211035702,27.8941826929357,0.00483635505086883
"OV56",0.287504901472691,NA,1.46185781554042,70.0791934887603,0.0018279772115997
"NCI-H446",0.813784628150053,0.00197864602526679,1.46808851800727,16.0232680055748,0.00152081967856371
"NCI-H1417",0.58393326777218,0.00710521429699897,2.1995945482324,37.6045965304671,0.00376880792943692
"OAW28",0.372500338842153,NA,4,51.7710296845796,0.0144551343770481
"OVCAR-4",0.211564897804252,NA,1.77605444249185,70.4885516015634,0.0208422099172194
"SK-N-DZ",0.661282298602339,0.00491557362874192,3.42317961003263,30.5426168922076,0.00373109188472393
"NCI-H2405",0.0728180326797262,NA,0.34375,88.75,0.0133352143216332
"SW872",0.329524610258292,NA,2.06960836275325,58.9500274181128,0.0113812209460059
"SW1573",0.192410418932671,NA,3.28927540237481,74.140865851209,0.0175664021605743
"RL95-2",0.686479838193375,0.00712006449508262,1.8567904968561,23.7084462325451,0.00503665083142844
"TCCSUP",0.255024451308211,NA,1.7255725334556,74.497552731601,1e-06
"SK-ES-1",0.845268935437934,0.00105267986184168,0.796001873745565,10.7308330295459,0.000777122880097421
"TT2609-C02",0.385721068247882,NA,1.34276779823746,59.3103272799825,0.00210377722018298
"WM35",0.417635006958968,NA,1.68300084844411,55.0317570574513,0.00349161569089667
"SU-DHL-8",0.220622815709065,NA,0.766320825265014,73.959912594553,0.00405347539755319
"RCC10RGB",0.343900600884193,NA,0.786899703565458,58.9220806014159,0.00476233536075391
"SiSo",0.566342338690147,0.026549789769375,1.01666548058245,25.0888213301248,0.0133796659160985
"UMC-11",0.488099429655328,0.0192219669191741,2.56510706554936,40.7572028246385,0.00995347732693623
"SK-MG-1",0.574958166354013,0.00798194764908104,2.28124178502982,37.835921330009,0.0042954146749068
"SKN-3",0.401475857051584,NA,1.15242830586678,56.7214503203117,0.00241718533647208
"LNCaP clone FGC",0.524114761671647,0.0137234115245778,0.0500472992831507,0,0.0137234115245778
"NCI-H1944",0.663746010548152,0.00724800868060518,2.33420282041513,26.6202266782582,0.00523343996783318
"SW780",0.521573801076105,0.0319252678597776,1.05413330571169,32.5886672849987,0.0117360916728314
"OVCA420",0.234386456547957,0.715825385527511,1.21860240104967,36.9486033050105,0.237757003540865
"OAW42",0.392515567431277,0.070180087342816,2.13528956279562,39.5758515622024,0.0336760123066575
"WM278",0.0817151074977036,NA,4,88.210164087767,0.0250013537990503
"OACM5.1 C",0.597356065801075,0.00936554284309629,1.95921103163101,33.3072204189795,0.00534998725265049
"Karpas-231",0.621499560858027,0.0240580957797086,4,12.3303356503261,0.0224138616079318
"A-704",0.121549152774918,NA,1.3695175179622,73.6443347193051,0.124676661816055
"MC/CAR",0.850362832918137,0.00482238067123832,4,8.78864407183617,0.00459486985343901
"JHH-6",0.339264642057701,NA,1.16566847833622,62.3905960809506,0.00351186326273688
"MHH-CALL-2",0.606665903637714,0.0108835174052181,0.839234453907335,29.9461006369777,0.00366430629639979
"JHH-4",0.382884635614872,0.428980747874998,0.364279608340504,5.63976129806399,0.308855854605187
"ESO-26",0.512688580664762,0.0154842484535172,4,36.7270069476252,0.0111144978682866
"OE21",0.588813589925018,0.00916506674346987,1.08527496212403,35.1307842429329,0.00299804034596685
"NCI-H1693",0.152631835742885,242.075273930443,0.227494193645645,0,242.075273930443
"HCC1187",0.77195978939588,0.00776687387201629,1.8816621201148,10.8972544042323,0.00681565686462562
"HSC-4",0.0674275877162673,NA,2.08415160257759,93.2572396029551,7.206966066745e-06
"Lu-99A",0.363068979991071,95.6878778755631,0.0817955565472038,0,95.6878778755631
"MOLP-8",0.554026838833439,0.0171304664218844,1.36225914949527,34.3103234870295,0.00731590847504713
"MHH-PREB-1",0.649280395409773,0.0102827934263926,2.77327400629058,23.823522235181,0.0081426473721615
"MOLT-13",0.843144379554113,0.00523608762915348,4,8.53111161551016,0.00499683493800624
"MDA-MB-231",0.217881007153926,NA,1.17934797375675,78.2116873855923,1e-06
"NCI-H2722",0.238265381444811,NA,2.0268474716259,76.1734617031565,1e-06
"OS-RC-2",0.182433941835531,NA,4,81.5944009337001,0.00217498252663856
"OVCAR-3",0.552891627407749,0.0130625392728774,2.38737132311136,35.3964656293102,0.00780074639722768
"KY821",0.934288665409435,0.00184270435822617,1.51102132486327,3.13256483002295,0.00176546760381375
"Hs 445",0.67522494583807,0.00698121746850452,2.45446964472679,25.5036081488113,0.0052201718015562
"SNU-1",NA,NA,NA,NA,NA
"HCC1143",0.411076411924021,NA,2.36421070145184,56.4014942236456,0.00360504896747888
"NCI-H1650",0.118240095587058,NA,0,76.3519808825883,0.000612000852545136
"NCI-H1048",0.687811642531403,0.0157632810206478,2.09060839498812,11.2219063535651,0.0139587616818598
"Hs 746.T",0.403609173960052,NA,4,50.6946762337005,0.010490809033617
"Karpas-45",0.465051708770825,NA,3.44833854065678,51.0874928095879,0.00378720982138814
"YAPC",0.000743123537938983,NA,0,99.8513752924122,6.24408642499786
"SUP-M2",0.728894249807413,0.00499314319218453,1.79184399602444,21.5105836089692,0.00364788877238448
"SCC-3",0.854305709697165,0.00474865699703756,1.99354046287082,6.78796624186142,0.00441352400390594
"P32/ISH",0.958637605337223,0.00287335593928682,2.79934300619915,0.933532743541565,0.00285407545786528
"RERF-LC-Sq1",0.384128612430602,NA,0.837034247841852,60.5688989480025,0.000340155043375874
"MSTO-211H",0.367420693661949,NA,2.93622874782861,58.81432440237,0.0060731252292968
"MOLM-13",0.946735179539276,1.02856078574553e-06,3.99999999999947,5.3264820460724,1.00000000000139e-06
"MFE-319",0.572093360079837,0.0116911114229359,1.3438954661078,35.7245018339395,0.00460024110613842
"LN-229",0.311071142859448,NA,4,58.5889981624391,0.0167355885950593
"J82",0.173637558177656,NA,4,77.0062089255174,0.0162824384103033
"IA-LM",0.0491880670064422,NA,4,92.8588146593072,0.0257558789148814
"OVISE",0.244357730143832,NA,2.1662537057425,74.249412809612,0.00319755070344154
"HCC827",0.265996759924537,NA,1.58615271899724,70.0780281709482,0.00517880847509876
"HCC2157",0.747305705971377,0.00691045180295783,2.27877228216598,16.1648492647743,0.00582209881493488
"NCI-H1155",0.679002848066174,0.00698202810412677,1.98504107692775,24.9805580545638,0.0049260908496474
"RPMI-8866",0.64688238849472,0.00859514439372572,2.42040431664752,26.8571319272258,0.00625217752970273
"BT-20",0.297990499330158,NA,3.30688277001143,66.481372673372,0.00630068368572125
"COLO 824",0.32338091852829,NA,2.71402404946209,61.5537203544695,0.00882238155460045
"DU4475",0.540965097053713,0.012888120011683,1.11796983893972,40.8650606395818,0.00281726685488565
"HOP-92",0.0588369642091696,NA,4,93.5566906355823,0.00534018248760024
"HuP-T3",0.384439101166783,NA,1.23676964737459,58.4859259815455,0.0027099630465635
"KG-1",0.421716963201992,0.0409041879564385,4,37.1518101571654,0.0291229765490533
"Mel JuSo",0.267002756654718,4.40261996615793e+201,0.0108474686132024,49.7203844212738,1e-06
"MES-SA",0.520171924158512,0.0182965572204546,1.04029255090856,42.5230392782358,0.00294501703341777
"NCI-H1568",0.286334341891405,NA,4,71.1116960361403,0.00217566305619603
"OVCAR-8",0.749787684976131,0.000998885838833745,0.888085262686418,22.668111973869,0.00050601211385178
"P30/OHK",0.477491494367807,0.0150128579350859,3.04189516378453,45.7652861821468,0.00666812168649993
"SW756",0.100492934931592,NA,0,79.9014130136815,0.0051366663097512
"A2780",0.677132261762718,0.00339526083984493,0.721585789927012,26.110719160783,0.0012199515806093
"Becker",0.742316286122782,0.00399933661359733,1.21017612312186,19.8551088967089,0.00263267728458387
"ES7",0.814300248463862,0.000864393498730279,1.55694582326308,17.8949802223452,0.000650336469184777
"A-253",0.319504075552726,NA,0.895519026372563,65.7575868193342,0.00142910746846524
"NCI-H716",0.215908792967431,NA,0.71428170939998,53.1582630625677,0.130718271682979
"A-375.5",0.544189370947119,0.00643875401700351,0.172639960700421,34.6923347364092,6.77881456461308e-06
"A-375.6",0.677844585184449,0.000147829650105263,0.175633789674198,17.4901155191815,1.27439708668885e-05
"A-375.7",0.579716014063788,1e-06,0.0280840628813249,0,1e-06
"A-549.2",0.736943754243219,0.00251295050761563,2.42651625238252,25.0497776305114,0.00188698610748381
"A-549.3",0.725546738572023,0.00186278046591803,1.52085262921403,25.9715158188062,0.00115055727982089
"A-549.4",0.717469606948767,0.00314194544706012,4,27.096721854423,0.00258482146169111
"C32 [Human melanoma].5",0.527673613231634,0.0159035599937932,1.27629125278542,41.1571311593488,0.0040925302785572
"C32 [Human melanoma].6",0.492878655270284,0.0311896835447602,0.995656916649213,46.5958201135573,0.00209876186363611
"C32 [Human melanoma].7",0.5346298153946,0.0144232491607067,1.42140914023269,40.2250565156335,0.00457471245760022
"HCT 15.1",0.744372258244771,0.000477267854700015,0.209958794482934,0,0.000477267854700015
"HCT 15.2",0.79390707364052,0.00209995763925166,0.821502413264387,14.1589470502667,0.00140024705314591
"HCT 15.3",0.754220898293364,0.00647988288504743,1.28459172085454,14.2066537024939,0.00499528506320496
"HT-29.4",0.699694208900165,0.00248361358752536,4,29.5842508229584,0.00198533069135692
"HT-29.5",0.715917766460301,0.00251219108666262,4,27.8958565881739,0.00204846520610193
"HT-29.6",0.679552362581095,0.00212925557813742,4,31.8275227898309,0.00165325112081357
"MFM-223.4",0.486471331323804,0.0137623286330634,2.7115711331705,48.6415372277036,0.00364079005862837
"MFM-223.5",0.478176045831965,0.0332053129625375,1.77821606324507,49.2949515719385,0.00302285072299251
"MFM-223.6",NA,NA,NA,NA,NA
"MHH-ES-1.4",0.816216882705088,0.00268557902692456,3.26899125577925,16.9897496832872,0.00236524877634054
"MHH-ES-1.5",0.80621393888091,0.0024020367842808,1.24638628390572,15.2099843285678,0.0017955685726734
"MHH-ES-1.6",0.815666420208968,0.00218203948055299,1.48028602896409,15.4724242016566,0.00169915228211292
"PC-14.5",0.755609622432767,0.00503745458336383,1.41135909758134,17.1192923480322,0.00374314790148787
"PC-14.6",0.772110703443071,0.00407951168756314,1.75543485826123,17.7366810667698,0.00317851475777624
"PC-14.7",0.776187806044799,0.00362059408379912,1.4719056385977,17.3308384610239,0.00271148096145338
"SNU-C2B.4",0.593944433512675,0.00885568987242067,1.1505270882842,34.6372014339774,0.00317522627138521
"SNU-C2B.5",0.482297686088159,0.027965756521536,1.67990775224018,40.3859194646467,0.0104803464202243
"SNU-C2B.6",0.533929796574663,0.018012766626417,1.06219244362214,39.1815763679242,0.00426284427372522
"SW620.5",0.425272739101231,NA,4,56.6473581903764,0.00273781046501555
"SW620.6",0.396669805517431,NA,4,59.2156641698659,0.00309590133891013
"SW620.7",0.369175293538047,NA,2.65505616341586,61.4273699895139,0.00321149507846034
"U2OS.4",0.437830569009866,NA,1.27841995012309,54.2844994150424,0.00161443967870708
"U2OS.5",0.419012180838305,NA,0.628712943309606,50.5527934316826,0.00283336846753836
"U2OS.6",0.446477824821287,NA,1.78762374979258,53.8853107326258,0.00199335901649858
"AGS",0.619894470530846,0.00461491890044964,1.81453606235494,35.4840457510354,0.00233427539821067
"ARH-77",0.845026714956501,0.00143027016697963,0.748426574801784,8.68651526786173,0.00110836175478947
"BALL-1",0.942238747294173,0.00305985022276177,2.28852342874194,1.40415400436747,0.00302200071023315
"COLO 829",0.132889798178785,NA,0,73.4220403642429,0.0039373674110557
"NCI-H2722.1",0.25444620286736,NA,1.76539246082168,74.5553781977464,1e-06
"HCC1428",0.0624677722733661,NA,0,87.5064455453268,0.00689607887989155
"HGC-27",0.421567092030205,NA,1.59859431920928,57.8432802544429,1e-06
"PaTu 8902",0.305784953514817,NA,0.92274328314319,57.5321916829142,0.017197436833932
"Kasumi-1",0.544441353495054,0.0209897961454926,2.65537050398239,28.7770562818225,0.0152003248984043
"Huh-7",0.179565356694387,NA,0.617903152824497,78.2163916825318,0.00376743013160375
"HuO-3N1",0.336307590621708,NA,4,59.0001211260281,0.0103694284147335
"NCI-H196",0.0434879987779154,NA,1.50722833226224,90.5156082870928,0.126787865970822
"NCI-H2141",0.230520050523189,16.7265928548652,0.462705046502967,42.6347351392488,0.266537109495236
"BL-41",0.95660164977036,1.02295877477343e-06,3.99999999999967,4.33983502296394,1.00000000000086e-06
"ETK-1",0.542950056333879,0.0143215669086691,1.32943572706819,38.9419885432178,0.00460341290780968
"EW-3",0.698568496272389,0.00459484706992459,0.839460544200554,22.3846504409961,0.00226540520959558
"HPAC",0.310337269409441,NA,2.01641190799062,66.2946135825705,0.00424986756870137
"IM95",0.698216382669012,0.00739016300032015,1.07322201801063,19.9518461685439,0.0045982249604302
"JURL-MK1",0.782568460229201,0.0019626604262088,0.884526190219164,16.6035276277836,0.00124363962218936
"NCI-H1694",0.214420871603104,NA,1.46886948431671,78.5578963509205,1e-06
"NCI-H2170",0.415325031208003,Inf,0,16.9349937583995,1e-06
"NEC8",0.651533297969702,0.00774059601178663,1.58871249631849,27.5419890297041,0.00467715422329959
"NOS-1 [Human osteosarcoma]",0.102170214254901,NA,1.1628006173737,85.2598829226852,0.0232317930158337
"RERF-GC-1B",0.470240628824377,0.0717474571613776,0.730593796694103,42.0366318155225,0.00580387222127713
"TE-6",0.435518865257791,0.273142653008263,0.427159754459352,39.0470573814737,0.00780931642852512
"TYK-nu",0.425806004101709,NA,1.69688904110704,55.5112976718011,0.00233533685985442
"OCI-AML-5",0.518194159618282,0.0222904045349954,4,30.2931237760309,0.0176615939727097
"CHL-1",0.722801897463499,0.00956752751484199,1.20432916498171,13.413313419356,0.00738187954866526
"HCC1954",0.729758895642692,0.00489754190665205,1.11180624154074,19.4969617619059,0.00314003665257664
"KM12",0.628888423676661,0.00384800778949829,0.827500054131048,33.0498380219012,0.00104113366911117
"NCI-H1975",0.511574595351367,0.0155233738592087,0.897484904762127,46.6173060086354,0.000772092196320723
"NCI-H2052",0.15645134063133,NA,3.01267528309814,79.2029041257076,0.0165819002504945
"NCI-H322M",0.477337514835647,0.145456490153604,0.230433987460654,19.1960612373258,0.0177758611145937
"NCI-H596",0.48910485255797,0.0657453159389342,0.527505046587377,38.6851161610886,0.00393116480573841
"SF268",0.387534174730414,NA,0.797622092474478,57.6771701323582,0.00156645975734214
"Rh1",0.906684924301249,1.05299905807841e-06,3.99999999999925,9.33150756987506,1.00000000000199e-06
"A-673",0.837854505269118,0.00132997103348419,0.885264682432744,11.6440770421303,0.000985784839149694
"BxPC-3",0.413171215781508,0.150840834561427,1.60002343858225,49.3705521234466,0.00979557485032249
"KE-37",0.790798354137063,0.00748657236274069,2.11578315919332,9.13949317443623,0.00680532081363621
"PC-3",0.433933927783128,NA,1.79834749874959,52.9180065239618,0.0039604539845569
"SCC-15",0.429698699079699,0.170239505094508,0.888120950006203,46.8990686512647,0.00743829115513267
"UPCI-SCC-090",0.408646736512558,NA,2.51513662486491,55.0015183611826,0.00517377368615417
"PWR-1E",0.716870039732718,0.00731374773629036,1.61261303337536,18.9781050258323,0.0054398860895798
"SAT [Human HNSCC]",0.279938601249057,NA,1.90581465694279,72.0061393733381,1e-06
"SiMa",0.533120949868891,0.0133302495911948,1.62603847851468,40.7259165080183,0.00472987368864806
"TE-1",0.60533841680693,0.018188500457407,0.79732781856386,23.0559632081414,0.0083760231103232
"LOU-NH91",0.700232196951568,0.00615519671425234,1.28270204139059,22.3429907877611,0.00387931607886047
"NCI-H1092",0.316480381492026,0.164176762303193,2.4487806927191,47.8672616428649,0.0452726942788234
"NCI-H720",0.569491761705837,0.00484261702567794,2.42106849302467,41.5453003954654,0.00232415769040633
"KYSE-180",0.852835530113496,0.00231195727320773,1.08286899600667,8.83667651556387,0.00193189576716331
"LC-1/sq",0.460677298894871,0.105215874566409,0.614806578744957,41.3171520063321,0.00610125920806586
"769-P",0.477593333240873,0.0560948128547221,1.01082066560386,32.5113745192721,0.0198423028701397
"BICR 10",0.700176800021225,0.0089017803080081,1.04140434676866,17.2330389657188,0.00593253084063886
"CAL-39",0.874094688716507,0.000847950073281908,0.691909546473993,6.61510804680811,0.000690710090342398
"HT-1197",0.206069866257668,NA,1.54405394641523,77.3157710156478,0.00416058202298847
"KLE",0.163575135532305,NA,4,73.1473203741904,0.044646318900343
"L-428",0.476321798055391,0.036531582940308,1.48136010015779,37.9766677296878,0.0139587419287778
"SNU-5",0.668019304296023,0.0123856579335286,1.76650037910233,18.8860747562137,0.00946881707723338
"PaTu 8988t",0.516546052367999,0.0325855322190313,1.05520610791917,33.5891207730035,0.0113370492316284
"PFSK-1",0.644381040068541,0.0075989055386129,1.19368664463648,28.2465941682757,0.00378403997119278
"RPMI-7951",0.736296718081948,0.00578668900943646,0.925831603395137,15.6264413268789,0.00386053138942587
"SK-GT-2",0.748312749724234,0.0022142821176295,0.782118524317232,19.3060483852952,0.0011865339190321
"SNU-182",0.360878989638493,NA,0.972466846841766,60.2114862154075,0.00260021952244532
"SUP-HD1",0.39444770863696,NA,4,50.5047969686256,0.012192187327614
"22Rv1",0.482895262798315,0.0379020039958615,1.049879541693,43.8850759571104,0.00512200096872345
"8305C",0.578590263136152,0.0133341719457785,0.756357368879962,33.0113863198878,0.00319990638570422
"ACHN",0.372937566043757,NA,1.13407871571472,56.2671780162298,0.00594703810823238
"Capan-2",0.206390891787833,NA,4,79.0759467473278,0.00246770787285361
"Ca Ski",0.51971825615218,0.0168323449491975,1.14546280095435,43.0133071391084,0.00301984583137332
"FLO-1",0.851005357051491,0.00228598812438758,1.51670173232775,11.4112122569868,0.0019270545706074
"GR-ST",0.549030086677613,0.014582277713432,1.16948373607847,37.9879866077333,0.00430753801359983
"KALS-1",0.519971297935791,0.0149895901303996,1.5228562220465,42.4996569151209,0.0043129480012686
"Karpas-422",0.327713081894909,NA,4,56.9624781688309,0.0155872427338261
"Kelly",0.854297019295813,0.00383984571753167,1.02867499889768,4.02911749974677,0.00353869975170392
"KP-2",0.309040794088639,NA,4,67.7206106788609,0.00367419901344507
"KP-3",0.31038696000375,NA,2.12134220166138,60.2041926498647,0.0134630737435195
"LB771-HNC",0.466323447340167,0.0497573556787072,1.1297019083357,46.0587430158342,0.00525045298558761
"Panc 08.13",0.178998750562333,NA,4,77.2678838111217,0.0130231306128614
"SK-HEP-1",0.475425734168968,0.0343266137298157,1.36256005006848,47.1749577052492,0.00416627906608928
"SN12C",0.185590426301067,NA,0.69551728834748,74.8412219032362,0.0118666281826616
"T-47D",0.406077980137222,4.68742269196001,0.350067290192657,46.3771624266101,0.00259802077353708
"TGBC24TKB",0.6092286268955,0.015911419730558,1.31899876513919,25.0535803987102,0.00939239522340183
"TOV-112D",0.591135138239377,1e-06,0.0322006285385915,0,1e-06
"TUR",0.904121174061001,0.00348381025629552,2.74368731490419,5.33147475174523,0.00334354241134145
"U-118MG",0.467884989535619,0.0639554352801508,0.847532975822038,43.0713835502273,0.00621077493611228
"U-87MG ATCC",0.263638573844965,NA,0.324517799548387,70.5814233601256,7.55038683489871e-05
"HD-MY-Z",0.197755917931025,NA,0.655284323315433,76.2943466367836,0.00368573956704097
"NCI-H1963",0.391107059953221,NA,4,54.2783426204732,0.00811097984649421
"NCI-H209",0.557543225591102,1e-06,0.0201815156100586,0,1e-06
"NCI-H250",NA,NA,NA,NA,NA
"NUGC-4",0.30674874595217,NA,0.71996162215827,66.9777789509155,0.000924280112290011
"SBC-5",0.851287835488001,0.00212519047765864,1.04597053150692,9.22198614825165,0.00174882133427668
"SUP-B15",0.521830519527342,0.0223301442281647,0.958061923315373,40.0526671437618,0.00413934061172276
"COLO 679",0.292617833647054,NA,0.582470791548315,59.4576406878578,0.011464902041422
"HPAF-II",0.320664619982244,NA,1.70740023753889,56.8601254604821,0.0171694822902073
"NCI-H2595",0.272344127213579,NA,2.05147215281438,65.3470595684928,0.0128558408450788
"C-33 A",0.582544782172291,0.0102976290166667,0.800573076077188,34.7108153874098,0.00234404307720718
"HDQ-P1",0.363228982029538,17.982105198635,0.108255610516172,0,17.982105198635
"CPC-N",0.465369598274138,NA,1.62135967820894,53.4630306100456,1e-06
"D-263MG",0.477207087683296,NA,4,50.892615173968,0.00312961576264802
"EB2",0.559572922575892,0.00663070854797969,0.910786581395866,41.1395350362354,0.000991822954594613
"ES8",0.842151718402718,0.00197155763105206,4,15.4140307684276,0.00179800942182456
"EW-11",0.598329825802446,0.00453579886183081,2.03570594919969,38.2592276943062,0.00222605450606476
"HL-60",0.831383026927144,0.00543695568933967,3.43780888360471,9.27840969626032,0.00512182756323062
"BICR 78",0.271200590601056,NA,1.31126370117126,69.7804792310802,0.00415621600707942
"GaMG",0.626223911639596,0.0119153107710188,4,23.9798925699439,0.0101202244416756
"JHH-2",0.571022579434966,0.00944725660068055,2.20287264499259,36.8590008355639,0.00515060284970121
"CAMA-1",0.480688711539934,0.0164173872235589,2.49924519081271,46.1505272922993,0.00588493963148714
"LCLC-97TM1",0.645001312603356,0.0113806617600061,1.67118048897583,23.8440469120682,0.00772296160265603
"BFTC-905",0.758328541334787,0.00224122581793421,1.20427189543655,20.905643507145,0.00142959513965279
"CAL-62",0.662190504686275,0.00312033796739877,0.482819415073713,24.8745714494091,0.000750273551890219
"D283 Med",0.697305557981689,0.00520753864038399,0.402825506352952,9.53816264159717,0.0030791683577056
"JVM-2",0.845942002267693,0.00195492140503193,1.94450561443672,13.6407371762785,0.00165950121105637
"SNU-398",0.757024120865449,0.0028499167172246,4,23.2967978323223,0.002436298533087
"BE-13",0.647642588211967,1.52891058231439e-05,0.431560539415412,34.5887653806463,1e-06
"AMO1",0.89722182731825,1.05921524994083e-06,3.99999999999961,10.277817268175,1.00000000000104e-06
"BC-1",0.91375475854588,1.04847179188809e-06,3.99999999999955,8.62452414541191,1.0000000000012e-06
"DND-41",0.155468145219225,NA,2.11569520714361,78.7915193526673,0.0187914133225662
"DoTc2 4510",0.586688796826838,0.00889451523395137,1.41063844531108,35.8026670442621,0.0036435307780391
"DOV13",0.645780982053085,2.02771698057211e-06,1.74350553945257,35.4218971540685,1e-06
"EB3 [Human Burkitt lymphoma]",0.366384964617479,NA,0.568363567671573,58.516756362543,0.00122334492827809
"EFM-19",0.580317248711644,0.0141478699732229,4,27.9044541632895,0.0115351897342906
"GAK",0.3095066564462,NA,4,64.5715278195082,0.00713074743511273
"GCIY",NA,NA,NA,NA,NA
"HCC1419",0.0888665925288546,NA,0,82.2266814942291,0.108365094221892
"PA-1",0.761817059195886,0.00242170333002637,4,23.2507312536235,0.00207112550285488
"RS4;11",0.805175282159962,0.00562629455589025,1.03110270067222,6.71023722532939,0.00489243997642785
"ESS-1",0.764829993075729,0.00379847793030323,1.67692212817145,18.94571627054,0.0028592986686668
"EW-24",0.296344525326375,NA,1.8062349994292,70.3655462234046,1e-06
"HCC70",0.319446263931739,NA,2.25019578854068,67.6944980194585,0.00143358479674234
"SU-DHL-10",0.886025803919039,0.00243774243701439,4,10.4384789029819,0.00229913017822397
"COLO 668",0.213339789019555,NA,1.04390807455105,66.8818199032474,0.0327702233329869
"ES6",0.423273484697472,NA,4,57.4133981578591,0.00196364346306994
"EW-22",0.589436959157644,0.00364241296179589,0.761534982503609,38.2441381042163,0.000544251159706945
"GDM-1",0.637416764549985,0.00682739316037481,2.87108236598116,30.5377266480588,0.00491506757148639
"GI-1",0.658150982056869,0.0049268067020567,0.882110780011198,28.0914124891116,0.00193338192149373
"G-mel",0.544356011091783,1e-06,0.0155258549182882,0,1e-06
"NCI-H2803",0.147917079920145,NA,0.784867660074134,66.3146118822232,0.153633479717391
"NCI-H2804",0.412618509167148,NA,0.315494072789574,51.1993910460986,0.000284615589579164
"NCI-H3118",0.615430427848173,0.0175326204778075,3.19761826770565,19.7597166879504,0.014981350107028
"HEL",0.479174313555237,0.146870332223248,0.198213120526983,0,0.146870332223248
"HMV-II",0.439676230910399,2.39300666635429,0.0755506048388907,0,2.39300666635429
"HO-1-N-1",0.82787083942993,0.00239464771330295,1.1279991673167,11.9816744093348,0.00187830222660411
"Lu-135",0.420891645168532,NA,2.61209864214466,56.2101813334858,0.00301893912819917
"HARA [Human squamous cell lung carcinoma]",0.823708614826367,0.00237493663575712,2.42456394526299,15.9935719119465,0.00202583923263564
"CAL-72",0.396879532620259,NA,0.376733763203299,52.7841294822796,0.000704338422568269
"CML-T1",0.82612409088079,0.00434474297525861,2.20765782817743,11.5396589551903,0.00385784866835447
"CCRF-CEM",0.868955782728949,0.00486292077784139,4,6.52567875169831,0.00469583572984835
"D-392MG",0.260819785639009,NA,1.65914565648253,72.3962488456218,0.00278087407412381
"DoHH2",0.950903951935815,1.0261751432695e-06,3.99999999999985,4.9096048064184,1.00000000000041e-06
"DSH1",0.371733519109212,NA,2.28799691310322,62.8266480630589,1e-06
"EFO-21",0.249658839534336,NA,0.46309277532994,69.4243960315101,0.00217585388992676
"EMC-BAC-2",0.769307495705768,0.0038898103423662,1.15733922157413,16.2975443865816,0.00276636319551387
"EN",0.227440205072262,NA,0,54.5119589855477,1e-06
"EoL-1",0.939064448522882,0.00258489492493131,2.1643651605702,2.69932200227803,0.0025194559525836
"NCI-H2810",0.326078176614886,NA,3.29637084393236,66.6364174744634,0.00266410922485057
"NCI-H2818",0.427877656829098,NA,1.30449786198652,55.3704913614836,0.00162878526814993
"NCI-H2869",0.300740067300212,NA,3.06547203206401,69.171342746468,0.00264572022307931
"HAL-01",0.671857852656231,0.0233110765261781,2.47543560434992,5.28811402917183,0.0222818284415107
"HCC44",0.615306050165902,0.00571228255787316,3.12541582102542,34.9112252588865,0.00389341506008125
"IM-9",0.947386678346453,1.02818612529834e-06,3.99999999999937,5.26133216535467,1.00000000000167e-06
"NOMO-1",0.7741333584858,0.00499296070684312,3.44731981887879,17.1275341520185,0.0044210310038559
"OCI-AML-2",0.840949114807503,0.00671677113934835,3.34149070253631,4.9521186336068,0.0065103604456871
"Ramos.2G6.4C10",0.844834205172761,0.00798193391788169,4,1.63363083152398,0.00791592185901777
"Reh",0.85590625857638,0.00537639390421602,3.30523663413193,6.44679810990752,0.00515647861592218
"VM-CUB-1",0.688525037946375,0.00190954956339032,0.871854736944243,28.0604711186996,0.000742347385388166
"DMS 114",0.447348190412936,NA,1.56059806102875,50.8287938222615,0.00412883492689694
"DMS 273",0.704988996536261,1.76809506025484e-06,1.56456636443594,29.5010766909821,1e-06
"NCI-H1793",0.411116523841699,NA,1.82779186616255,53.1756359509896,0.00610974019330147
"NCI-H2795",0.573423494444092,0.010405753143968,1.44467163070649,36.5196821984144,0.00419977074013711
"KTCTL-195",0.468122161810803,NA,0.915162810665239,52.1305936350274,0.000377980891393581
"Calu-3",0.200836420090325,NA,4,71.7738171017495,0.0220125705053955
"COR-L105",0.26479669666007,NA,4,72.5708093652932,0.00337709223591519
"TGW",0.736280499647868,0.0067841327976322,0.843105473099142,12.8651370322886,0.0047672219925375
"H4",0.859248359122322,0.00345974951842101,1.0380575573966,4.49349083160888,0.00315971224574867
"HCC38",0.532369184278622,0.0187919397332956,1.31051093541376,37.7439939095404,0.00642732724194538
"SW13",NA,NA,NA,NA,NA
"SW900",0.485518344007481,0.0197500598888079,1.85766077795351,47.8501800262537,0.00363018963625946
"NCI-H23",0.562974215514387,0.0144633208419145,3.1549041734249,31.0002052546324,0.010643191309217
"PL18 [Human pancreatic adenocarcinoma]",0.353644802795559,NA,1.45067877636732,59.3183528990932,0.00596066446862425
"COLO 680N",0.313020762170946,NA,4,64.8515085768538,0.0063126587768764
"DU145",0.572084465909271,0.0100421512423392,4,33.8822622906352,0.00756676554817643
"EKVX",0.231610495824822,NA,0.935057454701362,69.2493472306603,0.0130581455166396
"NCI-H2461",0.373823030519045,NA,4,62.1743102158074,0.00236045364234544
"HCC1937",0.00749372974071124,4.33183794446717,4,0,4.33183794446717
"HOS",0.793405302765462,0.00225227094994598,0.964882029516868,15.2955105259945,0.00154263945487995
"K5",0.655323490993002,0.00551471331986933,0.897289277705624,27.8856228190555,0.00222163264971262
"KP-4",0.687787953751545,0.00294805681137678,4,30.4395895084925,0.00233151298495729
"KS-1 [Human glioblastoma]",0.518706614237832,0.0148254443390114,0.0568276387910042,21.0304676643419,1e-06
"LC4-1",0.647881077842343,0.0133208063956816,2.47494912878479,20.2293185823137,0.0108030486395151
"Lu-65",0.567708099381983,0.0100679149394483,1.17523635796184,37.9260957055253,0.00300493248328633
"MG-63",0.610342341099012,0.00585935454776893,1.51679284762194,35.298251202138,0.00261440447424121
"SJNB-7",0.241828198632377,NA,1.73909265184723,71.7766794784483,0.0072031269605252
"NCI-H810",0.375290583223693,NA,1.3281811386463,62.4708432296865,1e-06
"OPM-2",0.714710584006812,0.0134305084842736,3.45818418535698,9.74174070181005,0.0126147109184757
"PSN1",0.371943494183784,0.463658145516269,1.27495884174897,49.226331926997,0.0176286259968767
"SH-4",0.275135588514796,NA,1.00900529561516,70.2266780100961,0.00210273660267366
"TK-10",0.383206332830071,NA,1.04914480955189,55.1482639167153,0.0054687508652776
"YH-13",0.873739599817347,0.00243567281692454,1.08613525466008,5.96590663982489,0.00216677638155258
"HH [Human lymphoma]",0.0609431226118123,NA,4,80.4095990637235,0.349906946737821
"TC-YIK",0.746891616038891,0.00119804030502016,0.817626182713166,22.099253538668,0.000586956457909027
"TE-9",0.650657563975501,0.00431604543560121,1.59611847667503,31.8447606696842,0.00228790127889833
"SNG-M",0.7767413448733,0.00609259551306791,2.87044372329936,14.2626370592168,0.00541991227356884
"KNS-62",0.211964556949232,NA,1.07319892294161,78.4964643049648,0.000389471011097097
"ECC10",0.444854941075447,Inf,0,11.0290117849105,1e-06
"EFO-27",0.294539636056324,NA,1.16998673435789,69.2028972160966,0.00143795251647378
"NCI-H3255",0.318247532377635,NA,2.34712303824771,68.1752461249283,5.16261329568386e-06
"KATO III",0.406513735919567,NA,4,53.647113483467,0.00696045571809422
"NCI-H1666",0.503819373118824,0.02166777311686,1.08097028226944,45.4317697818168,0.0023682927111657
"Rh41",0.72878766199943,0.00659328392901463,1.05003429425032,16.4151191462259,0.00451347228842069
"RT-112",0.872977104557718,0.00305744254441613,1.72557994277319,7.86382567653385,0.00276880060191979
"SHP-77",0.73035045514543,0.00805968373534636,1.77151281488894,16.0536201323383,0.00647715286859629
"ST486",0.89615073056436,0.00226721769302077,1.76701741147511,7.19389918111136,0.00207641158387346
"SW684",0.202958162097668,190450963933106656,0.0480418499766591,35.6428461830829,1e+06
"WM115",0.387319167452437,0.975812724198348,0.204768862958239,0,0.975812724198348
"HLE",0.731947020278538,0.00466072101479901,1.52759550249715,21.1561415487692,0.00325126703874358
"NCI-H2731",0.308374109402628,NA,0.352413925147982,50.5283076961093,0.0192005638947459
"RPMI-8226",0.926352065283198,1.0406397437844e-06,3.99999999999934,7.3647934716802,1.00000000000174e-06
"HA7-RCC",0.157881486603941,NA,4,82.7911103528943,0.00516777910022754
"SW1088",0.470620471304019,Inf,0,5.8759057391963,1e-06
"COLO 684",0.381283934593522,NA,1.07895141360048,58.4025602298851,0.00261751968935661
"GMS-10",0.558554803365503,0.00959220179225203,0.103761051487677,0,0.00959220179225203
"COR-L311",0.264992498503603,NA,4,72.8925167044171,0.00288950575530716
"U266B1",0.795161453808574,0.00520178334051232,4,14.2516118658149,0.00478325874854319
"HDLM-2",0.554339613861605,0.0222872285104368,3.70764860588451,24.7148484338486,0.0185435521666467
"ES5",0.656727880066049,0.00323761422976995,1.37282953452596,31.9030187522567,0.00154427877655898
"EW-7",0.420269967665203,NA,1.07527812961939,54.3796258135957,0.00242736385195169
"Farage",0.814707029138692,0.00334298557155715,2.12442706379716,14.8550941969961,0.00283181205238784
"IHH-4",0.726823533845081,0.00366376104629841,2.06627456772657,24.2669444846557,0.00265652685425469
"KYSE-270",0.503608109684739,0.0111617202872634,2.79011884646452,45.2228379785046,0.00481090719463857
"MDA-MB-436",0.289923203575112,NA,2.40256966990869,68.8583314083688,0.00412267106385423
"MN-60",0.324384884143785,NA,2.49486917728263,62.4634934489891,0.00736445109284718
"MS-1 [Human lung carcinoma]",0.462094052342707,NA,0.922728773008552,52.5745770275072,0.000462067560527132
"SJNB-10",0.638961603809123,0.0037990967218563,2.0131232534806,34.1547079845802,0.00214670393812507
"OVMIU",0.405213692264953,NA,1.30747251084493,55.7631340069293,0.00330775279151997
"PF-382",0.428296958595367,NA,1.2028944909882,54.4569414544117,0.00207329638250182
"SBC-3",0.751510721467791,0.00312427106166665,2.07570352471215,22.2942796316041,0.00235084531262756
"SUP-T1",0.651926325930742,0.00722590394253304,0.60031020512552,23.0164541359407,0.00258625439575815
"SW1710",0.542350155610574,0.0244148073080545,0.403412702940882,32.5382960217866,0.0017993160351888
"UACC-62",0.502709719332106,0.0180372685032945,1.86807612240329,42.0419920450161,0.00674379951776587
"HA7-RCC.1",0.287560724379996,NA,1.55050453712614,68.5263663274641,0.00393422560328352
"G-292 clone A141B1",0.16716324112797,NA,1.780381003699,78.1125975823607,0.0148717410720463
"HLE.1",0.673098071609354,0.00569200577750341,1.21079008703343,26.5181052690375,0.00304910379107038
"ST486.1",0.817087107967237,0.00215414786522072,1.66591274533036,15.8689726550589,0.0017129240170602
"CAL-54",0.421320930326435,6.34105239760934,0.0759524225759133,0,6.34105239760934
"CAL-85-1",0.499183252812366,0.0334700176102722,0.81720104138446,43.6284707896486,0.00269022804578965
"Capan-1",0.426640078318019,0.0528368158993052,2.8632387442598,49.7444047150745,0.00836850911808847
"HCC1569",0.256220153296931,NA,1.66453420418089,74.377981040831,1e-06
"IGR-37",0.559200645045369,0.0092570131262294,1.43716762878313,39.7813214564287,0.00306658781469764
"MKN1",0.56807120342101,0.00685659275532925,1.57953324597212,40.2167444931279,0.00244099339475315
"ML-2",0.926496465942086,0.00209395416479224,1.62053853501078,3.77469414671335,0.00199494452784176
"MS751",0.65728095631343,0.00779181862214864,2.49032345294363,26.6023367975582,0.00574390481778328
"OV-90",0.105348919481786,NA,0,78.9302161036428,0.00790972388426534
"OE33",0.514345077514403,0.00589825654763639,0.0223697304708161,6.78231942355969,8.72217473761303e-06
"SCC-4",0.678636925532515,0.00357106434401105,0.851509970565066,26.7966731734848,0.00144955512569169
"TE-8",0.731077107656163,0.00349668653241174,1.74646141478429,23.566815489352,0.00242746538797263
"VCaP",0.63159236672566,0.00550520356445631,1.18280025367669,32.330510402902,0.00228477871529058
"HCC366",0.506440298934026,0.0219296313738072,1.02012903876213,44.7864135910935,0.00239095442700742
"Hep 3B2.1-7",0.29890000741331,NA,2.32319456249794,68.8969504300724,0.00282668824607012
"JVM-3",0.873988681409839,1.07529564381344e-06,3.99999999999955,12.6011318590161,1.0000000000012e-06
"KYSE-140",NA,NA,NA,NA,NA
"KYSE-220",0.535283375840659,1e-06,0.0123371332784983,0,1e-06
"M059J",0.621571879683541,0.00366696488884839,1.10145777717661,35.1614402320222,0.00121709626218693
"MLMA",0.862416053974838,0.00380966862177846,2.42211027115128,8.83900894691426,0.00351565943759167
"MPP 89",0.228680252978965,NA,1.51840179274629,63.4018946734332,0.039582113167841
"Namalwa",0.872516121875382,0.00242494830159638,1.48462992709761,8.53293548135806,0.00213778381311767
"NB69",0.766901385102799,0.00143644270367849,0.368099554940402,6.44216040633619,0.000987530715893073
"NCI-H1915",0.571478269448815,2.45755393383419e-06,0.0272783931050705,0,2.45755393383419e-06
"NCI-H358",0.576054396474967,0.00781263713669052,1.56798948407705,38.3130820917134,0.00309171379254559
"OCUB-M",0.679768022517819,0.00459974396391989,1.53260383760186,27.8156719424271,0.00270680178927438
"OCUM-1",0.229441566514186,NA,1.43876124765445,77.0558204251128,1e-06
"ONS-76",0.522629616215772,0.0062940158204368,2.00391451924526,46.7743038285746,0.00160293971937271
"QGP-1",0.438389778882779,NA,1.47132908123367,56.1609891125973,1e-06
"SAS",0.393125333104019,64693132473435.6,0.0191372868336006,29.1145455822374,1e-06
"SNU-423",0.511945232226437,0.0121662753846329,1.86318578509767,45.3264727637018,0.00340959833540691
"SW982",0.719257891688839,0.00471615673300492,1.2733613582689,21.9321644057484,0.0029968139267562
"TE-5",0.468402666124788,0.150359594512476,1.01338439167017,49.3406783051176,0.00209936108874885
"IST-SL2",0.382816435002633,NA,4,50.8246613212438,0.0138561755999062
"A-375.8",0.461382920943899,Inf,0,7.72341581122018,1e-06
"A-375.9",0.53208267892642,1e-06,0.0112144511545502,0,1e-06
"C32 [Human melanoma].8",0.221497909347685,NA,0.821524750471656,77.844801199832,1e-06
"C32 [Human melanoma].9",0.186614397664238,NA,1.87956036369228,79.7661316676195,0.00403347366796826
"C32 [Human melanoma].10",0.254360815162762,NA,1.27813749737722,73.7184565541374,0.00125630561358228
"HCT 15.4",0.567576890606687,0.0268788515593586,0.901913553110812,24.8069422281213,0.0125703332131311
"HCT 15.5",0.570123925405818,0.0160814069896989,1.81387851578312,30.8215666518322,0.00948188631592985
"HCT 15.6",0.496679593181735,0.0211950572928871,3.37886912200409,35.4790038749303,0.0146998700562178
"HT-29.7",0.643964411640092,0.00207211817009249,4,35.4540846707325,0.00152179895567543
"HT-29.8",0.63610865455014,0.00286382913516381,4,35.9019849363158,0.00208686374697074
"HT-29.9",0.609315871741889,0.00292508273961693,4,38.6550367909003,0.00201881455422464
"MFM-223.7",0.335483147835345,NA,1.60632177625361,64.3745502528846,0.00282974430107013
"MFM-223.8",0.308279987050434,NA,2.40607685887651,68.8893800539377,0.00141217992940482
"MFM-223.9",0.361936556117251,NA,3.15129782183218,63.2751778685758,0.00218944047584822
"MHH-ES-1.7",0.588137650300376,0.00956447572335324,0.946528448248893,34.7041726457399,0.00273655811732605
"MHH-ES-1.8",0.647373223693896,0.00435744738470846,0.710660810481335,29.0096274596367,0.00128472605704157
"MHH-ES-1.9",0.627871249908657,0.00798318044206062,0.780171070730342,28.6656582656061,0.0026795447228422
"PC-14.8",0.683465569612513,0.00377981853618942,1.45224867795987,28.2574804052667,0.00213027845059395
"PC-14.9",0.677614072837508,0.00698277612688978,1.8070817072618,25.0896959559556,0.00474876639124835
"PC-14.10",0.66093807277777,0.00878147443729728,0.815348284162351,22.309539628951,0.00425408788353213
"SNU-C2B.7",0.345164054680194,NA,3.58555065613771,52.4256268149074,0.019979124076412
"SNU-C2B.8",0.45666973098381,0.0700543279814751,0.939829887376116,36.8619398379109,0.0168979944541391
"SNU-C2B.9",0.492662385712815,0.0393487038085196,0.9694391574207,38.6644147484326,0.00851306938778569
"SW620.8",0.423156091798706,2276410.07043636,0.0264011603805254,26.4102003681059,1e-06
"SW620.9",0.36311903070118,NA,1.73953060083738,63.6880940619798,1.03530373022538e-06
"SW620.10",0.398446410180342,Inf,0,20.3107179639316,1e-06
"U2OS.7",0.462221228572978,0.0567579585920923,1.32418679790694,48.3554255673239,0.00430682494088497
"U2OS.8",0.530408290317287,0.0252021153507414,0.730471528026131,37.1321128709555,0.0039307461711459
"U2OS.9",0.501443352654521,0.0290956121244736,0.984708029084645,42.2810671202712,0.00436328888472303
"MEG-01",0.663551705491034,0.0018376494870667,1.77665003347767,32.9145916979343,0.00100410078617314
"NCI-H2227",0.333213888134184,NA,2.07257516616547,66.6786110420911,1e-06
"DMS 79",0.154216824026017,NA,0.01035083483629,69.7607980709689,0.00199645866230428
"HCC1500",0.122579236503614,NA,4,84.4985291176236,0.0127259570495045
"Karpas-299",0.719266519823553,0.00325322162989976,2.14259346372362,25.7949181705007,0.0023188141789084
"Loucy",0.816527385122526,0.00299868695175733,2.18056655374779,15.3978830662053,0.00253289124916155
"ME-1 [Human leukemia]",0.316653424508844,NA,0.715469218056064,62.3140785081649,0.00397013939930009
"MFE-280",0.322349706185084,NA,1.28655170897947,59.2701332902304,0.0111114059526
"SK-MES-1",0.475358470353531,0.0208057977152929,2.17369887847962,48.151614839005,0.0045637074691649
"SW626",0.438501345439922,NA,1.31526384607352,53.9126033512221,0.00191674859873879
"NCI-H2023",0.486523401040906,0.166470669098048,0.0968228671353156,0,0.166470669098048
"SCC-9",0.55784722470677,0.00805058248110114,1.62403486453816,40.7862418843136,0.00284143840927521
"OCUM-1.1",0.335851291458323,NA,1.98702570111228,66.4148705528287,1e-06
"KU-19-19",0.564645069014279,1e-06,0.0227012738573796,0,1e-06
"SNU-449",0.161721896156563,NA,0.610781824614557,62.7811992501479,0.169403594117141
"KYSE-450",0.57706703807488,1e-06,0.0271340765538503,0,1e-06
"WM1552C",0.601604091759385,0.00852263065578964,1.25643565621891,33.8291220228003,0.00347051077646942
"KYM-1",0.797488463911245,0.00285486199198875,4,19.050414597464,0.00253224852311715
"T98G",0.705896577298217,0.00419454852097805,1.16309046611573,24.0322693732798,0.00238807149328861
"MCF-7",0.353516855067726,NA,1.04228973048054,59.4882889804662,0.00444181082109339
"SU-DHL-6",0.915769005002055,0.00254207780599446,2.03416725849159,5.07785918238723,0.00241170765776345
"K-562",0.523967748609466,0.0111159474557344,2.3303849073744,42.5034855398648,0.00492390152992796
"KP-N-YN",0.272338382818658,NA,1.69817434153046,72.766158829634,1e-06
"KYAE-1",0,NA,0.720276975867471,100,0.221877351922638
"H9",0.695505900903833,0.00445158529051755,1.70273188734685,26.3464035883718,0.00286815215371434
"JHU-022",0.267057432772022,NA,1.65741641861671,73.1572606098111,0.000550662010435706
"Karpas-1106P",0.415821684701283,NA,3.62146105994094,57.1024378742019,0.00312219506777804
"Kuramochi",0.30305249495481,NA,0.856623802642506,64.5805829065401,0.00429185676691614
"KYSE-70",0.104276529645183,NA,4,88.6728900073315,0.00504337783612006
"LB831-BLC",0.368259409180443,Inf,0,26.3481181639114,1e-06
"Lu-165",0.00744766545529542,4.3392346316057,4,0,4.3392346316057
"MDA-MB-361",0.706135029047634,0.00444151367711117,1.42302322055203,24.4927383528157,0.00276769939261304
"SK-MEL-24",0.398912664879316,NA,1.00696317348478,54.4242444503562,0.00414521869443142
"SK-UT-1",0.40806467401333,NA,1.06226300273332,52.1045898324491,0.00567225263129339
"VL51",0.568734355480883,0.00668131623259877,1.29924494031905,40.1832798810963,0.00190852146658613
"U-698-M",0.943496845788513,0.00244513414792966,2.25366142458917,2.73081513377281,0.0023849510129271
"Mo",0.199097219179922,NA,4,75.2558726492424,0.0115595387117102
"IST-Mes1",0.243155103932197,NA,4,75.4121657629963,0.00232176204946297
"KYSE-510",0.738723093923198,0.00206550218988349,4,25.8517370612915,0.00172188694250919
"LCLC-103H",0.587903208298559,1e-06,0.0310318295406814,0,1e-06
"LOX-IMVI",0.485275735344439,Inf,0,2.94485293111212,1e-06
"MDA-MB-453",0.403509845170676,0.703340701823997,0.202952009405116,0,0.703340701823997
"NCI-H1651",0.8099196219476,0.00265662611606244,0.983523283799316,12.4364593566017,0.00198630623060944
"NCI-H82",0.681399275210992,0.000541438409174987,0.24580221397091,18.9981563235659,7.74531061125449e-05
"OVCAR-5",0.493335470525026,0.00988930225069651,4,49.7045807236874,0.00274178159644799
"SKG-IIIa",0.280001368047564,NA,0.569282208822532,66.1174333395,0.00310075078017928
"SK-LMS-1",0.724933885083089,0.00205363460378676,0.761715111561055,22.4447460020424,0.000939309645387487
"SK-N-AS",0.52284331795675,0.0382429878450259,0.302035854540363,31.8971575595526,0.00132349153647634
"SNU-387",0.617908332161468,0.00473849496563117,1.81346078153427,35.6074660645107,0.00238455878900084
"VMRC-LCD",0.471129211035518,NA,4,52.1092882696102,0.002603831009093
"NCI-H226",0.132199193304524,NA,0.774048972147337,85.5526644056556,0.00148269322490981
"MDA-MB-415",0.470367027612428,NA,4,51.4025261943581,0.00328157295487939
"NCI-H520",0.512499187582816,0.0239660299703407,1.20621550869996,39.5192968832097,0.0065618604187096
"L-540",0.723075338600056,0.00527180323068987,0.65424768098806,14.5704785600255,0.00311381208807779
"SU-DHL-5",0.958659472143603,1.08564712375272e-06,1.0493960897207,4.13108823266611,1e-06
"MKN45",0.495443626482946,0.0364952148323608,0.793309322984437,45.17392126608,0.00191563152475674
"BICR 22",0.831964358067498,0.00143403284489859,4,16.7007269323747,0.00129546381157725
"NALM-6",0.750760358094227,0.00299216976731526,1.21468023135661,20.553893677038,0.00193501184785227
"SJNB-14",NA,NA,NA,NA,NA
"NCI-H1792",0.833504788558001,0.00277884114697784,2.0087987420245,13.635472584906,0.00237148596845133
"MIA PaCa-2",0.523756743149516,0.0178749217699872,0.903929669019046,42.4237474139292,0.00221630667965715
"HuCC-T1",0.327123559980138,NA,0.416485292773577,54.0277386341644,0.00774933260033142
"L-1236",0.385022167086484,NA,2.12456966980098,56.0783304237442,0.00647122683520599
"MDA-MB-157",0.418789975652094,0.0277892500548028,4,44.9478850314461,0.0156676056475634
"MDA-MB-330",0.469393037302238,0.0389084989944055,1.443645658263,47.9326772152885,0.00428217163351719
"SJNB-13",0.886879625606489,1.06622420224148e-06,3.99999999999963,11.3120374393511,1.00000000000097e-06
"NCI-H1299",0.507002706667464,0.039725254857617,0.645245998317254,38.5181100571082,0.00406269239874986
"NCI-H1581",0.81150610793475,0.00258685272214527,0.909541062370466,11.6568876324016,0.00193207312303718
"NCI-H524",NA,NA,NA,NA,NA
"NCI-N87",0.485104101947212,0.0407553165747055,0.9925751251326,47.182469188981,0.00224770412691287
"RXF 393L",0.504693920804825,0.0199387983768835,1.05228760183007,46.4282256727127,0.00162390785283917
"SK-LU-1",0.285488936731788,NA,0.947508265302782,71.2528084199338,0.000117084758622394
"TOV-21G",0.548269637932966,0.00663401978308739,0.927426340318338,42.8469032259097,0.000815113898814889
"NCI-H28",0.358192968492752,NA,1.03268866705759,61.1911331339789,0.00222296658100519
"NCI-H2087",0.32380236195594,NA,4,60.0577044144258,0.011084043850983
"A4/Fukuda",0.914412151338884,0.00129808074633022,1.40610289206115,6.25824043527073,0.00118032198142889
"CHSA8926",0.231353021700889,NA,4,75.9383501979296,0.00352263930594368
"JHH-7",0.491738345297825,0.0512199167718936,0.627830486042868,43.9577648590496,0.00176857423984638
"KINGS-1",0.217268709686273,NA,1.14810853873941,77.5671502025446,0.00100153415573803
"LK-2",0.8753690594146,0.00154727596095139,1.25703254704658,9.29854482679634,0.00131364999464854
"MKN28",0.439967660119254,NA,1.7416138204211,50.9764226767438,0.00500146729236687
"NCI-H1355",0.520373551179259,0.0111766519449098,2.19877608224661,43.452629602132,0.00443372496930285
"NCI-H1993",0.498113681126844,0.0268167892139452,1.16436054582086,42.6257495132731,0.00518195680181909
"NCI-H441",0.26628996617928,NA,1.44499536477456,71.1423070098541,0.00332960444981946
"Panc 10.05",0.358718866496723,NA,0.771769864578204,57.0879037079259,0.00470326276744947
"WRO",0.258722576261218,NA,0.429951721479373,63.9156678828614,0.00765086176787105
"VAL",0.625742277718483,0.0106853722481945,4,25.663918584085,0.00892503273501738
"HT-29.10",0.73548861918577,0.00223972292903062,4,26.0811701272215,0.00186267367797452
"MFM-223.10",0.381806171488043,NA,1.7420638208882,58.923616050781,0.00354405685236701
"MFM-223.11",0.390151279995931,NA,1.33151839845582,59.0923906852247,0.0018643390222513
"MFM-223.12",0.384479843676491,NA,3.39973737421605,60.0039599166715,0.00336953039565181
"MHH-ES-1.10",0.537389930574943,0.0162254281435897,1.27859790755782,38.7906252111283,0.0050385430591757
"MHH-ES-1.11",0.525459485144027,0.0208048133501606,1.33568008903374,37.6064715928069,0.00732201802996165
"MHH-ES-1.12",0.48996333530064,0.0563675080984553,0.61693211742516,40.1089164988871,0.00407701527481529
"PC-14.11",0.754996234531835,0.00418801576414102,1.7863376624408,19.6708593708799,0.00316569588882785
"PC-14.12",0.750423235681912,0.0045465604224961,1.91734480612936,19.8143913426494,0.00349440960855218
"PC-14.13",0.716638085265857,0.00524740674838103,2.46947935590976,23.199565656902,0.00407637922247263
"SNU-C2B.10",0.483910640430118,0.0491534999164247,0.875815835261189,38.3527593762545,0.00931298026564227
"SNU-C2B.11",0.451316336014727,0.0368916964870912,1.7543866392521,46.6450157351041,0.00790969176205026
"SNU-C2B.12",0.459270317285586,0.0758769379646384,0.817184188990579,40.7864043190158,0.00957726775820371
"SW620.11",0.468939822226349,NA,1.47692807404305,50.4971890756783,0.00238483795065861
"SW620.12",0.442692076889721,Inf,0,11.4615846220559,1e-06
"SW620.13",0.512890855947826,0.00752979956382545,2.23166284267489,47.652819180815,0.0019121488571461
"U2OS.10",0.459101081912187,NA,0.990200275688642,50.3404527029262,0.00202486461671466
"U2OS.11",0.464712023113752,NA,0.975888562009841,50.097077396981,0.00175044364519212
"U2OS.12",0.527513049925208,0.0151332781308992,1.14884207332501,42.2002936614402,0.00300317623286234
"A-375.10",0.766425015173662,0.00199240505735257,1.4119908226338,21.085345501125,0.00135184256791528
"A-375.11",0.728394591718051,0.00228803715411188,4,26.7744161145185,0.00188891420052203
"A-375.12",0.751899842602026,0.00204560045167176,1.61717455051738,23.0568072268747,0.00139565329022381
"A-549.5",0.772443971296155,0.00163038959229323,1.3316460624847,20.7694310169721,0.00108948260019946
"A-549.6",0.788844579217695,0.00124370963942605,1.02465894879707,18.4983629901359,0.000792338117775797
"A-549.7",0.774364906775126,0.00130034754509258,1.64497839862685,21.6401831146045,0.000921194523346942
"C32 [Human melanoma].11",0.29679319975879,NA,0.986552049811526,65.7899982445439,0.00443455411756206
"C32 [Human melanoma].12",0.268007811437183,NA,4,64.6587465715469,0.0159268476336413
"C32 [Human melanoma].13",0.301281555460401,NA,4,62.5967551183044,0.0114898338276678
"HCT 15.7",0.7072095258936,0.00667331790677906,1.08097691972807,19.7096211273018,0.0041974159860395
"HCT 15.8",0.636822554810312,0.0145461054778001,1.04588848564208,21.2330155600852,0.0085744133491649
"HT-29.11",0.779038506742663,0.00185231105598169,1.98314120754405,20.9332507876762,0.00140904815859728
"HT-29.12",0.739791751232529,0.00262909633160766,4,25.3318118057036,0.00220342519660066
"Karpas-620",0.77034051568943,0.00375195338914451,3.64335475343903,20.2718675566666,0.00325297656158833
"MDA-MB-468",0.751096419254871,0.00248648549718992,4,24.2963456342677,0.00210543649973353
"NCI-H2085",0.39033372778217,NA,1.16460400025361,58.4507785163378,0.00201280268840375
"NY",0.882684049941063,0.00270061481422874,4,10.3747507288097,0.0025480805122842
"OCI-AML-3",0.888134104854151,0.00356686832217165,3.04546792915729,7.24185727555421,0.00338824534097673
"SF539",0.691510422020775,0.00693018806473793,1.22899366607784,22.2803287357207,0.00428841183194559
"SK-MEL-2",0,NA,1,100,0.0300105387758323
"SK-PN-DW",0.679819691124252,3.11691348054351e-06,2.22450838583298,32.0180305206108,1.96820535795384e-06
"Hs 578T",0.853321954452793,0.0031146420110626,4,12.6985264570344,0.00289465715617792
"NCI-H727",0.101488994098,NA,0,79.7022011804,0.000572504662607683
"RCM-1 [Human rectum adenocarcinoma]",0.125734857008671,NA,0.0390464709023018,75.9683344471751,0.00876076910727333
"SW1271",0.4265031720382,NA,2.2297469631876,51.4191309814265,0.00647598820596193
"NCI-H3122",0.668125072370318,0.00368977283382644,4,31.6845411998444,0.0028705266186539
"LAMA-84",0.690193168989336,0.00411529364559941,0.768462876318845,23.6324062127382,0.00178965975430977
"NCI-H526",0.777878609581634,0.00446332946731265,0.862416952825549,11.2689812111109,0.00331935729799707
"HSC-2",0.699846352281101,0.00302096645697447,4,29.0994590898275,0.0024290853992063
"NCI-H2029",0.31772142039554,NA,1.30484860226349,57.5109461187945,0.01578341574604
"NCI-H650",0.232095311610939,NA,3.42309044475649,75.9138513195984,0.00328678943299095
"NCI-H1755",0.392548349869685,Inf,0,21.4903300260631,1e-06
"L-363",0.796628581629112,0.00952346152724598,2.71520323274775,4.65885763321214,0.00918650884719443
"NCI-H522",0.665284978775355,0.00755768654186398,1.43232860276356,25.6644388871555,0.00457144033038394
"KMS-12-BM",0.88389997019563,0.00390568430471084,1.97796816199416,5.23465166671697,0.00369330892376698
"SK-OV-3",0.371387723004694,NA,1.09415077512334,59.7717812147858,0.00241282675674886
"MOLT-4",0.00474460308641444,NA,4,98.3464211199109,0.413464312784848
"MOLT-4.1",0.0246065847587622,NA,4,94.626502475689,0.126897058587101
"NCI-H1435",0.0593797042161267,NA,0,88.1240591567747,0.00665969225330103
"NCI-H1869",0.312536214005449,NA,0.667424606135044,66.0932784284849,0.000879236672746876
"NCI-H211",0.608746431368233,0.00277809316598463,4,38.7878519312387,0.00191172980517262
"NCI-H211.1",0.610518102289599,0.00284927585343717,4,38.5696160689342,0.00197018587458035
"SaOS-2",0.633596561554893,0.00513181385919154,1.85858487558823,33.2898374254962,0.00284556038149273
"WIL2 NS",0.747307942512876,0.00515366647898339,1.77637957769155,18.8881504068196,0.00394571067101259
"WIL2 NS.1",0.722767523659668,0.00514721785280437,1.58744847478886,21.6688480116735,0.0035988379879456
"SNU-C5.1",0.646764985450205,0.00620804349583385,0.841111456685848,27.9923804013273,0.00234009419668499
"HT115.1",0.599609258879126,0.0234321040628381,1.43800826579265,19.3724262822421,0.0166643701739383
"LS513.1",0.5537674629416,0.0201035905285535,1.30408104148851,32.0815761470515,0.00915215241974413
"GP5d.1",0.904439744291124,0.00263682747271527,1.7395673700147,5.31264519619598,0.0024719357636447
"HCC2998.1",0.760021619266131,0.000951349539625115,1.05686344859552,22.3845377739324,0.000542492876468264
"SNU-C1.1",0.258770948204361,NA,1.05387356531803,60.0708744533701,0.0318895043042613
"CTV-1",0.894722231852718,0.00271687678715619,1.99285129378037,6.9135470332031,0.00252138633184691
"WSU-NHL",0.892821202038629,0.00203457705506843,1.38101779927167,6.7139235927629,0.00183286079777771
"RPMI-6666",0.80674424955717,0.00331229296897106,1.84052898734488,15.2910540385981,0.00271641843181825
"A-204.1",0.0791173940092345,NA,4,63.9173325263057,0.00275051056947531
"MES-SA.1",0.14459074278825,0.00360102349084172,3.89666765355873,38.0852923077468,0.0024921538765704
"PL4.1",0.184653730124343,0.0100083949011452,0.749390354356609,30.4289833811218,0.00286273018084301
"OS-RC-2.1",0.0773091866485816,11835.8578104954,0.14610314664842,0,11835.8578104954
"WM793.1",0.233916485789936,0.00516160458754825,0.696527168023845,23.1043025380829,0.00211919380586525
"KYSE-50.1",0.118353752432644,0.049012125887251,1.60018991413483,49.5459671777759,0.00259584213773584
"KE-37.1",0.264250877299953,0.00183514079552421,2.83707295039283,7.80139087632747,0.00172862913232542
"Jurkat.1",0.250365785769161,0.00191116662421048,1.5575106775314,33.3321637093757,0.000944022479056403
"KM-H2.1",0.134917280705134,0.00433182280949905,4,23.8329201758443,0.00368440189921887
"697.2",0.328436891794345,0.00118655898492729,4,4.6433260665059,0.00115799619159816
"8-MG-BA.2",0.259035208781905,0.0018685692786778,2.02562071435867,47.7024288548639,0.000408430839231524
"PaTu 8988t.1",0.128312504480099,0.00759832797942735,1.1499021010513,0,0.00759832797942735
"FTC-133.1",0.286777134845464,0.00241084279041335,0.725206308333072,0,0.00241084279041335
"KMRC-20.1",0.182287139761448,NA,3.28616674562811,51.5113056344128,0.000931557646533097
"NCI-H1975.1",0.300219422896363,0.00285319784200304,0.537226286914119,0,0.00285319784200304
"OVCA420.1",0.0279544827380563,NA,4,92.5035708982752,0.000951233251647708
"HCC1954.1",0.064958658083986,NA,4,65.6236926237022,0.00339352510355974
"ASH-3.1",0.170444918868792,0.0388885787978639,0.385672223416822,0,0.0388885787978639
"NCI-H1568.1",0.097241745748225,NA,0.302408137944423,63.4268267944041,0.0149693590253195
"NCI-H1563.2",0.125656671882989,NA,0,74.8686656234022,2.15660687840919e-05
"Daudi.1",0.0565329367681586,NA,4,72.7047064691678,0.002992023785161
"CTV-1.1",0.14647112011871,0.00474806702229797,2.01197644815094,17.3225234368369,0.00384331409865754
"EM-2.2",0.170045268298636,0.00266083140311986,4,45.8345796971635,0.00142951778777602
"WM278.1",0.12365738384436,NA,0.083422152509893,79.6052053270352,2.15507185799861e-06
"GI-ME-N.1",0.184679615009032,16.1771631523554,0.142210859909812,0,16.1771631523554
"EJM.1",0.128080036125251,0.00447660797495717,4,45.2555215158438,0.00248458399531054
"HT-3.1",0.0612601149355422,NA,4,71.6158007615207,0.00281685766988051
"Hs 746.T.1",0.153136314033455,NA,4,67.3010835146389,0.000492096773835484
"EW-18.1",0.22846955294856,0.00165366111853325,4,29.8691590140465,0.00131725390204513
"RPMI-7951.1",0.212806867163208,0.00166100225846683,4,38.2473493488838,0.00115654271832129
"CA46.1",0.117545920665403,0.00488195101246908,4,42.0838958453836,0.003079489949717
"RCC10RGB.1",0.156993276857208,29676.5534614422,0.15625,41.8749999999999,0.264164832038609
"U-251MG.1",0.165542387377967,0.0132254838318036,0.576437343642245,0,0.0132254838318036
"Karpas-231.1",0.135178084727115,3.06970458843183,0.214551601738182,0,3.06970458843183
"BALL-1.1",0.198899791506065,0.00297103787447525,4,6.79674775366136,0.00286447342388264
"IGR-1.1",0.257594398122229,0.00120917451940483,2.76016157595179,36.9852413979591,0.000742529554508504
"KP-1N.1",0.227321587206855,0.020743296262205,0.339642528968996,0,0.020743296262205
"OVCAR-8.1",0.242444940848274,0.00199462591385763,2.44760783010988,16.1976331776341,0.00169979494041059
"JJN-3.1",0.204070611400086,0.00285799760866108,4,6.83219527869773,0.00275492227678513
"ALL-SIL.1",0.257110789233494,0.00123281373041018,4,30.3560076422091,0.000976028278585122
"HEY.1",0.224059074423738,0.0114554542525687,0.425417466127344,0,0.0114554542525687
"HeLa.1",0.246219381649984,0.00197514921124188,2.09512323515582,17.0879835434041,0.00161776347721475
"SCC-15.1",0.200197358872272,0.0581642787560645,0.298257705198537,0,0.0581642787560645
"CAL-33.1",0.267865338807643,0.00152079079384276,2.12781037062348,22.7153343629572,0.0011440475979567
"JHH-6.1",0.126734919755256,0.0318871055610679,0.526368563659347,0,0.0318871055610679
"ES4.1",0.160631220661357,78819640.1199916,0.0688811906329286,12.9892773134831,1e+06
"UACC-257.1",0.0892127455897527,0.444983425938038,0.359522452566769,0,0.444983425938038
"KCL-22.1",0.191393470527559,0.00304602515151983,4,9.94982942552772,0.00288165560967416
"CHP-134.1",0.275206087651185,0.00148700282240986,2.14790256686487,19.5432499468233,0.00118054020492577
"KMS-12-BM.1",0.220540348456312,0.00269190957307488,2.189051351979,4.16227289709661,0.00258712228298655
"OE19.1",0.249532851001107,NA,2.06992215611981,51.6218275544105,0.000354457186875307
"MDST8.1",0.306450069497522,0.00251956431944261,0.565019598793041,0,0.00251956431944261
"HCC2998.2",0.28835741012079,0.00138979600843895,1.49800852312439,26.6205137792202,0.000836697441993788
"G-401.1",0.250089458608424,0.00130967161426871,3.1130474817301,34.2427036667083,0.000903795159408795
"OAW28.1",0.0765809496212378,NA,2.25157971377514,68.0201838241339,0.00241699412672641
"DMS 53.1",0.0431502622799372,NA,0.0147987446614636,91.6007582080486,9.6244390890799e-06
"TOV-112D.1",0.179791884638898,0.00417389472078682,1.39405213081995,20.895742094551,0.00283112146293252
"AsPC-1.1",0.0811974760524162,0.768204683911776,0.345712009146361,0,0.768204683911776
"HSC-3.1",0.294890363483472,0.00140523449610247,1.28219325935052,35.4026098826175,0.000537939020491025
"Evsa-T.1",0.179790540013282,0.00232355295407534,4,44.9554031469094,0.00130953373147325
"VA-ES-BJ.1",0.24851281586207,0.01220776594852,0.516895052766793,34.1487361010849,0.00132262925021774
"GOTO.1",0.0969486956903579,NA,4,61.1625494810932,0.00222944343599185
"SNU-175.1",0.187216518760177,0.00315004323690379,2.79511702545442,13.6882099512822,0.00280940735777865
"IM95.1",0.0341980189579466,0.0180053517860086,4,47.7199155635368,0.00832045052284145
"OVCAR-3.1",0.119126604754515,0.00594863154006236,2.53866035955031,38.7525698048902,0.00330519546248333
"LXF 289.1",0.253738588512952,0.0015580430121804,2.35928378788529,27.8236834978745,0.00110388442183926
"AGS.1",0.162191109045043,0.00698426684809979,1.85964074587017,47.0586096493448,0.00152222317713376
"AU565.1",0.109601967226816,NA,4,61.1979687383272,0.00177674631708588
"LN-405.1",0.0797642666123883,1.8421954648187,0.307690847042471,0,1.8421954648187
"TE-4.1",0.136665614172298,0.00511807508907097,2.22767950700295,4.1786981404256,0.00492144091729185
"42-MG-BA.1",0.197708920502185,NA,3.07345263210457,53.5637374582218,0.00066028478240626
"TUR.1",0.20255925348087,0.00297866088325345,4,3.83798578695051,0.00291977744031913
"EMC-BAC-2.1",0.173900554217488,0.00405069614064496,2.42118853562405,46.7285000135817,0.00131347406316608
"LC-1/sq.1",0.121329180751201,0.0207959432910068,0.638450030757679,0,0.0207959432910068
"Hep-G2/C3A.2",0.0509965125146345,NA,0,89.8006974970731,3.98448770471719e-05
"Karpas-45.1",0.0794687485374852,NA,4,63.0337247016898,0.0028334557107099
"A-375.13",0.241982474080738,0.00121509339898146,4,37.640597071523,0.00085677450196479
"C32 [Human melanoma].14",0.110845464987578,0.0789157332721265,0.448526902937511,0,0.0789157332721265
"C32 [Human melanoma].15",0.0579989327878826,NA,1.55094654706436,63.5773644526063,0.00473496785950753
"C32 [Human melanoma].16",0.146800005894063,NA,0,70.6399988211875,1e-06
"HT-29.13",0.180114102463431,0.00235002384745508,4,40.0254546381575,0.00157055462387983
"HT-29.14",0.21673297433014,0.00322530754842189,1.20737050258897,22.1828376847605,0.00198450545993026
"MHH-ES-1.13",0.254668482786676,0.00920546650083323,0.385658657515766,0,0.00920546650083323
"MHH-ES-1.14",0.198314075260635,NA,1.44967136977548,51.7773029398169,0.000736811425312415
"MHH-ES-1.15",0.209967248957525,0.00632451487142907,1.24312148323616,45.6296937081743,0.000890379872861396
"SNU-C2B.13",0.102823497345713,NA,1.14377496120726,54.8471161962703,0.00303120889954998
"SNU-C2B.14",0.0508166580348213,NA,3.34624688130223,77.2683331761486,0.0026733330265907
"SNU-C2B.15",0.0852437235747032,0.0377038656135166,0.660129647410667,0,0.0377038656135166
"U2OS.13",0.086627030472506,NA,3.37549911928371,56.6071574919858,0.00315706157505778
"U2OS.14",0.176997335751729,0.0930244487367115,0.302408105606388,0,0.0930244487367115
"U2OS.15",0.0941906237613281,NA,1.79081248996364,63.8207458442193,0.0021173661213427
"PC-14.14",0.159098315727165,0.00407333083380148,2.14289212160905,25.0807076533,0.00294317429753842
"PC-14.15",0.17882592899837,0.00358408362078923,1.86895090745749,24.069069395877,0.0025223473373899
"PC-14.16",0.165505220621691,0.00413363451213474,1.82303356654807,27.7763774474999,0.00264948952794346
"SW620.14",0.166425112453087,0.0195180478558907,1.02073242925282,45.9447535390029,0.00166587467202031
"SW620.15",0.1209527551164,NA,3.12713725384323,54.9877004323804,0.00195550749490441
"SW620.16",0.143263614613795,NA,1.10947480571117,50.1638508070866,0.00189987059258184
"HCT 15.9",0.0806785411888961,0.00738846277884718,4,39.3473971994622,0.00501967410591368
"HCT 15.10",0.0994995019236313,NA,2.09010572202793,54.3932926825193,0.00282849369088509
"HCT 15.11",0.0875853177442368,NA,1.76508892166542,51.661986819646,0.00381924429445403
"A-375.14",0.312574543336806,0.00170023755772947,0.869279850093061,29.4983181342694,0.000609685469598693
"HGC-27.1",0.346744300198707,0.000708629004405172,2.53765460462082,23.102385068377,0.00055502757244464
"B-CPAP.2",0.307890466172835,0.00249173739911805,0.639063515334609,23.4847926169003,0.000923510565123671
"SK-MG-1.1",0.213923043405296,0.00223319031781874,2.21734986342415,34.0849012925426,0.00133263689539961
"NCI-H1650.1",0.131268541413496,NA,0.575996786677488,82.286126246125,3.81647384120113e-05
"786-O.1",0.23490886921101,0.00801241239641527,0.478978544266559,5.67287161163996,0.00623120085443366
"TGBC24TKB.1",0.198228497332744,0.00213610949756491,3.15931756379951,39.2098317385111,0.00131473104286375
"KP-2.1",0.105860460912713,NA,2.30678700222623,58.5965761014697,0.00215355537431738
"HDQ-P1.1",0.19563073986828,0.0522692749891106,0.909088891847267,48.6583835699104,0.000976712713941743
"NCI-H716.1",0.176250810033326,0.0527738673029568,0.345472046964913,0,0.0527738673029568
"MHH-PREB-1.1",0.182083929606077,0.00332879745467482,2.3794083215377,16.0061921476696,0.00283049388021516
"NCI-H513.1",0.0850705415308645,0.0587571227111179,0.573457718289157,0,0.0587571227111179
"Huh-7.1",0.0229435873001244,NA,1.24549006340048,75.2093388641235,0.0106724856532322
"HT-1197.1",0.149399754872903,1.57417662762194,0.217684108745454,0,1.57417662762194
"J82.1",0.0421184011408932,NA,4,90.5783258237708,0.000570033970489985
"NCI-H1568.2",0.147084306252641,18.3775446403917,0.167170710093255,0,18.3775446403917
"SK-N-DZ.1",0.270134669556617,0.00125589696773293,3.14725618026312,26.4652710949183,0.000988487355630862
"NCI-H322M.1",0.164032566973644,0.00742617729417573,1.96739242432773,48.0696104394538,0.0014203342569103
"LB996-RCC.1",0.186291839316067,0.00214327636222981,4,42.4753726607166,0.00133492517135312
"NCI-H1944.1",0.106832861977248,0.0211802082780549,0.703825626511156,0,0.0211802082780549
"MCF-7.1",0.0692246845362176,NA,0.0607579519952116,67.3892922060735,1e+06
"KYSE-180.1",0.250925891649413,0.0107518328216951,0.521922970592879,33.1183778063085,0.001342720201631
"NCI-H23.1",0.0865050020330889,NA,4,56.5637473947891,0.00316182157657732
"L-428.1",0.204468517032238,0.00217364844207141,2.66338484378424,40.3527742271723,0.00117191546308753
"IGROV-1.1",0.299161695992088,0.00332601400919813,0.509542743541494,10.1601316026534,0.00212968307578391
"LN-229.1",0.0985141399992596,0.0250816717638842,0.697390359558067,0,0.0250816717638842
"HSC-4.1",0.162838649308165,NA,4,65.8003328962782,0.000466225477668681
"Mel JuSo.1",0.0365337326577556,NA,4,76.2680711461493,0.00433181418858408
"639V.1",0.259089470222496,0.00460137041326432,0.531557824274379,0,0.00460137041326432
"SK-GT-2.1",0.332263312348139,0.00085676699082315,2.45521993837754,20.8856108451834,0.000687391823927512
"NCI-H2373.1",0.150695680900033,0.0689526635573072,0.370576326425526,0,0.0689526635573072
"U-118MG.1",0.111719839924952,0.0305462673346155,0.588673200590595,0,0.0305462673346155
"TE-1.1",0.240854641664197,0.002468296662409,1.26566253351445,22.5237562674825,0.00153801779107371
"SKN-3.1",0.171685415390429,0.0329508272504005,0.401338544787786,0,0.0329508272504005
"SiSo.1",0.144687368798425,0.0092235889946944,1.3891170820078,42.5240510087917,0.00234843697811777
"SNU-C5.2",0.209814910294578,0.00660542485307766,0.610917371969249,0,0.00660542485307766
"MFE-296.1",0.10653389275594,NA,1.22391065380703,76.9687941222551,0.000516073649935175
"NCI-H2170.1",0.242524722744278,0.00283047291991004,1.05380602904504,25.5369421483752,0.0014363206591591
"NCI-H1694.1",0.14307509457298,0.113485431233896,0.345142254065785,0,0.113485431233896
"8505C.1",0.111308756590041,0.194952494573958,0.36732359883606,0,0.194952494573958
"JHH-4.1",0.072065068414294,0.014529538570073,1.21666052449441,0,0.014529538570073
"TT2609-C02.1",0.0585833304189068,NA,4,63.9417669568774,0.00408101112282836
"SW1573.1",0.056642415799263,NA,2.14009295479031,75.6676010127788,0.00254219753863777
"LOU-NH91.1",0.283428822645991,0.00328954086480708,0.554750178982959,0,0.00328954086480708
"NCI-H1048.1",0.115181634441363,0.00497915191442858,4,34.730839905642,0.00370140547410287
"C-4-I.1",0.226732017492949,0.0090415451097177,0.462524543203481,0,0.0090415451097177
"Jiyoye.1",0.425652561440866,0.000765089590631995,0.608369342108167,0,0.000765089590631995
"SUP-M2.1",0.332475875146296,0.00132797221384612,1.18158137884942,0,0.00132797221384612
"CAL-120.1",0.193530132419473,0.019325485111493,0.612309448082918,36.006377649007,0.00241505597471511
"SW756.1",0.0976109883252677,2.19720803023789,0.271263927935169,0,2.19720803023789
"G-402.1",0.271187349822552,0.00188659198252866,1.23193075321957,34.4113315732515,0.000732503890699601
"WM35.1",0.243788441431936,0.00871233146638714,0.422351358704062,0,0.00871233146638714
"UMC-11.1",0.290501831218734,0.00301254456390298,0.559909870524571,0,0.00301254456390298
"HCC827.1",0.121535816848108,NA,2.3836240119042,67.0043421600371,0.000982644049942082
"HOP-92.1",0.0875754003320431,NA,0.593059662605946,84.7729730037108,0.000201056191226427
"SW780.1",0.0801453217816373,0.0217604613156885,1.2909467465924,39.0413094115727,0.00671469548795532
"OVCAR-4.1",0.0742232811226718,462.894671083289,0.184685319602432,0,462.894671083289
"RERF-LC-KJ.1",0.254109368378127,0.00506430099277517,0.519549994078325,0,0.00506430099277517
"RL95-2.1",0.161316558017996,0.00325325731513772,3.35227505281352,44.6493628809014,0.00167029925939899
"DEL.1",0.341624716006537,0.00136791627855432,0.845667657706281,0,0.00136791627855432
"KOPN-8.1",0.251838640887971,0.00197560742842935,2.79932490254107,9.47360682941608,0.00183277822886218
"ETK-1.1",0.276990123178286,0.00203706019820816,1.0254876064788,23.7380179856119,0.00108720547505332
"GB-1.1",0.100093932425734,NA,4,69.9324933187871,0.00125402193599152
"Calu-6.1",0.215636575500803,0.00213645050181228,2.60083623156527,29.3483045416185,0.00152069640425989
"BHT-101.1",0.158425084342849,NA,2.00067808963655,51.0702525900779,0.0013431090113559
"Daoy.1",0.302614070787314,0.00106507703450135,2.39061283421361,23.3257901811692,0.00081890817980027
"CADO-ES1.2",0.238327904653924,0.0234794227635362,0.308118214707388,0,0.0234794227635362
"ESO-26.1",0.137182476379525,0.0225367726433611,0.556419367500249,0,0.0225367726433611
"NCI-H1623.1",0.0642613174024569,NA,4,65.9715274627451,0.00339630070416483
"HTC-C3.1",0.150357867614593,0.00454015046216035,2.14470956914246,36.2527882243752,0.00248662573593863
"KM12.1",0.154468927118836,0.003818196688754,4,17.7214914744695,0.00342250554488142
"LOU-NH91.2",0.239088477137577,0.00222042039476777,1.67371242782126,18.2147391856807,0.00169389157747306
"PWR-1E.1",0.231278648551369,0.0057840952802417,0.566107427442709,0,0.0057840952802417
"SNU-182.1",0.103471604122239,NA,0.0560453090056382,54.9512821118687,1e+06
"SNU-398.1",0.199227970101749,0.00311200602750732,1.7171822733435,36.5072589347068,0.00145130754872636
"CHP-212.1",0.18201697339653,0.00286716917092101,2.59976271873074,35.9879193443344,0.001757706959304
"TYK-nu.1",0.177901718601192,NA,4,50.7083493241562,0.00103335144396638
"DBTRG-05MG.1",0.104289608155998,1.6501380841355,0.271554390092065,0,1.6501380841355
"ESO-51.1",0.136385024131622,0.0302064222972778,0.504877997862172,0,0.0302064222972778
"RPMI-8226.1",0.286811082558065,0.00144623762860193,4,10.6217487267588,0.00136242079049615
"OVISE.1",0.133606981793475,0.205307727612886,0.322499520136279,0,0.205307727612886
"DiFi.3",0.139163785087261,0.00793931265507321,1.26238679971869,32.2888241624659,0.00348933674604468
"KG-1.1",0.0597583268317168,NA,4,60.2439624735234,0.00444351579772504
"ARH-77.1",0.245809754497949,0.00206034521991975,2.23487592148613,12.2191978876881,0.00181754676149782
"EBC-1.1",0.155389349872372,0.031732188754746,0.444568617676173,0,0.031732188754746
"HuO9.1",0.141905560854219,0.00607377496521077,1.28688221168244,0,0.00607377496521077
"Raji.1",0.18300198149558,0.00327368189835517,2.06622024087028,26.3559130010601,0.00227837220051822
"Granta-519.1",0.124524697977577,0.00453678048784201,4,43.3375871241574,0.00274102597471511
"TC-71.1",0.291903955307295,0.00109808139534054,3.68766886169476,22.1907214850283,0.000936579697494759
"HuO-3N1.1",0.0817713884159394,NA,4,73.3777750112933,0.00149809340317761
"BT-474.4",0.0198045003330378,0.0166346602234917,2.7470310138335,0,0.0166346602234917
"RERF-LC-Sq1.1",0.132860395576636,0.0156588790057568,2.08995653114208,49.2713914873711,0.00207035993601351
"RD.1",0.0904390060007725,0.0158776864104309,0.938095729366457,0,0.0158776864104309
"CAL-51.1",0.18718907602922,0.00309957328864901,2.23897980843908,23.1780868777685,0.00234691184509709
"IMR-5.1",0.351214113702813,0.000923982941128491,2.41193551927519,10.1247101326903,0.000841244692071428
"BPH-1.1",0.304261413540156,0.00272755630137942,0.537839593045233,0,0.00272755630137942
"SNU-1.1",0.312299885440839,0.0171543789634288,0.21875,0,0.0171543789634288
"JSC-1.1",0.215055328170846,0.00161436526518184,4,38.436101918129,0.00111952905031678
"SAT [Human HNSCC].1",0.0188020278161577,0.155971708946312,0.849874726639302,0,0.155971708946312
"P30/OHK.1",NA,NA,NA,NA,NA
"NCI-H2405.1",0.192097105271193,186.158852965817,0.111122293580421,0,186.158852965817
"C2BBe1.2",0.101465445430801,NA,4,83.0569843889549,0.000199736062273069
"TCCSUP.1",0.13166837277068,NA,1.41525289281336,51.7730174681049,0.00199395399714555
"HuP-T4.1",0.156601523748284,6693.691781648,0.102009238105294,0,6693.691781648
"A101D.2",0.217350057522099,0.00208582056741812,2.26385166307167,39.4161643305108,0.0010505333682176
"GA-10.1",0.2464303684691,0.00187316194422079,4,14.0666724638531,0.00172467466546158
"CESS.1",0.49739087393496,0.000404858428380851,0.578913367341499,0,0.000404858428380851
"RT-4.1",0.132944370317955,NA,3.96101630123451,54.589627328108,0.00165472969389873
"NCI-H1155.1",0.223463082863334,0.00180296811385397,4,27.881620978652,0.0014703944981368
"COLO 678.1",0.0194978398778533,NA,1.42610703629257,97.8457057184747,1.69884195052733e-05
"A-172.2",0.313547318346354,0.00163479594205772,0.926317300727139,2.96498529236756,0.00153039327143341
"647V.2",0.172761589990283,NA,4,63.2986143641102,0.000484006449412839
"EC-GI-10.1",0.302538442846307,0.00126844364603216,1.97594673717626,15.9343035787973,0.00104455298995153
"LN-18.1",0.19729926412157,0.00626265162940475,0.696790827121403,0,0.00626265162940475
"M14.1",0.253256576108958,0.00614670603489159,0.468748827723752,0,0.00614670603489159
"KYSE-140.1",0.241390330377435,NA,0.746437382167198,53.0717562397451,0.000352195697588353
"COLO 829.1",0.0887527374757787,NA,4,90.7100734194006,1.56185089303016e-05
"EPLC-272H.1",0.280119805804138,0.000653143143835852,4,46.5108409643601,0.000335695919676733
"G-361.1",0.171787767732544,NA,3.56325335200704,62.7569017157983,0.000516695567536244
"GDM-1.1",0.133020511911799,0.00463054696586607,4,15.7978415782981,0.00421117385142159
"JHH-1.1",0.0450406787219531,NA,1.77837412043531,81.1299832488828,0.00247884860330293
"MM1.S.1",0.172469200489986,0.00317622049307578,4,20.8919236584318,0.00277441560626985
"MOLT-16.1",0.256168569229563,0.00211549425520726,4,0.566177206045243,0.00210947993268937
"NCI-H1693.1",0.0792079329289935,2.03969641464968,0.304587643959815,0,2.03969641464968
"NCI-H1781.1",0.150441088911943,NA,0.863239374797312,52.3274076221343,0.00167821990169962
"NCI-H2141.1",0.0502691160786929,NA,4,70.2664858532847,0.00389738611163348
"OE21.1",0.142064692810004,0.00429342892354917,2.85009223269235,28.3311903457899,0.00320178841721704
"Panc 08.13.1",0.0282492694590845,NA,4,89.6159867553932,0.0019093872713611
"UPCI-SCC-090.1",0.0365728042066654,NA,4,79.1469922641706,0.00372954340009635
"SU.86.86.1",0.0814907658586505,NA,4,71.5168755198954,0.001732645793398
"SU-DHL-10.1",0.245025478715875,0.00214518662102824,3.82051570009646,5.67802538042999,0.00207855970855422
"SUIT-2.2",0.0719618307768229,28.8837197402626,0.236673502135528,0,28.8837197402626
"SUP-HD1.1",0.0770559232220701,NA,2.37025139850543,56.8813073874269,0.00372331373618219
"NOS-1 [Human osteosarcoma].1",0.102007603858849,NA,0.449258311923634,76.7403227135543,0.000761436543011126
"CFPAC-1.1",0.211166822987568,NA,0.448418943846864,58.159962107697,0.000376108305799278
"A2058.1",0.4026258666961,0.000563848977414641,2.98981625683875,13.1024424864313,0.000509356863826384
"CAL-27.1",0.358792540473835,0.000849781505882073,2.31573521469133,11.5830012726924,0.000758378490694549
"COLO 205.2",0.246828185231555,0.00219670512019742,1.54050376430524,14.0991119936059,0.00177167314188235
"COR-L23.2",0.0706986294403171,0.0544340600587772,1.10940874344975,44.0179790843736,0.00802947919208608
"DAN-G.1",0.206666091738663,NA,4,64.4550545165332,0.000225307876481768
"EW-1.1",0.326720350906991,0.00122963768538814,1.46211319044625,8.31051953262076,0.001085886436092
"GP5d.2",0.24666638009713,0.00252844458417434,1.22886012191848,0,0.00252844458417434
"NCI-H2722.2",0.071376873601658,NA,1.86594826424662,81.2869782438958,0.000900206509875691
"HCC15.1",0.305956724302061,0.00148753807581265,1.2829499018243,8.93032316455299,0.00127604142713405
"MFE-319.1",0.166460225732491,0.00455691247642618,1.4583226326752,9.91782843559565,0.00391587452621804
"NCI-H1876.1",0.127643096373409,0.00839182472171076,1.56747681191566,39.3441474581283,0.00312994220733871
"NCI-H661.1",0.0629279766521299,NA,2.9153064078171,61.7263549360648,0.00406665138033116
"T-47D.1",0.2041625751705,0.0215341877835094,0.38161196657115,0,0.0215341877835094
"U-87MG ATCC.1",0.136593155799639,NA,0,72.6813688400722,6.62710359488355e-06
"MC/CAR.1",0.139467394330969,0.00433727324432131,4,17.6294211409513,0.00389055803929062
"23132/87.1",0.200930409356462,0.0050148347382989,0.807257370687812,0,0.0050148347382989
"ATN-1.1",0.243988269187676,0.00217742380131197,4,5.01155245276603,0.0021206828121464
"BB49-HNC.1",0.382111208375331,0.00155178491714137,0.406194419523875,0,0.00155178491714137
"SK-N-BE(2)-M17.2",0.137984599860231,NA,4,58.9524807527292,0.00122609011541248
"BFTC-909.1",0.236859012499858,0.00427034099070029,1.36202827743179,46.6535859008741,0.000586443505895531
"BICR 10.1",0.212269397075174,0.00327918607617566,1.24461233222107,19.1042415355275,0.00222733287078024
"BV-173",0.226900971183144,0.00236290917616395,4,8.48687289757846,0.00225554185268088
"CAL-29.1",0.252885782806033,0.00240606203858333,1.1665290425571,32.8104916797341,0.00096337899399994
"COLO 678.2",0.0990448197799086,NA,0.0558478583922776,57.0191918953101,1e+06
"COR-L311.1",0.154330561627695,0.00315176705888865,4,40.9564168589815,0.00205540185873862
"DG-75.1",0.164721963073907,0.00320871788403946,4,26.6084191360745,0.00265371284845492
"EW-13.1",0.0436695979897525,NA,4,73.6489772785458,0.00398933711325227
"GCT.1",0.176980390881291,0.00936056627952129,0.63301897490052,0,0.00936056627952129
"Lu-135.1",0.105411805276754,0.00883709146544384,2.15003960528974,42.6416324327443,0.00362453292504547
"MOLP-8.1",0.0821678499027621,0.00758087588704312,4,42.9649660085386,0.00464294389220927
"SF268.1",0.208318273756563,0.0473058265107587,0.300414287013653,0,0.0473058265107587
"SNU-61.1",0.0688557356808191,2.56157819871567,0.315575600090011,0,2.56157819871567
"HC-1.3",0.194122531714836,0.00270775459809351,2.8160348797056,24.0028807661343,0.00214655676253092
"A-704.1",0.187855555955139,NA,1.31825559216863,66.6389595225756,0.000253208262154902
"ALL-PO.1",0.194439499578695,0.00299591383311053,3.41115564282817,10.3665235286013,0.00279864364501677
"AM-38.1",0.0952204978411262,NA,3.88389312234679,59.1445801458146,0.00250021814484201
"P32/ISH.1",0.234222750968408,0.00248006729292644,4,0,0.00248006729292644
"SUP-B15.1",0.105404504449519,0.00653318082580806,4,47.3296502027684,0.00314068381427644
"MHH-CALL-2.1",0.165337908192643,0.00384078862603171,2.1332864122514,35.360155895744,0.00215957320106232
"ES-2.1",0.102564652666101,0.0154297160908741,1.70191145667949,45.7560618103723,0.00362199150330567
"NUGC-4.1",0,NA,1.76246590556429,100,0.335243339679935
"HCC1187.1",0.0698141452351092,NA,4,68.2075197222772,0.00274430522139717
"NEC8.1",0.0828484077975338,0.018477563590574,0.922423574876607,0,0.018477563590574
"CAL-78.1",0.128862997260639,NA,2.01739069481552,68.8527296323393,0.000718546379953302
"AN3-CA.1",0.110487971136214,NA,2.48435273176612,54.2477753815252,0.00237292181952416
"DU4475.1",0.155018315737673,0.00376378969044787,2.71533682240541,36.1064559445611,0.00234857661300999
"PaTu 8902.1",0.107694330020288,NA,2.9988771219899,71.7435670800864,0.000898782432919097
"HT-1080.1",0.163641455376697,0.00412560271950654,1.90429200024615,20.5416510413433,0.00312487606960694
"HCC1806.1",0.266522800665701,0.000961825899262011,3.08648736197846,41.0014602298055,0.000551807009399331
"HOP-62.1",0.179874511016476,NA,4,69.5389929646472,0.000211602847138138
"JIMT-1.1",0.196813760932884,0.00251030593247835,2.64518556624459,31.3398571224522,0.00172942786383932
"Rh1.1",0.445536102493575,0.000423421872366549,4,10.6738034520509,0.000398750530215178
"RC-K8.2",0.09793692799078,NA,1.71564669361576,51.946407291646,0.00323002641767214
"SU-DHL-5.1",0.449916653319743,0.000511708034103509,4,3.26662430988471,0.000503137309122141
"A3/Kawakami.1",0.219953621294379,0.00251765092003829,4,7.57800318785081,0.00241629964093019
"A3/Kawakami.2",0.231015273698507,0.00230369897688845,4,8.04750636189116,0.0022048176324591
"CL-40.1",0.154269246875899,NA,2.82251134108908,59.5610069244721,0.000896660270300411
"COLO 792.1",0.182178088804977,0.0132664532880932,0.640948332995641,27.040677115542,0.00393907439877836
"COLO 824.1",0.17118227588332,0.00365224166827893,2.20170590672601,40.2630978590574,0.0017371320957105
"HCC1143.1",0.158408969705687,NA,2.10495436580936,56.5630910346812,0.00100911566673928
"HCC1143.2",0.144715807016792,NA,4,63.1857623190497,0.000827389239358884
"HCC1143.3",0.178836756693068,NA,4,59.0978198807325,0.000609985507753232
"HEC-1.1",0.075821521789977,NA,0.961566934260064,74.7724742907581,0.00180681800513178
"Hs 445.1",0.180382342734557,0.003345401561363,2.5026179516182,15.8206606986829,0.00287365645341938
"HT-55.1",0.101766908450722,NA,1.36705204653039,58.3882429358959,0.0024903442414729
"HuP-T3.1",0.154288047978339,0.0174887593917244,0.611228233761839,16.8449669253853,0.00893005361160736
"JVM-2.1",0.221742815097311,0.00190970782328639,2.92993632069074,30.2830549124405,0.00139006616671534
"JVM-2.2",0.269070573645252,0.00153775257959867,2.636831385523,17.9443256523779,0.00129917564404726
"JVM-2.3",0.26926603305068,0.00156534569587924,2.48439269000266,17.3736334861036,0.00131820774501622
"NCI-H2228.2",0.153579354350382,NA,4,61.0600505530768,0.000819975292393744
"SNU-5.1",0.0980369338559686,NA,2.2814181087973,53.4511156091802,0.00296580820844456
"NUGC-3.1",0.199068765221816,0.0148610744715895,0.446352282153819,0,0.0148610744715895
"OACP4 C.1",0.198611428743824,0.00319213454634624,1.8461991729492,8.89855924935885,0.00287064486150568
"OCI-M1.1",0.340071432493139,0.000717655319560341,2.74468010947654,24.1904178793827,0.000564002613895203
"OCI-M1.2",0.360197811996074,0.000841804839897728,1.6600404977569,14.406833892627,0.000685955412123691
"OCI-M1.3",0.330724697785352,0.000906297397257647,2.20498032466438,20.0519684266659,0.000718317868812649
"OV56.1",0.0898728995610535,NA,0,82.0254200877893,1.47669652483721e-05
"RS4;11.1",0.145565652426714,0.00400367928572923,4,21.4611822729098,0.0034799721989133
"SCC-3.1",0.267602444290442,0.0016603066710678,2.11153199661741,16.4337129986812,0.00137475620959085
"SK-ES-1.1",0.31417988093583,0.00109330822820285,1.84403538781706,20.2679635563889,0.000824752063253677
"SU-DHL-8.1",0.045849654871175,NA,3.32620193139497,82.9287886883788,0.0019566278660475
"TK [Human B-cell lymphoma].1",0.0784932046129631,NA,4,60.2292006095292,0.00320132327385214
"A3/Kawakami.3",0.220369860049631,0.00251422549619517,4,7.43105137594704,0.0024150990999944
"NCI-H747.1",0.106024436122071,3.14760230608047,0.24786644113271,0,3.14760230608047
"NB1",0.077821914054705,NA,4,59.7851223793215,0.00328796434828891
"HPAC.1",0.0699054437531639,NA,4,61.8808462644511,0.00352759290563892
"EW-16.1",0.122566648779254,0.00586903466455913,2.35043086556441,36.6215746652497,0.00334939721533982
"OSC-20.1",0.175055873851168,NA,0.881042881266392,57.3760813314702,0.000782184170824697
"EGI-1.1",0.0135612882883092,NA,0,97.2877423423382,3.93847972221004e-05
"SBC-5.1",0.178629384483309,0.00492904969937399,1.04849025099433,0,0.00492904969937399
"NCI-H2369.1",0.207789731649418,34.2314103363386,0.119162698397962,0,34.2314103363386
"H9.1",0.0982847644467848,0.00879599558456589,1.44042443074766,0,0.00879599558456589
"OACM5.1 C.1",0.100601114685974,0.00767954437143817,1.90504738088013,20.4656018066249,0.00582527531269335
"U2OS.16",0.1048842052931,NA,0.633434562211371,53.7457952497162,0.00513640907547785
"A-375.15",0.277309163400977,0.00102546485415529,3.1012458814639,32.5618315089215,0.000730145438159266
"A-375.16",0.30164452588487,0.00114269023866142,1.89443918405419,23.9238479402932,0.000810379243269817
"HT-29.15",0.220385076772941,0.00161634725902779,4,35.2401893170284,0.00119141308836317
"HT-29.16",0.244161671230661,0.00145863410446772,2.5967012242665,36.2741161229515,0.000886620059250649
"HT-29.17",0.309615236027185,0.00104618825571626,1.49588962182551,34.5952579239116,0.000476207395787121
"A-549.8",0.26671489807563,0.0014897259709022,1.77692027216551,31.6834889654578,0.00084657691630744
"HCT 15.12",0.17684863328381,0.00522175037915761,1.00808440532782,3.38574526100454,0.00487089820880118
"HCT 15.13",0.125240421033368,0.00714327465183136,1.29331673801702,0,0.00714327465183136
"HCT 15.14",0.111508590314536,0.00517509426424075,4,39.3024736573559,0.00351962671071208
"A-375.17",0.253223271262105,0.00114823732173904,3.2955553657091,37.974715106307,0.000745145296699263
"U2OS.17",0.109371644171968,0.064364745113065,0.540948714628864,20.6206129597752,0.0240854604762693
"C32 [Human melanoma].17",0.0441756599997437,NA,2.48794204507486,83.8479725985356,0.00189700874070897
"C32 [Human melanoma].18",0.0733633880651708,NA,0,85.3273223869658,7.32991045681097e-05
"C32 [Human melanoma].19",0.0217887418912189,NA,4,92.6988659032059,0.00159117570118386
"PC-14.17",0.143545831699751,0.00502011035632503,1.93947547960727,29.3816864297855,0.00317944979136231
"PC-14.18",0.167020443316496,0.00402694914494018,1.9720849037995,37.1645889321397,0.00202076731535968
"PC-14.19",0.146635644543743,0.00516281024801521,1.77917753044391,30.5291524652951,0.00303861569135798
"A-549.9",0.317024700638694,0.001994613874722,0.646958245210082,0,0.001994613874722
"A-549.10",0.313584990308931,0.000533251236400729,4,38.498697998726,0.000369297290959021
"MHH-ES-1.16",0.200401691788276,0.00288492336786236,2.07314845185208,43.3879039710715,0.00108722530298147
"MHH-ES-1.17",0.187398076914624,0.0021295454096986,4,45.7418321794784,0.00115040324366876
"MHH-ES-1.18",0.209413984719946,0.00167330124080244,4,40.167215929199,0.00111429647725544
"SNU-C2B.16",0.0805937210120484,NA,1.57128418688562,50.5589355063609,0.00456609432125328
"SNU-C2B.17",0.0549735435322911,NA,1.8726818339017,61.2315366813199,0.00515114361462151
"SNU-C2B.18",0.0744465199897834,NA,4,61.1253759166014,0.00333418410400804
"SW620.17",0.128943416550915,0.0122887728620562,0.827978626226727,10.9622023994094,0.00911365807844748
"SW620.18",0.141606500768845,NA,2.68794485995915,67.3607312130055,0.000624448595726741
"SW620.19",0.112497085795893,NA,1.35986548283663,50.1588038833216,0.00288695672913387
"HT-144.1",0.0803630116912329,0.0126914057921553,1.23158431813273,0,0.0126914057921553
"HuH-1.1",0.0702371232733185,NA,2.92089421728779,67.3841227371729,0.00283701701617121
"LB771-HNC.1",0.0426225937528449,NA,4,72.2388002037616,0.00434429004578285
"LCLC-97TM1.1",0.10735264969218,0.011332543665284,1.69719694151306,42.5698408347196,0.00368536684668458
"NCI-H196.1",0.0645108680300474,NA,0,87.0978263939905,7.6551301174313e-06
"NCI-H1963.1",0.12590496896242,0.00480644586034765,4,46.6084232029271,0.00245291199840988
"NH-12.1",0.146127230154358,0.00471574618482695,2.39545539759109,41.707373093899,0.00222750064001571
"OAW42.1",0.126531999807366,1831.03478762011,0.127439121163552,0,1831.03478762011
"PFSK-1.1",0.191149654446977,0.0028265676493624,2.3671932318493,42.8612524788665,0.00124207994648
"RERF-GC-1B.1",0.187749122519778,0.00596121227205554,0.908545683201587,23.5107609092626,0.00296252406202068
"TE-6.1",0.246570287403942,0.00758523845452424,0.441654884394558,0,0.00758523845452424
"A-253.1",0.0758678865192817,0.0219927449425526,0.965075925999549,13.7176062820596,0.015774853271589
"DMS 273.1",0.260504485468119,0.00267801470453653,0.886897185617681,16.1723124783145,0.0017237501835312
"SK-MES-1.1",0.0899644073403835,NA,1.20329817570783,67.4367237115471,0.00202090355247955
"TOV-21G.1",0.183281683423291,NA,4,75.7350153786793,6.77571031281426e-05
"MS751.1",0.145178177719335,0.00593684898121531,1.26965967250647,0,0.00593684898121531
"DK-MG.1",0.0510158200038391,0.0200606763557514,1.25002244928694,0,0.0200606763557514
"CHSA8926.1",0.18812347475619,0.0428346959119559,0.342129472617981,0,0.0428346959119559
"HCC2157.1",0.218026438375103,0.00200144478031176,4,24.8378379986197,0.00168573032655057
"KY821.1",0.227175965787659,0.00234953431021393,4,8.76863893861374,0.00223895934702587
"NCI-H1092.1",0.02499486937058,NA,4,83.2798073840649,0.00446927237772988
"NCI-H1793.1",0.0888004956672782,NA,2.9088287215465,50.4974027359945,0.00365521670013331
"PC-3.1",0.0934515717373067,NA,1.24824844464201,59.331299841177,0.00287589140312175
"NCI-H1915.1",0.11849418778794,0.0197087184601155,0.666502034538683,0,0.0197087184601155
"NCI-H650.1",0.0240638643847735,NA,4,83.9830114980364,0.00444579124366575
"Rh41.1",0.127328064598327,0.00470074439399681,4,21.6801429377308,0.00407799698130744
"KU-19-19.1",0.277448981029197,0.000676925363394088,4,45.6980413024449,0.000366618895596808
"CAS-1.1",0.0485168861317103,0.0311366022918271,1.0033606753809,0,0.0311366022918271
"HPAC.2",0.112300344900821,NA,4,61.0428649563567,0.00170692487107597
"CL-11.1",0.038616947182759,NA,4,73.0650742604917,0.00466569347021246
"HCC1954.2",0.104760108357601,0.00944172845548337,1.2124323437319,0,0.00944172845548337
"HCC1937.1",0.0736401480722111,NA,0.0114009160197558,85.4713751183263,3.55775191591841e-05
"PA-1.1",0.141263493540261,NA,4,56.7694605251119,0.00130826080615631
"EFM-192A.1",0.0826374701207623,NA,0.00590798751305718,83.6776414429055,5.61252460915918e-06
"MOLT-13.1",0.148476958568963,0.00423354166229952,4,10.2430090894958,0.00399774154611779
"MHH-ES-1.19",0.163186752346732,0.00392367009282387,4,49.2913255384648,0.001353822347563
"U2OS.18",0.0912593708182854,NA,3.02453179411423,66.3436393462405,0.00192317718603395
"HT-29.18",0.156725220870951,0.0031365425100178,3.80430461738745,42.8936331382856,0.0018781224684859
"A-375.18",0.207289590869174,0.00479442976264718,1.3722083585028,44.4217071146707,0.000969668325095456
"PC-14.20",0.167079152652542,0.00440906463097081,1.5519330252788,19.0121944072626,0.00323938337310969
"KYSE-150",0.304354880720681,0.00131993488776829,1.23672280961824,29.822088834912,0.000633713186328143
"SiMa.1",0.120067946846233,NA,1.66134009301653,53.9378790324421,0.00213005598957729
"SW626.1",0.124258513335321,0.0956642501694643,0.396668913934794,0,0.0956642501694643
"KMOE-2.1",0.123287951851297,NA,4,69.8577065899669,0.000741217213963234
"NCI-H2591.1",0.0766034282382311,NA,0.734449775488911,87.9625703067416,0.000128849870062782
"HCC1937.2",0.097453137246693,NA,0.48175734271128,86.9128435119398,2.74981102465945e-05
"KLE.1",0.0852398549548119,0.0385538683304709,0.672751880580863,5.84248901279063,0.0320517708004912
"KYSE-410.1",0.143639497788005,NA,1.62689046438883,58.5768582707099,0.00115347746513233
"LNCaP clone FGC.1",0.210282951227624,NA,3.36474092358,52.7139781588965,0.00057929911938385
"NB(TU)1.1",0.224041407744502,0.0294272717620928,0.3125,0,0.0294272717620928
"NCI-H209.1",0.26137999109124,0.000975878405140164,4,37.8078098017184,0.000685762352079207
"NCI-H720.1",0.145928438051744,0.0540365416423822,1.20867037151234,49.1480525985381,0.00185978233460017
"NB1.1",0.0370668559424934,0.0616356621792683,1.70709544193908,47.4719507750219,0.0107285180107991
"Lu-99A.1",0.118419321768126,NA,1.81704557171772,69.8729293171878,0.000830637777206414
"MOLM-13.1",0.36714245876923,0.000936233405044642,2.29938953466382,3.29212398684474,0.000908907942529449
"Lu-99A.2",0.0823744835730393,NA,4,73.9252973969814,0.00141009419679557
"Lu-99A.3",0.0917385582363326,NA,4,72.1678621600567,0.0012827917775806
"NCI-H2347",0.0524269657915386,NA,4,90.2975625722443,0.000299218292583594
"MDA-MB-436.1",0.127202540125617,NA,0.927536737471966,71.7904781201539,0.00056507261755037
"HDQ-P1.2",0.0740868769691301,6.20152015167481,0.2740135842742,0,6.20152015167481
"CAL-51.2",0.179581656526998,0.00922086225553298,0.623971131082345,0,0.00922086225553298
"MDA-MB-361.1",0.157508262352098,0.00765905234047318,0.837860873000721,0,0.00765905234047318
"BT-474.5",0.0625741901418675,0.0700171503801437,0.646208822385506,0,0.0700171503801437
"MDA-MB-157.1",0.1255712948548,0.110605227103539,0.380583552120903,0,0.110605227103539
"CAL-85-1.1",0.152842821654906,0.0487785786017701,0.398485488172128,0,0.0487785786017701
"Evsa-T.2",0.167526506846926,0.20787055630056,0.319124957335025,22.7305407500998,0.0310988806287146
"AU565.2",0.167181684599787,0.00456971235264706,1.52168197493776,28.7889661446787,0.00260108356228677
"HCC1806.2",0.2896708105806,0.000836106149204089,4,32.2510291271056,0.000645375107785274
"NCI-H1341",0.293367677029539,1023.38930924262,0.059730566315288,0,1023.38930924262
"NCI-H1573",0.197775184299811,2.63694335866776,0.162607832176056,0,2.63694335866776
"NCI-H1688",0.14578785223268,0.0217452008833355,0.534031910838642,0,0.0217452008833355
"A-498.1",0.0778186204088121,NA,4,85.5690041868315,0.000301504650519022
"MFM-223.13",0.147996105479083,0.0324339890006224,0.71932888581547,39.6873531715089,0.00361318285732419
"HCC1187.2",0.0476088522628436,0.0112576395836055,2.52783310045949,0,0.0112576395836055
"MFM-223.14",0.155286922701286,NA,0.964734930509452,59.2876053696223,0.000950676102231859
"MDA-MB-175-VII",0.182810631579141,NA,0.622537353100284,53.7731239747454,0.000983584667139642
"DU4475.2",0.233667806534163,0.00203029199710056,2.13254466276879,23.8105329567208,0.0014992170046874
"HCC1569.1",0.188402018687113,0.225197134993748,0.240951062768145,0,0.225197134993748
"UACC-893",0.120335828579157,0.0212083004391517,0.718883277490561,19.5797742685109,0.0106244759930791
"HCC1937.3",0.104471951895167,NA,0.296875,78.125,0.000542469093701133
"JIMT-1.2",0.235848509466479,0.00277190127038346,1.13524106777693,19.5347384323332,0.00179161728573486
"CAMA-1.1",0.149485683221228,0.00398778345559403,2.73528504978577,38.8054254259292,0.00230733212752833
"HCC1419.1",0,NA,0,100,0.00257046453927996
"CAL-120.2",0.0816980819500321,0.17857414800442,1.24737650149603,49.4039785161386,0.00512407337928676
"MDA-MB-361.2",0.149641702125699,0.00341517860787447,3.77669001384959,41.1480686545381,0.00215931140559033
"LS411N.1",0.0528277591449601,NA,4,80.6344165591113,0.00189956591039908
"HL-60.1",0.210074914887011,0.00282328417599356,4,3.784069431529,0.00276828002135979
"PF-382.1",0.150363151587826,0.00372973919670528,3.0767148241281,37.8403243434514,0.00235558810366529
"SNU-407.1",0.117989457257193,0.00964630450796967,1.39813182786993,34.9057357418268,0.00409565200245496
"NCI-H1417.1",0.133514210660602,0.00415333989405185,4,44.9471659194506,0.0023417403106504
"NCI-H1417.2",0.129131149798565,0.00471180295792948,4,47.0684903356094,0.00231855526379786
"NCI-H1417.3",0.123788526120777,0.00475025252614783,4,45.4578725125145,0.00260788854318676
"P12-Ichikawa.1",0.243333320863942,0.00177721096415879,4,18.7283407592378,0.00158046256681619
"P12-Ichikawa.2",0.271739435574851,0.0014718422373841,4,16.0611751679115,0.00133595847908354
"P12-Ichikawa.3",0.269163446137328,0.00151037755981886,2.96950610240828,17.8117236188979,0.0013021870472104
"SiHa.1",0.206744614228353,9.09148573144359,0.136028283704675,0,9.09148573144359
"OVTOKO.1",0.10296447236785,NA,4,67.1358222902391,0.00143579168731082
"FaDu.1",0.179921571261894,0.379022986394643,0.230661559774498,0,0.379022986394643
"5637.1",0.259147730438053,0.00188252552334425,1.69905348894494,16.5634663502937,0.00148556008754415
"Detroit 562.1",0.299500428847097,0.000953899864784649,4,24.5468649215972,0.000805741266240227
"NCI-H2052.1",0.147463685206992,1.09278060902696,0.230690699155817,0,1.09278060902696
"Rh30.1",0.183441420950853,0.037824890514497,0.362392347256819,0,0.037824890514497
"T-47D.2",0.141727342108581,0.0284337009479538,0.672620643051616,33.3906375657015,0.00552411663067314
"KYSE-180.2",0.263261646428753,0.00177158749884246,2.29076269872018,12.9046076591727,0.00155512649619022
"HCC827.2",0.079348471969603,NA,2.56082004491932,65.3711715639267,0.00258531812775106
"A-375.19",0.336789664825115,0.000681004633031539,2.19718409317082,30.1539869328558,0.000447207098151107
"A-375.20",0.344428926331827,0.000657945500026416,2.35764214745833,27.564518503832,0.000468349588724846
"A-375.21",0.325069008280385,0.00081508521975243,2.19411221929886,27.390050077169,0.000567693918165459
"A-549.11",0.32499339045253,0.00112197640685765,1.21388006304793,25.4202040285299,0.000625070773603642
"A-549.12",0.286412365421706,0.00124343586957164,1.74338685990461,30.9240243661985,0.000715456132903203
"C32 [Human melanoma].20",0.123124328605589,1.10492011749907e+22,0.0584301010310495,44.2249392101591,1e+06
"C32 [Human melanoma].21",0.123387869512235,9.56464609764351,0.20012125665044,0,9.56464609764351
"C32 [Human melanoma].22",0.0658218236934113,NA,4,78.7787570401012,0.00146721271174754
"HT-29.19",0.206439194889569,0.00197601018231962,4,32.1870300199585,0.00152661934397678
"HT-29.20",0.165153501545177,0.00305404425762496,4,47.7308876611264,0.00140960303000074
"HT-29.21",0.272151346359049,0.0014614416317057,1.87924110652753,26.0767091578123,0.000987235218105932
"MHH-ES-1.20",0.22010349293361,0.00493360834646482,0.893125086545929,32.6614454381474,0.00150718738551462
"MHH-ES-1.21",0.203427714495382,0.00365392511303439,1.3802997341361,36.5231272705396,0.00141336521751066
"MHH-ES-1.22",0.190496300143983,0.00470348999691236,1.44124144833786,41.8598386135825,0.00133485947054114
"SNU-C2B.19",0.101420681221614,NA,2.36487197690673,62.7191667651893,0.0019186977024308
"SNU-C2B.20",0.0834988300376748,NA,1.30422464321044,54.8321980113005,0.00409217038325351
"SNU-C2B.21",0.0660010867543149,NA,2.60122988371991,75.6861859046022,0.00192257441506482
"SW620.20",0.201929945989174,0.00528340354810724,1.46521820298761,45.8611010520502,0.000964715116697035
"SW620.21",0.124071883859941,NA,4,64.3726105305847,0.00112784936293625
"SW620.22",0.128037524871201,NA,3.46165348327607,59.4382143439852,0.00141275544191346
"PC-14.21",0.174075745896068,0.00461078429218708,1.23997593840337,0,0.00461078429218708
"PC-14.22",0.13156196952523,0.00430737531350868,4,29.6241224000265,0.00344151204893543
"PC-14.23",0.163704262725845,0.0048316353085426,1.3526859351909,0,0.0048316353085426
"HCT 15.15",0.180671843276459,0.00594939036551518,1.59743985273734,45.7410659885811,0.00127308627917703
"HCT 15.16",0.126102300347156,0.00632441172236289,3.48192194431517,48.513253613155,0.00230433642639976
"HCT 15.17",0.15311012298118,0.00891743523025106,0.783226474855722,0,0.00891743523025106
"U2OS.19",0.109944451460147,NA,2.73143205226462,61.9709421060301,0.00169956649195356
"U2OS.20",0.117812526898161,NA,3.95743041650221,57.2725230999167,0.00186140647731859
"U2OS.21",0.111353868470443,NA,3.20536564477276,65.4017490552933,0.00135377916652701
"HCC1428.1",0.0518502004816999,NA,1.29876905347798,80.9079565916632,0.00205285540611155
"HCC1500.1",0.0126297822541934,0.0315150459394613,1.87083479198996,0,0.0315150459394613
"KYSE-520.1",0.114088416648099,0.0472165303095499,1.13699032859987,47.5653404519165,0.00330904559746068
"KYSE-520.2",0.166648300155515,NA,0.64932230219741,63.4761072723271,0.000574970445857353
"KYSE-520.3",0.147860717154264,NA,2.23240243750435,66.3302261001608,0.000602213180782685
"MeWo",0.0526401579999833,NA,4,70.1163824686633,0.00370969019174776
"NCI-H1838",0.00667564233499988,NA,4,96.2037787969459,0.0037174682449409
"NCI-H446.1",0.350332853348637,0.00075026078563276,1.91179446338101,22.7040868528143,0.000546653223972455
"NCI-H446.2",0.28806496800324,0.00123365186494659,2.42720784116721,22.2503023344017,0.000967922072950035
"NCI-H596.1",0.123246333283756,1.24206343007698,0.255570457773002,0,1.24206343007698
"NCI-H2122.1",0.305685401010237,0.00131209447744596,4,8.14064931610362,0.00125507803275136
"BT-20.1",0.151727100406727,0.0128144696141126,0.642787423981028,0,0.0128144696141126
"HCC1419.2",0.00713009408719495,NA,0,98.573981182561,1e+06
"HCC1500.2",0.0465167327132225,NA,0.89764050011779,86.4903743845937,0.00129583415731952
"COLO 824.2",0.303708391745897,0.00266508190658491,0.546881486400307,0,0.00266508190658491
"EFM-192A.2",0.0876082969618678,1.68202471407218,0.29693527274318,0,1.68202471407218
"HCC1428.2",0.0831868993075339,NA,0.678973835308594,79.650960283049,0.000844123070398598
"HCC1954.3",0.0857872798275679,0.0142351702939255,1.17683808497894,18.429243740754,0.00963126658324335
"BT-483",0.128906821172686,NA,0.806921941847994,85.2742495199493,1.24390165215676e-05
"IGR-37.1",0.091694362033821,0.0405089743459508,0.948947108040478,40.7040138119304,0.00687965688605136
"HD-MY-Z.1",0.0302923308629981,NA,4,86.8757288038201,0.00253929398006123
"H4.1",0.257143485450882,0.00154957110642388,4,19.7576794775232,0.00136654137916275
"Calu-3.1",0.0627499111385571,NA,0.399656228270369,89.7762418186368,0.000104160202170386
"Becker.1",0.228578854714556,0.00241174603881606,1.81055345814899,15.6278775628511,0.00196080493655663
"DU145.1",0.087296076492492,0.0094878826910921,1.53816061513838,0,0.0094878826910921
"NCI-H2595.1",0.025038865664859,NA,0.987163619955005,91.7374176548983,0.00175237180400713
"DOK.1",0.239994360308765,0.00337953672653096,1.48446995899987,46.4598842385015,0.000567808458031215
"CW-2.2",0.0367737581794957,NA,4,84.4697958897101,0.0024364353336184
"22Rv1.1",0.125634743331834,NA,2.22105058978068,61.2684601842944,0.00133417308871261
"CAL-39.1",0.314450280270374,0.00115199900563505,4,11.2815016194229,0.0010806603806065
"K5.1",0.210314220527055,0.00560059866302722,1.74424859883732,48.5115847658387,0.000746823861122908
"COLO 679.1",0.0877358043804792,NA,3.4542840977335,66.2467384674466,0.0020769496067474
"769-P.1",0.145792124327976,NA,1.71870232894246,51.9657113337483,0.00156078160003847
"GI-1.1",0.224128050784137,0.00448467506455278,0.719686915601471,0,0.00448467506455278
"DOV13.1",0.168892703840299,0.00272227024510732,4,37.9575618635965,0.00190707310385133
"DB.1",0.307796894654304,0.00183726058071347,0.822201599153795,0,0.00183726058071347
"A-375.22",0.254450985605244,0.00193624087369571,1.45297653598604,30.8453950855938,0.00100039379842285
"A-375.23",0.239662380033711,0.00194571569142706,1.83185168847843,41.4733547449355,0.000740843984558919
"A-549.13",0.225314030632532,0.00465226339128846,0.690794269439305,0,0.00465226339128846
"A-549.14",0.244952920886962,0.00228926378738365,1.33806200438102,32.4986540533845,0.00104467276162007
"A-549.15",0.25264306883646,0.00145148206530303,2.45226656511065,32.2797801503916,0.000950831825593037
"C32 [Human melanoma].23",0.0477103100769474,0.049681499331277,0.832532460904698,0,0.049681499331277
"C32 [Human melanoma].24",0.0647447009438217,NA,4,68.3639622465904,0.00304349818401266
"C32 [Human melanoma].25",0.0503975580002752,0.03851070632234,0.893533900405011,0,0.03851070632234
"HCT 15.18",0.0706824608859796,NA,4,57.387940574851,0.00398511536451939
"HCT 15.19",0.116090019040919,0.00942728897580618,1.0646451837273,0,0.00942728897580618
"HCT 15.20",0.0519012186924139,NA,4,56.4714472532202,0.00553779082910785
"HT-29.22",0.223610888386185,0.00230226521495758,2.22720367309136,19.6472656929029,0.00184003484540246
"HT-29.23",0.244421578417661,0.00196939747903737,1.70435774496155,27.3219333402968,0.00123842865513935
"HT-29.24",0.211735965803946,0.00201910243805325,3.40170752663656,30.2226005021948,0.00153725881530436
"MHH-ES-1.23",0.209333601747662,0.00530107839714155,0.95240559846514,34.3323297159999,0.00156752350111067
"MHH-ES-1.24",0.182061446625888,0.00224788643541919,4,43.7256034042405,0.00133790370724294
"MHH-ES-1.25",0.145718599024548,0.00504720633434168,2.60942288148252,45.7624780686399,0.00196013801434915
"PC-14.24",0.146051077150427,0.00445716265226232,2.43721674447248,19.7327494883947,0.00362755000982056
"PC-14.25",0.17957863180437,0.00322851701095355,2.46683329619149,23.0460729935116,0.00251316333735778
"PC-14.26",0.157095777976431,0.0044258849236032,1.86331825464948,22.5501232800245,0.00320799398425942
"SNU-C2B.22",0.0624180111186084,NA,4,60.2128539065682,0.00424364595734164
"SNU-C2B.23",0.0668748071962422,NA,4,60.9768844567896,0.00383521988120101
"SNU-C2B.24",0.0594089429176405,NA,4,73.8339156577952,0.00260633469288967
"SW620.23",0.0840975949849382,NA,1.70107169100019,62.6966113180288,0.00275001335880438
"SW620.24",0.0629313442567425,NA,2.57495028339621,66.5318673028453,0.00345868212455331
"SW620.25",0.0989572791560467,NA,1.93634597316661,58.2163774553637,0.00248946477086918
"U2OS.22",0.105726095944148,NA,1.96078441104227,54.0691482684939,0.00260872428294534
"U2OS.23",0.124917211138533,0.01153446606518,1.17677105597536,35.7839139105377,0.00396145357792155
"U2OS.24",0.171332034477323,0.0182070711080779,0.487889620521983,0,0.0182070711080779
"MFM-223.15",0.0531518176580954,0.0156304394313874,1.47564793519494,0,0.0156304394313874
"MFM-223.16",0.048688134907187,NA,4,66.2409443334685,0.0046378204438572
"MFM-223.17",0.059190182640643,NA,3.91875534105729,55.6091260892203,0.00501148558136132
"A-375.24",0.247439196589019,0.00199762032345522,1.58274867468953,39.4136757165928,0.000749082158945215
"ES7.1",0.29424618057804,0.00109272504053192,3.76435538805649,21.386565081508,0.000942144241736962
"HLE.2",0.0987458696970637,0.0115682714258391,1.07780459564491,0,0.0115682714258391
"Kelly.1",0.206153392514996,0.00351052941923904,1.22999752007175,0,0.00351052941923904
"KINGS-1.1",0.0290733448130277,NA,1.74633605512941,56.6007108762392,0.0110331472306317
"KP-3.1",0.0760588305866439,0.0324726228830904,0.751398237925347,0,0.0324726228830904
"MKN1.1",0.115421979483667,NA,1.40453376557149,52.7901847733201,0.00247507425103218
"SJNB-13.1",0.305482426472027,0.00110653414026525,4,16.3961700362101,0.00100188877632776
"SJNB-7.1",0.0651266005233879,NA,4,81.0034546012375,0.00117083329157164
"NCI-H1993.1",0.205733331819389,0.00874393191009663,0.538298244033957,0,0.00874393191009663
"NY.1",0.201476197640979,0.00373524839380112,1.17382240503557,0,0.00373524839380112
"BxPC-3.1",0.100592361054556,0.0181852113432621,1.23116770465199,40.0549651668516,0.00489829331313907
"CPC-N.1",0.191561303871317,0.00208135639984414,4,39.1702592812445,0.00141990231225157
"GaMG.1",0.22081308936742,0.00266524908777363,1.96724030967731,7.40689010263997,0.00245664674025424
"L-540.1",0.0904376861754172,NA,4,54.8721180275181,0.00313454829005022
"LCLC-103H.1",0.139902145138058,0.0145776640020626,2.25667774159204,49.5237751029234,0.0018537607060643
"Loucy.1",0.153312817951963,0.00404492025202981,4,11.3780405209457,0.00379206731865521
"MOLT-4.2",0.169556230484201,0.00301144297623062,4,28.2050911876079,0.00244692640175351
"Mo.1",0.0402579462156708,NA,4,63.483207175697,0.00590867022854633
"NALM-6.1",0.197180472912146,0.00293919077244643,4,9.11198277722651,0.00279501592791971
"Namalwa.1",0.251878463810175,0.00199337568323694,1.93772616422874,13.2437181695532,0.00170067971727989
"NOMO-1.1",0.143174679270155,0.00430798161825507,3.75733818788093,15.0177402627115,0.0039173170712986
"OPM-2.1",0.0863465095217259,0.0109257543532993,4,49.2115114477383,0.00387175420711914
"A4/Fukuda.1",0.216441966652937,0.00241593048422565,4,13.0592931052688,0.00223984637950458
"ACHN.1",0.148430329950255,0.0445259337273678,0.419364510678709,0,0.0445259337273678
"BE-13.1",0.212535142239355,0.001787953195972,3.30484831222421,38.6961459280001,0.00114015363749791
"BT-483.1",0.0489530606822041,NA,4,94.6898916965576,2.08036158678488e-05
"CAL-62.1",0.281442910849785,0.00278351301737366,1.06665364789098,43.8033870333922,0.000393045858659057
"CAL-85-1.2",0.116654725914141,NA,1.52206859712753,53.9977683580821,0.00227333812610455
"CHL-1.1",0.181649764139753,0.00291779920448098,2.52163934980867,37.1160878019732,0.00170415081948959
"COLO 668.1",0.0593423075392163,NA,4,85.8597861345536,0.000688645155872099
"ES8.1",0.37641167784629,0.000757943175353318,2.14677872420934,10.9091594465275,0.000675839297573399
"JHU-022.1",0.142313926144189,NA,3.15504113342835,69.1530452764711,0.000516363816882944
"JVM-3.1",0.345110625006783,0.00104830888813471,4,4.79256694568912,0.00102223142771998
"L-1236.1",0.0381749057197861,NA,4,82.7459216620696,0.00271298138369083
"LAMA-84.1",0.146280107360626,NA,4,54.1329852336444,0.00138112334795104
"LC4-1.1",0.141745998301087,0.00432053351414794,3.06140032985597,22.7550023553195,0.0035432827023713
"LoVo.1",0.135313213927465,NA,4,53.5356945756365,0.00167244680575904
"M059J.1",0.220661165412971,0.00229129449169194,1.87920837076013,37.1323285886988,0.00111275853009949
"MFE-280.1",0,NA,0.111608157690752,100,0.000147335303589859
"MIA PaCa-2.1",0.136637220331249,NA,1.26258882325041,59.9739072649281,0.00122958362597789
"OCUB-M.1",0.199341119481441,0.00602434727938681,0.70466057420729,0,0.00602434727938681
"COLO 320HSR.1",0.138295816502968,0.00588371580122826,2.05254143134664,41.4535881922908,0.00248815767090314
"CaR-1.2",0.137223957456814,NA,1.13837081859824,59.4187817672403,0.00128275709811194
"BICR 78.1",0.106529070562619,NA,2.73365679407759,66.4638476737376,0.00139448589300304
"NCI-H1435.1",0,NA,0.999417524839452,100,0.000247662743726575
"IHH-4.1",0.178871446705683,0.00236640452501868,4,45.5430766140199,0.00129302010640549
"EFO-21.1",0.131880140523156,NA,0.678209185250453,60.8537408499436,0.001603183634961
"IA-LM.1",0.0165447638195863,NA,4,94.090297849766,0.00180777135410269
"KALS-1.1",0.134424341797935,NA,2.2515961823377,59.3958504610873,0.00127327255117769
"KS-1 [Human glioblastoma].1",0.0473864721715548,0.0437375257601972,0.876841382807724,0,0.0437375257601972
"NCI-H2818.1",0.0658140622779199,NA,4,84.3097929016477,0.000689649649578882
"Kuramochi.1",0.0196524918380309,NA,4,90.820606524773,0.00285083194392163
"HOS.1",0.201634181395062,0.00269197940860325,2.46154563140592,20.8982209969053,0.00216064173122994
"WM1552C.1",0.128379738036018,NA,3.83508505013941,56.9329506086114,0.00159493212752855
"JHH-2.1",0.0462299436455302,NA,4,75.1660611535052,0.00346034530157087
"NCI-H2461.1",0.08537098450647,NA,1.1696997865461,72.6325033804715,0.00155186322581243
"VAL.1",0.112026129606133,0.00549454588592542,4,16.9112738550673,0.0049557491540546
"BL-41.1",0.231543588016868,0.00252646489323595,4,0,0.00252646489323595
"TE-5.1",0.109775269425002,NA,1.70889543859135,50.2250698430751,0.00285005056413289
"GCIY.1",0.0339910065877399,NA,4,81.9143336165852,0.00341762716787174
"TGW.1",0.110742027688666,0.00542773000157847,4,44.0343945414101,0.00318999033067447
"HAL-01.1",0,NA,1,100,0.00395319418089817
"L-363.1",0.130407086345415,0.00482902304800605,4,12.0598295910131,0.00450704190923501
"BT-20.2",0.0747160229605975,0.0161759734090034,1.08614597564966,0,0.0161759734090034
"CAL-148",0.203527100604783,0.00216451905267992,3.34803640653788,30.8776863228396,0.00162436076902645
"HCC2157.2",0.244982980428187,0.00240989052032901,1.25901286964539,14.0096703663163,0.00185604151591243
"T-47D.3",0.162869917602467,0.0340029547567047,0.745220328872128,43.1937292150973,0.00234079113710558
"D-263MG.1",0.269156421335164,0.00170058033103834,1.48061402775374,25.0779079293495,0.00106259397899306
"HCC38.1",0.104227038661412,0.0186181091333376,0.8125,11.875,0.0133352143216332
"HDLM-2.1",0.0883473004880532,NA,4,57.4330326788367,0.00298306137109713
"Lu-165.1",0.0253238300410678,NA,4,89.0231191299363,0.0025412276431702
"ME-1 [Human leukemia].1",0.0212819878914653,NA,4,90.57917710214,0.0026270127809257
"MN-60.1",0.114645979795287,0.805479469727204,0.284119082658144,0,0.805479469727204
"NB69.1",0.193717088203697,0.00250017959614173,3.7646178347928,25.7345737645133,0.0020633255972361
"NCI-H1792.1",0.236344706175854,0.00306286975196299,0.977155231306578,0,0.00306286975196299
"NCI-H2023.1",0.197357646976581,0.00366829436453914,1.38333256038691,31.3121921407763,0.0018009088534673
"NCI-H28.1",0.103530304144476,NA,0,79.2939391711048,4.18684811352746e-05
"NCI-H841.2",0.167128649254276,0.00288354203019631,4,47.1790912336947,0.00140533882649846
"OV-90.1",0.0851205977814384,NA,1.10511547762942,75.1843135221664,0.00124478783088568
"OVCAR-5.1",0.0967673377755976,NA,2.65333362740571,61.9069789876571,0.00216992383828535
"PL18 [Human pancreatic adenocarcinoma].1",0.095465039356039,NA,4,69.1591641919185,0.00147359700332156
"SK-HEP-1.1",0.196381148544974,0.161029062200653,0.246482259956998,0,0.161029062200653
"SKN.1",0.099317618477173,0.0133791743743499,0.96175894218971,0,0.0133791743743499
"SK-UT-1.1",0.0972077906822706,NA,4,57.1708835077598,0.00260775990669348
"SN12C.1",0.0867967962123678,0.0278188948537856,0.732261603552283,0,0.0278188948537856
"SW1710.1",0.198647981305089,0.00187797084658314,4,40.8853787511865,0.00122710295405631
"SW684.1",0.0310157633929085,NA,4,91.7069678599241,0.000944072857251133
"SW982.1",0.242628492108562,0.00342813318996536,0.780394005555988,0,0.00342813318996536
"MG-63.1",0.221436105653899,0.00309733610344981,1.20300358527588,23.5311781173787,0.0018254372716553
"RKO.2",0.160115308863017,0.00400111522252979,2.20336333292126,23.8025206396429,0.00298387170684547
"AU565.3",0.238063731196137,0.00243721984583534,1.45302450530182,10.900677293763,0.00205774861751441
"AU565.4",0.245000191485783,0.00209321839974956,1.72955385362431,16.7652380105327,0.00165294265984291
"AU565.5",0.247390810676848,0.00201505206287179,1.93776678368931,15.2291428792441,0.00167061258297369
"BT-474.6",0.0900915442384438,0.0365956925529577,0.641878123918186,0,0.0365956925529577
"BT-474.7",0.091252760470105,0.0232908318773542,0.760529258412597,0,0.0232908318773542
"BT-474.8",0.129156942654153,0.0319857723907149,0.516724964214399,0,0.0319857723907149
"CAL-85-1.3",0.133891235899333,NA,0.192144516566219,52.044953031068,0.0643525772066019
"CAL-85-1.4",0.102699547044119,86.9654126322147,0.180187021245088,0,86.9654126322147
"CAL-85-1.5",0.106916237806594,NA,0.276567896102288,72.0849341335026,0.00248812195967262
"HCC1937.4",0.141772003500735,0.194809118224369,0.311666147213417,0,0.194809118224369
"HCC1937.5",0.103539408947772,47689.466938604,0.117085920599107,0,47689.466938604
"HCC1937.6",0.0937189936138399,0.123770626732874,0.447183652456566,0,0.123770626732874
"MFM-223.18",0.155890556206595,NA,0.514789617527823,53.1509210575114,0.00209106922336012
"MFM-223.19",0.117536101583324,0.0316763815796983,0.558031545419564,0,0.0316763815796983
"MFM-223.20",0.130814592881553,NA,0.73019779541105,56.4260345648376,0.00210175527636969
"DMS 114.1",0.139813929535772,NA,1.23970760873379,68.7297899214796,0.000575802422041508
"MDA-MB-157.2",0.076438862002057,0.0150634351493503,1.12400220034513,0,0.0150634351493503
"MDA-MB-436.2",0.0437451445374644,0.0328821075597756,1.2520157468629,28.7397449092715,0.0166079789055113
"NCI-H1666.1",0.135560359245358,0.0405022005697331,0.46352993672794,0,0.0405022005697331
"OCI-AML-3.1",0.221133573748038,0.00249415002686014,4,7.62357809026273,0.00239310163385909
"RPMI-8402",0.232326240038519,0.00226637896529343,2.76493190512813,10.7133850374079,0.00207709437433733
"SR.2",0.228621601779773,0.00207378949958456,4,16.8548069458923,0.00187123058906895
"SW13.1",0.220106382778078,0.00209428201872933,3.08123935175369,23.9281400901533,0.0016953312439796
"CAL-54.1",0.260146187557074,0.00532266682671944,0.483209173104281,0,0.00532266682671944
"CML-T1.1",0.164275826545252,0.0035854358633093,3.54622356855101,17.1417456879781,0.00318513587785588
"EW-7.1",0.148071840336878,NA,4,59.0240069624617,0.0010301736548561
"HMV-II.1",0.153989761688592,NA,2.24405944437994,59.7996179971892,0.000887828337238578
"IST-Mes1.1",0.0640483904255401,NA,4,79.3572477191789,0.00146618836033342
"KP-4.1",0.2205409084975,0.00232767321051494,1.94941695879263,27.1865427712348,0.00155636455170899
"LS1034.1",0.0240007758212361,NA,4,89.0965429434674,0.00273430090034202
"MDA-MB-453.1",0.123321105572467,NA,4,54.151825814566,0.00195031371263542
"MKN28.1",0.129712666841676,NA,2.54617585623092,52.169173523822,0.00192687487502392
"MPP 89.1",0.132631618768095,0.0368308083982832,0.485148608575418,0,0.0368308083982832
"MRK-nu-1.1",0.163519455672845,0.00348161315793278,4,19.4632241676128,0.00307782419366498
"SJNB-10.1",0.198174722694327,0.00209536077857411,4,33.8056019197036,0.00158072933152602
"NCI-H226.1",0.0441781027586947,NA,2.84443223081629,79.2476831168212,0.00288840637543393
"NCI-H520.1",0.164434485472368,0.0148575602451707,0.551781065531942,0,0.0148575602451707
"OVMIU.1",0.110223892293498,0.0182014951254903,0.735277020783526,0,0.0182014951254903
"PEO1.1",0.0582144524007419,0.0235857411797662,1.35363061344949,33.1764353564304,0.0105482519434123
"RKN.1",0.0346809332047275,NA,4,84.2843268595938,0.00272378559135429
"RT-112.1",0.240787020756633,0.00345655384269382,0.788480960004674,0,0.00345655384269382
"SK-LU-1.1",0.0420746715798615,NA,4,72.7694890539905,0.00431456204592695
"Ku812.1",0.245027620755686,0.00189377198917742,2.46835876851057,18.5088036741567,0.00157031163394853
"BC-1.1",0.230582430360454,0.00241485229676004,4,4.52098374246814,0.00235830969790678
"D-392MG.1",0.110894992222407,0.0920279468570116,0.432106484813753,0,0.0920279468570116
"EB3 [Human Burkitt lymphoma].1",0.106496109454946,NA,4,59.2054945569592,0.00206008298475246
"GAK.1",0.0702372058680549,NA,4,61.1166975258769,0.0035957086130919
"NCI-H2731.1",0.109939346088426,NA,0.843704271859047,57.5364667683769,0.00276714360697819
"HARA [Human squamous cell lung carcinoma].1",0.348085730862765,0.000846038681598172,1.69748196746615,19.5193212223907,0.000632068589709291
"HCC44.1",0.168574731344872,0.00393042379398722,1.95609841296737,17.1933615543793,0.00316870330082672
"H-EMC-SS.1",0.00641527488935083,NA,4,94.4332067831121,0.00569906617974264
"HSC-2.1",0.290194240900361,0.00179342907731119,1.02266896428951,22.4732884945457,0.00100049386756961
"KYSE-220.1",0.36756942045084,0.00062927886849766,2.10834545710439,22.3697048341971,0.000474973515229487
"LK-2.1",0.167875395489635,0.00335574755896157,2.58264923995524,35.7650009859017,0.00206313893880837
"Lu-65.1",0.0790548243545903,0.00803590774582213,4,43.9197940167823,0.00474539113181644
"MDA-MB-231.1",0.206887769243043,NA,2.49933660949169,60.9398991968264,0.000322108648282279
"MEG-01.1",0.161088382014061,0.00322801361668849,4,29.3976945617375,0.00258625779308703
"ML-2.1",0.191294808271222,0.00321832091958843,3.15797358892902,5.42393092033318,0.00310340270467354
"NCI-H1355.1",0.0835339628361381,NA,4,53.2081443129083,0.00364896010077821
"NCI-H358.1",0.141625081468038,0.0131300627827058,0.682740044206464,0,0.0131300627827058
"NKM-1",0.180866658478192,0.00341069361741991,4,6.34749823707992,0.00329687508145093
"SNU-423.1",0.143406073236782,NA,1.23878756235127,52.5139565224895,0.00165045953065539
"DoTc2 4510.1",0.111286369449815,1.04485641146556,0.278536266020329,0,1.04485641146556
"DSH1.1",0.0630035917979695,NA,4,84.8787752053915,0.000703131267153099
"ESS-1.1",0.155182454279392,0.00376975497254691,3.74331050118998,19.6356897596869,0.00329950008247337
"HH [Human lymphoma].1",0,NA,0,100,0.0811951388416637
"Karpas-1106P.1",0.0944968530930976,NA,4,54.4764704669845,0.00298246030174231
"Karpas-620.1",0.151242661529427,0.00360549924109428,4,27.8125,0.00294272717620928
"KATO III.1",0.0671868408919108,NA,4,69.9975661314195,0.00266299753968897
"MDA-MB-468.1",0.208886802016582,0.00258701158750319,1.91877133827574,38.3722226856763,0.00120963152066666
"MS-1 [Human lung carcinoma].1",0.102783136976702,NA,4,62.1118331403211,0.0019195149859244
"NCI-H522.1",0.114024017708163,0.0107802367605886,0.973042917551788,0,0.0107802367605886
"NCI-H929.1",0.116919514185581,0.00489788817088447,4,34.0134931711025,0.00368302577620683
"P31/FUJ",0.134292938303582,0.00481496781584244,4,6.79705234356391,0.00464225756062899
"Panc 03.27",0.0819506319085037,NA,3.13360686691306,67.1061304625234,0.00223969915944383
"KTCTL-195.1",0.109884485827501,0.0158876291773551,2.36364077488418,49.1413609388835,0.00284617956678762
"WRO.1",0.0416175930947746,NA,4,76.4770140542748,0.00368979666152454
"SCC-9.1",0.0766684408976129,0.024320575516021,0.847397048301883,0,0.024320575516021
"SNU-C1.2",0,NA,1,100,0.00395319418089817
"HCT 116.1",0.238999540371023,0.00190076423886114,1.95649875956233,29.8242623690394,0.00119529817187657
"FLO-1.1",0.168949029536236,0.0045454440184382,1.40352992582546,10.5377031367883,0.00384008838268125
"JHH-7.1",0.0583329919980459,NA,4,65.8994471166347,0.00384352937804024
"TT",0.028579990651108,NA,4,91.5866290250319,0.00119647897390087
"NCI-H2087.1",0.0883586774663944,0.0115049306559059,1.92080920645469,40.5005670857669,0.0048459574580393
"SK-LMS-1.1",0.100459778260931,0.0124071575343412,1.1851788533944,24.3699572466892,0.0070598796039609
"HCC38.2",0.156381137712548,0.0726088247713597,0.354500810614635,0,0.0726088247713597
"MDA-MB-231.2",0.201938941990737,NA,4,62.1316458410986,0.000310184502143743
"MDA-MB-330.1",0.0526803191278748,0.523499574969755,0.448014090550313,0,0.523499574969755
"MDA-MB-453.2",0.169569774465042,NA,1.83516383343426,51.2704652902723,0.00112763545936397
"MRK-nu-1.2",0.246947566409418,0.00196797049730775,2.76006231805619,12.3714338675846,0.0017753765799086
"OCUB-M.2",0.291872525719864,0.00183778947448258,0.961253917175328,21.2650251984779,0.00103285689162061
"COLO 684.1",0.0785306998699248,NA,4,66.2575844123289,0.0025057103357237
"AMO1.1",0.353572814830755,0.000942854422684565,4,6.83266276286686,0.000908847373616174
"BFTC-905.1",0.309971729924431,0.00112163495152128,2.17720044969384,18.3633067683585,0.000908973652974053
"BICR 22.1",0.327383052904006,0.00100244706129576,2.76158912596794,14.6317598321605,0.000884332901406165
"Capan-1.1",0.108172601532839,0.00894767502311911,4,49.485435101543,0.00284988765736536
"DND-41.1",0.0242650557057624,NA,4,89.1615003236209,0.00266409639568671
"EW-22.1",0.175370377862571,NA,4,50.5353807642888,0.00107990654880032
"HPAF-II.1",0.0581172168682601,NA,4,69.8672017999529,0.0033027150811389
"IM-9.1",0.285093260242264,0.00162703109885995,4,4.53853868807049,0.00158878159759444
"Karpas-422.1",0.0274161884586398,NA,4,81.4900374951024,0.00451258050754618
"NCI-H3122.1",0.135603412690148,0.0103734881195148,0.820543903198101,0,0.0103734881195148
"NCI-H441.1",0.0504198107883129,0.0412889782001213,0.868357826767403,0,0.0412889782001213
"NCI-H82.1",0.166700306645719,0.00292664938052326,3.44326114495319,42.3202670970597,0.0016985413842962
"OCI-AML-2.1",0.158298509591889,0.00406520419324014,3.6906660933984,5.75425677316637,0.00393273897234833
"Reh.1",0.127699568237284,0.00497125814483084,4,10.5723772232476,0.00468461562542609
"SaOS-2.1",0.0434164693678726,NA,4,79.5678457701256,0.00288265432526814
"SBC-3.1",0.186359292981055,0.00327289291215855,1.93398574024492,25.3937598443574,0.00226837108963566
"SK-MEL-24.1",0.0689357893888662,NA,4,65.6261061028437,0.00313142402620509
"SK-PN-DW.1",0.259533739146508,0.00141669439508034,4,23.1590904272175,0.0012126430494223
"SUP-T1.1",0.129462980298012,NA,2.46376273151419,50.7530112077345,0.00204331932447912
"WIL2 NS.2",0.145799384783454,0.00373063029730892,3.67686929310825,33.0846227780333,0.00277823432954233
"A2780.1",0.200973370370353,0.0021971445013012,3.0891121097759,34.398171716579,0.00150703739387613
"EFM-19.1",0.113421589061956,0.00979464537904981,1.05464692330395,0,0.00979464537904981
"HCC202",0.0327374078717837,NA,0.080334983580968,92.944085056618,0.00238360211948965
"HCC70.1",0.226239950230028,0.0077793859174392,0.683962665384997,33.5809414152796,0.00152706448448281
"ZR-75-30.1",0.0613139639426227,60.1172110799764,0.236505950249915,0,60.1172110799764
"MDA-MB-175-VII.1",0.126169193055214,NA,1.13513634923085,68.2519099183032,0.000821105859330356
"C-33 A.1",0.166994163312592,0.00360393548733238,2.61627595270044,44.1421495152673,0.00158795841872806
"CCRF-CEM.1",0.165482231612816,0.00380412697780409,4,7.01715242728427,0.0036629947789875
"ECC10.1",0.263673950591784,0.0014515280405559,1.85718902021223,35.2957095559638,0.000750976371977897
"NCI-H2795.1",0.0897748429752259,0.0203577347122799,0.822802125576415,0,0.0203577347122799
"NCI-H3118.1",0.187298249173153,0.00433617891277844,1.12419514065645,0,0.00433617891277844
"KP-N-YN.1",0.134030016704381,0.0040047968360398,4,38.8607880959982,0.00275138651562667
"LOX-IMVI.1",0.297819903172751,0.000522214385290376,4,45.7296916404368,0.0002823066699072
"MKN45.1",0.160410484104556,0.00828513664334128,1.52080260407932,45.576143170568,0.00168186462786028
"SJNB-14.1",0.308607980151666,0.00101215307068078,4,19.0625,0.000897687132447314
"NCI-H1299.1",0.0887737214224522,NA,3.3112873478467,51.2701481217738,0.00356841467933848
"NCI-H1651.1",0.181768615000529,0.00364499135722298,1.71439555462039,21.2471414940153,0.00263959266823065
"Ramos.2G6.4C10.1",0.0530641798468104,0.00925173089551728,4,0,0.00925173089551728
"SH-4.1",0.107575164348832,NA,4,69.0902468732715,0.00112955494767525
"SNG-M.1",0.194383181452257,0.00351187211396629,1.62858787677866,0,0.00351187211396629
"SW1990",0.0860557995916263,NA,0.18907912165888,84.900748839263,8.46429195775517e-05
"T98G.1",0.127629684459163,NA,3.07489867054057,51.1587613217586,0.00205860785593699
"TE-8.1",0.283868895926109,0.00425537211177549,0.463510477607546,0,0.00425537211177549
"TK-10.1",0.11393876306644,NA,0.742089903637734,72.8719679674869,0.000756005185138193
"COR-L32",0.104245048261876,NA,4,68.7575786035049,0.0012473889801689
"COLO 680N.1",0.10521765109306,NA,0.34375,54.9999999999999,0.0177827941003892
"EoL-1.1",0.153147668942068,0.00410540015014594,4,9.43855386427702,0.0038962009723826
"LB831-BLC.1",0.135386656986927,NA,4,57.3962443132092,0.00139205472102383
"ONS-76.1",0.153662245925093,0.0120193640684299,1.23006771864112,44.4928980458122,0.00199997451767967
"Panc 10.05.1",0.079925100468495,0.0223060598854651,0.910439051305682,11.5708968068487,0.0167058403033712
"SF539.1",0.241943872226163,0.00262646149778219,1.20529428210075,33.1148852888507,0.00106710826926324
"SNU-387.1",0.121581445740465,0.00840275486098802,1.13581585889632,3.56775367973931,0.00787255632575278
"SW1271.1",0.120855682921074,NA,1.62081153357196,63.5000393062444,0.00128872885023385
"VM-CUB-1.1",0.231925203771109,0.00213928228194766,1.74143388462491,34.486921522432,0.00109244168275778
"EN.1",0.0409097490371454,NA,0.038801484809943,89.1439178045568,171.853267807015
"GR-ST.1",0.182100027522509,0.00710742322574928,1.89694000930995,48.5772840681762,0.00108841249205512
"KYAE-1.1",0.0295903300045668,NA,4,90.3002493772175,0.0015199005380812
"NCI-H1581.1",0.170740370212253,0.00534152698852756,1.33875467512475,34.8280179355775,0.00219175845845884
"OCUM-1.2",0.0569134739856556,NA,4,73.4022558750276,0.00285310352000207
"RF-48.1",0.146990473273397,0.00370524554495035,3.38701442221852,40.0350257966737,0.00230143918121597
"SAS.1",0.209325645786989,NA,4,60.9542563789864,0.00030812118280818
"SCC-4.1",0.0818913151319309,NA,4,50.5946659124552,0.00398846292248361
"VL51.1",0.106451943912672,0.00553367198993389,4,41.1433982031713,0.00358994414230235
"SW900.1",0.129016069196893,NA,1.8199997624618,61.3315740252785,0.0012578136014568
"LS180.1",0.0790837164653084,NA,4,56.2010628844541,0.00359758696260554
"NCI-N87.1",0.0298054926936424,NA,4,84.0991726510848,0.00342947633630169
"FU-OV-1",0.0596236659069122,NA,4,79.4993677423868,0.00167686141735287
"EW-3.1",0.124851796797971,0.00444520237916804,4,38.4968793311003,0.00307859780886164
"UACC-62.1",0.110722535713,NA,2.87387575626152,58.2506086648648,0.0020050794785221
"WIL2 NS.3",0.138729834034676,0.00400116276517576,4,30.049469004683,0.00318003816609375
"A-673.1",0.299653473142322,0.00125401646401637,2.57218882467432,15.2127316181477,0.00108906055601991
"VCaP.1",0.0752833478170132,NA,4,64.6418162419982,0.00287417226906786
"LS123.1",0.0891095190457914,0.582646530739416,0.344181596006105,0,0.582646530739416
"PSN1.1",0.0790650234203021,NA,4,66.2435911041244,0.00248007573629991
"CAL-72.1",0.195773019400322,NA,4,60.0498900085136,0.00042353658610174
"D283 Med.1",0.301286014562413,0.00137216942188688,1.44775608431195,17.6319907601592,0.00101615912155722
"HCC1395",0.112760374171433,0.0118110881489132,0.92160272174722,0,0.0118110881489132
"HO-1-N-1.1",0.31379551693679,0.00126926327683661,1.34416710268936,17.5284721666438,0.000920628618410652
"Karpas-299.1",0.187139034890297,0.00211463977733662,4,43.1766209109869,0.00128526822603466
"MLMA.1",0.100119946960123,0.00590749205792817,4,39.6634731536832,0.00398340353635941
"SNU-16",0.326038042214622,0.00116440251756691,2.61233828553146,7.60223412099633,0.00109316166336268
"PCI-30",0.0834867543313305,NA,4,77.3150175046896,0.000983827114677606
"RCM-1 [Human rectum adenocarcinoma].1",0.0919821984403077,NA,0,81.6035603119385,3.25118954573093e-05
"SK-N-AS.1",0.154647694341289,0.0129355155453759,0.626919708346218,0,0.0129355155453759
"SW1116.1",0.0307623452038704,NA,4,76.2614520490922,0.00514332041241197
"SW1417.1",0.0180600633936839,0.0157634376964011,3.15080260649034,0,0.0157634376964011
"VMRC-RCZ.1",0.0399285833452215,NA,4,79.9498339695846,0.0031620522808301
"BT-474.9",0.0798886688901301,0.0380772332566004,1.07805516730198,41.543644715329,0.00732417662195396
"BT-474.10",0.0808403030781684,0.0168032522935093,0.992744867955752,0,0.0168032522935093
"BT-474.11",0.0794641794125984,0.017280486759812,0.989385278898342,0,0.017280486759812
"CAL-85-1.6",0.168457056489792,NA,1.77052050700488,52.8884930069376,0.00105557262974788
"CAL-85-1.7",0.155608902512464,0.0557878146932723,1.06633446330629,48.8073386182667,0.00167886564103413
"CAL-85-1.8",0.178695812933567,0.0144674482811951,0.87925118894085,42.2551767160307,0.00173460542435886
"HCC1937.7",0.0642062287320471,NA,0.634638156861113,65.1486411125538,0.00842675336003945
"HCC1937.8",0.0996300569074147,8.68508154270971,0.273271531091662,27.2782655009796,0.484548614819711
"HCC1937.9",0.0661599527734804,NA,4,83.5122264401525,0.000774423158780995
"MFM-223.21",0.134562089179741,0.010610553143004,0.812529787823357,0,0.010610553143004
"MFM-223.22",0.127427690981277,0.0330822227209818,0.98430704452902,45.0666145788883,0.00314581880392385
"MFM-223.23",0.113607299877702,NA,1.54216843801182,50.5241219092248,0.00269711481926906
"MDA-MB-415.1",0.120361309774544,NA,1.17961495094193,61.6483272700173,0.00151444936805779
"AU565.6",0.157337472279487,0.00407542558857479,2.19137996821371,33.7399471630868,0.00244090894650799
"AU565.7",0.166093596546936,0.0035951059424836,2.33998635272306,36.8837911859094,0.00202932007296507
"AU565.8",0.192523042942837,0.00299819342125743,2.04368409400829,40.3062226820903,0.00134349428142052
"A-375.25",0.211255327394748,0.00265617610358912,1.75767018673338,30.1195133982598,0.00157171557483115
"A-375.26",0.191611536161928,0.0020005532403861,4,44.678022266788,0.00114268328828486
"A-549.16",0.243000982216082,0.00165834871247134,2.09150661388692,41.630215856676,0.000705552236427075
"A-549.17",0.200189987405979,0.0018017319293945,4,45.2690054729479,0.000999276755563485
"A-549.18",0.223898496675987,NA,1.30758931849919,55.0787680318616,0.000399810841304116
"HCT 15.21",0.108664843803675,NA,4,52.8198419214564,0.00254796315236377
"HCT 15.22",0.0690036295790081,NA,1.64275120757853,75.6102614164211,0.00181561006447224
"HCT 15.23",0.130260430088061,NA,0.944746444201683,52.9979963031831,0.00220658306004079
"HT-29.25",0.205607745767,0.00228442415028715,2.64178825687278,31.9352686434235,0.00155386543569005
"HT-29.26",0.178579782173308,0.00279629772210945,3.33927740692636,31.0282478608378,0.0020919407838728
"HT-29.27",0.255406067016527,0.00138266920968396,3.38386026949896,27.7177777146194,0.00108889801313341
"PC-14.27",0.129023370454858,0.00696508399695086,1.36897469531359,15.9846435787658,0.00525680391652708
"PC-14.28",0.199845986855671,0.00255399958277596,2.38024841700282,30.6693475167691,0.00171326952122448
"PC-14.29",0.150013929578221,0.00501112617561017,1.82135489255319,33.7691155123363,0.00270183132903641
"SNU-C2B.25",0.104423141989564,0.0267340891139078,0.650670337178378,0,0.0267340891139078
"SNU-C2B.26",0.136062561958362,0.0100746842178676,0.83345626306724,0,0.0100746842178676
"SNU-C2B.27",0.111257291919434,0.0119766964829838,0.925724812126239,0,0.0119766964829838
"SW620.26",0.202745708632147,0.0105688808890333,0.501792326531436,0,0.0105688808890333
"SW620.27",0.13067447420753,NA,2.55275728803621,53.5644336476044,0.00179447684747255
"SW620.28",0.145544744006722,0.010498622218157,0.7503947519955,0,0.010498622218157
"U2OS.25",0.0960320549388158,0.0364398460681995,2.73384897053352,49.9262722567963,0.00335672801861053
"U2OS.26",0.0883447995989763,NA,2.24215706570566,54.2381038737904,0.00337123852592064
"U2OS.27",0.0792082984508815,NA,2.29326546355963,59.8854464380845,0.00325892431251882
"EFM-19.2",0.0622972302264768,0.00996512111025644,4,43.9945629886536,0.00586646162606525
"IST-MEL1",0.0775175775313322,NA,2.33188975036219,76.3215973264945,0.00130559540209836
"IST-SL2.1",0.153945128163699,0.00399319662751886,2.46478072798441,32.8803726161473,0.00258505592259929
"NCI-H810.1",0.11884851526526,NA,2.563600821891,53.3862779959571,0.00215743978611842
"SW1088.1",0.256636894590728,0.00373514153212089,0.630475856077174,0,0.00373514153212089
"SW1116.2",0.0275450865093955,NA,4,82.4435662929258,0.00424320927013541
"SW837.1",0.0793899428092971,NA,0.632459723477494,83.1973465220395,0.000501850043817971
"TC-YIK.1",0.290522118770457,0.00148963250978967,2.51296769478529,9.17493669808791,0.00137417998514394
"TE-9.1",0.191630207731879,0.00757871497489784,1.71959817982691,48.5690101735442,0.000959619379544465
"YAPC.1",0.0701468092085918,NA,1.12167758455679,77.9181042422523,0.00150160029813944
"HCC1395.1",0.159140560695999,0.010108603298716,0.688176075966005,0,0.010108603298716
"HCC2218",0.0587253075237999,NA,4,91.6132645507025,9.75038060026085e-05
"MDA-MB-415.2",0.109184211693061,0.0184034919611301,0.735234249316592,0,0.0184034919611301
"MDA-MB-468.2",0.237916298779661,0.00330505533523752,0.875263331121525,11.2661385564588,0.00246886738793591
"CGTH-W-1",0.0666306705967282,NA,4,69.3625107064322,0.0027847380393884
"EB2.1",0.164327739460503,NA,2.5521230600525,54.437422093968,0.00103584328529225
"NCI-H1755.1",0.211469140560416,NA,1.15323339606067,50.6490159658737,0.000660886396648838
"RPMI-6666.1",0.200645512552666,0.00252048517424562,3.66926849725025,20.6768126592831,0.00217932506085927
"SK-GT-4.1",0.171063856815228,NA,3.83501629832303,60.5682560562897,0.000624514163168343
"ST486.2",0.213086061883226,0.00259776303708082,3.25919967274511,10.5319571669235,0.00241591271235295
"SU-DHL-6.1",0.224629373485824,0.00261305957856091,3.34925468877926,1.5642637299609,0.00258837840905375
"WSU-NHL.1",0.186652210035699,0.00384408681906518,1.47242696583218,0,0.00384408681906518
"YH-13.1",0.223288518466184,0.00242677643441949,2.22707817830822,14.1864007550642,0.0020890895130344
"A-375.27",0.240543744285832,0.00848697058524243,0.436066319583139,0,0.00848697058524243
"A-549.19",0.355848084416469,0.00051673079262439,2.89575216750848,29.7276938303721,0.000378329805394969
"A-549.20",0.413298371721529,0.000642352463605931,0.877115906834788,17.3655583034427,0.000394929777553586
"A-549.21",0.303344222342072,0.00175037611568536,0.906144026151466,14.7776912105136,0.00118910355721538
"C32 [Human melanoma].26",0.0419203633765905,NA,4,82.5164612583683,0.00238669907484042
"C32 [Human melanoma].27",0.0442166853771768,NA,4,81.7608218539011,0.00234324982343211
"C32 [Human melanoma].28",0.0565028417565294,NA,3.81873318891457,76.3664258613838,0.00239848145262379
"HT-29.28",0.206393194554934,0.00219707088601889,2.67785096868022,34.5614278743698,0.00141663293383557
"HT-29.29",0.178020523848275,0.00241499022433645,4,39.6885078027708,0.0016274335145391
"HT-29.30",0.247173794303634,0.0016855835655844,2.09465178511466,30.4428456657106,0.00107678440071301
"MFM-223.24",0.082772193732184,0.0224467913950117,0.833721368036205,0,0.0224467913950117
"MFM-223.25",0.0607290094063542,0.0220209053282855,1.04770151726401,0,0.0220209053282855
"MFM-223.26",0.0620083213590504,NA,1.79719226163008,58.0377530166328,0.00496218143619385
"MHH-ES-1.26",0.103109711290643,0.00827481509316242,4,49.0222695837184,0.00309435814670558
"MHH-ES-1.27",0.118970349038836,0.0099127393031241,1.60898616503572,41.5670083889167,0.00327924738064941
"MHH-ES-1.28",0.11063546109687,0.00792998187487349,3.21756127674708,48.0870123388976,0.00287604983927651
"PC-14.30",0.148700218953951,0.00416869896582559,2.59306304529963,27.2556165281481,0.00307661549761715
"PC-14.31",0.140731451032557,0.00427074280880093,2.97116389578942,29.7482453629567,0.00315063310751825
"PC-14.32",0.126052861268292,0.00449601465252512,4,31.8108899070137,0.003491709300939
"SNU-C2B.28",0.068828848647599,NA,4,52.2626720854243,0.00463912610431829
"SNU-C2B.29",0.0749046359582024,NA,4,60.4606145150764,0.00338224052728564
"SNU-C2B.30",0.0806667378242473,0.0109503953467782,4,48.9030938381475,0.00421434093833367
"SW620.29",0.145550878374743,0.00639944385086242,1.68313430236803,40.435729378654,0.0023953452583624
"SW620.30",0.180562940260056,0.00936944127758292,0.616808266586807,0,0.00936944127758292
"SW620.31",0.114106084560106,0.00536227307532936,4,45.3964129751534,0.00295379611558973
"U2OS.28",0.113302547019421,0.0111391675406494,1.61973312883048,42.5440101582814,0.00344037107209168
"U2OS.29",0.120719630480519,0.0189362791043721,1.10886009702745,41.971894683834,0.00363849756783013
"U2OS.30",0.0954303864870205,NA,2.12041494586197,66.6507582902014,0.0017443288400783
"A-375.28",0.209780209948395,0.00868557877623641,0.52580006615443,0,0.00868557877623641
"A-375.29",0.169026075615376,0.0108291597520084,1.25295373726768,45.66272744788,0.00153884375437238
"EW-24.1",0.0689519220355406,NA,1.96229293547987,66.0953786611488,0.0031722291793583
"COR-L88",0.033979992263701,NA,4,86.255152983787,0.00226685817788904
"Capan-2.1",0.0337443482071263,NA,4,87.3787005789536,0.00197222949751603
"SK-OV-3.1",0.100210960844836,NA,4,66.3463663729404,0.00159842547745828
"WM115.1",0.140848868651897,0.160558697462745,0.325471255636824,0,0.160558697462745
"YT",0.120447988348073,0.00498259912210683,4,22.3329977165491,0.00429738212020796
"VMRC-LCD.1",0.146780627779942,0.00385354541288632,3.1427822898065,35.9284280536636,0.00257428534816313
"UM-UC-3",0.0980838488163385,0.0113547110000676,1.10257158869514,0,0.0113547110000676
"KNS-62.1",0.20944174327728,2.42670481032585,0.47749891401579,48.7853833708183,0.00100877187275038
"HCC70.2",0.203711894871679,0.014049288358519,0.443599787878106,0,0.014049288358519
"CAMA-1.2",0.115412572955772,NA,2.35207079860936,51.7995367610451,0.00241240040163397
"TGBC1TKB",0.0607311297657235,0.0463517731818905,0.751546913830357,0,0.0463517731818905
"OE33.1",0.197938080250692,0.0149930833247928,0.44785046762869,0,0.0149930833247928
"NCI-H2342",0.0657772040917617,NA,0.117260827558597,86.924360613849,0.000355795404210135
"KYM-1.1",0.282560553065225,0.00133124792700313,2.68593258443448,19.4838384382311,0.00110769632849511
"MV4-11",0.25684147832437,0.00212096891363863,4,0,0.00212096891363863
"NCI-H1648",0.190980358470859,0.0034309836183615,1.64190825872447,18.4379547901651,0.00259255515506566
"NCI-H211.2",0.18302208813534,0.00289266540569806,4,20.9936110697276,0.00252452175252539
"Panc 02.03.1",0.15187434390655,0.0184936350930151,0.674438731838994,27.2321364507036,0.0057604484352716
"SK-MEL-2.1",0.107579264468082,0.0055049174193234,4,27.183790414101,0.00452448530169574
"SK-MM-2.1",0.0201131170088749,NA,0,95.977376598225,4.24583437535461e-05
"U-698-M.1",0.220177974703423,0.00277209085897777,2.25201673410019,0,0.00277209085897777
"NCI-H2085.1",0.060737528370591,NA,4,63.1701062928095,0.00401192484206269
"SNU-449.1",0.0857167020156724,NA,0,82.8566595968655,1e-06
"SK-MEL-1",0,NA,0,100,0.00381905967234232
"HT-1376",0.125127168621212,NA,0.205060079465855,69.1875539611704,0.00272324171503857
"MDA-MB-415.3",0.229861062699538,0.00810708574766562,0.476839451847393,0,0.00810708574766562
"NCI-H2066",0.118146225666815,NA,1.48679192322254,58.9877706586173,0.00177060534633005
"SK-CO-1.1",0.283309551662541,0.00179409077355964,1.17723223401469,14.3248534080627,0.00134682581791693
"SW1463.1",0.106305014594516,NA,1.27144748370895,63.1954224467262,0.00181118843297358
"COR-L105.1",0.107115258627655,NA,1.14738294576545,62.4453637551447,0.00191284016640018
"EW-11.1",0.149001510722299,0.00561857057320961,1.38087861320321,15.7514692605496,0.00427192188290081
"SW48.1",0.259831367616256,0.00158438284093716,2.00111648673367,26.8903777724499,0.00107737043664922
"ZR-75-30.2",0,NA,0,100,0.000318285053506239
"AU565.9",0.270824048729309,0.00149948416584392,3.31782610092735,16.1268686546611,0.00133343041946493
"AU565.10",0.269782114843906,0.00167089664175667,2.12631182305379,13.7654642907245,0.0014360834989002
"AU565.11",0.256073978026626,0.00170270419562339,2.59222755873643,18.1721175175065,0.00143042787945454
"BT-474.12",0.0435489849468163,0.0323791547171576,1.04321475351386,0,0.0323791547171576
"BT-474.13",0.0421230353710153,0.0208766580973428,1.37488913915436,0,0.0208766580973428
"BT-474.14",0.0468668907199748,0.0386570875058025,0.925752735376239,0,0.0386570875058025
"CAL-85-1.9",0.207978281210187,0.0053229278754274,0.855357165977134,26.4979480196318,0.00220213417740293
"CAL-85-1.10",0.205432021321104,0.00476736474069068,0.969489922087123,28.7641969406052,0.00197093926770746
"CAL-85-1.11",0.18607413915026,0.00675002851604215,1.129498692526,40.5974589120035,0.00153739781224179
"MFM-223.27",0.0982478136669406,0.022313997128839,0.732909885491418,0,0.022313997128839
"MFM-223.28",0.0815722107405374,0.0184245620193765,0.932777114623734,0,0.0184245620193765
"MFM-223.29",0.102775553453726,0.0199878073337631,0.743581042545691,0,0.0199878073337631
"HCC1937.10",0.049550931071261,0.0342020592024821,0.947422196101361,0,0.0342020592024821
"HCC1937.11",0.0834430812192151,NA,0.960108520982076,55.3514423553733,0.00485441989229989
"HCC1937.12",0.0836558747106056,NA,1.20557930273217,67.5410472346282,0.00231622146469896
"ME-180.1",0.173362755224863,0.0652679002346681,0.333296870096163,0,0.0652679002346681
"MSTO-211H.1",0,NA,-6.93889390390723e-18,79.6401551332022,1e-06
"NCI-H835",0.0794155940871496,NA,4,65.3550935896758,0.00256728146815742
"SW872.1",0.0838522999841333,0.016709701172679,0.969293506651925,0,0.016709701172679
"UACC-812",0.107096912388331,NA,1.20328895213727,65.7228235197538,0.00152361354830289
"HCC78.1",0.173057995998355,NA,0.850693833798571,60.079196011155,0.0006599190007236
"HuCC-T1.1",0.218874850257169,0.01057506258553,0.524715409052572,20.3140691337007,0.00391538178048998
"Ca Ski.1",0.227498115085584,0.0090463397590189,1.00691809810845,46.2113690992008,0.000697723857619632
"CCK-81.1",0.056052210907345,NA,4,71.5860326885059,0.00320341120865106
"COR-L88.1",0.0934173961367904,NA,0,81.3165207726419,0.000241715829035073
"CS-1 [Human chondrosarcoma].1",0.224948455819628,0.00689043230106511,0.535251145242277,0,0.00689043230106511
"G-292 clone A141B1.1",0.116199398687531,0.604066264124223,0.294294624055624,0,0.604066264124223
"K-562.1",0.138484682515335,0.00416458466654784,4,24.7932982971093,0.00350920064232023
"KYSE-270.1",0.0975833966516556,0.00635210976231252,4,43.7171498575846,0.00378194029262916
"NCI-H524.1",0.29689880815553,0.00113044814715256,4,18.6035873569216,0.00100630157488823
"U266B1.1",0.149350878588002,0.00355038072674443,4,31.7180130316256,0.00276082116065575
"MCF-7.2",0.23022549166453,0.0133490939830585,0.761477315597229,44.195442196487,0.000789426391919475
"Ca9-22.2",0.273322879937568,0.00178341884401287,1.44642989836463,15.0452388397205,0.00139242687590503
"CAL-148.1",0.178388600840126,0.00315280180281781,4,16.751561409266,0.00284706238027805
"SJNB-12",0.119107996098515,0.104195524079305,0.400535372480952,0,0.104195524079305
"SHP-77.1",0.145576673665913,0.00408619028547465,4,18.724935951259,0.00363392230648977
"SK-N-SH",0.0741482901007666,NA,4,68.9588182810821,0.00240159841198986
"T84.1",0.128206963480214,0.00564226595186774,3.43944100062235,47.7178022814367,0.0022997257414332
"KYSE-70.1",0.138068151322266,NA,0.306311279274073,56.0890465096954,0.00628567517695705
"Hs 766T",0.145669548297991,NA,0,70.8660903404017,6.87414111585115e-06
"SJSA-1",0.232016151327571,0.00514287393572668,0.632553981660337,8.13911898099928,0.00388348473286313
"MKN7",0.0475152484435409,NA,4,85.3074727948303,0.00133907887094398
"KYSE-450.1",0.200642298814342,0.00603173723848048,1.10090002546897,40.9568256766314,0.0012760239174796
"BT-549.1",0.14805664319571,NA,3.49651093789768,54.2821002269502,0.0013350238274786
"MFH-ino",0.163974972485237,192.521793521343,0.125998525006447,0,192.521793521343
"HSC-39",0.424116921877579,0.000530802571544306,3.27951972739287,9.01473252276815,0.000499580309100778
"NCI-H1703",0.171401628793461,0.00332994074255316,4,17.1124660143192,0.00299882989440835
"SW1783",0.250900161293879,0.0090001741418892,0.398467215171447,0,0.0090001741418892
"KGN",0.279167185134169,0.00304405827314024,0.684312394912296,20.8189846206509,0.00138578042441262
"MeWo.1",0.0547677423233601,NA,4,69.9536140702435,0.00355490268939889
"8305C.1",0.143012475107345,0.0393245093023128,0.447771575285936,0,0.0393245093023128
"KYSE-70.2",0.119731863176427,0.811607587801167,0.276363080347223,0,0.811607587801167
"SHP-77.2",0.149937514425319,0.00398039782653846,4,17.2845789268599,0.00357990999543992
"SKG-IIIa.1",0.113238063853551,NA,4,52.7686525399582,0.00238700528929393
"SK-N-FI",0.0160942436181393,NA,4,72.3207331755245,0.00884696591791334
"NCI-H64",0.0853584436513432,NA,4,54.0554411619195,0.00346926588936115
"NCI-H526.1",0.0876001669975333,NA,4,60.5770991749785,0.00269510911388678
"TGBC11TKB",0.137552174807993,0.00389115888607597,4,36.2600630338206,0.00281729710201361
"Fu97",0.190346168984913,1.42245137288713,0.181736282292778,0,1.42245137288713
"Hs 578T.1",0.340590621739973,0.00182809536774586,0.548620221772831,0,0.00182809536774586
"MeWo.2",0.0607964216499554,0.0389537799359016,0.801252795538726,0,0.0389537799359016
"A-549.22",0.34581221645057,0.000429107536709968,4,34.9496575855891,0.000317841232794169
"A-549.23",0.343489229126724,0.00145676679565733,0.70267839131349,13.7470387743192,0.000921900146482579
"A-549.24",0.309151646760526,0.00185592146611385,0.782889831549739,13.1291342439899,0.00125772973556419
"C32 [Human melanoma].29",0.136650100228995,NA,0.0236635405978947,72.6299730684807,0.000447411687284533
"C32 [Human melanoma].30",0.136039338453747,2938037.06696506,0.0834783584868399,4.30217632329811,999949.411850435
"C32 [Human melanoma].31",0.157864466646994,220579130122.975,0.0603097516200259,26.19320340158,1e+06
"HCT 15.24",0.0110535399731187,0.0161693686577847,4,0,0.0161693686577847
"HCT 15.25",0.104495813532102,0.0283277824502918,0.636085001940076,0,0.0283277824502918
"HCT 15.26",0.0579716575944329,0.0228879301085815,1.05718808959571,0,0.0228879301085815
"HT-29.31",0.190180313006924,0.00218717876002,4,36.6297356195582,0.00157281186745585
"HT-29.32",0.196277099699976,0.00203351697595418,4,37.0551074451125,0.00145054068245494
"HT-29.33",0.257665687475609,0.00472610008855965,0.528190897426113,0,0.00472610008855965
"MHH-ES-1.29",0.249289049017816,0.00236334308876396,1.20043183879842,26.4880476324092,0.00126054178449275
"MHH-ES-1.30",0.230319431677296,0.0021492818175329,1.77121626483152,35.2258939197027,0.0010798510758
"MHH-ES-1.31",0.215782965408542,0.00239457489757555,1.90030191726934,36.2167353609215,0.00121545666369181
"PC-14.33",0.183495744461857,0.00322988669676551,2.40210752911502,18.5835444561779,0.0026617814238069
"PC-14.34",0.175788585597298,0.00336993135861378,2.65484734556342,18.8475005914083,0.00281983759985988
"PC-14.35",0.18923759111064,0.00295639656167075,2.79678018575898,19.337260770764,0.00248217761490697
"SNU-C2B.31",0.142732326397531,0.0411296986250518,0.442754415004462,0,0.0411296986250518
"SNU-C2B.32",0.0839517414279328,NA,2.10737577906409,55.0721724628771,0.00355155226368929
"SNU-C2B.33",0.0792903754955084,NA,4,56.9799844186361,0.00350501610649598
"SW620.32",0.133682857057044,0.0115565495624855,1.70484892217125,46.890173317262,0.00226619343635147
"SW620.33",0.10007696797626,0.0156631356451253,0.86539923215643,0,0.0156631356451253
"SW620.34",0.162692728094378,0.0438710655980676,1.08942472231593,48.7193665816455,0.00151800766226786
"U2OS.31",0.138075343478655,0.0276222199736139,0.514762427041952,0,0.0276222199736139
"U2OS.32",0.106729519233322,0.0169850186983892,1.54439796473015,45.6248102601503,0.00350773560626276
"MFM-223.30",0.0673271629504417,NA,1.07440448537242,57.3816572252863,0.00591573123491973
"A-375.30",0.306624840504041,0.000952218080005098,1.8642510325281,32.5765499657199,0.000540940385569954
"A-375.31",0.275053430816137,0.00210647659553932,1.0232576404158,28.0305195089925,0.000943026928951293
"A-375.32",0.28287436203598,0.00152368457937196,1.35118973264566,35.5045038808308,0.000609427650035247
"Mono-Mac-6",0.384258348531971,0.00110872541205397,0.613363828878829,0,0.00110872541205397
"NTERA-2",0.399790462522894,0.00139491726348301,0.362818419865622,0,0.00139491726348301
"NTERA-2.1",0.380757549015255,0.00106654956003263,0.650349779355942,16.4977716448526,0.000576225063454564
"UACC-812.1",0.0462976842861401,NA,1.75685692040809,70.1300458830464,0.00470796692256227
"UACC-812.2",0.0813160369211174,NA,4,71.5932617095023,0.00173080023449121
"A101D.3",0.250804951546505,0.00190674007783711,1.73175696408127,43.6582220842755,0.000578708163805968
"A3/Kawakami.4",0.247266118142125,0.00205188402878428,4,7.59579403303926,0.0019690762946626
"ARH-77.2",0.343823348357826,0.000988961010827541,1.49284335069118,14.3520661345022,0.00078841063270078
"AsPC-1.2",0.0465330079561367,NA,4,78.8131750864648,0.00274357288513749
"BALL-1.2",0.234227176656615,0.00235820466037121,4,4.30361057245371,0.00230573538185172
"BB49-HNC.2",0.479769147773243,0.000397565010547792,0.886372985852403,9.71165956407408,0.000311597673347694
"SK-N-BE(2)-M17.3",0.283995626840982,0.00314861642482585,0.571721226935262,0,0.00314861642482585
"BT-474.15",0.0723696744571192,0.0987237292103709,0.545973338969227,0,0.0987237292103709
"CA46.2",0.163731508179625,0.00353580152279292,2.6705336794551,41.9072133181657,0.00178788822480423
"CAL-51.3",0.165500521383576,0.00519529534580655,1.693406594758,41.7216160092961,0.00179636792582093
"DBTRG-05MG.2",0.0205312592333862,NA,4,93.8486227521242,0.00124651213107285
"DG-75.2",0.252009033371297,0.00170826611221756,3.96875,16.875,0.00153992652605949
"DMS 53.2",0.127994376136809,346.396588373347,0.21875,40.3124999999999,0.191095297497044
"EC-GI-10.2",0.377738678279004,0.000728355821805014,1.9086208471186,13.1402077447327,0.000620819234811377
"ESO-51.2",0.190107544080388,0.00347822530061767,1.72997076441768,37.917043838877,0.00153045914172467
"NCI-H2591.2",0.0548361571472538,NA,0.41023415855965,77.8498129326827,0.0088240991144562
"HSC-3.2",0.289473026813232,0.0012671198618526,1.53425779587608,35.3948928613539,0.000568150543804478
"HuO-3N1.2",0.0894650123440974,NA,1.67534346052457,69.7916866404144,0.0016480903986828
"IGR-1.2",0.183587928163576,0.00920427886650816,0.744059152218585,26.3882731182604,0.0033578753312328
"IM95.2",0.120204782691504,25.1701882558084,0.184551841315989,0,25.1701882558084
"SiMa.2",0.183192060696874,0.00277486069512701,2.66900398370944,39.6814374154293,0.00153624223982275
"HEY.2",0.194159949429479,0.00512732616770723,1.3011977986621,41.530837729063,0.00130996715999253
"697.3",0.360480096917734,0.000991539833836777,3.08416346049864,2.35612042102444,0.000976142500878081
"A-375.33",0.216943966115416,0.00152688856534723,4,40.4522330773478,0.00100934652881562
"A-375.34",0.216105801214447,0.00171160094337197,3.15827488492342,44.7259038653128,0.000839678038909459
"A-375.35",0.203841210854749,0.00171862071931021,4,45.0274298974437,0.000965123233985267
"A-549.25",0.240227165458419,0.0016255298244371,2.38100017135093,34.4564057110197,0.000995138268877924
"A-549.26",0.21221796618674,0.00165981511762834,4,38.6758654029012,0.00114503423163253
"A-549.27",0.224082047283844,0.00133488251098285,3.99477399766591,45.5792062513643,0.000727329270513918
"C32 [Human melanoma].32",0.021281872545742,NA,4,91.7829676542363,0.00208959844011966
"C32 [Human melanoma].33",0.0309345237426189,NA,4,88.1274574976778,0.00206721330247788
"C32 [Human melanoma].34",0.0406437998639878,NA,4,87.522905499875,0.00131751634138952
"MFM-223.31",0.0475469661799723,NA,1.9633410218985,81.0850795569037,0.00224016928527959
"MHH-ES-1.32",0.183562683929209,0.00221426373883352,4,44.8395944848606,0.00125504068479114
"MHH-ES-1.33",0.185169603843159,0.00216506195257179,4,43.316938984417,0.00130909656571779
"MHH-ES-1.34",0.120308680719259,0.00492194049479537,4,45.1149311821424,0.00275176618370426
"PC-14.36",0.0433657631379227,0.0103112124598218,3.71815513250387,0,0.0103112124598218
"PC-14.37",0.120610942039971,0.00466539955827426,4,37.8125,0.00327812115139346
"PC-14.38",0.127065249501345,0.0043830604829683,4,34.9633217593792,0.00324580884367065
"SW620.35",0.086171347485462,NA,3.00713125840016,65.6656628426503,0.00221220031028811
"SW620.36",0.0866292361197638,NA,2.64637551891843,66.2308530655064,0.00213247155384056
"SW620.37",0.0896145396403506,NA,3.81700175855568,56.1259291085298,0.00305293507732805
"SNU-C2B.34",0.0552052343463052,NA,4,61.5002327680634,0.00466504276604315
"SNU-C2B.35",0.0712289946544034,NA,4,62.3035525411492,0.00339374485247474
"SNU-C2B.36",0.0662861429536094,NA,4,69.9228239648619,0.00272926901563766
"U2OS.33",0.0713795986927897,NA,2.66818264468865,74.0111333203265,0.00187950412401002
"U2OS.34",0,NA,0.596298596261429,100,0.0658466745167288
"HCT 15.27",0.055276039382585,NA,4,73.7449183664287,0.00292198508256954
"HCT 15.28",0.0612398724928424,NA,4,70.1002662340163,0.00304007093553199
"HT-29.34",0.166173754030081,0.00277181663998032,4,45.3632415716549,0.00152959203715665
"HT-29.35",0.159470194164712,0.00313435788881999,4,33.9529248113657,0.00235914728075062
"HT-29.36",0.141217673080436,0.00438481139249891,2.69109124530569,33.4342786119915,0.00290853253221718
"NCI-H727.1",0.0717399358230521,NA,4,77.6491527892754,0.0013617051625882
"NCI-H2009",0.233569632049417,0.00593703753781051,0.636041549022968,21.7394744248777,0.00242096599352469
"786-O.2",0.203372592616024,0.0019229859132289,4,35.7098995171764,0.00140602299155217
"ALL-PO.2",0.181267598586951,0.00227833080281537,4,42.316876896423,0.00142645714493614
"ASH-3.2",0.152220192054714,NA,1.95648574913637,64.7693175513201,0.000632924335126544
"ATN-1.2",0.266024121402138,0.00180368446472141,4,6.86380439290055,0.00173831518347996
"BICR 10.2",0.153691968952422,0.00569463185928464,1.63646067056542,38.6954945483555,0.0022955319425069
"CAL-27.2",0.250576397403299,0.0012989792066984,4,30.8993863673335,0.00102122521183248
"CAS-1.2",0.109233226599034,NA,1.25685395437872,79.9490289420881,0.000287780761970404
"CHSA8926.2",0.218343071742109,0.00197225623994543,2.41605532504211,40.2508584415001,0.00100252311397545
"CTV-1.2",0.213352125138776,0.00311975580303352,1.32488282288543,18.034975128493,0.0022257169243903
"EJM.2",0.168753864186889,0.00294950611133748,4,30.7331630385247,0.00232385702623282
"ES-2.2",0.178428629674227,0.00991447523108971,0.607619419833495,0,0.00991447523108971
"FaDu.2",0.115470213919424,NA,4,70.5358287506476,0.000834258307539001
"GOTO.2",0.149461518378703,NA,4,55.2659906946707,0.00124354717534385
"H9.2",0.107059819723132,NA,3.74988452416131,56.8319284180405,0.00225493471562532
"HeLa.2",0.105317517280033,0.00583239519740597,3.49000513456882,37.3529763661981,0.00393361883120879
"HuH-1.2",0.0503930920387645,NA,4,66.3401672699509,0.00446225913431525
"J82.2",0.0150229020732795,NA,1.21271955622669,85.7244767090918,0.00938675422747319
"KMS-12-BM.2",0.190957177891702,0.00315754168917704,2.19494096255331,15.3495785259373,0.00267171825302771
"MDST8.2",0.208726775925565,0.00162210131060312,4,43.5527594881567,0.000972028373206578
"NCI-H720.2",0.124093480914296,NA,4,50.1042508553899,0.00224369082404977
"SNU-407.2",0.109788293862738,0.00757134797127585,4,49.0307555197231,0.00282513391907817
"Jiyoye.2",0.168492140933647,0.00340749835473446,2.67439268648785,27.19384052342,0.00254074330300545
"BT-549.2",0.144688143688388,NA,1.29204032281822,66.8754065105139,0.000611827408407296
"BT-20.3",0.0976416277538513,0.0617292890838346,2.34127784029275,49.9470396824992,0.00330985793987724
"CL-40.2",0.150934644785146,0.00674995921260678,2.02102917022133,46.5660829192566,0.00179375282258786
"COLO 792.2",0.183708268085766,0.0100607963121791,0.955847537611752,41.1001654842855,0.00165355767804306
"HCC1419.3",0.0309758641778961,NA,0,93.8048271644208,0.00960118005401557
"HCC1428.3",0.122837099035951,8.13018629618334,0.347792769524285,43.5088790410684,0.0229475688053143
"HCC1937.13",0.0855426367848473,NA,4,54.7663092420212,0.00339001056970946
"HCC2998.3",0.244527810471385,0.00145679503795677,2.78068179754329,34.027111581543,0.000966437162169209
"HuP-T3.2",0.115756640621641,0.0110795978984153,3.05235685980048,49.4151291386359,0.00257988272493148
"IGROV-1.2",0.194271654875111,0.00766072322311458,1.23594468194492,45.4086009483562,0.00110972471408468
"KLE.2",0.129296123230793,NA,0.793132657999191,76.0308000713482,0.000289906344657936
"KY821.2",0.242441821414388,0.00212975748546566,4,7.5109358512656,0.00204482875471177
"KYSE-150.1",0.31171751790549,0.00137121848203461,1.08549222145617,27.6570053584011,0.000652875194690202
"MCF-7.3",0.207107432990248,NA,1.31510969277375,56.9941103827541,0.000450275474875155
"SNU-C5.3",0.171492768342577,0.00299170484070862,3.04098378421861,43.1046183318326,0.0015594812021901
"G-401.2",0.110270887023079,NA,4,80.6527937225392,0.00024387465251196
"HT-1080.2",0.12694340920561,NA,1.00809948440375,82.8405183965834,6.35909436613383e-05
"SAT [Human HNSCC].2",0.0782714514835018,NA,4,75.6746778212151,0.00135422332339904
"COLO 205.3",0.156056340920045,0.00451582288742668,1.83978417470609,26.5927634458033,0.00298933548128462
"42-MG-BA.2",0.195767312293527,0.00347731918413062,2.16655926622961,46.7117029399395,0.000990101073917187
"MDA-MB-175-VII.2",0.163937508209595,NA,0.91505092604096,54.9457381222301,0.00111417268129607
"NCC-IT",0.205683767820409,0.00294905569589414,2.46938655101962,5.22933595938583,0.00282003486730877
"NCI-H1869.1",0.149922767776876,11.4770382227318,0.172872881469483,0,11.4770382227318
"NCI-H69",0.258428228305579,0.00140876239665648,4,23.8968068966587,0.00119748107536459
"NCI-H847",0.258077786494456,0.00242526665595396,1.0337200172653,12.583690736809,0.00183213554345278
"MDA-MB-175-VII.3",0.178655399516675,0.0212658601589592,0.442420724625665,0,0.0212658601589592
"NCI-H69.1",0.272981839061587,0.00149356774268757,2.54580410050867,18.0971164044442,0.00125191050346063
"NCI-H847.1",0.219034012393791,0.00422790215323943,0.797393236535248,0,0.00422790215323943
"BPH-1.2",0.349452966423764,0.00121460059593253,0.898889026611184,5.90950671627495,0.00105600014749056
"CHP-212.2",0.216198270333535,0.00265283963890128,1.62728288923114,32.7465261242874,0.00137957313090018
"COR-L23.3",0.122450687758699,0.0462411453593012,0.482189929977435,0,0.0462411453593012
"ES4.2",0.127312814702063,NA,1.78058493128918,62.676730261851,0.00119479081975891
"HCC1954.4",0.104489164989237,NA,2.92910238769927,55.772716352805,0.00245159826775195
"HOP-92.2",0.130787607169072,NA,0.0524863763442165,76.3684714592135,6.55361005912429e-06
"KMS-12-BM.3",0.233915351494158,0.0022845534903193,2.39489760837396,10.3270426120775,0.0020741844553629
"LC-1/sq.2",0.0551237966322027,NA,4,88.8158485327764,0.000415336635615057
"LS411N.2",0.14191565072997,NA,2.09012394191896,58.093211088449,0.00120949771780984
"NB(TU)1.2",0.105282004282175,NA,4,69.2102835795993,0.0011780948182751
"NCI-H1341.1",0.132557307278668,NA,4,70.7077151339596,0.000548800374489592
"NCI-H747.2",0.0196288704472743,NA,2.06368882147295,86.8434070274385,0.00474328608072877
"P12-Ichikawa.4",0.239454840150864,0.00196902048225023,2.59411124496249,18.4131100696297,0.00164952724169836
"WSU-DLCL2",0.31818210653464,0.00141611735500754,1.57352732561666,0,0.00141611735500754
"Hs 633.T",0.391162596094358,0.00123338507516635,0.468965011434145,0,0.00123338507516635
"ES1",0.343137194094686,0.00098621148142304,1.75108706445934,12.4883982735414,0.000836946176732855
"MOG-G-CCM",0.356620781096965,0.00402511247954765,0.272208733489004,0,0.00402511247954765
"MOG-G-UVW",0.415999416927999,0.000535960701308808,1.04052369134846,22.6154003407912,0.000300505319044286
"OC 314",0.274025932218857,0.00197936641571075,1.41418063321041,0,0.00197936641571075
"ES1.1",0.387217533968774,0.000547410860236684,2.91451837909766,18.6736339118911,0.000466274350266116
"Hs 633.T.1",0.397775636542271,0.00133352143216332,0.390625,0,0.00133352143216332
"MOG-G-CCM.1",0.311137992907665,0.0106955810773796,0.255686652222671,0,0.0106955810773796
"MOG-G-UVW.1",0.393867862724924,0.00104807118498547,0.57750843294082,0,0.00104807118498547
"OC 314.1",0.300892034723972,0.00208246707632621,0.742272208488964,0,0.00208246707632621
"WSU-DLCL2.1",0.300517149607779,0.0014962233420858,3.91105622834125,2.92329269326944,0.00147335259362697
"A-172.3",0.260286659963018,0.00177725500693787,1.52588204476242,29.0113822789887,0.00100620993316711
"CADO-ES1.3",0.0544925276643194,NA,4,74.6830390449684,0.00282826355373267
"COLO 678.3",0.0978288623657055,NA,1.86131428021503,85.401200596531,0.000121164686745039
"Daoy.2",0.284759128718277,0.00144835080177664,1.63415403956044,21.8182603022308,0.00101976475569204
"Daudi.2",0.114903927378579,NA,4,58.7263628046859,0.00182741400509853
"DG-75.3",0.218465106459697,0.0018338198525866,4,29.6026022151647,0.00146557436613994
"EBC-1.2",0.135737577824521,NA,1.0062004755058,66.299129988327,0.000810835034380734
"EJM.3",0.0889812872067485,NA,4,66.3642216415158,0.00201100224797742
"EM-2.3",0.313162338136922,0.000955101705280868,2.10202263550874,25.9324427787513,0.000674507139688016
"Evsa-T.3",0.173399561367195,NA,3.70768631859637,60.5151320604455,0.000601933555338982
"G-402.2",0.132919761722126,NA,4,50.882679079876,0.00192833624328192
"HGC-27.2",0.286559748588859,0.00133071504951058,2.12544944790409,20.5556180712739,0.00103726070007494
"IMR-5.2",0.392461948153749,0.000677196221975289,3.08303904958694,9.04006468363958,0.000634778011968803
"JHH-1.2",0.163812829909646,NA,0.282420252399984,62.5084922322302,0.0010406351718244
"JHH-6.2",0.0912865587134605,NA,1.20974792793781,68.9462122939612,0.00176314169900868
"KE-37.2",0.207432230858119,0.00229819508667669,4,22.1242327432113,0.00198587129456035
"KMRC-20.2",0.236274671437263,0.0557571503534156,0.250114958341862,0,0.0557571503534156
"KYSE-140.2",0.128123758909681,NA,3.99057210820781,65.9115495241177,0.000932028208447547
"T.T",0.269585844589866,0.00130992110180828,1.97463713018102,35.2239481329834,0.000706544262127518
"T.T.1",0.268338059319342,0.00169641946079008,1.46653830645208,27.545123796038,0.000982815597319846
"PC-3 [Human lung carcinoma]",0.249275495326512,0.0200419150166629,0.303745966751692,0,0.0200419150166629
"PC-3 [Human lung carcinoma].1",0.201930970609376,NA,0.707661274114084,52.665170956577,0.000724861693185109
"RMG-I",0.115392637856932,0.24582440689202,0.34375,0,0.24582440689202
"RMG-I.1",0.0402598928287252,NA,4,77.3434113121636,0.00366999871518976
"Caov-4",0.172036057899866,8.98541354210386,0.159938384911748,0,8.98541354210386
"NCI-H2452",0.401065469481796,0.000901163700199935,0.611078734888439,20.7727985165107,0.000374292966556317
"NCI-H2452.1",0.388917892140086,0.0021446153794366,0.28863224282735,0,0.0021446153794366
"NCI-H2452.2",0.349366005552275,0.00175129765006556,0.534052819134504,8.4955605699095,0.00123572771448721
"OVKATE",0.169348901094337,NA,0.864041864763236,80.2708627307873,1.74966797434524e-05
"OVKATE.1",0.20452805429379,NA,4,78.7487984725668,1.45334806766402e-05
"23132/87.2",0.264712122457421,0.00232992481159089,1.04489681570969,0,0.00232992481159089
"8-MG-BA.3",0.2172582515927,NA,2.13193793542687,51.0418881796454,0.000583392003915354
"A-498.2",0.12833927225455,0.22531510080143,0.325873109450203,0,0.22531510080143
"AGS.2",0.141953473378633,NA,4,52.4794555376068,0.0015879835063098
"AU565.12",0.294764704080024,0.00143251030596038,1.3404617051009,23.1556694321585,0.000900714217671945
"CAL-120.3",0.142971649480173,NA,1.11291029249995,52.2864497150937,0.00172712903792804
"DEL.2",0.300601593641578,0.00167709330583595,1.018421157494,12.5576862853245,0.00126247236014072
"Detroit 562.2",0.325534857866671,0.000784368973912992,3.02106162149745,25.0007708501526,0.00062355130902248
"DiFi.4",0.134661040366162,0.0100062454339769,1.9495598481616,47.476909691406,0.00216258752925779
"EFM-192A.3",0.137283693333862,NA,0.313728438312422,72.7190805161461,0.000377979997036723
"G-401.3",0.194546094529363,0.0199337325399157,0.412963507670753,0,0.0199337325399157
"GP5d.3",0.260084713148258,0.00195249016823167,2.58808770134633,5.79780079959932,0.00186168897678824
"NCI-H513.2",0.068061049513942,NA,4,75.0086492572954,0.00190552954238446
"Jurkat.2",0.162936728800711,0.00358728419466966,2.9033945628857,23.6043198652094,0.00287878780550966
"LN-18.2",0.102367584111857,NA,4,66.1426303334815,0.00154866079138599
"NCI-H2052.2",0.0779895359328807,NA,3.734076288854,62.4644140643814,0.00297976064840916
"ES6.1",0.111283555850375,NA,1.20813060860262,64.9264383303567,0.00148019197301787
"ES6.2",0.170900995011827,1.27390996426681e+52,0.0324778835381989,48.4093577288755,999988.769372883
"HO-1-u-1",0.369805108186168,0.000436448374284787,1.99816142580955,35.9790942510051,0.000230983983597918
"SW948.1",0.140226985116992,0.00399672395860146,4,28.1893584809817,0.0032480952976632
"SW948.2",0.153238799364019,0.00380536410346093,2.76271772951793,36.0857563417498,0.00239509270159785
"Caov-4.1",0.217133822121757,0.0785266670262936,0.256072297932241,0,0.0785266670262936
"CAL-29.2",0.279252171423095,0.00181521053936897,1.16203604069179,32.6515604833648,0.000729995205654409
"CESS.2",0.206314824625304,0.00320771681856678,1.71938633778428,42.6976116721547,0.00104776498957724
"GDM-1.2",0.290836050956,0.000573254066418948,4,45.3543439656975,0.000316494673854571
"NCI-H2373.2",0.0562485502745602,1.51756821252906,0.369620768852033,0,1.51756821252906
"HPAC.3",0.136332410558001,NA,4,50.6760260751624,0.00185276308437741
"HT-3.2",0.061887136668242,NA,2.48291978208517,75.1996295824467,0.00224275660785847
"JSC-1.2",0.215940131739698,0.00694946579706137,1.5591087292645,48.6385523437982,0.000688957853069704
"JURL-MK1.1",0.365866071618753,0.000911037204827605,1.36270866361524,9.12635618790799,0.000785789475486204
"KM12.2",0.258339134642638,0.00274723722820396,1.04809690496166,36.8038767683883,0.00077076294338568
"LB996-RCC.2",0.181315889677838,0.00274008315949815,2.86986841486085,37.0760397407528,0.00171011219419095
"LN-229.2",0.126620150588986,0.0283989444474299,0.596846626726872,14.893752410394,0.0157026803125336
"MOLT-16.2",0.292661901336504,0.00162403029195952,4,1.25933379611302,0.00161370628228318
"NCI-H1623.2",0.0919834653311818,NA,4,68.7935179328041,0.00163206075023931
"SNU-5.2",0.136412094479562,0.0140354044991662,0.985832426780267,36.7031079786552,0.00366216986140683
"SiSo.2",0.125518922210308,NA,4,54.9608617640305,0.00182371640738868
"SUP-M2.2",0.276298860660599,0.00170359360121447,2.38502952197775,7.57895450253024,0.00159013511535027
"SW780.2",0.152402490448392,1.53849205027655,0.331127966761382,39.2552680490192,0.0148057202359379
"TUR.2",0.249278972080188,0.00258361772581327,1.09979860833454,0,0.00258361772581327
"VA-ES-BJ.2",0.188161174045476,0.0174061249580697,0.448985380370868,0,0.0174061249580697
"WM278.2",0.0420450597049407,0.178781163370707,0.610039590570432,0,0.178781163370707
"WM793.2",0.134470591477791,NA,3.36158601568869,54.0963801774213,0.00165309299478759
"Panc 04.03",0.110909432073877,0.0643960929158722,0.472151615454936,0,0.0643960929158722
"Panc 04.03.1",0.106833871952831,NA,0,78.6332256094339,0.206976152901299
"KMRC-1",0.116373333898388,1.19288315493977,0.352930900523261,33.8070242580241,0.0488916527441555
"KMRC-1.1",0.0723054641901865,NA,4,67.9749056426555,0.00262930789595695
"COR-L279",0.213972398495499,0.00196842268491716,3.54023908317406,29.7575630452854,0.00152472532318986
"COR-L279.1",0.275088603686901,0.0032984986640598,0.59486193753615,0,0.0032984986640598
"B-CPAP.3",0.301768054779154,0.00240047142416793,0.670836798699012,19.295936543107,0.00116040608673088
"C-4-I.2",0.273248561734977,0.00243349468128456,0.84538321993898,0,0.00243349468128456
"GB-1.2",0.241854675157326,0.12924706637839,0.392414216275681,42.5745057676553,0.00100180218392895
"HC-1.4",0.291866494302676,0.00170870731545777,1.58663594141913,0,0.00170870731545777
"HCC1806.3",0.326899266485292,0.00058825720741517,4,31.7473125765642,0.000457252890981591
"Hs 746.T.2",0.16432661427949,NA,1.5414587116049,51.9508313204279,0.00119736799710503
"HT-144.2",0.198484792700902,0.00402515765345652,1.16449474930449,23.8915361568408,0.00230385824120463
"HuO9.2",0.184390841253045,0.00238116016053533,4,34.9853558689133,0.00176268564390069
"KCL-22.2",0.203476671310633,0.00257074193091579,3.27600031261229,18.426851081423,0.00223416179387464
"KYSE-180.3",0.305599258354843,0.00130718283666595,1.45622857059845,18.4864891005806,0.000952073114857858
"NCI-H1838.1",0.108572412703792,0.31037651995002,0.45843210180517,34.6020176418308,0.023774741555404
"SNU-175.2",0.397377095591935,0.000620725051585931,2.72886254874134,11.3823526528292,0.000564662613724306
"NCI-H1155.2",0.1947039050383,0.00203574297680561,4,38.1810672752475,0.0014194660482561
"NCI-H1944.2",0.163579213874811,0.00296124752663482,4,35.3057885606976,0.00218031268289964
"Rh30.2",0.192992176487878,NA,2.24452329003364,58.2077584686942,0.00051493417827039
"Raji.2",0.243146921610438,0.00143021499158059,4,29.8965376773413,0.00113887625970741
"5637.2",0.297968061044212,0.00136253316915252,1.91953863465331,13.9668444695605,0.00114876583058569
"8505C.2",0.205814654429647,0.00839693847359158,0.61088278275812,16.789345050677,0.00429776476125602
"A-253.2",0.189846560588405,0.0086613002228801,0.602950097452638,0,0.0086613002228801
"BFTC-909.2",0.314091733241843,0.00185068863193884,0.984978532941599,41.8213873397995,0.000294477169966025
"CAL-78.2",0.155431760136195,0.00758103582030312,0.865085785599671,0,0.00758103582030312
"DU4475.3",0.142020710338593,0.00365342923252101,4,39.2408071423698,0.00248830218774909
"ESO-26.2",0.0940092558029834,0.0133924299251247,1.79955742791611,43.649221151416,0.00425480550361478
"NCI-H2722.3",0.0539155046299516,NA,4,85.9391730863134,0.000884435510180232
"HCC2157.3",0.132461308564307,NA,4,77.2778925711534,0.000222923362853191
"HT-55.2",0.133017630853907,NA,2.72669696278332,61.4109991618789,0.00115642978879127
"JJN-3.2",0.22209818844135,0.00251228212344567,4,6.41328044697501,0.00242752914640317
"KP-1N.2",0.168794125031051,NA,1.09818213377874,64.0368536794769,0.000493444351322649
"LNCaP clone FGC.2",0.237923332100275,0.00250330194485334,1.72503157494257,45.61903449688,0.00061029364903483
"MDA-MB-361.3",0.221991234091998,0.00202027579078814,4,22.1054859417645,0.00174601455052882
"MES-SA.2",0.176549069318129,0.0118153768035016,0.801428537862559,35.5558455348451,0.00250929543968781
"MHH-PREB-1.2",0.147160526154863,0.00425310839886762,2.51741734460514,30.2604983206729,0.00294015331998196
"NCI-H1693.2",0.0767834691655423,NA,1.41075691682112,78.8737726432489,0.00103529858449147
"NCI-H1975.2",0.210473811997796,0.0367430457474889,1.35020820536857,49.7619265338337,0.000700242639462323
"NCI-H720.3",0.088226272455968,NA,4,71.9771831939745,0.00142065407500392
"NEC8.2",0.133849223309216,0.0155198168848432,0.665257964615908,0,0.0155198168848432
"COLO 824.3",0.163534723478892,0.00640828260670147,1.02892687069028,19.0912283699658,0.00401537402163463
"EW-1.2",0.319111084794266,0.00135051819865349,1.4588441064752,5.0058130927269,0.00125630880172597
"EW-16.2",0.212141085428454,0.00750816154778072,0.558029503112074,0,0.00750816154778072
"KOPN-8.2",0.257526479443377,0.00193064261791603,1.58708366353585,17.9932469414727,0.001457592911131
"KYSE-50.2",0.132550720695073,NA,0.937008165912418,56.720225588308,0.00174445118434164
"LB771-HNC.2",0.137839539618122,0.193580564602728,0.318971263504848,0,0.193580564602728
"LXF 289.2",0.280407785514299,0.00291932969909579,0.6693455679328,14.1074833073116,0.00177909153038738
"NCI-H1781.2",0.0889550837473495,NA,4,69.5985146868038,0.00165655978341039
"OACP4 C.2",0.265010981279898,0.0020736783054227,1.27455554745692,9.3956222337778,0.00176123350715035
"OS-RC-2.2",0.0510269706238645,NA,1.09550337268986,78.0250699443444,0.00298018669934288
"OVCAR-4.2",0.0732441203934934,39.7406756431141,0.22785718291453,0,39.7406756431141
"OVTOKO.2",0.169413840476999,3.20288656624953,0.181410905674801,0,3.20288656624953
"PC-3.2",0.06330632442308,NA,1.59148769533127,79.8860497408815,0.00144989492871357
"PWR-1E.2",0.245576551640554,0.00211096190504113,1.61190014852961,19.34520386349,0.00155835373035062
"Raji.3",0.175036756206848,0.00259823988362206,3.58010489615721,41.2548194070411,0.00159652866653054
"RPMI-8226.2",0.270340080197549,0.00155648802321989,4,13.6812791453534,0.00143693101317913
"HT-1197.2",0.0296955655331901,NA,1.82748639683363,71.6449198581298,0.00718518288955244
"HCC1187.3",0.186492305166162,0.00288256270721939,3.38254977464125,20.8781375536448,0.00245684750474038
"TCCSUP.2",0.202987601015326,0.0484085039591773,0.307097285295872,0,0.0484085039591773
"NUGC-4.2",0.107444632537233,NA,0.970455491797659,52.8174478785021,0.00331827171675579
"SNU-1.2",0.107728265547464,NA,2.15153402829596,68.6012839499281,0.00117197874632386
"NCI-H23.2",0.0754756951707927,NA,2.21777842621639,60.7775842686049,0.00339011641881629
"NCI-H1048.2",0.153440225943235,0.00420732952620929,2.23616294277855,30.2253866174222,0.00277874576946942
"MS751.2",0.248199095964071,0.00517665318214469,0.535315976876953,0,0.00517665318214469
"MC/CAR.2",0.161185527883721,0.003584454609789,4,18.457773572762,0.00319450572234206
"LOU-NH91.3",0.202967734914144,0.00251363360001626,2.68160037827181,24.5779279279955,0.00195324085702082
"KYSE-410.2",0.126382433130704,0.0160416752337831,0.691390956653481,0,0.0160416752337831
"KMOE-2.2",0.129953742452644,NA,2.22899478949876,66.3677714262818,0.00086756600642796
"KG-1.2",0.139760887290285,0.010011681815505,0.810861406564999,0,0.010011681815505
"JIMT-1.3",0.159997283376612,0.00629374747154129,1.52431088668749,41.5667621155222,0.00195799187897407
"HEC-1.2",0.0742634850459918,NA,3.13728445941482,73.901695917324,0.00175229505064515
"GI-ME-N.2",0.165088000849902,0.14427425404685,0.293751210333012,0,0.14427425404685
"EW-18.2",0.32545079734183,0.0009118047594084,2.39673248212129,21.0113221677119,0.000726315047204889
"DAN-G.2",0.193402741483804,NA,1.01169938713963,55.510498689623,0.00063915735163904
"Hep-G2/C3A.3",0.0898109086845331,NA,4,84.4863524673014,0.000229242455662076
"647V.3",0.22180259724119,0.00372970993183386,1.02970546830378,29.152062857673,0.00159487955216883
"TOV-112D.2",0.114491390494753,0.00926141830933391,1.85755570221262,42.7269318670109,0.00328057151913658
"DMS 273.2",0.287326371538045,0.000923175744370643,2.58240398894248,35.8909590233485,0.000565599222894538
"NCI-H1793.2",0.063546785440656,NA,4,78.2679643768411,0.00165874125319401
"OCI-M1.4",0.290754156601531,0.00135893082459737,2.36324352146305,15.555366918148,0.00116067766326412
"OE21.2",0.195531963978983,0.00469880104073758,1.07665400300482,28.5444124329452,0.00214149550589995
"P30/OHK.2",0.0928747995014678,0.00982239310530663,1.35576671185436,0,0.00982239310530663
"P32/ISH.2",0.251345557002379,0.002119197879474,4,3.04252513565232,0.00208619640806275
"RCC10RGB.2",0.0773777545414977,NA,4,63.6920554861867,0.00287021561665484
"RS4;11.2",0.178267873499315,0.00330686343974016,2.33941474362166,23.7841530318626,0.00250931169500439
"SiHa.2",0.13382775698377,58.3867591341207,0.16000660044487,0,58.3867591341207
"SK-N-DZ.2",0.307112128330966,0.00162832685917419,0.943256347100733,19.6433471641747,0.000959375079300076
"SU-DHL-8.2",0,NA,0,100,0.075037650639418
"SUIT-2.3",0.0508417995364863,NA,0,89.8316400927027,1.31039494303017e-05
"SW756.2",0.0885971986231583,NA,0,82.2805602753683,1e-06
"T-47D.4",0.177986432094243,0.0167218376529263,0.483960497281913,0,0.0167218376529263
"TK [Human B-cell lymphoma].2",0.0737634970499054,NA,4,74.3153261892845,0.00171968269217637
"TT2609-C02.2",0.0454081039945223,NA,0.218140723091975,67.0475970578734,2.41109788580257
"U-118MG.2",0.0663885436438176,NA,4,74.7541666652955,0.0020330177389434
"UMC-11.2",0.135985124508004,0.0498226321386554,0.436303756205328,0,0.0498226321386554
"WM35.2",0.0702218927476139,NA,4,77.3413551842978,0.00146982365946728
"G-361.2",0.124390967786204,NA,1.07804793618953,58.3528964283504,0.00175744424580014
"HCC1143.4",0.138168717939704,0.171442346595292,0.897232890475189,48.9138461446498,0.00240189502971007
"HuP-T4.2",0.155268636538959,0.0582517948085578,0.622518518657806,41.3391606323103,0.00348495416005746
"MOLP-8.2",0.1565961036878,0.00330091609425305,4,31.6566483110146,0.00256898552513992
"NCI-H1092.2",0.0779324717908495,NA,4,77.678934204743,0.0011209015597356
"NCI-H2141.2",0.0825987108137942,NA,1.74570085918115,78.1857699240793,0.000919435874771391
"NCI-H596.2",0.126839675644237,NA,0.621390814133881,51.3695267899539,0.00363740730545617
"NH-12.2",0.167509634479918,0.00361863933654485,2.41708917063933,41.6089062811381,0.00172921522244642
"NOS-1 [Human osteosarcoma].2",0.121122031768181,13.4144828544126,0.37455875905646,45.9656981456346,0.0161783950246587
"Rh1.2",0.387657607717966,0.000628949524721709,2.96950717535443,13.4964896350599,0.000565721887603734
"SK-MES-1.2",0.16031948228565,0.00512059293368171,1.47264495826038,29.7740958144253,0.00276956360717405
"SU-DHL-10.2",0.213044202302315,0.00283586374394774,4,1.2684721902543,0.00281770398396698
"TC-71.2",0.263719899838466,0.00143290507641928,3.906058556247,20.9864321821539,0.00124653370433047
"GA-10.2",0.203415033861551,0.00287564995294348,4,6.70882970930365,0.00277391628123935
"KU-19-19.2",0.208879849821088,0.00956057407355702,0.70356464453975,34.1522845769885,0.00186738474003854
"MHH-CALL-2.2",0.0124810009702321,NA,4,94.1353411973026,0.00287614704577148
"MOLT-13.2",0.150698700868048,0.00411558597839963,4,11.8447004087524,0.00384660768414441
"KM-H2.2",0.125958816741178,0.00467120800568175,4,24.9979441763172,0.00392808281718891
"AM-38.2",0.118754104288276,NA,1.53232580172689,59.8501243456832,0.00166780382570006
"HL-60.2",0.175227453930668,0.00323064996911186,4,16.9423660483944,0.0029131667648869
"639V.2",0.211476595754043,0.00414294843977131,1.28806200673796,41.2325542674666,0.00107227460182143
"A2058.2",0.327060577584594,0.00102509489576589,3.1603383656097,12.9840157360351,0.00093206347228686
"AN3-CA.2",0.203549053108707,NA,2.40714493237169,59.6553519252003,0.000383214707902835
"CAL-33.2",0.257424240142388,0.00151886476094844,2.11916541152806,30.1673239140513,0.000981783838012118
"Calu-6.2",0.193781072456739,0.00199289436444641,4,40.6574364942691,0.00131026244277796
"CFPAC-1.2",0.150730351247485,NA,0.83541558219775,57.6258360569378,0.00122605984982332
"COLO 829.2",0.0381839239856487,NA,4,93.2473825717687,0.000251555184425327
"EMC-BAC-2.2",0.200472959239845,NA,1.18538756673567,50.8636635714175,0.000764447086427565
"EPLC-272H.2",0.224698428444301,NA,1.12317051936257,50.1078029828753,0.000565407487136412
"NCI-H2369.2",0.117995884873221,466.145712154831,0.146192462735223,0,466.145712154831
"HCC15.2",0.256072395110779,0.0013527473517609,4,26.7662026167516,0.00111687415359636
"JVM-2.4",0.299020510907004,0.00143714009649557,1.76628701656789,10.3605332538719,0.00126010387293617
"KYSE-520.4",0.15368777400757,NA,0.908887976732041,55.9776139082974,0.00125362054397482
"L-428.2",0.0719592702690517,NA,1.84567745094207,58.2255931305971,0.00405436675917851
"LCLC-97TM1.2",0.0459804075795129,NA,4,76.366430941229,0.00326431321127716
"M14.2",0.228057694142532,0.00236245013019042,1.73188731387296,41.4283723954024,0.000853344631107112
"Mel JuSo.2",0.0516616291511559,NA,4,83.7757286653325,0.00138590559047113
"NCI-H1568.3",0.131686060563581,534.909295600688,0.135493812024512,0,534.909295600688
"OACM5.1 C.2",0.124618749759919,0.00639135974545423,2.04161585769774,37.311783298825,0.00326496502853637
"OAW42.2",0.121885442974855,NA,0.0455883126432038,55.167755126473,1e+06
"BHT-101.2",0.149514627840507,0.00407212674854788,2.71210956874638,40.3284886688388,0.0022220351281709
"BV-173.1",0.340081058133052,0.00112117141968443,1.3071266068515,9.53572623025373,0.000953600497976193
"COR-L311.2",0.283087431550988,0.00102590969981938,2.80213317710076,31.5249798410283,0.000719123447727559
"EGI-1.2",0.0410397239136836,NA,1.03521827047399,94.5920402701297,5.49423012739173e-05
"EJM.4",0.252223476486293,0.00285064893605081,0.880281587144812,0,0.00285064893605081
"ETK-1.2",0.193681595769185,0.00420762911392929,1.36677616576007,37.4153696292948,0.00153350467546749
"GCT.2",0.153524616236397,NA,4,57.2399561219232,0.00104685091147901
"HTC-C3.2",0.121075434886084,0.00734732620161391,2.36354795932583,45.0555313001624,0.00276047880463395
"JHH-4.2",0.115583265699991,NA,0.586343318667471,52.527468453962,0.00475248905129887
"KP-2.2",0.0869337437411084,NA,4,85.7915108763903,0.000182606638274082
"NCI-H1417.4",0.218317116969674,0.00694557763174026,0.678838819966356,25.947316299596,0.00236345033786003
"NUGC-3.2",0.225280455888811,0.00403322175711958,0.866379689034746,20.4021911100846,0.00220202503660508
"OVCAR-3.2",0.0564307372532834,NA,4,70.2958425877655,0.00336975034489534
"PaTu 8988t.2",0.192193214501466,0.0133266702369173,0.485393225942786,0,0.0133266702369173
"SK-GT-2.2",0.2398340300905,0.00136615528158727,3.4216983259873,35.8661392356618,0.000944361805045896
"SNU-398.2",0.188667944875452,0.00210936144079468,4,40.9293044312009,0.00137663450103759
"SK-MG-1.2",0.200482567245109,0.0156913651198134,0.433839170915561,0,0.0156913651198134
"SCC-3.2",0.239271633837865,0.0020942608808068,2.00559264636718,18.2498822275999,0.00166991140815443
"RPMI-7951.2",0.253310329208598,0.00252467603009075,1.0384958753514,17.9837100209361,0.00164355088534039
"RL95-2.2",0.258071299441744,0.00313369777617765,0.765625,12.8125,0.00212875166179637
"RERF-GC-1B.2",0.177569342943133,NA,3.73906299420805,54.5371371140266,0.000841900838243295
"PL4.2",0.0811244249021144,NA,2.14312202823736,59.9084432925936,0.00316453130425738
"OSC-20.2",0.188670287408279,0.0115973088932626,2.08027175975257,49.7330783510208,0.000937368672985049
"OAW28.2",0.112156601863049,NA,1.04542512183689,50.4478674507754,0.00321015791135349
"NCI-H446.3",0.336749260198359,0.00103147314472661,1.60701023713115,14.1292496276071,0.000838895167414365
"NCI-H322M.2",0.17406991038587,3.0037260830761,0.6311237161879,49.5772150376528,0.00156055742027549
"NCI-H1915.2",0.0449899881063576,NA,4,94.0022163390821,7.02492952467381e-05
"MM1.S.2",0.169367615800788,0.00292444071517012,4,30.9435955419197,0.00229779119574949
"Karpas-231.2",0.130447321804,0.00789384911518436,1.07637343815226,0,0.00789384911518436
"A-204.2",0.0877366455706023,NA,4,70.3300595565969,0.00162136872771011
"TE-1.2",0.14376571477836,NA,2.12233207546813,52.9684715413202,0.00152147110079537
"A-704.2",0.0857362558901529,NA,4,78.1464502117642,0.000831833263194774
"HSC-4.2",0.119989725933107,6.812701804023,0.26684401632999,30.6036505167961,0.195955218450366
"NCI-H1650.2",0.16585970303288,NA,0.850754532064006,78.1909705111433,4.76554971071857e-05
"NCI-H2228.3",0.183371301399777,0.0391106673048151,0.359292549750869,0,0.0391106673048151
"OVCA420.2",0,NA,1.29133602687015,100,0.210110619349846
"RC-K8.3",0.0778886830889689,NA,4,75.3336311773356,0.00141154160241562
"RERF-LC-KJ.2",0.145901288809462,0.00793642210694457,1.36812679755607,39.300862784216,0.00257146672120035
"RERF-LC-Sq1.2",0.26287966407874,0.00423114180334194,0.639076401696548,23.3907750830614,0.00157692562454569
"SBC-5.2",0.216133694618117,0.0025726002608715,1.87678338237092,20.5004782056732,0.00194210375475342
"SCC-15.2",0.104424458199772,NA,2.46098639673882,52.7340087025682,0.00274377607806418
"UPCI-SCC-090.2",0.102630345659663,NA,2.44233471579599,88.7712517242424,2.0306863942542e-05
"SF268.2",0.0961569576813322,NA,4,69.3088051818511,0.00143577529940126
"SK-ES-1.2",0.24313185772794,0.00196657237491068,1.96700521698202,21.852249835065,0.00146843248520749
"SKN-3.2",0.157608011563784,NA,2.04041066146007,55.1927863087562,0.00110465988267076
"SNU-182.2",0.0974439142285781,NA,4,74.6515679323181,0.000878510319838408
"SUP-B15.2",0.156887642721651,0.0605172266884588,0.891771871241492,47.7432659615964,0.00187541206813509
"SUP-HD1.2",0.12298467000294,0.0204832417592272,1.12078245556823,43.4629506720362,0.00333450511155967
"TE-4.2",0.22217269337923,0.00350430093503787,0.96319351879552,0,0.00350430093503787
"TE-6.2",0.185522490278123,0.0328218726198571,0.902287462171932,47.4379242432425,0.00121911536652919
"TOV-21G.2",0.160335194807804,NA,4,72.9081975500886,0.000209690444019589
"Granta-519.2",0.165907778872398,0.010201362119443,0.65394707629571,0,0.010201362119443
"PaTu 8902.2",0.13416929027255,NA,0.538164086246015,63.5085796015259,0.00141456691887667
"OE19.2",0.231522965095615,0.00121990239822281,4,46.3090759693429,0.000635867108172147
"OVCAR-8.2",0.149313301967467,0.00340609942222407,4,37.0351592650398,0.00243056150930491
"U-251MG.2",0.250968267364811,0.00520581242681505,0.836784216438395,40.3070390144085,0.000732821731876901
"HCC827.3",0.0903505695902626,NA,2.13335504356867,62.69995197907,0.00237739420138311
"Lu-135.2",0.198546236779973,0.00199953067803069,3.85759480610622,37.3606611537082,0.00139992493316883
"MFE-296.2",0.0617869488875741,NA,0.0354708247485622,87.7853115376545,0.000204443353921035
"MFE-319.2",0.236485936779342,0.00210243041374037,1.95303633256541,21.3268542654233,0.00158150565758401
"MOLM-13.2",0.264214711062326,0.00184946142734583,4,6.09458360016762,0.00179032675558873
"NCI-H2405.2",0.0319362499753338,NA,4,96.4338561278206,2.53665453395736e-05
"NCI-H650.2",0.0389802159344025,NA,0.555297067525328,90.1527821841801,0.00105126842779218
"OVISE.2",0.109421054544836,NA,0.390412207744885,78.0755948380718,0.000399671475419307
"PF-382.2",0.108093412118996,NA,4,60.7818546884801,0.00186278982509721
"UACC-257.2",0.140526632611601,75.0486771519906,0.151688010678505,0,75.0486771519906
"HCC1143.5",0.148212039304381,NA,1.13811586883616,57.773987331214,0.00115541025011932
"Hs 578T.2",0.439205005828767,0.000447948429996043,1.11398052588011,18.3141523058757,0.00029743568101208
"Rh41.2",0.192879658634359,0.0154624219640008,0.969849765970394,45.9551628898758,0.00115680145483977
"DK-MG.2",0.138998234439293,0.0160231738003073,0.974547535439854,39.403372747613,0.00326098167428558
"HOP-62.2",0.0653400349943389,NA,4,75.5932153428812,0.00196743373259689
"U-87MG ATCC.2",0.134701809930959,NA,0.989600954282634,68.3915107817336,0.000682765304763738
"TOV-21G.3",0.183468948325947,NA,2.49983563014393,51.1377334007968,0.000935001910485643
"TGBC24TKB.2",0.260763971256872,0.00226059081211454,1.11191945391792,28.6163133435044,0.00105308792785137
"SW626.2",0.149505299452365,NA,0.548777927082615,71.0124362131879,0.000341211309328615
"SW1573.2",0.0855066835015859,NA,0.481532462650039,56.6313469564147,0.0126161476846743
"SU.86.86.2",0.0428494971175022,NA,4,82.8452409984441,0.00222705303526729
"RPMI-8866.1",0.22091515451783,0.00221026904436099,4,16.8768567883777,0.00199404762115664
"RD.2",0.118532658111865,0.0276966857996765,0.582440306242893,0,0.0276966857996765
"PA-1.2",0.243423930807975,0.00218971027053251,1.47449257497048,23.7471260674525,0.00141459169553205
"OCI-AML-5.1",0.0844218489127816,0.00689516328137235,4,29.4847665989617,0.00551850155751178
"NCI-H209.2",0.232893099957878,0.00119567059999701,4,44.5579404482919,0.000686767717006224
"NCI-H1876.2",0.193612415076191,0.00245746792793715,2.82386571435457,34.5875017878286,0.00161992872903822
"LN-405.2",0.0918049156081265,0.107167632910232,0.46861736997411,0,0.107167632910232
"Huh-7.2",0.0252494414093965,NA,4,81.6654504331199,0.00485557336615363
"PC-14.39",0.133707413096521,0.00579367232014748,1.73952807292246,23.0169131120341,0.00406405029658982
"PC-14.40",0.135262913120585,0.00554328543655897,1.90417657326121,29.4968680841508,0.00347097206958579
"PC-14.41",0.145683965100759,0.00579581258685113,1.52269726641466,28.8256134277515,0.00329647474770597
"MHH-ES-1.35",0.22577743698666,0.00235764475608917,1.69171577831982,37.3886719177104,0.00104440139393645
"MHH-ES-1.36",0.284433811390623,0.00274292624471863,0.7243337687544,23.711259028159,0.00112916177977149
"MHH-ES-1.37",0.226541742747009,0.00274145046805287,1.38121276837725,34.264237337632,0.00118705864241456
"SNU-C2B.37",0.168999255926367,0.0190826917650246,0.486287295027139,0,0.0190826917650246
"SNU-C2B.38",0.125019282669658,0.037981741874851,0.503250127243147,0,0.037981741874851
"SNU-C2B.39",0.0736517167727478,0.0161848508574625,1.10184437362274,0,0.0161848508574625
"HT-29.37",0.280341345810112,0.0017188971459671,1.21114087940926,31.7338535827257,0.000748456083519842
"HT-29.38",0.217673451076019,0.00169782128256473,4,34.1697307670401,0.001273566267285
"HT-29.39",0.29989809454642,0.00170795205551522,0.967165924687176,24.6744364806508,0.000845348833890958
"SW620.38",0.207797262794011,0.0210145471355256,0.376888530388122,0,0.0210145471355256
"SW620.39",0.157224274653258,0.0106371453629272,0.935613070309283,34.4479715541308,0.00305308477680427
"SW620.40",0.195052569974273,0.20412480902369,0.7540451685613,49.0805946784632,0.00101943281911664
"U2OS.35",0.148869601629063,0.026704375659671,0.487771639903428,0,0.026704375659671
"U2OS.36",0.181618189670988,0.0194774948722886,0.448212436492334,0,0.0194774948722886
"U2OS.37",0.183752216713749,0.0397461287045481,0.357032177419939,0,0.0397461287045481
"C32 [Human melanoma].35",0.0448575708184971,NA,4,75.5716478304133,0.00352165260092014
"C32 [Human melanoma].36",0.0361063350783327,NA,3.10177733985217,76.6832782909664,0.00434068696447415
"C32 [Human melanoma].37",0.0860093758623698,NA,1.68693093378796,81.4902521558242,0.00050541640831023
"A-375.36",0.293993831084426,0.00388237569346117,0.58935672416922,30.2125613427943,0.00080540272374094
"A-375.37",0.269001603976285,0.00323909876167751,0.84643367013004,35.4887924570995,0.000751074192726024
"A-375.38",0.279541513741138,0.0015410734225547,1.65890613094626,45.4804486549467,0.000361883273442872
"C2BBe1.3",0.125904875608134,125535.480996444,0.099735050000976,0,125535.480996444
"CHP-134.2",0.195664441292168,0.00196091769001282,4,40.1775739883476,0.00130548400421647
"CL-11.2",0.136042665237718,NA,4,58.4811752093593,0.0013001774635861
"HDQ-P1.3",0.123047583165766,NA,4,62.8353351565521,0.00126979800014441
"Karpas-45.2",0.121978762849419,NA,4,62.2954226600506,0.00133802072047907
"Lu-99A.4",0.175141682774302,NA,0.900172897038795,56.0526622960419,0.000855279773033075
"Lu-99A.5",0.213484922111298,NA,0.653778561665498,57.2385949033328,0.00039793466872187
"Lu-99A.6",0.121241202412968,0.131070167781165,0.376579025551213,0,0.131070167781165
"NCI-H1573.1",0.182909074605452,1.67194637583655,0.184344004320455,0,1.67194637583655
"NCI-H1688.1",0.100217349598815,NA,2.76975786064928,77.1966402480802,0.000600602378981016
"NCI-H196.2",0.0396099456578011,NA,4,83.2028870902264,0.00245291677391981
"NCI-H2122.2",0.352250512141126,0.000938888182284737,2.11159119719989,9.59152158976,0.000848807533893708
"NCI-H2170.2",0.20600655439038,0.00217671509642755,3.47171293750806,28.5815874085799,0.00170509825392057
"NCI-H661.2",0.170714406026019,NA,0.682084956300254,62.0581590899706,0.000601258505958812
"NCI-H716.2",0.0976334049221112,NA,1.61422835222348,75.5004935165099,0.000802266308711079
"NCI-H716.3",0.0720572408363104,NA,3.69480655170989,70.5357491003032,0.00230951338413606
"PFSK-1.2",0.250262262289347,0.00121167060930975,2.83166565592322,42.0841659889957,0.000631972512896608
"SU-DHL-5.2",0.266009675027212,0.00177677877245769,4,7.83714148838573,0.00170264209985822
"U2OS.38",0.161198815940573,0.00443101291810977,2.64382735429932,46.9780434582315,0.00153302556081865
"HT-29.40",0.177422806717694,0.00243868941866092,4,39.3857064274613,0.00165533831172574
"HT-29.41",0.172972144589418,0.0028760613599222,4,29.3144231640137,0.00230660142127302
"HCT 15.29",0.324996794597617,0.00220999836554682,0.58363538071797,19.1382308566902,0.000966831265726457
"HCT 15.30",0.2458114621917,0.0035226946514731,0.734375,1.73472347597681e-16,0.0035226946514731
"HCT 15.31",0.217931946694499,0.00378417718743183,0.976628819769348,18.8986727078719,0.00232726658732257
"A-549.28",0.261850834731209,0.00142701824383537,2.10173703258343,31.8566957109127,0.000880964099024101
"A-549.29",0.246763821181794,0.00196158001644494,1.61603928998056,38.9250343605994,0.000771835109852407
"A-375.39",0.334450325813006,0.000846076772682521,1.44926780391489,32.1089243616018,0.000416330295852063
"A-375.40",0.225655835707865,0.00140559534955745,4,48.1051441264741,0.000620171573906745
"A-375.41",0.277616851639229,0.00115905551058902,2.31852941609316,31.966733719096,0.000746586050940233
"SW620.41",0.230106064820128,0.0103550900700806,0.648788567468124,37.2537368647599,0.00125961479227124
"SW620.42",0.178959573837559,0.00776721331377383,0.92918401933106,33.1416108207628,0.00241061023424628
"SW620.43",0.195104886462132,0.0188183533567944,1.00986120470591,47.3332371260814,0.00103282467770742
"PC-14.42",0.174996397845233,0.00333649932387512,2.35385716829426,27.7829815754334,0.00236389676815198
"PC-14.43",0.15144184417384,0.00431579372624131,2.21640623505065,27.1259688873173,0.00303268535758258
"PC-14.44",0.184604795548933,0.00293458869140626,2.3712630065841,34.693492142951,0.00178133468807713
"MHH-ES-1.38",0.263726547383334,0.0015383466786199,1.77876277226691,31.4283095359035,0.000881549086440323
"MHH-ES-1.39",0.337737229807028,0.00167441998555849,0.662024107406274,21.6358786189791,0.000711170294299876
"C32 [Human melanoma].38",0.0959230612922531,0.0519551688118592,0.551600264679551,0,0.0519551688118592
"C32 [Human melanoma].39",0.160417251455778,NA,4,80.4749667342308,4.28071466405605e-05
"C32 [Human melanoma].40",0.0619525087549055,NA,4,74.8131336407554,0.00228651119204093
"SNU-C2B.40",0.0943095452636979,NA,4,60.3955090809339,0.00241396054436933
"SNU-C2B.41",0.235136335594747,0.0523960677382305,0.255181406384444,0,0.0523960677382305
"SNU-C2B.42",0.122409813026548,NA,4,51.6283749024543,0.00217712915438487
"NCI-H2347.1",0.0362976271412897,NA,4,92.278138653014,0.000486214853536872
"NCI-H1563.3",0.150590728944664,NA,1.43952518214234,83.4695794223809,1.5981214244469e-05
"NB1.2",0.088890391827939,NA,4,63.9880797296854,0.0022728827919672
"TYK-nu.2",0.127030650441912,NA,4,63.0237340807308,0.00116508456503303
"RT-4.2",0.1510433352465,NA,1.45552075747131,58.317845665649,0.00104065478590143
"RT-4.3",0.150150819258735,NA,2.88141891417988,55.5240353949837,0.00121442122154167
"RT-4.4",0.0796545902526903,NA,2.79845697010994,67.4466371292484,0.00231352556917802
"Panc 08.13.2",0.0770681533704788,3.07339693831735,0.292800107963925,0,3.07339693831735
"OV56.2",0.139070243132341,NA,0.359892116936636,53.898082652927,0.00536692781857254
"ALL-SIL.2",0.241097118411203,0.0017988047136049,1.96758097098099,41.9726226461763,0.00070997226295336
"ALL-SIL.3",0.271207128790802,0.00140120619129442,1.75911277950061,41.9046039148992,0.000497732455642935
"ALL-SIL.4",0.25207538379672,0.00154050350528578,1.99906029737431,40.6763470969202,0.000664965794293785
"MHH-ES-1.40",0.207459507416771,0.00171807480646303,4,39.9069958484689,0.00115160802167977
"MHH-ES-1.41",0.23102974503577,0.0031131931135843,1.20551623489943,36.494693216983,0.00105112033070348
"MHH-ES-1.42",0.274049341496166,0.00364974039514317,0.554408314272807,0,0.00364974039514317
"A-375.42",0.28351530383672,0.00357657961202968,0.520851836170728,0,0.00357657961202968
"A-375.43",0.291144514017257,0.00199676328936305,0.979601777077003,35.2740304615588,0.00057330515793286
"A-375.44",0.243226578057508,0.00171520249747702,1.99134848630677,40.7960051003949,0.000733199186557956
"HT-29.42",0.16865084305173,0.00274404813880704,4,46.3731529816361,0.00142407064478721
"HT-29.43",0.172506641101318,0.00285203983751916,4,48.1066393581163,0.0012581181354785
"C32 [Human melanoma].41",0.0738875167360485,1.21940174902274,0.337918978740648,0,1.21940174902274
"C32 [Human melanoma].42",0.0710396055990499,0.212131971411422,0.463538699798901,0,0.212131971411422
"C32 [Human melanoma].43",0.0813785125911898,NA,0.0790034727967003,83.611162518246,0.000471402106904514
"SW620.44",0.137398286961412,0.0176233309123835,0.676768752041606,16.4241987560722,0.00978463986624988
"SW620.45",0.115460631239568,NA,4,58.9240408637564,0.00179369568082729
"SW620.46",0.114350110569986,NA,4,61.0397074949718,0.00164625499797076
"SNU-C2B.43",0.116132100165583,NA,0.737823128628555,52.9856165275464,0.00346517822138197
"SNU-C2B.44",0.0656369651134163,NA,1.48153578112291,71.4076791268327,0.00273888533661618
"U2OS.39",0.181942573590982,0.0117740866926949,0.545941869649701,0,0.0117740866926949
"U2OS.40",0.159056190156791,0.0466622347353911,1.48521108978554,49.713575529657,0.00144358650317664
"U2OS.41",0.164027959869001,NA,2.35837115432189,61.3251481299316,0.00066805802933445
"HCC1599",0.066785300370081,NA,2.46965201729421,67.5127955322841,0.00304339637290379
"HCC1500.3",0.0780110144438436,NA,4,80.6543463724578,0.00077136338896976
"Hs 445.2",0.183929079164827,0.00300097177876736,2.58245693277473,25.8392878300739,0.00226439363133971
"Hs 445.3",0.15669488969487,0.00359487102924582,4,22.5074873047141,0.0030955970319904
"Hs 445.4",0.161265832870626,0.00346527332462409,4,22.0680226567353,0.00299585241332121
"Hs 445.5",0.164925267594393,0.00323636244681795,4,25.6033813889745,0.00270487413695993
"SNU-C2B.45",0.117522648045563,0.0772458650557012,0.433486878499607,0,0.0772458650557012
"PC-14.45",0.127378472258532,0.00480580641778989,3.21698774397737,40.9685482849707,0.00282318172441429
"PC-14.46",0.173756919053696,0.00306101664176491,2.70854737978026,38.1092038062629,0.00180124525815503
"PC-14.47",0.145058750324176,0.00484278211570821,1.97245884337648,23.2075964585329,0.00352958861362778
"C32 [Human melanoma].44",0.161447907675563,0.448332998964551,0.297381380333197,25.3193708304095,0.0417402512589507
"C32 [Human melanoma].45",0.143963232831146,NA,0.984667040259501,66.3185833742832,0.000676764971512344
"SNU-C2B.46",0.0789001618591156,NA,4,58.84604871303,0.00332920270104787
"SNU-C2B.47",0.134125072480697,NA,1.82782611798721,53.5992522021347,0.00172199945765018
"SNU-C2B.48",0.0859596801401882,NA,4,66.7069203741158,0.00210127672442196
"SW620.47",0.200365780372831,0.0422566102483166,0.32199035367097,0,0.0422566102483166
"HCT 15.32",0.302032915968735,0.00327389469179742,0.476841244820889,0,0.00327389469179742
"HT-29.44",0.245597958350898,0.00194890638754236,1.6352640849565,31.5759777818193,0.00105838545589647
"HT-29.45",0.249777530676811,0.00192091442156288,1.57648564289931,37.6374707050402,0.000791701543562179
"U2OS.42",0.214034019199711,0.0249649666522279,0.345566338249459,0,0.0249649666522279
"U2OS.43",0.180394923260754,NA,0.584849822460027,65.6101286684374,0.000316782207046107
"U2OS.44",0.168140731831739,0.339508070240845,0.546090625127056,46.66539803579,0.00238504670619029
"MHH-ES-1.43",0.289082842697457,0.0021473432360232,1.03195737507905,39.9866476690089,0.000452000097923103
"A-375.45",0.310344729397436,0.00100967389982828,1.71712045251882,29.309353175375,0.000603975311920741
"A-375.46",0.293306193406112,0.001210057764909,1.54096170277624,35.6332720114826,0.000538678202384846
"PC-14.48",0.190668822594419,0.00462169842071919,1.04873791531501,16.805650344671,0.00312725695692866
"PC-14.49",0.211279728386946,0.00448843546319288,0.811533526081423,0,0.00448843546319288
"PC-14.50",0.169090713480283,0.00611427794661653,1.08855185477511,26.7973850156636,0.00302020431436752
"A-375.47",0.317503755834595,0.00124452186693854,1.13600884914469,35.7125071176973,0.000413162330809803
"C32 [Human melanoma].46",0.115137694434048,NA,1.17413607060101,77.861198548657,0.000342514454917839
"OPM-2.2",0.0874943358863996,NA,4,58.8914183916182,0.00287574894458862
"DU145.2",0.149774993896723,0.00703729010569277,0.976814230519184,0,0.00703729010569277
"RPMI-6666.2",0.257509099613195,0.00149096866957325,4,21.5514430392412,0.00129491444911718
"ES7.2",0.321511736354965,0.00111407400356845,1.94974027626621,14.4458199067375,0.000935332022593258
"SW837.2",0.123348220861874,5.18566821252602,0.213963320987813,0,5.18566821252602
"HH [Human lymphoma].2",0,NA,0.394153477395783,100,0.133878277153826
"NOMO-1.2",0.143469125776812,0.00476111513612369,2.21755022197697,12.7907248064137,0.00416719257949662
"HARA [Human squamous cell lung carcinoma].2",0.427936824679553,0.000579967787842761,0.912512521552237,13.6134258446526,0.000409393997285304
"HDLM-2.2",0.0849629132950446,NA,4,51.8485528436285,0.0037019829448829
"JVM-3.2",0.345356447737566,0.00101484431963284,2.02118922009296,8.41596353220228,0.000926397370051892
"Karpas-620.2",0.216256850659859,0.0021899236852122,4,20.1689376789966,0.00192465840015586
"Caov-4.2",0.0250493563760792,NA,2.04620048695579,80.2200575543397,0.00569894090865088
"C32 [Human melanoma].47",0.0664661371780557,NA,1.26401459534958,69.2692206143451,0.00319234700085744
"C32 [Human melanoma].48",0.0687493616899766,NA,4,77.7629935575918,0.00147741536389219
"C32 [Human melanoma].49",0.137618526667203,NA,0.625504765446404,60.6864860506221,0.00150133365417652
"SW620.48",0.183979466189936,0.0569714225933356,0.325769892427867,0,0.0569714225933356
"SW620.49",0.152130279336252,NA,1.9066065163237,62.8786428478855,0.000738730051211721
"SW620.50",0.107262388198354,NA,4,65.7938876495221,0.00143308023047327
"U2OS.45",0.160860584585467,NA,1.08312356796037,52.7502659886563,0.00127482049720421
"U2OS.46",0.189581074491235,0.0187443821921386,0.4338090129173,0,0.0187443821921386
"U2OS.47",0.187474692979521,NA,1.19584820930985,55.3327704083336,0.000702035250521522
"A-549.30",0.238212938727462,0.00261398050031323,1.2776733893758,34.6085097525453,0.0010394823136809
"A-549.31",0.2729788595833,0.00117978950941084,2.07659353639101,43.0484133684873,0.000456209458791362
"A-549.32",0.210096433647572,0.00257520965357246,2.58693217147235,47.7377344136703,0.000778239832345751
"MHH-ES-1.44",0.280444696466872,0.00167264779968365,1.28583669054629,23.6308744888286,0.00101695243334945
"MHH-ES-1.45",0.283267360324172,0.00144917672949446,1.45541300120627,29.8910239251728,0.000775036544456502
"MHH-ES-1.46",0.295528874652193,0.00191837039922967,0.887886982108544,21.4991978180328,0.00101858091629568
"SNU-C2B.49",0.094345277337905,0.0100547976497978,1.29484090799512,0,0.0100547976497978
"SNU-C2B.50",0.112119018039155,NA,3.18287604365839,55.7133733215473,0.00217766338714339
"A-375.48",0.266356328043324,0.00171277431020782,1.44428632175203,34.5863158254488,0.000758312436617884
"A-375.49",0.316928019996114,0.00156498711465906,0.903770324943308,30.723630496664,0.000545118475476416
"A-375.50",0.229319690493624,0.00151403534923539,2.97113925799423,44.5066351121973,0.000719979159297892
"HT-29.46",0.228179232570383,0.00268362457542362,1.35009426363908,29.7973988966113,0.00137155799925583
"HT-29.47",0.214948498672082,0.00174466844428901,3.20615235105571,39.6866403147954,0.00106630990076144
"PC-14.51",0.147853516193864,0.00549177226545811,1.48072065815514,19.6417538238431,0.00392075196759039
"PC-14.52",0.147255576736012,0.0046911955571499,2.01868932354886,23.5973720824934,0.00341905321862581
"PC-14.53",0.143332382472466,0.0048111417858664,2.24565910046603,37.3993281760111,0.00260435387370617
"HCT 15.33",0.184257356946512,0.00742058169327574,0.713117777878038,6.94953056451207,0.00601589118148185
"HCT 15.34",0.175889536149782,0.00253634368888438,4,37.305676911528,0.00180039578844142
"HCT 15.35",0.20992526075441,0.00556121160714327,0.685057525550053,0,0.00556121160714327
"K-562.2",0.168910057680892,0.00425963127106461,1.67621715572746,31.1922095694247,0.0023770828143699
"C-33 A.2",0.242119648062878,0.00112125152954694,4,41.2717134731444,0.000724757629825717
"A2780.2",0.245837907307059,0.00452512586877154,0.595573254977017,0,0.00452512586877154
"NCI-H1648.1",0.300866358717247,0.00223397412458207,0.678164135298627,0,0.00223397412458207
"SCC-9.2",0.166329027395168,0.00386707523195233,2.12192180573128,37.7544040581046,0.00199269474918265
"DMS 114.2",0.236906572703158,0.0299902462131363,0.424564318991818,34.5839282872777,0.0018767309284301
"Calu-3.2",0.086493273074409,NA,0,82.7013453851182,8.91410453931339e-06
"Karpas-1106P.2",0.177777743037023,0.00247091823890586,4,46.7941783232353,0.00124337094421696
"CPC-N.2",0.286358854812331,0.000840950159127587,3.81443244126986,34.0269733571358,0.00062351539807409
"L-1236.2",0.259391480288979,0.0119572916169731,0.339139423855862,0,0.0119572916169731
"SK-MM-2.2",0.0556818203137961,NA,4,89.292898136639,0.000344264187306167
"A4/Fukuda.2",0.287959788600186,0.00229273481287286,0.767657691197949,6.86775685449182,0.00189131792094384
"LK-2.2",0.214717254646582,0.00229633800773682,2.98821857136138,21.0478061538176,0.00191261603257472
"SJNB-7.2",0.0953899854266055,NA,2.26729165642768,65.3243821336236,0.00188056783309527
"MN-60.2",0.162036280322901,NA,0.424336670916708,63.209060231194,0.000765999008392938
"OCUM-1.3",0.210761699705926,0.0110849901391687,0.467518345906096,0,0.0110849901391687
"BE-13.2",0.252352576277023,0.0013884155903278,2.31587929103336,38.3297651019707,0.000740744264687928
"Kelly.2",0.363844795738504,0.00112492919802596,0.878148732010694,0.551679680905958,0.00111080575920624
"NCI-H2818.2",0.225804192041812,0.0102342734985723,0.540039963806934,25.3007429966621,0.00277269744717722
"WRO.2",0.168185007983202,0.162925898413216,0.28260083170711,0,0.162925898413216
"KINGS-1.2",0.0992662872855632,NA,1.32451859781863,50.5210813527752,0.00356333350889642
"IA-LM.2",0.1032163430849,NA,0.0115826324373474,79.2850490172728,0.000718718647715007
"NCI-H526.2",0.220340056577899,0.00221663826240446,1.97718764696826,36.0607764319139,0.00116179346984218
"JVM-3.3",0.425012612115316,0.000577555086938552,2.37773417237555,6.23580386732784,0.000546088570419018
"KMRC-1.2",0.130031456449037,NA,3.13232185714319,62.6626268042759,0.00112792726618462
"DB.2",0.27473186025542,0.00243805113490235,0.855275806044766,19.9603538987423,0.00134376978846241
"PEO1.2",0.119023070511258,0.0129237491993036,0.822531659200984,0,0.0129237491993036
"HCC78.2",0.194763287685084,0.0453264988774815,0.32573683175847,0,0.0453264988774815
"SaOS-2.2",0.168414242190655,0.0184052365217217,0.49453540521606,0,0.0184052365217217
"K-562.3",0.193592095390328,0.00461532800656,1.11560610999136,28.6505231961529,0.00215237674201166
"HDLM-2.3",0.149298829772348,0.00626116795679649,1.25835613541334,22.4950906759506,0.00389391451921505
"T84.2",0.162332072942126,0.389358087504089,0.250051035750987,0,0.389358087504089
"COLO 679.2",0.129451784004424,NA,0.926758930597604,67.9409797114352,0.000816472630221051
"NCI-H847.2",0.297702482324483,0.000650310872204661,4,37.8836954592185,0.000456269100987576
"NCI-H522.2",0.179076852782552,0.0162487219015555,1.00898104037763,45.7707007365962,0.00140496608713768
"ME-180.2",0.222306277720408,0.0395934367078808,0.3125,10.6250000000001,0.0184342299240911
"COLO 320HSR.2",0.1637914147167,NA,1.67734107040437,60.3409645239214,0.000724255112211881
"Capan-1.2",0.251121880305615,0.00842010898443844,0.4093545579057,0,0.00842010898443844
"ME-1 [Human leukemia].2",0.0874012231545804,NA,0.597473783360269,77.4506648773716,0.00109066475988423
"Lu-165.2",0.104680466896188,NA,4,77.7627882426489,0.000483931851454988
"Mo.2",0.230789605435465,0.00165122859262808,4,28.7907932321037,0.00133258771635116
"EFO-21.2",0.198084491129362,0.0484931745108728,0.314859283670339,0,0.0484931745108728
"BICR 78.2",0.224292760299734,0.020107771236926,0.348726919737224,0,0.020107771236926
"NCI-H929.2",0.197945488740903,0.00290520183889596,2.66413771562175,13.7802399631807,0.00257405191838352
"SW900.2",0.149134285754643,0.0152789308332884,0.602644975417221,0,0.0152789308332884
"CGTH-W-1.1",0.144841346845454,0.139728648534565,0.600841586547569,44.2322071564033,0.00383890923707773
"WM115.2",0.201719662611989,0.0180228846941409,0.41019305821745,0,0.0180228846941409
"SK-CO-1.2",0.218908722568218,0.00477035581579707,0.957790941710943,34.9977724398741,0.00135736461800476
"Reh.2",0.224825889899185,0.00251123171739986,2.47194854081152,7.30813513878937,0.00235572904683045
"Loucy.2",0.287419067747849,0.00244975219216523,0.706206829845193,0,0.00244975219216523
"SU-DHL-6.2",0.292367411464371,0.00168896687784301,1.54905019954885,1.29313006654519,0.00166063748006512
"NCI-H69.2",0.235179814991462,0.00203638673778205,1.87617045968411,28.4886367770689,0.00129903553899812
"22Rv1.2",0.0983197255403521,NA,4,63.1567318839863,0.00197906957631885
"SK-MEL-1.1",0.0436557029283433,NA,3.27252204087005,83.7269292819387,0.00196097243593026
"L-540.2",0.0797445212336904,NA,1.97445541502054,53.580948988147,0.00401586893881975
"NCI-H2595.2",0.0389804194139037,NA,2.35600696101395,69.1946388247315,0.00552686686074793
"COLO 680N.2",0.106117272964692,1.12798351805742,0.54021851621493,46.1597181121794,0.00975103726611162
"EW-7.2",0.23755184921091,0.00263271582567655,1.38707552135537,40.0966896950811,0.000819304919025447
"JHH-2.2",0.121257709391695,27.0980639181972,0.182316689764366,0,27.0980639181972
"HCC38.3",0.149111604549126,0.0189396125313704,0.551158796231898,0,0.0189396125313704
"EN.2",0.167019978152148,NA,2.69749740507815,50.8803026139146,0.00119451947894773
"DoTc2 4510.2",0.0978381997461709,NA,4,68.4906581047461,0.00146381217213365
"HO-1-N-1.2",0.295166910400919,0.0014151875031685,1.53116298579241,17.7679361142561,0.00106238018079897
"KP-4.2",0.290515877656794,0.00509432851357476,0.399504858314918,0,0.00509432851357476
"NCI-H1993.2",0.170665272781638,0.0326479039751441,0.625563195629036,38.7751577551945,0.00299727272525648
"BC-1.2",0.262129429013596,0.00186569764836312,4,6.53736536420899,0.00180147307415821
"M059J.2",0.309625867608176,0.000914513011807999,2.15674405241368,29.2799875899229,0.000607857991228252
"MPP 89.2",0.112082955008494,NA,4,67.2037145175507,0.00117959175899287
"TGBC11TKB.1",0.184317360244421,0.00291063661364,4,19.4878442515743,0.00257254932323055
"SW1116.3",0.104639697917958,0.0471330720084181,0.535975292211227,0,0.0471330720084181
"NCI-H2085.2",0.142744115356753,0.0157395760010968,0.621050239969481,0,0.0157395760010968
"SK-MEL-24.2",0.100486020687835,NA,3.73821752414771,64.6690185580226,0.00175311435127456
"NY.2",0.302491986195353,0.00177698887863341,0.91102733756334,9.29601698366898,0.0014178398345771
"NCI-H810.2",0.239211448394449,0.0190417874550627,0.868550922432604,47.7087225965555,0.000547247059720206
"NCI-H1755.2",0.168592297166785,NA,4,51.1398021066998,0.00115304349481876
"RKN.2",0.148688288159592,0.0899232044652768,0.728802489466094,46.1683977329858,0.00264945069319758
"NCI-H1703.1",0.214797935474935,0.00228879298465525,4,18.0081408909997,0.00204702846687493
"LS1034.2",0.0988821136805759,NA,1.62153311578033,52.8312061489445,0.00312548440156495
"SN12C.2",0.0816194477862978,0.659048222227499,0.353146968282431,0,0.659048222227499
"SW1783.1",0.225256484345119,0.00361401890041473,0.974394128942509,23.2514877711959,0.00190187025172988
"MKN28.2",0.104315792278407,0.00866478672788749,2.76298849843499,46.6135716029692,0.00327026325800686
"MLMA.2",0.146619367076722,0.00453141853674745,2.41515477648215,13.3212781447224,0.00398585096199419
"Mono-Mac-6.1",0.180916884889829,0.00327834294942699,2.09701529736917,30.7468306568333,0.00207973434807966
"U266B1.2",0.168585396046948,0.00333966144924659,2.8760667248458,26.750868941261,0.00255900516673367
"MRK-nu-1.3",0.227559868443728,0.00254288526703117,1.60251383387955,14.7493939246948,0.00204455342167252
"WM1552C.2",0.141843600371018,NA,4,54.6643098133855,0.00144005353228542
"BxPC-3.2",0.0862534819957611,NA,2.52528307478622,50.6883964239136,0.00380662228095149
"GI-1.2",0.264281793461511,0.00111971976573718,2.77970795874924,36.9902895771847,0.000689862681852794
"SJNB-12.1",0.194848363058196,0.00679675733244901,0.671821682012907,0,0.00679675733244901
"Panc 03.27.1",0.195089843417275,0.0295336307503532,0.364675301564154,0,0.0295336307503532
"SK-N-SH.1",0.150810746849482,0.00536640841211761,1.71106818075427,36.0634830300439,0.00254350509549693
"G-292 clone A141B1.2",0.122999568520859,NA,4,85.246365662597,3.9348522504466e-05
"MOG-G-CCM.2",0.30194099405072,0.00474749349376714,0.623124963720782,39.1560935426719,0.000408520427562884
"NCI-H2795.2",0.0884931280606716,NA,2.51263664423187,63.0774791903451,0.0024025203588866
"HD-MY-Z.2",0.125617927717393,NA,4,66.4751393792008,0.000939499920397264
"MDA-MB-157.3",0.0826929378765671,NA,1.16049294017114,71.0199969988749,0.00190455614427508
"Kuramochi.2",0.0459510020627318,NA,3.47241166586025,83.8480072274019,0.00175241746701241
"Panc 04.03.2",0.145253506182854,0.170826276909784,0.314378210211176,0,0.170826276909784
"CAMA-1.3",0.243334727755201,0.00440194334351797,0.620037587061899,0,0.00440194334351797
"MeWo.3",0.202512809442857,0.0203955213693054,0.391893491536143,0,0.0203955213693054
"SW1417.2",0.0230228218500986,NA,4,59.4828602444122,0.00894916037936261
"NCI-H727.2",0.166851657590788,5.79136414843864,0.171687073679983,0,5.79136414843864
"SW872.2",0.148529586812183,0.0114565786478138,0.697357460171279,0,0.0114565786478138
"Lu-139.2",0.120465375150416,0.00522274182794933,3.09177462024057,38.4915950111749,0.00324757489238111
"YAPC.2",0.120266517007288,NA,0.303831813868656,72.7473626101232,0.000921346467780328
"NCI-H441.2",0.10217208216968,7.424497223729,0.229157491906056,0,7.424497223729
"CAL-72.2",0.193897982589504,NA,4,62.2146549943144,0.000361041910237183
"Namalwa.2",0.269394202026718,0.00213316472056197,1.19963142286732,0,0.00213316472056197
"OCI-AML-3.2",0.234922164467004,0.00225253105255305,2.92829378776015,9.01308883399561,0.00210470496819185
"RPMI-8402.1",0.236700115653888,0.00206282648779911,3.49621233792211,13.6383915538521,0.00188320633329752
"Ramos.2G6.4C10.2",0.28186752107872,0.00246500627358439,0.747244810850378,0.965767762265532,0.00240149794642716
"NCI-H1869.2",0.0838175680344085,0.029953827023146,0.727847228215132,0,0.029953827023146
"JHU-022.2",0.201079781543874,0.057961511121328,0.297153368586568,0,0.057961511121328
"ES1.2",0.327664460891322,0.000962670041853561,2.50651422140123,17.1514226326086,0.000814114994706189
"NTERA-2.2",0.15765401011213,NA,1.36424779538756,53.7604652028891,0.00122059489594837
"TT.1",0.0364222236350585,NA,0,92.7155552729883,0.000147763569966324
"HMV-II.2",0.33606130126796,0.0343699197522757,0.161477991218051,4.63173052765184,0.0188248888907232
"ESS-1.2",0.278128880272737,0.00209072125548262,1.0447605969557,0,0.00209072125548262
"SK-LMS-1.2",0.277816590779587,0.00456551638149719,0.464814645216702,0,0.00456551638149719
"SW684.2",0.122045499136594,NA,4,75.4039357224477,0.000405906181346891
"NCI-H3122.2",0.143825313038066,0.00442625804674742,2.49855083269946,34.775138334004,0.00275011123550182
"ML-2.2",0.2323779829733,0.0021225530506524,3.87533114620955,13.4248884909224,0.00195803489172339
"Ca Ski.2",0.155078668511153,NA,2.12796429506971,53.7089743720153,0.00124005205881582
"K5.2",0.326727924239513,0.00253603694936702,0.540855977970994,23.0866997089409,0.000806845129438228
"8305C.2",0.169303614002814,0.0437428472960631,0.375977849153917,0,0.0437428472960631
"IST-Mes1.2",0.0257726129018169,0.0663937156538852,0.987126937928978,0,0.0663937156538852
"GR-ST.2",0.248401288659431,0.00218484488566109,1.34731055608006,30.7996253720014,0.00107376558314828
"Karpas-422.2",0.0930985771558114,NA,4,56.6132200632023,0.0028412791984681
"COR-L88.2",0.0607361444314864,NA,4,81.7737719356222,0.00125110163640971
"EW-3.2",0.206263003319027,0.00463373400907773,0.958013094298409,25.6707273984622,0.0021846371861175
"NCI-H82.2",0.192418491233075,0.00351179435242413,2.25535951615724,46.8887700363247,0.00102514665094132
"HCC70.3",0.151282912353995,0.0158577617195138,0.945347361974192,40.7952282507534,0.00264725273760037
"TE-5.2",0.179816052244553,0.00290240837688682,2.87578534736509,44.8861676245636,0.00131349071500604
"KGN.1",0.240125268442129,0.00206599773815307,1.72370555694172,25.5158309282063,0.00136532373571465
"L-363.2",0.164272186867119,0.00376666080409887,3.340726889091,11.4749719102189,0.00348388312789923
"EFM-19.3",0.119954987955593,0.00864114583215398,1.10749893598664,0,0.00864114583215398
"Hs 633.T.2",0.292757094075225,0.0014623367781076,1.60639980177712,15.1920957493818,0.00116716289857781
"NCI-H3118.2",0.248771537211927,0.00313349021173446,0.809559681690254,0,0.00313349021173446
"KYSE-270.2",0.18330549395352,0.00971661660604013,0.593663488374116,0,0.00971661660604013
"TE-9.2",0.286599008821323,0.00111774241887812,2.83801883684266,25.9102019518463,0.000864163415879211
"CML-T1.2",0.208083122049695,0.0038380636165441,1.01555691969262,0,0.0038380636165441
"LC4-1.2",0.242393117586509,0.00310721489116096,0.882514571563044,0,0.00310721489116096
"Lu-65.2",0.14868762205698,0.00515542040651043,1.84310070478415,35.9562979853333,0.00258848922789135
"CS-1 [Human chondrosarcoma].2",0.202556054806394,0.0193342788357676,0.398718338610774,0,0.0193342788357676
"HCC44.2",0.228182701156048,0.00441957218804997,0.702867369866111,0,0.00441957218804997
"SW1710.2",0.164757949384974,0.00914813867907011,2.09474299493891,49.1028136839728,0.00134207224189984
"NCI-H2087.2",0.103747893473332,0.0131027151484314,1.21012620899045,31.4396496119308,0.00577709191290634
"SF539.2",0.299393982084328,0.00212670894464744,0.734600902947943,0,0.00212670894464744
"ONS-76.2",0.243268080999876,0.0025283543570016,1.24500944971084,34.1623470378484,0.00100418453818487
"NCI-H1666.2",0.178011125603804,NA,1.48820770662137,50.4501113557015,0.00106213202533192
"SNG-M.2",0.258940519397713,0.00211436533073713,1.6135975785338,3.54228417034673,0.00202024020278486
"HOS.2",0.245112343030131,0.00194938795038228,2.01060011890975,20.2966806296727,0.00150456845363855
"CCK-81.2",0.0619479830455081,0.0215424397750641,1.04676978196034,0,0.0215424397750641
"OC 314.2",0.320305946318884,0.00151790336529308,1.00812431379512,0,0.00151790336529308
"TGBC1TKB.1",0.0495120775860193,NA,4,79.7704750932555,0.00230588153713422
"DOK.2",0.251023886184533,0.00412452019839728,0.611315705283917,0,0.00412452019839728
"HO-1-u-1.1",0.2545030104287,0.00152045535440307,1.96629186880479,40.904658767887,0.000639078145657505
"KYSE-220.2",0.381815471532738,0.000630930745974449,1.39510259181288,23.1811887032816,0.000403707941947848
"ES8.2",0.450706868322582,0.000513399944800217,1.57172819040449,4.22278089146382,0.000485371901697507
"NCI-H2461.2",0.107527773672629,0.026296889133299,0.640441217767807,0,0.026296889133299
"LB831-BLC.2",0.199710010225192,NA,1.43155761772859,51.961512801536,0.000714318079844221
"HuCC-T1.2",0.102937703453122,NA,1.48318896492789,76.2938904642111,0.000626455113192266
"NCI-H1651.2",0.267268550827843,0.00344308701676966,0.614751868900446,0,0.00344308701676966
"NCI-H211.3",0.316564019941281,0.00148221370916794,1.23211663833618,0,0.00148221370916794
"HAL-01.2",0.136871697848472,0.600813752606164,0.264907497913462,0,0.600813752606164
"GAK.2",0.132800828346691,NA,2.39559539319708,53.6214985632465,0.00173597870541113
"H4.2",0.378601949440776,0.000856052394922781,1.63105382437121,4.95174640929916,0.000803029997241356
"CAL-85-1.12",0.111601640201278,0.0778627762030389,0.447990530857394,0,0.0778627762030389
"IHH-4.2",0.342283452317063,0.000694604824339076,2.88818223008858,24.2082334226305,0.000552329262880734
"KYM-1.2",0.22958435513268,0.0025373388646648,1.49606786741031,17.207493592864,0.00191393512923773
"BT-483.2",0.0888722630731055,NA,0,82.2255473853789,2.36126562703773e-06
"TC-YIK.2",0.247630821320673,0.00157575787258272,3.77274558250127,23.679449820276,0.00132930356807017
"RKO.3",0.248165060814153,0.0033071567730673,0.765917788303394,0,0.0033071567730673
"RT-112.2",0.273805391329545,0.00255171498887952,0.784961330461665,0,0.00255171498887952
"OE33.2",0.188368367375437,NA,0.52317629981783,58.8116633019675,0.00059651735665133
"KYSE-70.3",0.136045862736509,NA,0.401525239112427,67.3010106635818,0.00104724520523026
"SH-4.2",0.152710069596571,NA,2.69907241925442,66.6356986997632,0.000529571889526195
"D-263MG.2",0.252800341283656,0.00307505040400279,0.86705808908858,23.1960441224646,0.00149818373124734
"MDA-MB-436.3",0.0830182488909768,NA,4,77.4770924078702,0.000979973380374886
"MDA-MB-468.3",0.147374854920905,0.0040605759765416,2.83246406366771,40.1529328146024,0.00228798746321574
"KP-3.2",0.0277879384651373,0.0205752397437231,1.78965601544335,0,0.0205752397437231
"D-392MG.2",0.0518066053436714,NA,1.35753926848777,59.5005244865206,0.00672690228777845
"MSTO-211H.2",0.0697945031139092,NA,4,81.607744245724,0.00090900625197423
"SKG-IIIa.2",0.0922597384303057,NA,2.1541168432821,55.9758122071223,0.00300179417023613
"PC-3 [Human lung carcinoma].2",0.102073529414664,0.0981071932048101,1.33291755327549,49.4070855287005,0.00352181715316136
"H-EMC-SS.2",0.0371590861925172,0.277919001714055,0.581884903337141,0,0.277919001714055
"NCI-H2452.3",0.148860607462874,0.0164570787210034,0.584588352654915,0,0.0164570787210034
"KS-1 [Human glioblastoma].2",0.061457777348066,NA,4,78.0183970235139,0.00181242466520481
"KALS-1.2",0.0941642878150673,NA,4,72.0473001680102,0.00122007532643225
"LCLC-103H.2",0.18204121577447,0.0261615655408677,0.406022649577053,0,0.0261615655408677
"SJNB-10.2",0.19304330970168,0.00221159489381916,4,33.7770868931136,0.00166914969713022
"OCUB-M.3",0.169196329596291,0.00288748920914855,4,47.6910706208669,0.00133853746464318
"Hs 578T.3",0.358000534972015,0.000792252000022351,1.2254035890102,27.5616919266584,0.000411994747177898
"SK-N-AS.2",0.109956085805122,NA,4,58.7625408721191,0.00198205553101717
"HCC1395.2",0.0833417401642476,0.0408694986423686,1.2541713483857,45.9675694539462,0.00549017430117066
"CHL-1.2",0.123667388537463,0.00592438696209422,2.13910659780083,31.8284631409653,0.00369102669192557
"MFE-280.2",0.0355933393779577,0.0379153825330596,1.07593722672496,0,0.0379153825330596
"MFH-ino.1",0.102957079085792,NA,1.31978412544793,75.0431568235693,0.000733790008270682
"GaMG.2",0.211005877152496,0.002886931885796,1.62018628689425,17.7583578905747,0.00220203818004782
"SUP-T1.2",0.160130868025901,0.00417496356827764,2.31599081853287,42.6152556795957,0.00182810348113996
"ZR-75-30.3",0.112701034939216,1.11158821059975,0.274063420471837,0,1.11158821059975
"COLO 684.2",0.102844869266757,0.0535024058968226,0.522506842377391,0,0.0535024058968226
"OVCAR-5.2",0.161807045419643,NA,4,50.6222111645563,0.00129993548787253
"EB3 [Human Burkitt lymphoma].2",0.171301201161344,0.0027072292104867,4,46.9828037627327,0.00134178649252846
"GR-ST.3",0.221585166550364,0.00155230235199355,4,36.6565242612531,0.00111570930989959
"SNU-387.2",0.14549732841312,0.0134701841594619,0.817607658383798,28.3432467544684,0.00484099488538899
"CaR-1.3",0.184767838776697,0.0220809414248196,0.834261222464792,44.8329777291249,0.00145364248890757
"DSH1.2",0.177287940274035,85638012300669.5,0.0500806347980704,29.9692584957289,1e+06
"PSN1.2",0.105866857005405,NA,1.51819327123823,57.0943047804608,0.00239330177499947
"Ca9-22.3",0.204433661954856,0.00194202032300737,4,34.4409493114293,0.00145046429733291
"KNS-62.2",0.179849875450367,NA,0.860217518680923,59.211626587869,0.000622039938624996
"A-673.2",0.257193223008051,0.00148316695997344,3.63470616134749,22.6960949083926,0.00125574700900355
"NCI-H1299.2",0.0935828306186244,NA,4,64.082932221388,0.00206725100767466
"EW-11.2",0.178079383899687,0.00958729046429562,0.619997386624574,0,0.00958729046429562
"Becker.2",0.293439492466003,0.00233903838825469,0.705481821478412,6.09432138847197,0.00194545903778876
"GCIY.2",0.179644735053524,0.011412807531356,0.562214225571539,0,0.011412807531356
"BFTC-905.2",0.295542457519,0.00114636126463431,4,18.4954378290704,0.00102134475725122
"CAL-54.2",0.0587819764696245,NA,4,65.8381143895593,0.00381664968516633
"BT-549.3",0.0749721655097433,NA,4,50.6313704897464,0.00439548033340716
"LAMA-84.2",0.299342225302232,0.00486721812880139,0.384145084198797,0,0.00486721812880139
"FLO-1.2",0.294833198764462,0.00161440430520729,1.37430142337553,7.30826972463623,0.00143905349626484
"HCC1395.3",0.11410915208107,NA,1.2663649232122,54.4212266000186,0.00243288503012506
"YT.1",0.106681004395206,0.00716911521828976,1.76198182862257,0,0.00716911521828976
"BICR 22.2",0.276617693430602,0.00147702019341282,1.61952049738994,27.654460462207,0.000898275272875907
"NCI-H1581.2",0.235114190772073,0.00168130238131441,3.29444353626158,28.0001898193764,0.00131044204037534
"KYAE-1.2",0,NA,0.737056275181036,100,2.00657802527949e-05
"MDA-MB-231.3",0.144145750443097,NA,4,68.8951816652011,0.000509047397736431
"769-P.2",0.068890713545411,NA,1.07042873203003,68.9676348002748,0.00328881679100783
"COR-L105.2",0.14151585420152,2.05712664349407e+36,0.045611755542691,47.928300766707,999886.559893184
"CAL-39.2",0.327983070199928,0.00106140335162591,1.96518599668608,14.1087913846461,0.000896631820350257
"EoL-1.2",0.250001086906504,0.00214873506098546,4,2.71554857963302,0.00211894633560036
"HLE.3",0.208106201060817,0.00515623423539499,0.737818644191786,0,0.00515623423539499
"KATO III.2",0.0918271423987143,NA,1.37633792583387,70.2023382251449,0.00154652066042223
"ACHN.2",0.149509594033775,0.0034439112074938,4,45.66675668047,0.00186858437809006
"BL-41.2",0.368671746324868,0.000990290006302101,1.57310315601845,0,0.000990290006302101
"DND-41.2",0.0319170919554689,NA,4,84.3727314664713,0.00305226925601811
"P31/FUJ.1",0.215928171416519,0.00258120170738914,3.29117897423646,9.01705020751573,0.00242985323944071
"SNU-449.2",0.0279252112557369,NA,4,80.7403051356119,0.00461274105236381
"NCI-H2066.1",0.11605811206427,NA,1.57306441767099,69.1998690760362,0.000935166355130339
"SBC-3.2",0.266235451645278,0.00196799684107286,1.32719994354241,14.3670454578022,0.00152467002140891
"HCT 15.36",0.108970162255278,0.0136403666397423,1.16125524862406,33.3638411050042,0.00528778785206892
"HCT 15.37",0.0867441449403741,NA,4,61.439401729539,0.00264431098201566
"HCT 15.38",0.0449403263878112,NA,4,72.3366012823759,0.00408142631965694
"A-375.51",0.249580791243387,0.00128394931435302,3.75625846775912,32.5596086053563,0.000970005292170061
"A-375.52",0.236130584201332,0.00153699565632834,4,29.7581999609788,0.00122600550893282
"A-375.53",0.181051742180377,0.00230211027470496,4,41.1308758345945,0.00149401103698123
"A-549.33",0.190681937014137,0.00329360841753747,1.74693521867419,31.3315217428292,0.00187391972986351
"MHH-ES-1.47",0.240432646827843,0.00180066297658196,2.16469407670578,29.1959849908804,0.00120090285802464
"MHH-ES-1.48",0.218861657599447,0.00230758292517149,2.05990532050496,27.3250118391217,0.00157195276321863
"MHH-ES-1.49",0.237779516217417,0.00145182405454612,3.33134345157799,34.3450279614747,0.00102453854838819
"SW620.51",0.183827614308817,0.00220066655636245,4,43.3380803208495,0.00132957117318398
"SW620.52",0.252161160893285,0.00290421030396174,0.981614195483199,31.2657021557256,0.00106834173543511
"SW620.53",0.176173264096095,0.00380849072851654,2.56018503272186,47.0844897718057,0.00125503754617111
"PC-14.54",0.166220040095592,0.00494519457702599,1.34159990469848,22.3317032181077,0.00318148819047462
"PC-14.55",0.165029411865566,0.00315207580220722,3.70111950556791,29.7420051702766,0.00246934530715535
"PC-14.56",0.176443501810863,0.00346051946212723,2.26813731830014,20.0509314053405,0.00276060939100609
"U2OS.48",0.14777884447736,0.00441419203738599,2.61394900232743,42.734897390168,0.0021104129589733
"U2OS.49",0.174234958014524,0.0154086706267885,0.51112669846699,0,0.0154086706267885
"U2OS.50",0.133387683353703,NA,4,52.5223485613886,0.0017954586983067
"HT-29.48",0.338340057056513,0.00165149453296689,0.637646653254549,0,0.00165149453296689
"HT-29.49",0.338221443391783,0.00159413269501511,0.671753045825386,0,0.00159413269501511
"HT-29.50",0.358186499339184,0.00138482893845582,0.63074142373334,0,0.00138482893845582
"SNU-C2B.51",0.176894113473495,0.00579929663694371,0.890768690838846,0,0.00579929663694371
"SNU-C2B.52",0.104333394076144,0.00582850790284535,4,43.5595031607661,0.00349176278065051
"C32 [Human melanoma].50",0.0931925319695797,NA,1.59927487805973,72.7967410575786,0.00118933537880406
"C32 [Human melanoma].51",0.0548102052464067,NA,1.50480876931073,68.6723989440166,0.00419874360207293
"C32 [Human melanoma].52",0.0804177009411853,NA,1.87558292966682,67.5460544480258,0.00230738228472127
"KYSE-450.2",0.176735804499772,0.004824594502948,2.02215161551077,46.5981978024416,0.00127709649038644
"VM-CUB-1.2",0.258615642244638,0.00388457903617283,0.60090827999838,0,0.00388457903617283
"NCI-H2731.2",0.0924576497752133,NA,4,51.0299016925337,0.00339727812851728
"SNU-C1.3",0.0647218637173185,NA,1.06955032497109,82.5955099754011,0.00101007059767063
"SK-GT-4.2",0.157091371435264,0.105440202436272,0.325919223476539,0,0.105440202436272
"T.T.2",0.210573149875681,0.00800394233060028,0.545166309245949,0,0.00800394233060028
"HPAF-II.2",0.114559970544838,0.0231768385488585,0.640478455006238,0,0.0231768385488585
"HSC-2.2",0.295544490053488,0.00185294630483705,0.921844922744607,19.8010302807103,0.00107230852652013
"IGR-37.2",0.135029029807593,NA,1.67388938191673,60.0562413044267,0.00122456260614914
"CW-2.3",0.0624065281283684,NA,4,92.0167997581946,5.64492264528537e-05
"CAL-54.3",0.146753023254818,NA,1.45799879738286,59.9634507083463,0.00101010720268327
"D283 Med.2",0.255788236072721,0.00240454551467504,1.26307710882733,40.2702377582671,0.000658001198263685
"HCT 116.2",0.18925154704471,0.00492216260135449,1.08046875189556,26.938786362577,0.00240490826622798
"MIA PaCa-2.2",0.069419098399772,NA,4,67.7198869827265,0.00283196734180153
"LNZTA3WT4",0.193735268813013,0.00535994966932565,1.11258461351254,36.4143365160849,0.00166163254766726
"HT-1376.1",0,NA,1.13111642779955,100,0.00196495683893824
"OVKATE.2",0.033489184918257,0.0420116601363649,1.05770905751395,0,0.0420116601363649
"SKN.2",0.164654203326426,0.248437197046059,0.266455230142176,0,0.248437197046059
"SCC-4.2",0.198436370958475,0.0062581685159561,0.846388888220304,27.8000659510141,0.00239790645912397
"SAS.2",0.200434269874594,0.50738615157752,0.660751907572323,49.1977773674748,0.000975502217266855
"SK-N-FI.1",0.114536201431987,NA,1.02855617533049,79.9218409695322,0.000235850192519543
"PCI-30.1",0.165964771050953,6.52624655288967,0.224018061132804,31.2128191621219,0.0826059211404127
"NCI-H1792.2",0.197867496369723,0.00410583966788727,1.05437287825984,0,0.00410583966788727
"NCI-H520.2",0.253713989564705,0.00677650309804336,0.44482923604622,0,0.00677650309804336
"NCI-H841.3",0.191270086256165,0.00559901344810687,0.972585307370276,28.3804744595056,0.00236441630179715
"LS180.2",0.147246450878776,0.0206285564262221,0.900036962208029,41.7194515949291,0.00279785812541271
"NB69.2",0.246494812325111,0.00176709374657351,2.08620378497308,26.9968377328382,0.00121796469053821
"SW982.2",0.177338236114549,0.00272647374138177,3.10563298842619,41.5510932528058,0.00153803486731062
"NCI-H2342.1",0,NA,1.00550535435514,100,0.00129006743202533
"JHH-7.2",0.156416022712953,NA,1.65989737396593,55.8522207600436,0.00109262486325556
"MKN1.2",0.16628586192738,0.00649486926503023,0.92328301865024,7.95125579501427,0.00538398135485471
"MKN45.2",0.117341525991173,NA,4,63.7779319193018,0.00133397314119244
"UM-UC-3.1",0.0881844792551578,NA,4,56.5795027257913,0.00307660558513897
"CAL-62.2",0.301514075909867,0.00135503681167839,1.24210853786495,29.6165007279892,0.000657987177006038
"Panc 10.05.2",0.208832484593506,0.0246485055559989,0.35683771659279,0,0.0246485055559989
"RCM-1 [Human rectum adenocarcinoma].2",0.178568040881686,NA,0.361533063812895,62.6822165515604,0.000516946176185902
"SW1271.2",0.171694400598652,0.00543133951263158,1.29125957866831,34.1020876562083,0.00223626686655091
"OVMIU.2",0.199200872250733,0.0240205990128457,0.379108915015913,0,0.0240205990128457
"COR-L95",0.06254277601049,NA,2.17006502758042,74.0978338439323,0.00238796031939641
"Capan-2.2",0.0884244065876617,581.867498128395,0.167477948835028,0,581.867498128395
"SHP-77.3",0.123514177584681,0.00595005642395868,1.93062716503855,0,0.00595005642395868
"CCRF-CEM.2",0.196536417655353,0.00310585110985802,2.4576771058551,7.8214070808375,0.00289814809600343
"COR-L279.2",0.312434808762621,0.00105883445557574,3.67618644084902,16.1931736481377,0.000951905526675049
"ECC10.2",0.263284384562777,0.00182613180289603,1.58983639300476,43.7418130188269,0.000494140148229166
"WSU-NHL.2",0.330073000082328,0.000943138161698991,2.386909456194,17.5869360156947,0.000786516208457165
"ST486.3",0.255359351326445,0.00197896384569207,3.64071006855404,6.15651400726881,0.00190881456399134
"IM-9.2",0.339847252415238,0.00120872161521287,1.6839453303877,0,0.00120872161521287
"MOG-G-UVW.2",0.369214488694544,0.000423099149217228,4,29.2796631581696,0.000339468009425146
"TE-15.1",0.181067385693005,0.00227826156626731,4,44.3377622523662,0.00132162458202004
"HSC-39.1",0.372120864511098,0.000911738432048062,2.00867563239652,3.0862414622295,0.000883273351151542
"SK-MEL-2.2",0,NA,0,100,0.00179343456708722
"VCaP.2",0.129821559755609,NA,2.90257738301455,51.1666776983857,0.00199599126767039
"OV-90.2",0.0674712042956658,NA,1.23515750041397,70.0346815924285,0.00299693712514729
"RF-48.2",0.174577271488911,0.00312442587915135,3.41552335091781,23.2340440038501,0.0026020355433017
"Panc 02.03.2",0.167667054442445,NA,0.885767993877258,62.9249754378721,0.000568388288358606
"Karpas-299.2",0.154224808343079,NA,4,50.0855123113945,0.00147933955497766
"TGW.2",0.17572062067366,0.00303434313273111,2.68600092209299,34.7977146539829,0.00194788124720718
"SK-LU-1.2",0.0829602411778626,NA,4,74.6680248454151,0.00130173065234622
"PL18 [Human pancreatic adenocarcinoma].2",0.07836171597451,NA,4,74.6766865016286,0.00147457536876454
"UACC-62.2",0.0273462959707605,NA,4,85.2580495147559,0.00347616461039819
"VMRC-RCZ.2",0.0455756748406446,NA,3.09422042069612,94.8994099163254,2.51932179897715e-05
"OCI-AML-2.2",0.229940336042868,0.00280859990379158,1.33467201411393,0,0.00280859990379158
"NCI-H1355.2",0.100404961257682,NA,2.87574048220797,52.0882309034171,0.00295556624823667
"DOV13.2",0.196875468260021,0.0020436251686809,4,36.294434059928,0.00147870991520548
"VAL.2",0.158625280745808,0.00330674221882629,4,29.402455077104,0.00264918144073823
"Ku812.2",0.218301358739586,0.00221356415962234,2.38005872714104,26.5037140629381,0.00161173138720311
"KTCTL-195.2",0.347326253376353,0.00263661846605422,0.47455479937378,27.5153351586538,0.00048939496763504
"SJSA-1.1",0.20994786761643,0.00336462880257572,1.24479697347971,21.4577188932316,0.00214455866892953
"LoVo.2",0.240909928798074,0.00213586635481535,1.85412478948189,16.9196306207582,0.00170929498994162
"SJNB-14.2",0.340774551146695,0.000823053386263788,2.37519274020063,19.7193713673093,0.000666389322854832
"MDA-MB-415.4",0.146358737063497,0.0110054104013747,2.07818372007524,48.916213168306,0.00174138374846116
"MS-1 [Human lung carcinoma].2",0.215756739339415,0.00244567014359984,1.95024980928887,41.7348687724008,0.000971777973772001
"EB2.2",0.223343892576412,0.0466689958564443,2.06029429950724,49.9942398888366,0.000571991212868251
"SK-HEP-1.2",0.111069071066129,NA,2.03967041669555,66.1863498543833,0.00129908764947038
"MG-63.2",0.224991526148162,0.0019288014826658,2.24401805670724,37.94867800194,0.00102309863153475
"NCI-H28.2",0.12629279014783,NA,0.395730347891644,70.9062364059527,0.000854531852929052
"ES6.3",0.0702541905119086,NA,0.0791871457654661,54.291199883361,1e+06
"WSU-DLCL2.2",0.260057117426118,0.00199012280614513,4,3.09597177116282,0.00195857366714785
"EW-24.2",0.0924623323871295,NA,4,74.2921073351354,0.00104232243107679
"U2OS.51",0.185374424395405,6.70198398588301,0.15508644959887,0,6.70198398588301
"U2OS.52",0.0918973388206891,NA,4,72.4065298350284,0.00125278536060009
"U2OS.53",0.116665348409171,NA,1.34557352859874,61.9930971109915,0.0015658992888771
"SW620.54",0.0583479381240691,NA,4,80.5432061883545,0.00157525931650006
"HT-29.51",0.214340253462391,0.0018210548421683,4,32.2514588964222,0.00140563055506125
"HT-29.52",0.215677429450138,0.00204289118547138,3.17138166345034,28.1111227805341,0.00157443700834315
"PC-14.57",0.125344018177822,0.00441940486954796,4,38.7464629447368,0.0030439923041872
"PC-14.58",0.115729549824468,0.00499059277498907,4,32.0906257813108,0.00386082160829594
"PC-14.59",0.117486681369058,0.00497871993905002,4,28.3318883281631,0.00403952650824521
"A-375.54",0.234938310872545,0.00338258706496026,1.77749413665303,48.0054051035688,0.000552231330289813
"A-375.55",0.195247383629495,0.00633269119648544,0.925235350176915,32.8614852086213,0.00199075087741611
"A-375.56",0.208866911452411,0.00376475936444361,1.76360430285851,46.3532784724827,0.000853093359623971
"SNU-C2B.53",0.0407873968912309,NA,4,75.2312961762718,0.00401866740137661
"SNU-C2B.54",0.0751522736369849,NA,4,64.1498131607147,0.00294038269079456
"SNU-C2B.55",0.111666754114269,0.0194051715809837,0.705761225057927,0,0.0194051715809837
"C32 [Human melanoma].53",0.0536961214930867,NA,4,74.4525112085047,0.00292914031745539
"C32 [Human melanoma].54",0.0744908866280109,NA,4,76.4356002005094,0.00140815742049245
"C32 [Human melanoma].55",0.0426325328449951,NA,4,81.2620174803746,0.00259780424886963
"HCT 15.39",0.220159234640203,0.00458364850756222,1.25170277114118,43.9446720104909,0.000848678541289725
"MFM-223.32",0.0792591736114875,NA,4,68.5897539941371,0.00218808104536723
"MFM-223.33",0.0434365566471542,NA,2.79186142187463,78.0999601522509,0.00320160261150118
"MFM-223.34",0.0440687762928528,NA,4,79.5518512732657,0.00282291055345975
"LOX-IMVI.2",0.133526955079692,NA,0.933942186486993,51.5022100809635,0.0022536604544734
"VL51.2",0.190179732945597,0.00242008362473846,3.10216839438515,36.0334672167559,0.00160429357441939
"SK-UT-1.2",0.157001068713441,0.00396272033307228,2.98267353607722,46.2405896832603,0.00166418077963456
"VMRC-LCD.2",0.123736575133293,0.00834070412213562,2.66653701292501,48.1660744965675,0.00241452063734426
"T98G.2",0.224515529604056,0.00278454000622483,1.33808962480992,25.9934520496814,0.00160924700338476
"YH-13.2",0.199645202104212,0.00307702896943478,1.7423448587749,20.0973661307653,0.00229083388879573
"SK-PN-DW.2",0.175389902226615,0.00288802012773474,4,48.5837290737402,0.00118479796496985
"EW-22.2",0.229429605089037,0.00160837501932572,2.69850137114806,41.0597553157729,0.000849839718891199
"LS513.2",0.155131041153723,0.00343381837356251,4,47.4990341742155,0.00162390926030298
"COLO 668.2",0.0464275625754667,NA,4,83.7666167445003,0.00173386004241589
"NCI-H64.1",0.136086573591225,NA,4,55.3154032151102,0.00152530333967799
"SW948.3",0.203231586979744,0.00209168899971787,4,30.7106929453926,0.00164848032444623
"LS123.2",0.192593309913537,NA,0.337583822647225,62.9815329179878,0.000302792509697194
"MDA-MB-453.3",0.1896601886853,0.00301221054867492,2.1796504813469,41.4918373623991,0.001336641332417
"UACC-812.3",0.087814735084493,NA,4,66.7703327211693,0.00201486310292762
"SW13.2",0.262328117941559,0.00296471668304053,0.744436759761787,0,0.00296471668304053
"IST-MEL1.1",0.108982609350176,NA,4,52.9067951509173,0.00252864417023029
"MEG-01.2",0.210161540003531,0.00216166236195064,3.66736043662546,25.5715785061712,0.00177813767141335
"MEG-01.3",0.213165579277885,0.00254620226627577,2.08097629867387,20.886193443098,0.00196348288828901
"NKM-1.1",0.233258724325577,0.00213813495367612,2.85020422781012,14.7589290368828,0.00189118211326579
"Fu97.1",0.0573678861234642,NA,4,80.5890765270091,0.00162321286886584
"NCI-H358.2",0.144000389154916,NA,4,50.9255487668388,0.00164707120919197
"CAL-148.2",0.187319958117353,0.0028881682835761,4,17.9347151241156,0.00258457279729251
"CAL-148.3",0.203393457485507,0.00246070696509513,4,19.7870932571667,0.00216952932619133
"NCI-H2009.1",0.196905630496712,0.00281205949049716,2.22575453516437,43.3698608214391,0.00113448779680376
"NCI-H1435.2",0.0515271818074326,NA,4,79.8479664710822,0.0021378868709491
"NCI-H1435.3",0.0824337887611986,NA,0.175605914145568,81.7763816929599,0.00121405331651572
"NCI-H2023.2",0.100963443557096,0.00629174595596709,4,45.1544152195739,0.0035104696826515
"NCI-H2023.3",0.20963487367743,0.00286601085922221,1.80373257420235,42.0678163761258,0.00103273163585786
"SW1088.2",0.257989431162875,0.00125038322329924,3.11360081243953,32.4783053295761,0.000892860426176866
"SK-PN-DW.3",0.188183897005631,0.00208956459618261,4,44.8233727807097,0.00118529109924465
"SK-PN-DW.4",0.187623628900741,0.00235025487954897,4,33.4761787418454,0.00178196875173566
"SW1990.1",0.0891463932171406,NA,0,82.1707213565719,1.41081548014e-05
"SK-OV-3.2",0.123797196200974,NA,1.05271175240134,55.35059422436,0.00209884465071991
"SK-OV-3.3",0.0646381116487939,NA,4,72.0728036139194,0.00252806278752627
"SK-OV-3.4",0.113311759473665,NA,2.20615807203791,68.2850422356736,0.00106166580099678
"SW1990.2",0.0170406893545882,NA,4,92.9168647055652,0.00237335431123283
"SW1990.3",0.0815220681637067,NA,0.281941154202251,85.5350630954322,0.000148816579009293
"LS513.3",0.0957498602252266,NA,4,50.3070109180018,0.00330701522896651
"LS513.4",0.110283783015456,0.0084568534605541,4,49.4212345457509,0.0027739073694347
"NCI-H524.2",0.332787168210972,0.00106106636500832,2.01518791358355,11.5835975178754,0.000930994667867196
"TK-10.2",0.11644219016588,0.038410681144395,0.529002477571351,0,0.038410681144395
"SNU-423.2",0.239355644578989,1.15374912089329,0.147732676408099,0,1.15374912089329
"SNU-423.3",0.162613202686867,1.50182600574071,0.205640790289153,0,1.50182600574071
"RMG-I.2",0.0341049961705304,NA,4,87.0040774349501,0.00204061859690725
"RMG-I.3",0.0304885934341081,NA,4,79.1769199792173,0.00456676685370886
"Hs 766T.1",0.0342899884263881,NA,3.58772488018217,80.7101844391448,0.00367410779576694
"Hs 766T.2",0.013281066921305,NA,4,91.6151879681833,0.0041989135155764
"NCI-H524.3",0.340483925149168,0.00116186738194109,1.50190835080485,3.79695660451718,0.00110234956052905
"U-698-M.2",0.248959093348997,0.00205699745188054,2.9251989017804,7.70410027129418,0.0019426314031647
"U-698-M.3",0.221046799402225,0.00254731318013312,2.86711470793337,7.48372398399182,0.0024072593574882
"NCI-H835.1",0.125187811852209,NA,1.66324243207519,62.4427881730556,0.00126654580701493
"NCI-H835.2",0.121781104829362,NA,4,73.9424592335201,0.000495397137023809
"NCI-H835.3",0.13569475160009,NA,1.67314678627486,62.1433047290417,0.00106086950105242
"NALM-6.2",0.190132432460797,0.0032589076142979,2.05750096239887,13.678191509542,0.00279003939590607
"NCI-H226.2",0.0959239641636109,NA,1.11027737580744,73.5901975056112,0.00106977256481449
"NCI-H226.3",0.142549385482198,1581.30980836742,0.119357792488385,0,1581.30980836742
"NCI-H226.4",0.116995126476531,NA,1.75254452155256,78.6565766026171,0.000283040570714256
"FU-OV-1.1",0.191358961938263,3091998.93423714,0.0647389763004051,3.52370596743298,999967.243095088
"FU-OV-1.2",0.0616409289663301,NA,4,81.9582903083003,0.00118038335406177
"FU-OV-1.3",0.125929802472646,NA,4,76.0875208650165,0.000328962532454792
"MOLT-4.3",0.170244684627342,0.0032089597059591,3.27518501261704,25.6031726814272,0.00257758745547297
"MOLT-4.4",0.180264148527763,0.0029467735044195,2.86283373947467,28.5945080350114,0.00219102545946521
"MOLT-4.5",0.18862867735306,0.00244832672021631,4,29.8762118404483,0.00195008842944822
"AMO1.2",0.349155185981423,0.000952506834475118,2.43202405523547,9.33383513188367,0.000874923568159242
"NCI-N87.2",0.136141494373161,NA,0.654396488040943,51.5196361348367,0.00280062180369123
"SR.3",0.253943266986803,0.00197205099063551,2.69840173177858,8.56786167198856,0.00183935651588292
"SR.4",0.239415475879756,0.00218469183893265,3.60190800351962,7.65855955930675,0.00208614283099215
"SR.5",0.268827778370241,0.00174620533141432,3.0078212799523,8.61422276255284,0.00163980998026484
"NCC-IT.1",0.222836684494784,0.0022753823490986,2.90910129962774,16.4602042706765,0.00198355867064852
"SW1463.2",0.0271845512878681,NA,4,76.5490712425893,0.00567125527128672
"SW1463.3",0.0260406917846419,NA,4,86.8991930668246,0.00317021544642074
"NCC-IT.2",0.217423250175126,0.00217462944823041,3.41049945035754,21.571488752426,0.00184282874722169
"WIL2 NS.4",0.253734795647168,0.00146689052103997,2.87758994922204,27.6682993433539,0.001108540053533
"RMG-I.4",0.0552292875998429,0.295131877044478,0.488277881914456,0,0.295131877044478
"MDA-MB-175-VII.4",0.0462772887431293,NA,1.81977985391486,70.0895416386908,0.00467320953977599
