"","aac_recomputed","ic50_recomputed","HS","E_inf","EC50"
"A-204",0.185301587465506,0.0719114728841418,0.610084288582168,0,0.0719114728841418
"MES-SA",0.230839990779753,0.0135385340359546,3.38448844840867,29.5878932541184,0.0103898967781399
"PL4",0.110642381371219,NA,4,69.2936334615914,0.00830072179334512
"OS-RC-2",0.139203691135699,97.3350451957841,0.254775232944243,36.1571870401572,0.629653699834994
"WM793",0.289234439845836,0.0121482460838904,1.4303425578151,18.479709237489,0.00879875881181238
"KYSE-50",0.103811678081456,9.37464130731123e+26,0.113062327245135,49.9096559443193,513.306897425831
"KE-37",0.387442543863289,0.00625550120169217,2.43904970730512,4.91771437549696,0.00599552241772063
"Jurkat",0.12925303099589,0.0371578074784677,4,20.7965286834854,0.0324837529263821
"KM-H2",0.159317745860956,0.0318962726007868,2.24818776212725,36.2504420095834,0.0179616979764766
"697",0.502499377499019,0.0027664462985575,2.99877961265412,3.99681696611377,0.00269064640825604
"8-MG-BA",0.267790460521267,0.0113316081845979,4,19.6678714822567,0.0100005703709713
"PaTu 8988t",0.216421902679877,0.28310928434457,0.567871762970795,42.5145517035436,0.00999074126156197
"FTC-133",0.317575470933118,0.0124564409561183,0.99591863762676,0,0.0124564409561183
"KMRC-20",0.191895581217157,0.016244638141936,4,40.9598258126576,0.010592823601977
"NCI-H1975",0.236131058762241,0.131994904595376,0.347634126122925,0,0.131994904595376
"OVCA420",0.115118323989795,NA,4,71.7350507765751,0.00600130481920724
"HCC1954",0.083055752999183,NA,0,83.3888494001634,3.90582475649496e-05
"ASH-3",0.0882289926518664,9.0023300778752,0.313199939900878,0,9.0023300778752
"NCI-H1568",0.103995292027803,7.13804991670728,0.296325749847999,0,7.13804991670728
"NCI-H1563",0.0787488992348415,NA,2.81651775744461,92.1251091356065,1e-06
"Daudi",0.107578355861589,0.109108233769749,1.19176938376088,34.1212120983763,0.041673824040589
"CTV-1",0.331826821067754,0.0101673804196276,1.50730349305684,1.38876465106823,0.00997913794288774
"EM-2",0.125810260536995,0.0381888224788157,4,21.3458897494855,0.0332269515559396
"WM278",0.178018907588271,0.0458030726061469,0.891706177285679,0,0.0458030726061469
"GI-ME-N",0.165509833687487,12.8684881554559,0.330909604288861,41.0041388505578,0.0721734074075217
"EJM",0.166650387674498,0.0242277301169732,4,47.8889976318302,0.0109822773232993
"HT-3",0.130994216658193,0.0534942890919219,1.3079795823702,0,0.0534942890919219
"Hs 746.T",0.101592851214588,28600332.5812092,0.103114847580813,14.6168476775766,1e+06
"EW-18",0.0998749389383188,NA,4,74.8637467912876,0.00642821006660618
"RPMI-7951",0.22732524717013,0.0298453682109558,0.857091543015629,8.12293494312596,0.0242686434468696
"CA46",0.164688451608332,NA,2.95105464525279,54.0026438911994,0.00843459817651851
"RCC10RGB",0.192756117504862,0.108419076026453,0.480457651217586,0,0.108419076026453
"U-251MG",0.0997911921029946,0.0769649759687635,1.26543794245802,0,0.0769649759687635
"Karpas-231",0.214773868984469,0.0203320034800846,3.47391110114117,10.8711315971886,0.0189465849258871
"BALL-1",0.447046698822344,0.00393002219637159,3.47287651462194,5.5893231095049,0.00379813856230181
"IGR-1",0.166349863600355,0.149270552501297,0.498196722516197,0,0.149270552501297
"KP-1N",0.0615169954886729,0.16163339259915,1.09306691633185,0,0.16163339259915
"OVCAR-8",0.324295736181553,0.00961679359879281,1.59704222469334,10.3053439763603,0.00832272493782158
"JJN-3",0.170468985908053,0.035707037050949,2.00911761165366,44.2199053170958,0.0122000743077109
"ALL-SIL",0.221962467935731,0.0224874386591926,1.74408860237987,0,0.0224874386591926
"HEY",0.267263947750507,0.015910680505572,1.24295580019162,16.6027064266834,0.0114997176200626
"HeLa",0.0541064972355672,NA,0.855649340970816,89.9921678728597,0.00231554219311143
"SCC-15",0.170198001797139,0.223065186271464,0.425351015392591,0,0.223065186271464
"CAL-33",0.269860258735606,0.0145096970664663,1.38201267518668,19.7135783259869,0.0100952834411574
"JHH-6",0.0155994704593964,NA,4,65.8786461809661,0.079239678562505
"ES4",NA,NA,NA,NA,NA
"UACC-257",0.110053595945829,0.424192597775398,0.521933571081322,8.47544848557883,0.297175268333335
"KCL-22",0.223433323035974,0.0171211424426418,2.2008259393036,27.8378776153701,0.011829746748209
"CHP-134",0.181162794545566,0.0222409988614221,4,25.6801441924059,0.018573854353029
"KMS-12-BM",0.123500943844642,NA,3.36290227345968,56.668213167638,0.0139701288228458
"OE19",0.12655669482441,NA,1.92116659880794,61.8242050514152,0.0101931454654515
"MDST8",0.232593132308877,0.0181336623827677,1.76146304552136,20.8433999994264,0.0133508544916803
"HCC2998",0.201205216528737,0.0206522009711172,2.18631103086225,33.3328755614056,0.0124951251404534
"G-401",0.375631124285548,0.0098751596641238,0.585525651211822,0,0.0098751596641238
"OAW28",0.161489633697099,NA,4,55.3687033651033,0.00821478683998482
"DMS 53",0.178469372296232,0.106220977022428,0.529395089007647,0,0.106220977022428
"TOV-112D",0.328241082363085,0.0100107411453216,1.39364908921801,6.50642004031995,0.00905780227848682
"AsPC-1",0.0539159475461857,NA,4,81.4268439271901,0.0134658322122441
"HSC-3",0.233631568989687,0.0182648234833041,2.66350495007487,9.44582682601702,0.0168839703417627
"Evsa-T",0.137286072856766,369.082187291458,0.160704256059614,0,369.082187291458
"VA-ES-BJ",0.305034502082914,0.00754152941888004,3.66905147733857,23.6404820169716,0.00633405250798574
"GOTO",0.173760080622491,0.0199045979242721,4,43.2574474077701,0.0120619352773475
"SNU-175",0.173802302316724,0.188598100512431,0.439577566044998,0,0.188598100512431
"IM95",0.19147962785102,0.159050254575541,0.420583937229228,0,0.159050254575541
"OVCAR-3",0.232429310523461,0.0172953671694051,1.72034848718067,31.2534392361492,0.00977861627919798
"LXF 289",0.0818786787919492,NA,4,53.4578727697352,0.0297244025386307
"AGS",0.221951781048798,0.0148504917293579,2.51195429902637,42.9261202342638,0.00681761764127697
"AU565",0.12583459365732,NA,1.02869850157921,52.6704587005453,0.0185937527648976
"LN-405",0.041666946891163,3.51680703660717,0.50891082490791,0,3.51680703660717
"TE-4",0.145128992676764,43.9178028868939,0.19126539713685,0,43.9178028868939
"42-MG-BA",0.234752221894728,0.0198620666449997,1.49916289564663,11.9979807906122,0.0165400894893392
"TUR",0.112214973792511,0.0694910791159307,1.23356986740503,4.58294395825278,0.0642811095797191
"EMC-BAC-2",0.184643755350466,0.022938206197911,3.70071153931572,21.5212844188415,0.0197017450219127
"LC-1/sq",0.135799289485522,0.0471696257854847,2.36566945705538,44.451522612452,0.0186233309931489
"Hep-G2/C3A",0.168772900603069,0.469676862551107,0.350044225085684,0,0.469676862551107
"Karpas-45",0.0438920516860224,NA,4,89.7778168197302,0.00515178553122108
"A-375",0.320612073113732,0.00891421821725467,4,10.5992671261692,0.00839879217986472
"C32 [Human melanoma]",0.155158663015057,NA,2.87581733075659,50.710214880451,0.0113761879879879
"C32 [Human melanoma].1",0.132183119021498,NA,4,51.6136987315843,0.0151555241068372
"C32 [Human melanoma].2",0.172846870800222,0.0201410492979406,4,43.8136547020351,0.0119453294116431
"HT-29",0.231063050521596,0.0446447984654469,0.694132302038449,25.1424720014215,0.0163123657745833
"HT-29.1",0.144792471355659,0.164832119359042,1.07377972381127,45.2316886572295,0.0184740682230901
"MHH-ES-1",0.232078756654681,0.0244745891334892,1.04555305157961,14.1730517547151,0.017793533019049
"MHH-ES-1.1",0.187509149046618,0.0222573957682873,2.49905765434839,33.8087084527045,0.0141750657794377
"MHH-ES-1.2",0.19851114057487,0.0273483885822665,1.44829909200017,26.599746056304,0.016190164484864
"SNU-C2B",0.185336907514296,0.0678487500004007,1.06234608065748,42.0765088766877,0.0119795716828968
"SNU-C2B.1",0.192558857559302,0.439048874421892,0.314452246334355,0,0.439048874421892
"SNU-C2B.2",0.141531767032792,0.200550190178231,0.521020052801244,0,0.200550190178231
"U2OS",0.0723076372530645,NA,4,74.8305008078867,0.0137485271111763
"U2OS.1",0.114623403666814,NA,2.96351222674292,60.9073977608349,0.0132068772472959
"U2OS.2",0.053143607632086,NA,4,70.0413852693296,0.0294225977561762
"PC-14",0.147351436029725,NA,2.74227051662816,52.8726820076668,0.0115477099750716
"PC-14.1",0.167982517905167,0.0747704285305006,0.868706089180023,30.4792159976587,0.0253233784023705
"PC-14.2",0.1446694407762,0.0620433706409879,1.47801134952361,40.9698120940895,0.0194898290441126
"SW620",0.168963221339741,0.0883380279341373,0.613948040295509,0,0.0883380279341373
"SW620.1",0.0871734292886696,0.17413672152267,2.55740329915575,49.3937659121404,0.0310144457653517
"SW620.2",0.107822109930878,0.0867912040783017,1.1937010071808,22.4265539501594,0.0527156967294054
"HCT 15",0.236125239242309,0.0885778146839259,0.401015495890338,0,0.0885778146839259
"HCT 15.1",0.154373143553991,0.0262324044293304,4,34.8926896135433,0.0194487810086859
"HCT 15.2",0.227935527279802,0.077846606855833,0.510056104815841,19.4027278933261,0.0297218135913813
"A-375.1",0.338847832669657,0.0082217593246979,3.59084106650272,8.14009931699933,0.00782480400918947
"HGC-27",0.20643012878092,0.0205939192714681,2.14285284409234,26.4892495824493,0.0144813947786033
"B-CPAP",0.165579509129015,0.0234850939645333,3.5243567668194,39.9005565700645,0.0149171584883443
"SK-MG-1",0.13509053132631,NA,2.35768796503491,51.5298622230159,0.0146526103130197
"NCI-H1650",0.114803861670512,NA,4,63.5179371311216,0.0113771339384263
"786-O",0.273545844528641,0.0124327393572058,2.44364023205617,15.6622244671384,0.010660611125666
"TGBC24TKB",0.0130882493429054,0.12308832368819,4,0,0.12308832368819
"KP-2",0.0160501897651976,NA,4,91.5612073407298,0.02691695746265
"HDQ-P1",0.131794617372294,NA,1.16569965642827,75.3088866835924,0.00248354152933039
"NCI-H716",0.167348053328693,NA,1.01881588832667,54.6006914932208,0.00836190757103055
"MHH-PREB-1",0.240531944276311,0.0118176672087053,2.54513638544686,39.8931301753571,0.00630544860261882
"NCI-H513",0.127782808665711,1.04931780586051,0.363280103326154,0,1.04931780586051
"Huh-7",0.0899347430326975,2.20947937236359,0.38941559805962,0,2.20947937236359
"HT-1197",0.176666680233188,2.5214128127515,0.241402524566885,0,2.5214128127515
"J82",0.111730914373308,NA,0.674725340415126,86.7064866597035,0.000119203842084297
"NCI-H1568.1",0.166762751065818,NA,0.921466675262621,66.4459995536305,0.00323518349146315
"SK-N-DZ",0.295115420376675,0.0148933416199574,0.943158357749981,28.6080831146315,0.00605410653482993
"NCI-H322M",0.262571244757048,0.00909308729980028,2.5355306439207,41.0165151540691,0.00462040603157461
"LB996-RCC",0.231859349189692,0.0142040320635346,3.02850805750052,27.9250514636758,0.0108434878167947
"NCI-H1944",0.148901540905346,0.0838177313325791,0.731727415693637,0,0.0838177313325791
"MCF-7",0.123181305563326,0.515408515641821,0.438934276388582,0,0.515408515641821
"KYSE-180",0.136097141127996,0.110052541082585,1.44659874241128,46.2307987945615,0.0184284763560885
"NCI-H23",0.265692753324452,0.0150173874636125,1.31056997978243,27.3514760588829,0.00820666123386532
"L-428",0.461051486150689,0.00382464724279695,1.32919371029734,4.62857223695506,0.00355510289670338
"IGROV-1",0.250077675734182,0.137435951890759,0.473877985443961,35.4121719010314,0.0102131872635537
"LN-229",0.0406160981987358,8.77477413608657,0.440798352851842,0,8.77477413608657
"HSC-4",0.320288778509723,0.00883826247165018,2.34288433947454,13.7155120007635,0.00770782833567132
"Mel JuSo",0.0425507409824916,NA,4,85.8153576235029,0.0125939896566254
"639V",0.333300113497347,0.00870827963426094,2.27855161308494,8.96982132829176,0.0079844984158254
"SK-GT-2",0.0308744598815565,NA,4,89.32139673382,0.013574675914456
"NCI-H2373",0.227311287693083,0.0143384044439563,2.79576660427738,31.9477433797106,0.00995973555175503
"U-118MG",0.347141300494333,0.0110165185088735,0.726348866608106,22.6411159953839,0.00480300342390246
"TE-1",0.0680781021283006,NA,0.311240998808032,80.3316573647307,0.0294238348913727
"SKN-3",0.184689398445461,0.146692320582435,0.44972346796871,0,0.146692320582435
"SiSo",0.217561619898813,0.016347716974848,4,23.8386211277104,0.0139036800968864
"SNU-C5",0.268384292554874,0.00613314666413245,4,44.7221504418783,0.00349586860412791
"MFE-296",0.206676349138761,0.355252465280116,0.307720692907229,0,0.355252465280116
"NCI-H2170",0.303517845552595,0.00807516310066967,3.66215315762905,21.4683999096697,0.0069282105444613
"NCI-H1694",0.207087712216862,0.118396792069486,0.426478113734155,0,0.118396792069486
"8505C",0.190297828522663,0.242982738391206,0.371250585364787,0,0.242982738391206
"JHH-4",0.110895770439937,NA,4,65.4321835749501,0.0109061014944062
"TT2609-C02",0.0496777660908334,0.10306008213774,1.93623263508238,0,0.10306008213774
"SW1573",0.130377654370605,0.367446752887721,0.460898389920153,0,0.367446752887721
"LOU-NH91",0.0190561440326267,0.109601652144276,4,0,0.109601652144276
"NCI-H1048",0.160713547363912,0.0268859502216224,4,25.7537006399563,0.022435939222608
"C-4-I",0.212113726418984,0.200800676266176,0.348639999888536,0,0.200800676266176
"Jiyoye",0.349084087027775,0.00960293533700894,1.0602652053495,0,0.00960293533700894
"SUP-M2",0.422474983478416,0.00653297542781222,0.553964960964405,0,0.00653297542781222
"CAL-120",0.176496389238296,1.03945707760862,0.321761906244099,18.7034225905008,0.242345384013494
"SW756",0.165703344922988,NA,0.802478047128228,51.2092614214495,0.0113887920278069
"G-402",0.309841488962794,0.00686174654264237,1.92141068999142,35.871506468941,0.00355445161050602
"WM35",0.237070349662253,0.0550086205418003,0.493383101073216,0,0.0550086205418003
"UMC-11",0.129809809899554,1e+06,0.0979329816151939,0,1e+06
"HCC827",0.141609504298593,NA,4,79.4119141351983,0.000864311179422683
"HOP-92",0.120212195758514,0.387234854400784,0.482418002366577,0,0.387234854400784
"SW780",0.102737950666934,NA,4,67.6326472808692,0.0111648442576662
"OVCAR-4",0.033563103676929,NA,0,93.2873792646142,8.31010237833115e-05
"RERF-LC-KJ",0.14673868834256,NA,0.463580095510244,81.7813158375711,8.66527642039021e-05
"RL95-2",0.0509227416317763,NA,2.6944332762914,76.4495298886894,0.0226085409409597
"DEL",0.494865370787535,0.00327865844412651,1.49234742424415,0,0.00327865844412651
"KOPN-8",0.622936103557878,0.00121515028722632,0.857427919493343,0.185114114272334,0.00120990501460502
"ETK-1",0.10827932587365,NA,4,56.5357884462915,0.0178977939624433
"GB-1",0.186071357652916,0.0401982075790873,1.12801912438816,29.7058270864445,0.0180738491144411
"Calu-6",0.149777574207454,NA,1.37520637815412,57.4413261870532,0.00901517437827636
"BHT-101",0.26158938605162,0.0348775322519886,0.571577292888183,10.5608267442225,0.0230286678067395
"Daoy",0.246847626730385,0.0161794331223558,2.62224171121023,11.2458957808834,0.0146813402292736
"CADO-ES1",0.236570807622928,0.0172559800016412,4,9.81043680724168,0.0163389991131204
"ESO-26",0.142405509667615,0.0550639489978814,1.08507689194137,0,0.0550639489978814
"NCI-H1623",0.342198735605717,0.00681259174277164,1.30728895467707,31.1525225089686,0.00322993426184665
"HTC-C3",0.162899615369215,53.7791274148804,0.172070983332439,0,53.7791274148804
"KM12",0.218726960596896,0.0249854613734146,1.32388872624642,34.5197311998779,0.0103055059524119
"LOU-NH91.1",0.131576581448036,0.0339827914310702,4,31.8993714977057,0.026359669619101
"PWR-1E",0.184511674952514,0.123127944138907,0.480331842382133,0,0.123127944138907
"SNU-182",0.153129606318661,NA,0,69.3740787362678,1e-06
"SNU-398",0.144385880694973,0.165828956090566,0.548502442537829,0,0.165828956090566
"CHP-212",0.308234532059004,0.00454291345803316,4,38.4177129846704,0.00315166858820612
"TYK-nu",0.326789526036966,0.0106652700645703,0.944853269274616,29.3509373106698,0.00418298030187193
"DBTRG-05MG",0.163021896174604,837.088685646127,0.132904165571709,0,837.088685646127
"ESO-51",0.190309250800868,0.0227414058842403,2.6086942647092,45.6701483846403,0.00890279923078278
"RPMI-8226",0.252741787196362,0.0149691729591566,1.82929509904556,20.6604318395397,0.0111850369758196
"OVISE",0.131025845517972,0.154371948664989,0.616029453553844,0,0.154371948664989
"DiFi",0.220605754356544,0.056238736343051,0.575133907941374,9.48778805742134,0.0390071102090416
"KG-1",0.119229784775255,0.0400969883667571,4,23.3862152334871,0.0342488436990593
"ARH-77",0.385113435888674,0.00617927559376588,2.60208171915688,6.16208003504206,0.00587470259084968
"EBC-1",0.236221080642678,0.0113493316351477,2.87315231642694,43.9269526409378,0.00544889800712926
"HuO9",0.342568828197681,0.00696817516378098,2.39201338282823,16.4030284813179,0.00590110118344948
"Raji",0.449606983828373,0.00373038132934413,4,6.56860735262338,0.00360131961591009
"Granta-519",0.297105097561531,0.00869608608838064,3.13791840644465,21.8282501339468,0.00724306013183501
"TC-71",0.287871814221179,0.0125479219295854,4,5.54085992904237,0.0121848327231771
"HuO-3N1",0.0424792553281278,0.114624811247427,1.94074584014779,0,0.114624811247427
"BT-474",0.0951563902333301,NA,0.0619834048223859,58.6057314453029,1e+06
"RERF-LC-Sq1",0.140818030064217,0.0459239042585732,1.97472735333544,40.2972009408976,0.0200191553152077
"RD",0.0514593522017681,NA,4,82.0898310853775,0.0137450687903522
"CAL-51",0.375577456002933,0.00793129645000274,0.946380014199924,2.18247257254566,0.00756594358677685
"IMR-5",0.236583095979221,0.0169703325191577,3.21958665361422,12.2122170819834,0.0155566382808597
"BPH-1",0.150972964968671,1.63019217291852,0.29546480322014,0,1.63019217291852
"SNU-1",0.232927367502901,0.0103979426747908,3.78195479530454,40.4256916339308,0.00671637350571394
"JSC-1",0.488876381470145,0.00284412350120147,4,5.98626658918885,0.0027548820038391
"SAT [Human HNSCC]",0.0150065482660262,0.401282564418528,1.3591242760941,0,0.401282564418528
"P30/OHK",0.130366224692394,0.0422625323461522,2.54037327256947,1.36004909521689,0.0418062201622382
"NCI-H2405",0.141784011951969,0.230829686895056,0.496053756192714,0,0.230829686895056
"C2BBe1",0.117853232188849,NA,1.26781365461427,55.9357339790776,0.0170508328892084
"TCCSUP",0.125252723241996,NA,1.73793751509057,66.8463734213035,0.00740037290259961
"HuP-T4",0.198478642295193,0.0307320564413722,1.31834852707277,32.6844279161798,0.0137488323948999
"A101D",0.340905198581191,0.00515754986967145,3.54699971827357,25.6659707624427,0.00420986955631141
"GA-10",0.406747009624129,0.00703247418313782,0.583690795107394,21.177190145721,0.0027368085279149
"CESS",0.422877380042614,0.00451389073300634,4,6.81913603411436,0.00435142369969284
"RT-4",0.280104160695085,0.0106774738590777,2.61100310542035,20.8460352232117,0.00868447298640742
"NCI-H1155",0.166926017794591,0.0284658397208535,4,13.893563818177,0.0262408352563972
"COLO 678",0.0611707227971108,NA,4,91.7532072613873,0.000595426531727752
"A-172",0.183607991952942,0.021934565440834,4,24.97764473939,0.0184488194275677
"647V",0.235450701293403,0.0153274449233168,4,18.2362187518122,0.0136839132492912
"EC-GI-10",0.170144351834752,0.0663397919884161,0.856644715007758,25.3312948511468,0.0290807112745489
"LN-18",0.184441128186319,0.0563382445687018,0.805845128805008,19.9493636736472,0.0299510951438338
"M14",0.279399782557349,0.0114340245632653,4,14.3479894159327,0.0105069732473849
"KYSE-140",0.157480599426539,0.0566149875517143,0.898963675829982,0,0.0566149875517143
"COLO 829",0.164235328019384,0.801972623767815,0.31757893913011,0,0.801972623767815
"EPLC-272H",0.107294628574514,0.156986688504671,1.43926259031666,45.7484256702513,0.0283226960721416
"G-361",0.170527321525016,1.86004150046958,0.261893740017888,0,1.86004150046958
"GDM-1",0.172474214339851,0.0856303869336096,0.608744761927348,0,0.0856303869336096
"JHH-1",0.0895044353675438,NA,0,82.0991129264912,0.00917185223677259
"MM1.S",0,NA,1.52187810246625,100,153.266333801246
"MOLT-16",0.371185664892039,0.00743431892906507,2.58997386844309,1.95029647843301,0.00732098605429622
"NCI-H1693",0.138483318244851,0.398401587982338,0.430207237753928,0,0.398401587982338
"NCI-H1781",0.260735970481573,0.0125291046965127,1.78121031786074,32.8883131076519,0.0068624850545166
"NCI-H2141",0.073594325669579,NA,1.51838883454081,78.8491449016227,0.0091931033755216
"OE21",0.126322338447055,NA,0.835884582662499,80.5325838978948,0.000982898466112597
"Panc 08.13",0.0665145400759783,NA,0,86.6970919848043,0.0707227217492588
"UPCI-SCC-090",0.0547261724919202,NA,4,79.5815853385445,0.0157056722779682
"SU.86.86",0.108928863987899,NA,0.00756215834888546,78.5942223954035,2.88929414237508e-05
"SU-DHL-10",0.270524335311205,0.0118027384125686,1.63703482819978,38.6617740014313,0.00476792081686963
"SUIT-2",0.225758071035475,0.101017284792235,0.417914383670488,5.26959944077461,0.0773857400701331
"SUP-HD1",0.147789690076416,0.0290735280786455,4,46.7061237834068,0.0147292981831851
"NOS-1 [Human osteosarcoma]",0.0945170821067995,105.219073845622,0.224714384931441,0,105.219073845622
"CFPAC-1",0.331371529045812,0.0370898224561841,0.310939485960792,0,0.0370898224561841
"A2058",0.14639128553914,0.0280459141474835,4,44.3843948693092,0.0162358952136001
"CAL-27",0.226383353519767,0.0156289755245668,3.07344948093401,24.8108634357742,0.0125040357292533
"COLO 205",0.100678983574821,NA,3.79630651878184,61.9729218405628,0.0160658250518641
"COR-L23",0.191949231390114,NA,1.43458756505874,72.5357351063733,0.000772712409669747
"DAN-G",0.204847017907817,NA,1.86088687485808,51.0111663212032,0.00557951034762534
"EW-1",0.41916078148027,0.00438570955272387,2.00341990994277,10.9230354018149,0.00387798963288519
"GP5d",0.219965648212463,0.0129625832911007,3.17303929559805,44.3323268738044,0.00652667095054535
"NCI-H2722",0.0880038030938049,25.5392806735578,0.273173443846758,0,25.5392806735578
"HCC15",0.147144131522082,0.0996074904276983,0.673956324077585,0,0.0996074904276983
"MFE-319",0.138490268562441,4.34197630715146,0.266888110459087,0,4.34197630715146
"NCI-H1876",0.308909095969056,0.015077885657386,0.774969496767415,0,0.015077885657386
"NCI-H661",0.146850927368486,5.72138162215121,0.245692780977374,0,5.72138162215121
"T-47D",0.0737819577716857,NA,1.8678526829874,75.1060943359568,0.0130622924465694
"U-87MG ATCC",0.21669743921538,0.122753227026107,0.456580496083894,19.1157006750012,0.0427340086459758
"MC/CAR",0.207118475654911,0.0340342112469638,0.897786178204378,0,0.0340342112469638
"23132/87",0.17998596691187,0.0730560442372788,1.06733368815203,42.2338954449721,0.0127617768831351
"ATN-1",0.498496608310803,0.00278748972648959,4,4.44198786170757,0.00272340334058872
"BB49-HNC",0.192175885450339,NA,2.71501685108919,53.1842569435098,0.0058705871702966
"SK-N-BE(2)-M17",0.0962333386267053,NA,4,65.4397339075936,0.0146137208692966
"BFTC-909",0.202748694391928,0.0277909142068866,1.32123581693655,23.4975187798881,0.0171888598058302
"BICR 10",0.212244842825807,20.2194052727351,0.48171650226358,48.8860649282072,0.00751859690802059
"BV-173",0.450283700218907,0.00401052794892336,3.35482237555634,4.04769826009502,0.00391086819026605
"CAL-29",0.207757388432779,0.0160982262256483,4,30.3305545914819,0.0127492181932487
"COLO 678.1",0.0399938681883951,NA,4,92.278174458127,0.00279460194737909
"COR-L311",0.0878352048006652,NA,4,75.3328869436858,0.00854752923233945
"DG-75",0.211336785186028,0.0164304048333936,2.82277020919775,33.8811859197996,0.0110022123940663
"EW-13",0.270251522173947,0.0163243248293646,1.11810307134814,28.8971061896348,0.00754707158732291
"GCT",0.0875354811995615,0.784365921785767,0.492137938809009,0,0.784365921785767
"Lu-135",0.112180825962456,NA,4,62.8036844011504,0.0124543605067387
"MOLP-8",0.245064108049998,0.0104168634279377,4,33.217889730638,0.00792877532942046
"SF268",0.154542750873945,0.0494704356002695,1.23130416052577,25.3008468131819,0.0278994021746891
"SNU-61",0.0966447786676165,NA,0,80.6710442664767,7.22916437308016e-05
"HC-1",0.290992093759622,0.0108028394729772,4,12.5113741949858,0.0100524125071197
"A-704",0.163097157665247,NA,4,76.0150886899481,0.000912310926577909
"ALL-PO",0.313189936162767,0.00988543324490812,2.29118843626186,10.6013273858245,0.00890897419994044
"AM-38",0.247491695150109,0.0141860315894528,2.88240710000719,19.6049512689426,0.0119361855630967
"P32/ISH",0.0288059483758716,NA,3.28506660188074,84.1778356663988,0.02857594439119
"SUP-B15",0.141100672800431,0.0341915963000877,4,17.7602583034424,0.0306390125454899
"MHH-CALL-2",0.275218710515425,0.0126125407959973,1.66098212480485,21.2846270618949,0.0090322235069841
"ES-2",0.224540125506341,0.0169871385281447,1.96628138693358,36.8308992333322,0.00861876960131024
"NUGC-4",0,NA,0,100,1492.45124006618
"HCC1187",0.0516037862717701,NA,4,94.8396201659654,5.04444853953473e-06
"NEC8",0.167055384381832,0.0265261401457547,4,21.3344609687796,0.0230819016873058
"CAL-78",0.0450957814862031,NA,4,76.8385489777216,0.0260879913727043
"AN3-CA",0,NA,1,100,0.0316255534471853
"DU4475",0.207707704286384,0.0215922510440082,2.41794302984116,47.1118630895568,0.00663967469973817
"PaTu 8902",0.081317153278833,NA,4,74.7001873936261,0.010860416559775
"HT-1080",0.186551051848249,1.36343167151633,0.266005643140521,6.73303354266779,0.791584340891473
"HCC1806",0.449039410032622,0.00283624064808534,2.55831100032427,16.6409984578953,0.00242126702747248
"HOP-62",0.228589347312349,0.0291503821786947,0.955127983501075,25.7384149681871,0.0136722275126254
"JIMT-1",0.134242915980091,296172.068208056,0.102378506365927,0,296172.068208056
"Rh1",0.423530869796403,0.00474035713805057,2.95754094717568,5.21319278184805,0.00456711827016925
"RC-K8",0.205427255102175,0.0149724448177851,4,36.0090848431502,0.0108895955711934
"SU-DHL-5",0.563015323364817,0.00191901001804022,4,1.86729912018928,0.00190083665811597
"A3/Kawakami",0.386466321931113,0.00667826886406776,2.69237426013849,1.89141089473894,0.00658329924512023
"A3/Kawakami.1",0.41244288038751,0.00552547363907424,2.8003700747173,2.15722422650455,0.00543913491282238
"CL-40",0.193807390275138,0.0336582610971617,1.24004055797676,30.6790854731823,0.0156345203810893
"COLO 792",0.102862466833007,NA,0.785526936335951,59.2480919611433,0.0248508627940737
"COLO 824",0.135475028590528,41.9254742549472,0.201373263500445,0,41.9254742549472
"HCC1143",0.0230092481432585,NA,4,86.331374436732,0.0313380511478251
"HCC1143.1",0.056346796228642,NA,4,85.9414989020384,0.00627605113373242
"HCC1143.2",0.0875441537141647,3333.16064401226,0.172508073669183,0,3333.16064401226
"HEC-1",0.100784771122272,10987.8680723784,0.147593526576446,0,10987.8680723784
"Hs 445",0.506248658431516,0.0021883672756,1.46376148930943,13.0105907647646,0.00178114027296087
"HT-55",0.0976333498835269,0.310041617998992,0.597573050518826,0,0.310041617998992
"HuP-T3",0.0822987550851012,0.288427342456376,0.686265551277003,0,0.288427342456376
"JVM-2",0.377033396345615,0.00612140380833021,1.75197774134016,11.6419743423026,0.00526194124301483
"JVM-2.1",0.347689002149238,0.00652430411624486,3.20956536868442,15.6294364782921,0.00580518420337458
"JVM-2.2",0.352884490942703,0.00512005960877734,4,21.7429085383224,0.00443929882993158
"NCI-H2228",0.13953687973378,0.0814258604318854,0.873470947756479,14.6413657121167,0.054763403443684
"SNU-5",0.23621576061781,0.0159682915188701,4,15.2790880421154,0.0145768515963219
"NUGC-3",0.278223104009229,0.0216934134155287,0.694828060967958,0,0.0216934134155287
"OACP4 C",0.104565853924804,NA,2.42919097960874,56.9928443258041,0.0187800678124696
"OCI-M1",0.366532240839573,0.00667014644817041,2.69617978253207,8.96379746539119,0.0061988554942543
"OCI-M1.1",0.381312243310878,0.0059831680631609,2.57189606440456,8.96859125129748,0.00554051033082874
"OCI-M1.2",0.405808839232627,0.0049192753434165,2.25878778035827,9.85740543782801,0.00446356409865342
"OV56",0.0532875841545396,NA,0.100675542528251,89.666006736596,0.00168736221844524
"RS4;11",0.240010464943878,0.0164771721112943,2.41163188254194,15.3968759244095,0.0141448326263541
"SCC-3",0.348551081904572,0.00817305580706114,4,4.83133387069444,0.00796803585526805
"SK-ES-1",0.348771910831086,0.00781624427017537,4,6.83211375333742,0.00753435047046332
"SU-DHL-8",0.12355693036064,0.0394660436521797,4,18.8707581201925,0.0350568771578588
"TK [Human B-cell lymphoma]",0.188551950382648,0.0231131120422826,2.62616851495897,24.5366660821103,0.017875911595282
"A3/Kawakami.2",0.40529247339299,0.00589724775754086,2.12509472079729,1.70647371662819,0.00580166580399807
"NCI-H747",0.136311253797506,68171502.0533344,0.0850263891787416,15.0807124996788,1e+06
"NB1",0.324571963489839,0.350348099844914,0.159423689187889,0,0.350348099844914
"HPAC",0.153100648733662,1235.7567639268,0.134782343112807,0,1235.7567639268
"EW-16",0.273134816137817,0.0145041518854734,1.23880332728258,29.594492581846,0.00703558034245192
"OSC-20",0.171479593879017,4.80713962180955,0.430069808126674,44.5241852816443,0.0280852921962981
"EGI-1",0.1127339331104,207.415624546391,0.191026609836365,0,207.415624546391
"SBC-5",0.444118665244969,0.0052607593033585,0.578348852017731,0,0.0052607593033585
"NCI-H2369",0.170609137107717,18.6436155286835,0.187388350530808,0,18.6436155286835
"H9",0.653535171581887,0.000592175428955765,0.449277002629885,0,0.000592175428955765
"OACM5.1 C",0.222115568303428,0.0156671874945088,2.29913403316584,40.9545646966406,0.00744776100967473
"U2OS.3",0.139380327652389,0.644555388112283,0.37968773440994,0,0.644555388112283
"A-375.2",0.347511489770478,0.00770466411124108,2.34343159202803,9.59480480759982,0.00703505806899348
"A-375.3",0.340600426060816,0.0077843889097082,4,9.77297458913963,0.00737244436873236
"HT-29.2",0.157500711957085,0.296091302920792,0.419829656552721,0,0.296091302920792
"HT-29.3",0.14809898956731,NA,4,55.719594479278,0.00992465820421219
"HT-29.4",0.0928185070740138,NA,1.59185388098101,53.1266877150511,0.0274641765600207
"A-549",0.222117926398992,0.0180914896414924,2.10408229344243,24.9978081944484,0.0130143632980172
"HCT 15.3",0.193092115987602,0.0165733492619802,4,38.2188076303649,0.0115468917240777
"HCT 15.4",0.194023038742468,0.0350502003411026,1.73403343100471,45.6662276674232,0.00855432291241711
"HCT 15.5",0.286032538088656,0.0147261868479548,1.06095842185505,31.4323912072784,0.00578888143288521
"A-375.4",0.352768396529137,0.00737300985004519,2.67565178308415,9.20410007642345,0.00683319035480565
"U2OS.4",0.144127468893623,118.250273710336,0.173186963438616,0,118.250273710336
"C32 [Human melanoma].3",0.180765839242011,0.0257191348276836,2.18006162538496,31.4745750492114,0.0163103373606887
"C32 [Human melanoma].4",0.228684220214828,0.0473436180137215,0.568945338858028,0,0.0473436180137215
"C32 [Human melanoma].5",0.154264900184685,0.0270326328927297,4,31.6784923221788,0.0210322699736875
"PC-14.3",0.105376698288088,NA,1.26967962197647,58.2071214563066,0.0191797834596661
"PC-14.4",0.220529786034571,0.285751912098435,0.302395804311203,0,0.285751912098435
"PC-14.5",0.20020794643662,0.326764966550194,0.325057419391486,0,0.326764966550194
"A-549.1",0.282811802502924,0.0158434512064417,1.05669364588659,3.47722665739346,0.0147987462756516
"A-549.2",0.234898873207654,0.0125988951178592,4,29.1600783513058,0.0101231105577811
"MHH-ES-1.3",0.161069782506186,0.0343046383232927,1.83928309756619,21.267713488339,0.0253828923787729
"MHH-ES-1.4",0.174299984205873,0.031074833314271,1.73377921165182,24.469410566626,0.021088368672265
"MHH-ES-1.5",0.18986965112615,0.0417539474378661,0.866122716548197,0,0.0417539474378661
"SNU-C2B.3",0.141089987085753,0.184045346071306,0.538711914996197,0,0.184045346071306
"SNU-C2B.4",0.185043940846641,0.409230735056981,0.332523881181097,0,0.409230735056981
"SNU-C2B.5",0.172914453236374,0.388406196365437,0.358998206733473,0,0.388406196365437
"SW620.3",0.204290513412629,0.133482993738727,0.415147691174119,0,0.133482993738727
"SW620.4",0.195583743373941,0.122384295938208,0.45070145334393,0,0.122384295938208
"SW620.5",0.148369708606547,0.159058365938425,0.543437573953558,0,0.159058365938425
"HT-144",0.0466786517780737,20.6390989414404,0.37031112673118,0,20.6390989414404
"HuH-1",0.0441759843310938,NA,4,69.0548437520925,0.0374877037273292
"LB771-HNC",0.0974680069844843,NA,0,80.5063986031032,3.9369233387034e-05
"LCLC-97TM1",0.0546430989681896,NA,4,82.2098787374818,0.0119847829053606
"NCI-H196",0.135096105174977,NA,0,72.9807789650046,2.07585546849127e-06
"NCI-H1963",0.169312629686583,0.0906289632367006,0.604697454206649,0,0.0906289632367006
"NH-12",0.098151196234699,NA,2.34794066007927,56.4035225350017,0.0213554755929231
"OAW42",0.217638867893719,0.0444070603049927,0.64475837573684,0,0.0444070603049927
"PFSK-1",0.250554455171125,NA,0.251814545001464,69.1406537711956,6.98829232674051e-06
"RERF-GC-1B",0.111543176573388,3380111.30630349,0.103330120244862,5.91249719308225,1e+06
"TE-6",0.0890182184057791,0.136050483567667,0.912595328001445,0,0.136050483567667
"A-253",0.0716008747187187,0.111263728406616,1.26896120197712,0,0.111263728406616
"DMS 273",0.167686366488647,0.0337131546657813,1.77073165506618,33.778960542023,0.0178526928750502
"SK-MES-1",0.0639945975044757,NA,4,75.1423571302987,0.0168971835524219
"TOV-21G",0.101532237113292,NA,4,70.8612114451255,0.00901065062268016
"MS751",0.121076796819919,1037.61085008613,0.15905093709485,0,1037.61085008613
"DK-MG",0.029601245660845,NA,4,79.5565667397544,0.0369531490500448
"CHSA8926",0.0561720759021471,NA,0.0969471102022852,73.3237035497394,2940.10841095544
"HCC2157",0.0792330230877976,NA,0,84.1533953824405,0.0965065358926981
"KY821",0.240111713401598,0.030930698362045,0.709489117306737,0,0.030930698362045
"NCI-H1092",0.123470716994358,NA,0,75.3058566011284,0.0771567938889002
"NCI-H1793",0.0427857752092838,0.183210758692869,1.35946077703643,12.1384390889744,0.149318350641058
"PC-3",0.102133773084933,0.225075614524863,0.648636164331607,0,0.225075614524863
"NCI-H1915",0.0570529365614363,NA,0.934087537700914,74.0171306181291,0.029336841111809
"NCI-H650",0.157829284941564,0.145058231726215,0.530676448695911,0,0.145058231726215
"Rh41",0.231894951915797,0.222423917644611,0.304273317204774,0,0.222423917644611
"KU-19-19",0.283625348746341,0.0234486321080008,0.628473125909797,7.73726473305026,0.0179449911620742
"CAS-1",0.116948328415146,51.4643368492605,0.265625,28.75,2.05352502645715
"HPAC.1",0.129415852522748,10.1083915977061,0.247163940402959,0,10.1083915977061
"CL-11",0.116586670032191,NA,4,57.4993442022344,0.0150371742530746
"HCC1954.1",0.105413194814369,NA,4,86.2480939347373,0.00050164702649431
"HCC1937",0.00984926339432925,NA,3.375,66.875,0.1
"PA-1",0.141882476976725,0.206946918469438,0.514271856971776,0,0.206946918469438
"EFM-192A",0.128019562612826,NA,0.0133648964463579,75.0985259074416,4.6345682222624e-05
"MOLT-13",0.131656167329814,1030.84619501504,0.151221110598997,0,1030.84619501504
"MHH-ES-1.6",0.175550472254863,0.0340920445502204,1.44202655833754,21.4803475966382,0.0230976369603466
"U2OS.5",0.0901246667964469,12508.0693103161,0.154758779430093,0,12508.0693103161
"HT-29.5",0.122509309233483,1.51169397070586,0.347471410343535,0,1.51169397070586
"A-375.5",0.256451931771232,0.0161390181661002,1.98245653529498,7.75088647570895,0.0148244036886183
"PC-14.6",0.252412642799019,1.22303033769757,0.188046759147721,0,1.22303033769757
"KYSE-150",0.133703104235926,NA,4,66.514067607974,0.00634233046704855
"SiMa",0.360561303094412,0.00633245432243098,1.1863470501456,27.3305816377163,0.00325089404268835
"SW626",0.0674536069676944,NA,4,75.0294671288946,0.0154783841749023
"KMOE-2",0.135742878144176,NA,4,54.2021451142483,0.0129095419093919
"NCI-H2591",0.120450904373837,NA,0.800902633899707,86.0434025774783,0.000118217270843361
"HCC1937.1",0.115048726662879,NA,2.15068781194493,85.7673004113783,0.000365675716293672
"KLE",0.0266137479982079,0.542378900467701,0.967220064030855,0,0.542378900467701
"KYSE-410",0.123511932775076,48.1897371623766,0.210236119631698,0,48.1897371623766
"LNCaP clone FGC",0.196310067734925,NA,0.83611336287248,51.2891693876168,0.00672315232593761
"NB(TU)1",0.199559872295221,0.0764944804126844,1.24412823962836,47.1908442116286,0.00756125159199909
"NCI-H209",0.287120363057798,0.0187786662892732,0.747189877727834,0,0.0187786662892732
"NCI-H720",0.0436632032728342,NA,0,91.2673593454332,0.0503265445325312
"NB1.1",0.258362476327678,5605.91104414211,0.07365292116055,0,5605.91104414211
"Lu-99A",0.16623956573268,0.0226591272816681,4,36.8892318668708,0.0162146549808587
"MOLM-13",0.371013712991583,0.00736049863093286,2.01162017758248,3.01340084903146,0.00713653190598635
"Lu-99A.1",0.150440707943686,0.02866308614501,3.78268589122428,31.0324213796634,0.0221838767367982
"Lu-99A.2",0.14931971077901,0.0285168865981907,4,31.2856149136153,0.0223050652447032
"NCI-H2347",0.0497595478815012,NA,4,93.4317719828059,0.000533704505889907
"NCI-H1341",0.134754405547413,0.320663378381213,0.467140632302785,0,0.320663378381213
"NCI-H1573",0.104170642230736,NA,0.0605251557957788,55.6573698761675,1e+06
"NCI-H1688",0.0856068948210468,NA,0.015625,83.75,3.27812115139346e-06
"A-498",0.023815964789031,NA,4,83.2376771201184,0.037666499955804
"MFM-223",0.0737332759642227,NA,4,83.3020938712471,0.0047357154168179
"BT-474.1",0.0171140238081356,NA,0,96.5771952383729,0.30909421446298
"AU565.1",0.743046026395186,0.0154706818022452,3.43168555541371,21.2916375815486,0.0131611175653809
"CAL-51.1",0.681053075582324,0.0153799685776722,3.24994543944181,28.5414094099545,0.0118554213424854
"HCC1806.1",0.800169273988362,1.37745283721138e-06,1.59339172601573,19.9830694179061,1e-06
"MDA-MB-361",0.241404957810313,NA,3.57178273380015,73.7053138676419,0.0165640743055159
"CAL-85-1",0.504292604227848,0.278877830186666,0.154429100190899,0,0.278877830186666
"Evsa-T.1",0.354132328188592,13.1742847537735,0.164830160263842,0,13.1742847537735
"HDQ-P1.1",0.276689010326826,8.13054703196531,0.322777129557909,0,8.13054703196531
"MDA-MB-157",0.590679061525783,0.0458172073745365,1.62715156337934,29.7709583274247,0.0262727486752903
"MDA-MB-436",0.401969075461986,NA,1.33696434205014,51.8145137466603,0.025716701457329
"MDA-MB-361.1",0.0461416461583079,NA,3.46251170091496,88.9610139965225,0.00557361523324861
"LS411N",0.0830130654604002,NA,4,68.7737867081809,0.0159440437985437
"HL-60",0.21378982254451,0.0199972873375802,3.7599985793568,12.4099858961377,0.0185361530872468
"PF-382",0.17174396244399,0.0278446107442282,4,12.0273566454166,0.0259935955686296
"SNU-407",0.155105444901111,0.579139893316175,0.357881276877769,0,0.579139893316175
"NCI-H1417",0.222018755490075,0.0168967767369213,2.44476169568328,26.7630473013823,0.0123503660309969
"NCI-H1417.1",0.211926134869876,0.0195016439302936,2.15766263332066,26.4149809735611,0.0137666131476707
"NCI-H1417.2",0.264509568080508,0.020951546053535,0.849852259693599,0,0.020951546053535
"P12-Ichikawa",0.3221619887726,0.00973515695293695,2.0512218494716,7.93657126819322,0.00894844418386413
"P12-Ichikawa.1",0.387860153566702,0.00645989804883042,1.70955548174019,4.12788140082862,0.00614237359185943
"P12-Ichikawa.2",0.382710081550838,0.00640608731901287,1.54229823307651,7.6357184195939,0.00575345373010356
"SiHa",0.0945316437355805,NA,0,81.0936712528839,0.000322119934518079
"OVTOKO",0,NA,4,100,1e+06
"FaDu",0.195435402083027,0.0221500935417747,2.91255271962121,19.7802104226801,0.0186334878030479
"5637",0.166022820148177,0.0999504074507094,0.589860964165854,0,0.0999504074507094
"Detroit 562",0.151940165114999,0.0789918767644959,0.740496173546172,0,0.0789918767644959
"NCI-H2052",0.0935306122671348,NA,0,81.293877546573,0.000257025754076658
"Rh30",0.277130043192831,0.0656537526186617,0.351134551411168,0,0.0656537526186617
"T-47D.1",0.0512910236732162,NA,0,89.7417952653568,0.0442987616809398
"KYSE-180.1",0.0919101028028763,NA,1.57572139698876,61.6255064513693,0.020071580073574
"HCC827.1",0.0501197765354263,NA,4,74.8815059817612,0.0252280960619633
"A-375.6",0.33728236316501,0.00849081622210534,3.109375,7.5,0.00805842187761482
"A-375.7",0.293018223904584,0.0109473674275012,3.67460245044184,11.3034786025776,0.0102098938473035
"A-375.8",0.333503800041979,0.00787442479319406,4,11.6731414523287,0.00736804287520945
"A-549.3",0.233596300589867,0.0128802534146319,4,28.6927761466092,0.0104067141063094
"A-549.4",0.244544910401723,0.0125869741985088,4,24.6822576217015,0.0106178133092549
"C32 [Human melanoma].6",0.184789238318639,0.0187291477082227,4,35.9302344146884,0.0136410320434222
"C32 [Human melanoma].7",0.186457193898373,0.0202886272359953,3.15778913305254,34.5384733353245,0.0139906110149451
"C32 [Human melanoma].8",0.156050184056875,0.030166012271905,2.64624811199781,36.4357776546791,0.0184252269482455
"HT-29.6",0.0414486385170837,NA,4,71.7341043454941,0.0364774127375262
"HT-29.7",0.0493486941821652,NA,4,79.0571567408988,0.0196476324222762
"HT-29.8",0.167624054182329,0.126722283417405,0.551268524752314,8.34207475514797,0.0910024475510176
"MHH-ES-1.7",0.150576314599139,0.0348424441953767,2.21199683739605,30.0287228965202,0.0230104779771796
"MHH-ES-1.8",0.154051941483939,0.0306254023435479,2.82743674062381,28.2707654450459,0.0228074623669915
"MHH-ES-1.9",0.14174928904155,0.0343329809724764,2.84075876516673,29.8538648915846,0.0249311442222366
"SNU-C2B.6",0.119970037365602,NA,4,64.9070997456939,0.00942962495600352
"SNU-C2B.7",0.136672503126183,0.185152815969159,0.552748164295062,0,0.185152815969159
"SNU-C2B.8",0.143552226159898,0.154990637404888,0.566061759674992,0,0.154990637404888
"SW620.6",0.168246901851395,NA,1.14084968206322,51.3631062516096,0.00968018365284194
"SW620.7",0.114302064398818,NA,1.88592493656734,51.6640863818377,0.0200193291157903
"SW620.8",0.142999951905653,0.0906837211672712,1.48135080293994,45.8469217499487,0.0169067473157738
"PC-14.7",0.102488848327911,NA,3.75127242241112,54.1465133637662,0.0213729242750246
"PC-14.8",0.0992165876769748,0.0597244238517315,4,47.9641569070186,0.0268284476084289
"PC-14.9",0.0788781429380903,NA,4,64.2526059468494,0.0217937722894521
"HCT 15.6",0.183673391568974,0.0176367598333837,4,43.3894191649825,0.0106349684281899
"HCT 15.7",0.174978481749152,0.0196676491761421,4,42.1283316006975,0.0123887260488582
"HCT 15.8",0.187106707747976,NA,4,54.9557553709883,0.0056747056740071
"U2OS.6",0.129958219424023,2886.79652217217,0.14064717474857,0,2886.79652217217
"U2OS.7",0.0459534722965978,NA,4,77.908328514254,0.0237879344277605
"U2OS.8",0.0898846472449713,2955899.52963863,0.115957710004424,5.90494300710318,1e+06
"HCC1428",0.0439758449917593,NA,0.0691162122063564,78.6873831685497,999930.349511831
"HCC1500",0,NA,0.792124000339545,100,0.066976850407961
"KYSE-520",0.0624750502306591,NA,4,92.3691089255371,0.000349399737182706
"KYSE-520.1",0.0936588260372952,NA,0,81.268234792541,0.0159480587881689
"KYSE-520.2",0.0359845523758472,2.84150867384294,0.560573996348297,0,2.84150867384294
"MeWo",0.0641423200077508,NA,1.69988778121353,67.1882224081486,0.0275862857210152
"NCI-H1838",0.0197653325629636,1.25961019234506,0.833716384958563,0,1.25961019234506
"NCI-H446",0.102506482204452,NA,4,66.1369702887207,0.0123585409142972
"NCI-H446.1",0.140427409754796,NA,4,56.9215034136864,0.0105231804400836
"NCI-H596",0.00796686417967219,0.142131004406611,4,0.536207092754965,0.141748404039366
"NCI-H2122",0.121901142413649,NA,4,70.1152379750644,0.00597561597408828
"BT-20",0.0034495651278639,NA,4,86.25,0.1
"HCC1419",0.0566628465405724,NA,4,82.9435892308169,0.0100800274763474
"CAL-120.1",0.263443255088375,10.9445559831004,0.477758760527286,35.7812278362075,0.787292465799096
"JIMT-1.1",0.162376438533371,NA,4,72.0703550799136,0.177779167872418
"MDA-MB-175-VII",0.318550395553896,NA,1.37593160326667,68.1449496260472,1e-06
"HCC1419.1",0.0405370770486761,NA,4,92.3957497535832,0.248459512232656
"MFM-223.1",0.0436572225869281,969.336568605693,0.422058157086939,0,969.336568605693
"HCC1187.1",0,NA,0,100,0.0489463102050939
"HCC2157.1",0.0160199433976897,NA,1.81158533860391,86.4373035223401,5.0830476039699
"CAL-148",0.48375252043618,0.580833157749121,0.106061076665387,0,0.580833157749121
"T-47D.2",0.0848178381398507,NA,4,89.9121177662083,0.0293528146608215
"IGR-37",0.150410300985718,0.0271927778497863,3.766745450547,39.41678634056,0.018006350433331
"HD-MY-Z",0.110140999152482,3141076.93549978,0.104258638247791,5.62429465890851,1e+06
"H4",0.277859517190225,0.0157274241638931,1.24895655698913,1.03120674085738,0.0154671774698809
"Calu-3",0.133721268072065,7.22696178871796,0.253455189833209,0,7.22696178871796
"Becker",0.0728609224198529,1.04410502103143,0.508532889885962,0,1.04410502103143
"DU145",0.188802277727648,0.13370505560925,0.453946945837313,0,0.13370505560925
"NCI-H2595",0.0741130016701783,112.228298971455,0.347014329366111,38.5443282320423,1.60673342933174
"DOK",0.0696414365462592,1.80319821093007,0.462392386680511,0,1.80319821093007
"CW-2",0.15342170643798,NA,4,53.2031909476408,0.0103883869779232
"22Rv1",0.192705789713587,0.0175798530352877,4,34.4415779930374,0.0131299818520704
"CAL-39",0.267850582336912,0.0142262413384687,1.82429235545869,12.9933604564508,0.0120628864798889
"K5",0.1407001574734,1.97614224451233,0.300627253213229,0,1.97614224451233
"COLO 679",0.245909013476032,0.0141577391192531,2.00615425358005,28.9091406440155,0.00920727345421795
"769-P",0.259042394448677,0.0196518536928793,1.06949350452896,32.0860965341053,0.00752644005663813
"GI-1",0.179266349738857,0.0193135809219222,4,38.3619264750948,0.0134149968996919
"DOV13",0.370730362137472,0.00617968569929816,2.4269308019919,11.4305491722587,0.0055528788042591
"DB",0.491716799518775,0.0032038540805329,0.392836616249803,11.455211997599,0.00165200089877415
"HCC1937.2",0,NA,0.8538969267496,100,0.0130742353591431
"DU4475.1",0.660923970583695,0.0191161974945839,1.23404460440435,28.0571261654625,0.00980755359575297
"A-375.9",0.405891130895072,0.00497363891831211,2.44370630389334,9.06489047932136,0.00458272856354141
"A-375.10",0.357410505465753,0.00660926249277727,3.45833910661228,11.6157266832463,0.00612284198865472
"A-549.5",0.229176065008757,0.0146514484178781,3.88878052161436,24.3417760930853,0.0123416445727837
"A-549.6",0.24869937118131,0.0116688556475687,4,26.4928911524597,0.00966241242697907
"A-549.7",0.21612738575558,0.0177969859696247,3.16473171051709,21.7134491029489,0.0148653634465678
"C32 [Human melanoma].9",0.221833009317558,0.0168180202306031,3.83583795571316,20.0487815446292,0.0147148154847433
"C32 [Human melanoma].10",0.266304988358981,0.0248798443256638,0.680009344613393,0,0.0248798443256638
"C32 [Human melanoma].11",0.201872466473828,0.0197096331425669,3.59314490174345,21.8628589438339,0.0167953041732773
"HCT 15.9",0.110537900760425,NA,4,55.5621361888979,0.0179443655731644
"HCT 15.10",0.212331560013619,0.0271215478190484,1.54829947305633,42.7078288268335,0.00782157417906184
"HCT 15.11",0.213376879760732,0.0272550495313964,1.23172698589095,30.0939144243408,0.0129036496934877
"HT-29.9",0.17724962612831,0.211621746893524,0.415584176491027,0,0.211621746893524
"HT-29.10",0.120591548469525,NA,4,51.9495857363957,0.0176708253247719
"HT-29.11",0.110840047824133,NA,1.35686304674885,54.3038992981967,0.0202719357133644
"MHH-ES-1.10",0.191317659321819,0.0213062589337113,2.80046178968252,28.6432849960189,0.0157248926343263
"MHH-ES-1.11",0.215094351246559,0.0383978472880987,0.744344958451191,2.69166367398528,0.0356467819666783
"MHH-ES-1.12",0.140917956540994,0.0296927337560728,4,38.3651170506577,0.0206228264816981
"PC-14.10",0.141363331005102,0.0456402231927103,3.128860630007,48.4421262897199,0.0150619943610103
"PC-14.11",0.127566318313523,NA,4,51.3700269109975,0.0163371490283233
"PC-14.12",0.118620003160101,0.0704695437807409,2.68060538833499,48.1197980890803,0.0207249074435281
"SNU-C2B.9",0.08374556620718,NA,4,67.3338764737615,0.017023351989975
"SNU-C2B.10",0.0991156852240296,NA,4,60.4140959570456,0.0177427549851958
"SNU-C2B.11",0.0852499361433545,NA,4,63.1718378732595,0.0202205728210469
"SW620.9",0.0912725920528429,NA,4,64.394474104045,0.017026217266769
"SW620.10",0.112246169216305,NA,1.58579211467658,59.9092695166015,0.0148963982302447
"SW620.11",0.158684724205522,NA,1.88176064418456,58.1111487213161,0.00733211260073761
"U2OS.9",0.0245821926257453,NA,4,83.8174050790319,0.0351531961092436
"U2OS.10",0.0153053906188563,NA,4,93.0190851797292,0.0220072580684154
"U2OS.11",0.112484717461051,1.00821374165951,0.398900334132071,0,1.00821374165951
"MFM-223.2",0.0315398404578326,NA,4,87.2304987362105,0.0181632709778425
"MFM-223.3",0.009878300138883,NA,4,60.625,0.1
"MFM-223.4",0.0326796172387844,NA,4,84.6226448833734,0.0230569382908399
"A-375.11",0.397438641345103,0.00546770844361936,2.57104630715739,7.58323841618964,0.00512887263236629
"ES7",0.245176831427043,0.0169053513243885,4,6.59612083197857,0.0163178837929669
"HLE",0.151407826691136,0.0273244692332846,3.63426716715025,39.0367995849759,0.0179975425405991
"Kelly",0.427154164414801,0.00485092850085688,1.02210355726899,8.3362494547626,0.0040581325407324
"KINGS-1",0.0649669746652117,NA,0,87.0066050669577,8.65464478023344e-05
"KP-3",0.121132769497082,NA,0.555287579749666,79.4332040223034,0.00137531761391762
"MKN1",0.0896310769001467,16.3847227548748,0.286276205024323,0,16.3847227548748
"SJNB-13",0.128284844210117,NA,4,52.0915912128612,0.0157331126928381
"SJNB-7",0.133384954524703,NA,2.20122582290273,63.734124987172,0.00789615007658953
"NCI-H1993",0.186770271455065,0.0385342459636077,1.01784030921742,11.1168249269255,0.0300990467781303
"NY",0.15336954859688,0.0283754539970907,3.24396911240491,42.1505248614671,0.0160346100881177
"BxPC-3",0.102511124231743,0.131618780577697,0.850194770087803,6.32590737845089,0.112258858319741
"CPC-N",0.16032631118357,0.024336040980553,4,46.2306182294157,0.0127519017642746
"GaMG",0.105090718482931,NA,4,67.976669289259,0.0103652533568289
"L-540",0.314029858293636,0.00725193396679327,4,21.5484668882167,0.00629850905681737
"LCLC-103H",0.038337703641891,NA,4,77.5858000358048,0.0307524534123433
"Loucy",0.226419976382577,1.08754310361084,0.219220665056006,0,1.08754310361084
"MOLT-4",0.0514984103503369,0.16215312140184,1.23339154463267,0,0.16215312140184
"Mo",0.0865872773321686,NA,3.68318909229643,56.8384572115198,0.025056938990607
"NALM-6",0.444395446708872,0.00421027420445218,2.48390907082398,4.15749005225225,0.00406566921433818
"Namalwa",0.432395415233843,0.00393905645507946,4,9.06018408006067,0.00374702141801385
"NOMO-1",0.31231987807214,0.0106858172667276,2.1808500025115,6.20944483037742,0.0100554338496045
"OPM-2",0.194014153970355,0.0781119410068073,0.550960697611914,0,0.0781119410068073
"A4/Fukuda",0.332552024211082,0.00783649202721711,2.3079646388528,14.967829468239,0.00671704587301545
"ACHN",0.439363523194371,0.00394407843865218,0.918107251474569,17.7496952196172,0.00244637458724931
"BE-13",0.166287790171545,NA,2.29424614811644,56.618999443783,0.00708850735131024
"BT-483",0,NA,0.849695276063468,100,0.00815721496797602
"CAL-62",0.298132162962656,0.00895286230527068,2.60530063568257,21.8040614251738,0.00718572581693186
"CAL-85-1.1",0.00914938635023408,NA,4,95.6752715173528,0.0232104573293127
"CHL-1",0.183414595719757,NA,0.906843597822799,72.7288125558394,0.000838875314973836
"COLO 668",0.159450318371089,0.0503919435647208,1.38156626047055,37.7770492075823,0.0181775254537288
"ES8",0.410418930315884,0.00553956125690212,4,2.44028675870134,0.00547069716816904
"JHU-022",0.186510269641449,0.0514809332062605,0.823803833096823,17.2349494167143,0.030819627994479
"JVM-3",0.470313199316281,0.003405895165118,4,4.5532793040649,0.00332555712833824
"L-1236",0.233670816008167,NA,4,51.5177794655875,0.00358256308241842
"LAMA-84",0.300159764004008,0.0118240129690124,1.74501763808818,7.34113520812449,0.0107955870878981
"LC4-1",0.228634705300578,0.0270452467397657,0.93287215736304,0,0.0270452467397657
"LoVo",0.166912536696039,0.0222493343498348,4,38.0287306208919,0.0155635825011152
"M059J",0.143337350990942,NA,4,53.6268237761994,0.0118251258981894
"MFE-280",0.00573410711078355,0.155356192914957,4,0,0.155356192914957
"MIA PaCa-2",0.0565970225780909,NA,4,57.7701599039149,0.0398727926740661
"OCUB-M",0.115973356036146,0.688021002195827,0.426234642510058,0,0.688021002195827
"COLO 320HSR",0.139359584090587,0.0390507686337069,2.84029075036559,44.9131697668054,0.0174656806967962
"CaR-1",0.0527953655257185,0.135406289417112,1.38500021530818,0,0.135406289417112
"BICR 78",0.0822843957637978,0.137612758486539,0.967175809862969,0,0.137612758486539
"NCI-H1435",0,NA,0,100,20.1642114587696
"IHH-4",0.263537551098302,0.0150926975670154,2.41209376790648,6.98837411936012,0.0141794723152441
"EFO-21",0.0967286757418288,NA,4,64.1852087101873,0.0154840104669723
"IA-LM",0.00326481696872497,0.180410030045365,4,0,0.180410030045365
"KALS-1",0.093931270358017,NA,1.03313722901552,54.7085090421146,0.0305478424549196
"KS-1 [Human glioblastoma]",0.042843114981187,NA,0.0149618996921533,91.3464406809073,0.0117507198176348
"NCI-H2818",0.0837539502521981,11.1231033540703,0.312135498494562,0,11.1231033540703
"Kuramochi",0.0434723390524018,NA,4,83.3093728069924,0.016548636780587
"HOS",0.178387725624646,0.03458271919527,1.4995076523418,34.3139424863486,0.0159628880438415
"WM1552C",0.116727679559145,NA,1.93943727645031,62.0496668240782,0.0120496683832612
"JHH-2",0.128621942429099,5.24144861209753,0.272566799508699,0,5.24144861209753
"NCI-H2461",0.0675103390802985,NA,4,79.4927469402607,0.0102915489311882
"VAL",0.405782651985542,0.00494688875438934,3.01449681289684,8.69755841319849,0.00464301861891061
"BL-41",0.283808240249905,0.0132736575227126,4,3.89234330145868,0.0130074261764226
"TE-5",0.13293300959824,NA,4,57.3711766234284,0.0116031537678096
"GCIY",0.0698867138077409,11.6986114548127,0.337959233599349,0,11.6986114548127
"TGW",0.103716670308339,NA,1.24791329804476,59.2263860300928,0.0189483489216731
"HAL-01",0.383348738696246,0.00654250636066217,2.62443219863546,4.03332083672606,0.00633616011077839
"L-363",0.142096747965203,NA,1.63574068665481,60.4954677268337,0.00842169820747135
"D-263MG",0.127928607174747,NA,4,62.4650474166841,0.00949753660475368
"HCC38",0.168986917282155,0.0752225109424779,0.702479467763089,9.11849361022652,0.0564767899504767
"HDLM-2",0.120791570564722,NA,0.459265566567321,72.2268099555695,0.00626923258566762
"Lu-165",0.0153548935739426,NA,4,96.2998588458925,0.00569052324810555
"ME-1 [Human leukemia]",0.0547905994026724,0.212684095737911,1.42437317334,37.5503866352,0.0801344614572211
"MN-60",0.164314650234845,NA,1.73470043307755,55.7925621800653,0.00772343857042894
"NB69",0.217902054491835,0.0144906176515653,4,30.5819269432529,0.0114392072639285
"NCI-H1792",0.183627462536314,0.0923138396531504,1.36582936800846,47.9274559363729,0.00897606600874161
"NCI-H2023",0.191005743560267,0.0165682534386363,4,40.1046060928343,0.0110507689771802
"NCI-H28",0.170107328717478,0.547202899179613,0.365107498952863,13.8481560733581,0.225112813542683
"NCI-H841",0.132532512041366,NA,0.759588285248574,65.0513967967766,0.00839550026937458
"OV-90",0.139640590018703,NA,4,71.7699917173304,0.0032821175853367
"OVCAR-5",0.0348207990090483,0.646805393104813,0.816269585427148,0,0.646805393104813
"PL18 [Human pancreatic adenocarcinoma]",0.202123677931674,0.02420608815832,1.72353237771207,37.3544654874664,0.0109024452865706
"SK-HEP-1",0.150005269317373,0.202408798786151,0.49332799000175,0,0.202408798786151
"SKN",0.110134235740603,5.92407410136622,0.294670628253888,0,5.92407410136622
"SK-UT-1",0.246023710406162,0.0114519187163591,4,28.5611246679833,0.00926693795815558
"SN12C",0.0475586612402504,NA,0,90.4882677519499,6.5298786215877e-05
"SW1710",0.0549058315165983,0.152061712088046,1.23308869771193,0,0.152061712088046
"SW684",0,NA,0.883931462299807,100,0.00242428631409128
"SW982",0.185940662875613,0.0305414981060474,1.75732347316933,41.0986837074473,0.01143880050628
"MG-63",0.132023267710968,0.0382692822579285,4,47.8650096862037,0.0173962961855783
"RKO",0.209279098089325,0.0156886664790825,4,30.9535995407632,0.0123252789540953
"COLO 824.1",0.168206150314527,NA,0.707643213593675,75.1476275939256,0.0698945889323439
"HCC1428.1",0.0190092724030219,NA,4,97.9560488971588,0.0152581245694617
"OCUB-M.1",0.306842622167256,NA,4,62.0523382596474,0.0367577655670068
"UACC-893",0.0710355885739651,NA,4,91.5171507397088,0.0300583006225392
"DMS 114",0.161585465205731,0.403599485339019,0.377602871335852,0,0.403599485339019
"MDA-MB-157.1",0.166555087107445,0.0699588737428015,0.803317947569817,19.2802417132832,0.0381500195903412
"MDA-MB-436.1",0.103066474504783,NA,0.760361555376422,69.40120185665,0.0119820194934277
"NCI-H1666",0.120656693214949,NA,1.95165222114342,73.8576280653326,0.00412838807246236
"OCI-AML-3",0.385898806649335,0.0055455726179137,2.60398584323178,10.6965543372365,0.00505592342570273
"RPMI-8402",0.220862623912042,0.0236948283923866,1.39505099313301,1.61237485968392,0.023144571259536
"SR",0.348997764950079,0.00709066808607908,4,10.9984750031958,0.00666369410405264
"SW13",0.246180707730541,0.0126995938264388,2.8885078075207,27.2066933962393,0.00967563506488545
"AU565.2",0.637762053028292,0.0147131465476467,4,33.8910598693127,0.0110848495114376
"BT-474.2",0.0138915080280278,NA,4,95.4996910067594,1.1770760163261
"CAL-85-1.2",0.250501464455174,NA,0.641717033377748,61.548009563918,0.0823910042335285
"HCC1937.3",0.0064847467022704,NA,4,96.9535844688882,2.288286236155
"CAL-54",0.340048759716709,0.018099336560018,0.883189178738127,45.3018206697221,0.00124390043526001
"CML-T1",0.312538363176008,0.00996784326196319,4,8.14918512974996,0.0095342092416627
"EW-7",0.409512333722679,0.00458039408543578,3.51460412974188,10.1434745973378,0.004294230014688
"HMV-II",0.120992580926224,NA,1.30246728891588,65.7702682035136,0.00897083392567174
"IST-Mes1",0.030015707477738,0.36864882207335,1.06832071606735,0,0.36864882207335
"KP-4",0.116504892595972,0.0395091458330546,4,32.7983528705508,0.0302585176324838
"LS1034",0.0794575951465314,0.414062113659127,0.620788487974942,0,0.414062113659127
"MDA-MB-453",0.105075534014155,NA,3.4845155513271,60.2411174624022,0.0161224220705084
"MKN28",0.0145131808525941,0.162411778977116,2.54660223149515,0,0.162411778977116
"MPP 89",0.136422745117135,392835686127.869,0.072488964794397,30.3459776789872,1e+06
"MRK-nu-1",0.0672437213302291,0.12677360262337,1.20593590878561,0,0.12677360262337
"SJNB-10",0.148375007608903,0.0561418720014637,1.46558195413277,39.2828558050124,0.0196285107105649
"NCI-H226",0.00613235032818706,0.152554368851666,4,0,0.152554368851666
"NCI-H520",0.0986774643724905,0.0598296511077942,2.16278433791953,26.0457404589902,0.0425745323524663
"OVMIU",0.135659489968922,40.3025876705018,0.202087796843875,0,40.3025876705018
"PEO1",0.0503338225194906,NA,3.52393306442601,74.9588305491377,0.0250012203974331
"RKN",0.00324514987904267,0.18069520958417,4,0,0.18069520958417
"RT-112",0.113308899181095,NA,4,57.330717761254,0.0159763332513545
"SK-LU-1",0.0699794782017766,NA,4,70.0509660326695,0.0199176703373599
"Ku812",0.300631411935619,0.010459821659596,1.61621069806484,18.9289958663008,0.00779265244487171
"BC-1",0.283149387122018,0.0104378262554362,4,17.3481304983992,0.00938306177096763
"D-392MG",0.120340812271043,0.387447967961378,0.481968136942402,0,0.387447967961378
"EB3 [Human Burkitt lymphoma]",0.169727243394334,NA,1.55099923399952,61.2479424558388,0.00487585483633772
"GAK",0.0250480144152222,0.23160037003438,1.47289100758201,0,0.23160037003438
"NCI-H2731",0.118365141765108,0.150935310991719,0.680123549806336,0,0.150935310991719
"HARA [Human squamous cell lung carcinoma]",0.173846659696028,0.08439979074216,0.607456507737099,0,0.08439979074216
"HCC44",0.15730004620133,0.0260704884575189,4,47.0491484532627,0.012849715357756
"H-EMC-SS",0.0967100072698951,0.102581621681091,1.01707352742735,0,0.102581621681091
"HSC-2",0.194300118726581,0.0220610358452957,4,16.8881395933611,0.0199012014014969
"KYSE-220",0.313070341882866,0.00671959962735515,2.55468096405142,28.7588900246204,0.0048062842629745
"LK-2",0.103471699095967,37.7617582543762,0.23946914902281,0,37.7617582543762
"Lu-65",0.0105471451024051,0.131120899258362,4,0,0.131120899258362
"MDA-MB-231",0.192065752517556,NA,4,63.2290650641583,0.0027109925549468
"MEG-01",0.265809906716751,0.0209997611680988,0.8856859270384,23.5107817032926,0.010249517195119
"ML-2",0.364826216292525,0.00805742237064982,2.28575002557098,0,0.00805742237064982
"NCI-H1355",0.075914091620932,NA,4,64.8643719095449,0.0224981492524463
"NCI-H358",0.129069635225092,NA,1.10754463712899,64.2101770879168,0.00872765485533298
"NKM-1",0.294169140321283,0.0126929758316714,2.61754213826192,2.60118792731796,0.01243652947443
"SNU-423",0.0980802438139344,NA,4,62.3039632856967,0.0165798307614847
"DoTc2 4510",0.192784744109904,45.5331817121709,0.152512001231062,0,45.5331817121709
"DSH1",0.299297577874736,0.0120738675506729,1.1773851703957,20.0210903828663,0.00781919499689948
"ESS-1",0.163899772413016,0.0326771488523669,2.12935321505445,9.63645139522246,0.0295513961101102
"HH [Human lymphoma]",0,NA,1.38850573795553,100,0.700277348277681
"Karpas-1106P",0.204963195880784,0.0209179636097014,2.06490385251486,28.752099816657,0.0138208039118521
"Karpas-620",0.0290716588803973,NA,1.45366264323667,85.8140207124859,0.02666748271657
"KATO III",0.118610868287013,NA,0.811908423724626,75.2034762824935,0.00374544565673424
"MDA-MB-468",0.0800186621952305,NA,4,62.3944126978108,0.0230144681908498
"MS-1 [Human lung carcinoma]",0.0302393719103727,NA,4,78.187100528789,0.0385942139862337
"NCI-H522",0.0568889043206321,NA,3.09550592131149,86.7211253361866,0.00518635528984997
"NCI-H929",0.192161633536861,0.0230500275937659,2.35295022430936,24.8574701486309,0.0172101042016073
"P31/FUJ",0.106532816198827,0.260356943210002,0.596372131333051,0,0.260356943210002
"Panc 03.27",0.0815845929057425,0.0822954091390619,1.51018879869278,0,0.0822954091390619
"KTCTL-195",0.0421870568479387,0.0875451423986051,3.18096734328082,0,0.0875451423986051
"WRO",0.0260874521540916,NA,4,94.9910223939965,0.00273953782764053
"SCC-9",0.089692884578421,NA,0,82.0614230843158,0.00134179821403715
"SNU-C1",0,NA,1.37723451477323,100,0.291430190486391
"HCT 116",0.275135781741226,0.010305075337163,2.0891274909436,29.8542840545011,0.00666927824903543
"FLO-1",0.10213218996652,0.3052311228924,0.582332540294206,0,0.3052311228924
"JHH-7",0.0199244783784719,NA,4,92.4161905906129,0.0162916447096104
"TT",0.05,NA,0,90,1e-06
"NCI-H2087",0.0898437613132603,NA,1.26273741397018,55.2969330246235,0.0289884471095471
"SK-LMS-1",0.184385401583445,0.0285909283717147,1.89044238350426,40.5342807116789,0.0118542811225794
"COLO 684",0.0812032674801388,0.722635182139586,0.524252315038026,0,0.722635182139586
"EFM-192A.1",0.106945108119924,NA,4,87.1889418920701,0.0306140576897036
"HCC1954.2",0.00430185292962652,NA,4,98.5612926735872,1.2587018409741
"MDA-MB-231.1",0.409469325101535,2.1938728633036,0.194898018917931,0,2.1938728633036
"MDA-MB-453.1",0.38409117719878,NA,4,59.1725638457887,0.0139525657960075
"MRK-nu-1.1",0.503559253383719,0.116648216879907,1.38558842843669,31.8535879086091,0.0561298824442937
"AMO1",0.255372285479675,0.0147264624013322,1.78334705807981,20.851670674261,0.0108813975149012
"BFTC-905",0.324990658677726,0.00637207838091366,2.03756091506254,29.8390076388217,0.00408025992645791
"BICR 22",0.20259041393288,0.0217994022421963,4,12.1881556784057,0.0203286739007912
"Capan-1",0.165674290386933,0.205981545064872,0.447509574874003,0,0.205981545064872
"DND-41",0.0547761195465369,0.109671566695755,1.63952784563772,0,0.109671566695755
"EW-22",0.367478454166517,0.0056049846889235,2.45581675409701,16.703906393551,0.00474977466930455
"HPAF-II",0.0978177797094686,13.7988648670761,0.279652167679127,0,13.7988648670761
"IM-9",0.47844865244458,0.0034642432970232,2.26917782265273,2.33667233064646,0.00339194183252516
"Karpas-422",0.101199288248284,0.105524234868827,2.27398614291893,47.7873154906472,0.0267855032737368
"NCI-H3122",0.150321506308831,0.0265117220341483,4,43.4845101223303,0.0159287686717605
"NCI-H441",0.0932916430211757,233624.187290423,0.126948588029163,0,233624.187290423
"NCI-H82",0.14140233317763,NA,2.96763785989828,53.4211916519064,0.0122922209392691
"OCI-AML-2",0.368350123097206,0.00748536383285933,2.18630338240832,2.94226952359166,0.00728057410258755
"Reh",0.124846210100866,0.0486015151022802,1.75888468227598,0,0.0486015151022802
"SaOS-2",0.0323536712856754,NA,4,83.9755694268537,0.0248170856463924
"SBC-3",0.183534481729871,0.0332249973636156,1.31303637367743,16.7758281453155,0.0243371680533212
"SK-MEL-24",0.0153338943327342,0.222187223892599,1.88848182581192,0,0.222187223892599
"SK-PN-DW",0.39169348067489,0.0059714838274642,4,4.86081931858805,0.00582073968687296
"SUP-T1",0.344989917359542,0.0147300418075834,0.518814283738799,0,0.0147300418075834
"WIL2 NS",0.325991311362889,0.00904363859314759,2.89991152220621,8.86222530271104,0.00845522829911638
"A2780",0.260534770787059,0.0100341613257704,3.09054896704075,31.2056560274224,0.00731111397606092
"C-33 A",0.230566657779846,0.0151033697712344,2.11146292659755,40.0386336796452,0.0070346386679114
"CCRF-CEM",0.121871944340314,0.0516016097691499,1.94172022305059,32.1594631889016,0.0303504775605585
"ECC10",0.130739593861817,NA,4,78.1712621793802,0.00159711166269641
"NCI-H2795",0.19765889669709,0.0204455329417218,2.72864309812916,46.308608143179,0.00786721287832133
"NCI-H3118",0.153530654937118,0.0327408921812418,2.38926886476193,35.88137444981,0.0192858497391657
"KP-N-YN",0.205687804425486,0.0256692662140847,1.92449321459361,45.3854033572061,0.00744208479801502
"LOX-IMVI",0.1581212843021,0.0303136071238115,2.71860548705284,24.8791090025259,0.0235330751801104
"MKN45",0.162895781239064,NA,4,50.2320978710153,0.0104268936767988
"SJNB-14",0.127988603520835,0.055449997402524,1.64902529470018,33.1887909624971,0.0286312563422339
"NCI-H1299",0.143084180784792,NA,2.63660431479086,53.2482861011284,0.012093233148725
"NCI-H1651",0.052103531627712,0.229416963339523,1.0023932192004,0,0.229416963339523
"Ramos.2G6.4C10",0.00474054941351258,0.163498585886626,4,0,0.163498585886626
"SH-4",0.156884128052045,NA,3.46860661334083,51.5771722246817,0.0106699786234743
"SNG-M",0.189778272724344,0.01650876450054,4,45.6573005441424,0.00896214600388361
"SW1990",0.0924826336494976,NA,0.505900800912227,51.8216554560466,0.096891714557605
"T98G",0.0544911708917869,NA,4,57.7473766655072,0.0413291415953448
"TE-8",0.118038860301201,0.565189456278008,0.441845155741665,0,0.565189456278008
"TK-10",0.0338704352793796,NA,4,86.3719686800626,0.0179706950663849
"COR-L32",0.187608429165892,NA,2.54562442095796,54.04372504078,0.00596377330956453
"COLO 680N",0,NA,0.808559161984084,100,0.0824407846153487
"EoL-1",0.278072713605371,0.013492733040529,3.01507664398281,6.19667024753621,0.0129134240959046
"LB831-BLC",0.0781494978820078,NA,4,57.255340893059,0.028330416087551
"ONS-76",0.0669386775428481,NA,0.889986847745362,67.562585708044,0.0345438767719522
"Panc 10.05",0.0635247598456285,NA,4,57.7892864304359,0.0355028011772325
"SF539",0.197153774678278,0.0235682895925763,2.05517619685312,21.1432811067621,0.0180372817103539
"SNU-387",0,NA,0.575543985330319,100,0.000224975063130144
"SW1271",0.0810413630785494,NA,4,53.6477690497273,0.0299499276301364
"VM-CUB-1",0.189425769999955,0.0222570966442649,4,19.5921134496005,0.019654978340661
"EN",0,NA,0,100,0.00160468051962373
"GR-ST",0.270687822876995,0.0212086697976239,0.821343039310126,20.0338967011308,0.011371317532051
"KYAE-1",0.00616740701569699,0.152318153690982,4,0,0.152318153690982
"NCI-H1581",0.143080312869166,NA,4,58.5370619365484,0.00922245965988323
"OCUM-1",0.0140214764546481,NA,4,94.8978972109098,0.0149852783649133
"RF-48",0.167685100324873,0.0245276774585724,4,48.1950115955559,0.0106913495654421
"SAS",0.32379904481041,0.00717232338686316,2.60474349843667,21.5810432739083,0.00577380043104337
"SCC-4",0.0344894502696942,NA,4,79.3982927114485,0.0315410138528516
"VL51",0.212523993731341,0.0204833034575706,3.56263444536154,11.5853951889296,0.0190225292966186
"SW900",0.210592759866243,NA,0.495293740473523,58.2000295398169,0.00304535483823078
"LS180",0.226440384969523,NA,1.56873054319263,56.4642046507709,0.00274917732993038
"NCI-N87",0.0369287474388409,NA,4,75.2130400030204,0.0358810583900734
"FU-OV-1",0,NA,0,100,0.0206326399225287
"EW-3",0.365321727426803,0.00626370543083799,2.26692781741616,13.1569481832958,0.00547433927176754
"UACC-62",0.0884344710112582,0.0971157530368152,1.1622777660182,0,0.0971157530368152
"WIL2 NS.1",0.346331238654151,0.00815359717106297,4,5.70915248809747,0.00791015963126249
"A-673",0.353281279209604,0.00846747975632038,1.14867002947903,8.42195303993077,0.00721134369273316
"EFM-19",0.0694820250712153,NA,0,86.1035949857569,0.125070834404618
"HCC1395",0.0772225791371076,NA,0.0816661718360207,66.2249969131658,1e+06
"HCC70",0.15149753565818,2354957163750.13,0.0804555272837526,34.6429163004486,1e+06
"MDA-MB-175-VII.1",0.400709793289017,NA,1.52879104913264,59.9289862966161,4.92103694029563e-06
"MDA-MB-468.1",0.563999931393353,0.0433413209620156,2.014406015205,34.1899084953269,0.0244721617490754
"VCaP",0.132799435932019,0.426021871076838,0.436448312295569,0,0.426021871076838
"LS123",0.0798810413171853,0.343527111450904,0.65758019773892,0,0.343527111450904
"PSN1",0.232466174919182,0.02624672583399,0.926928523002782,0,0.02624672583399
"CAL-72",0.226878712830316,0.455413357268747,0.26137350723404,0,0.455413357268747
"D283 Med",0.395744915231661,0.0047292080109467,4,12.4770304688152,0.00440169772966152
"HCC1395.1",0.107990957714371,14313156881.0138,0.0886856372914062,28.5998922920015,1e+06
"HO-1-N-1",0.037641488268029,NA,0,92.4717023463942,0.000998124796952194
"Karpas-299",0.307398301761191,0.0110412957338702,2.00675398240594,7.05149592031863,0.0102357616327595
"MLMA",0.23598700296464,0.0192332172680044,1.40487715663357,26.1876404886055,0.0113430833499217
"SNU-16",0.280979298166648,0.00997692758137752,1.95665493043368,30.1922276559232,0.0062154913583375
"PCI-30",0.100419948680165,0.106861573615564,0.95258530621651,0,0.106861573615564
"RCM-1 [Human rectum adenocarcinoma]",0.0900789810313491,NA,0,81.9842037937302,0.00429468694514028
"SK-N-AS",0.127629702775709,NA,1.52107796624275,52.7689807184315,0.016086443155213
"SW1116",0.0752068979519722,NA,0,84.9586204096056,0.000219933748583041
"SW1417",0.0732950800804944,343.134455013231,0.226184608046921,0,343.134455013231
"VMRC-RCZ",0.105816849559222,30992.7801178491,0.13432440920291,0,30992.7801178491
"BT-20.1",0.130082141798423,NA,4,79.7076732768196,0.117562557342261
"A-375.12",0.329390891593156,0.00917302224600594,2.18843275692559,7.84905265475067,0.00848445527306025
"A-375.13",0.332642847618881,0.0104802409371664,1.26621891824711,0,0.0104802409371664
"A-549.8",0.0794287407825763,0.0669578069492736,2.28236348590733,0,0.0669578069492736
"A-549.9",0.242125726250926,0.0201438504288542,1.20908042979458,20.7800616097207,0.0129179504182943
"A-549.10",0.187236318500641,0.0195326913758853,4,31.056379537503,0.015324465403259
"HCT 15.12",0.189589488379263,0.0164407486623607,4,42.9007778474361,0.0100921054725025
"HCT 15.13",0.103912197453241,NA,4,58.4668484578809,0.0177661133396341
"HCT 15.14",0.126454227424413,0.0461883186433517,4,48.8046352440704,0.0181620456910971
"HT-29.12",0.0721225075395598,NA,4,59.8772303924959,0.0289425401341447
"HT-29.13",0.0852606006551668,NA,4,63.3907893528958,0.0200237833942946
"HT-29.14",0.105888969041411,NA,3.7877457223746,55.2140635526367,0.0195429348980736
"PC-14.13",0.203291770063571,0.0815287638294174,0.721136724908129,35.0926595444659,0.0152231099552318
"PC-14.14",0.205271716133472,0.156481844601799,1.72159454690383,49.8203005907413,0.00595119096436728
"PC-14.15",0.158411306583592,NA,3.05789074264519,53.5291898229795,0.00949584367850109
"SNU-C2B.12",0.16307427639486,0.885346835129761,0.312928869185785,0,0.885346835129761
"SNU-C2B.13",0.0836171407957373,NA,4,70.5026092825888,0.0141152614704521
"SNU-C2B.14",0.074060160731775,NA,1.89616225138555,71.8190721705499,0.0165610372419273
"SW620.12",0.103816725038205,NA,2.84889656659955,75.8473673590535,0.00513594613620255
"SW620.13",0.160029946103289,0.025362328378622,3.58420686249386,44.7336737921386,0.0135355354333861
"SW620.14",0.168036108520754,0.0383018107273495,1.85615904120937,43.1210412741032,0.0131557984176469
"U2OS.12",0.114921706167137,2.04842939652659,0.342078264420555,0,2.04842939652659
"U2OS.13",0.115204812825915,1.94086234628269,0.344936621452752,0,1.94086234628269
"U2OS.14",0.0620933532993208,NA,2.30955954876887,73.3929687753197,0.0201621184331769
"AU565.3",0.552480212505557,0.0291520400957807,3.5323789669944,38.5293127971369,0.0192160136252741
"CAL-85-1.3",0.269410382712684,NA,0.774381430304971,59.8467826951848,0.0777268906037576
"HCC1937.4",0.0720039735877428,55322131341114960,0.124012207994578,47.6734124966601,1e+06
"BT-474.3",0.0715640686046834,NA,1.49436770222684,89.8972008210541,0.0713327916373088
"MFM-223.5",0.105322372050354,3154.0955624174,0.241898003075682,0,3154.0955624174
"MDA-MB-330",0.0164652104592855,40.7265024586266,1.30324878973657,0,40.7265024586266
"EFM-19.1",0.0670757853352139,NA,4,85.7543583242175,0.00386860248174844
"IST-MEL1",0.196145859467696,0.023431140678282,2.16195191200569,43.5191907527981,0.00910664519838265
"IST-SL2",0.16749417218824,0.0336774353675806,1.69200705320104,15.2858413527917,0.0271446929460508
"NCI-H810",0.218292765972146,0.234491272191784,0.322628065551209,0,0.234491272191784
"SW1088",0.110877200253461,NA,2.56779549477252,63.5241398792199,0.0122720892463785
"SW1116.1",0.0728678723889224,NA,0,85.4264255222155,1.40914938450969e-05
"SW837",0.0957746791974473,0.42508285742729,0.54851251456705,0,0.42508285742729
"TC-YIK",0.255706792999732,0.0157262922333126,2.58104555593418,8.02685201668722,0.0146954031925533
"TE-9",0.074948883668121,NA,4,90.6851008890957,0.000385347870803911
"YAPC",0.134437356896383,0.0431861171693981,2.35682139440925,40.7996657849471,0.0210577925145314
"BT-20.2",0.120142840547545,NA,1.28577335412434,74.0551791944758,0.406142682263505
"HCC38.1",0.756540452170744,0.0146118410768351,1.67735851179511,18.7446139113555,0.0110422667653904
"CGTH-W-1",0.143919935903401,0.236681115064907,0.485791616033414,0,0.236681115064907
"EB2",0.378666067343507,0.00513665919142397,1.74702042717077,19.6648280350313,0.0038588312928608
"NCI-H1755",0.106103054158668,NA,4,77.1853145331935,0.00402635885715012
"RPMI-6666",0.366631196429718,0.00571245120881303,2.10620877937824,17.414462619436,0.0046616345926694
"SK-GT-4",0.065532066662497,NA,2.56450132252023,73.8304829178219,0.0178169736886131
"ST486",0.217227918480563,0.016184250414336,2.38326855938459,41.3661701071859,0.00774536691684312
"SU-DHL-6",0.181504825691591,0.0265969424699739,2.02907089841527,29.0094903362087,0.0173403756168989
"WSU-NHL",0.459332552709563,0.00337501934070163,4,7.48194724934271,0.00324098563739782
"YH-13",0.186670778792212,0.0801317327978676,0.571393958934669,0,0.0801317327978676
"A-375.14",0.0636252473876638,NA,0.724330918582107,84.4889456567583,0.00660298177859863
"A-549.11",0.117414273607458,0.0646765984963061,1.22765501450895,0,0.0646765984963061
"A-549.12",0.0753879791390411,0.0689202190131044,2.34825212575492,0,0.0689202190131044
"A-549.13",0.0848856532158015,0.0710502297258871,1.8412886945536,7.95648639162813,0.0646674840693897
"C32 [Human melanoma].12",0.172447074138339,0.0206389300963447,4,39.4357782494015,0.0139927816166621
"C32 [Human melanoma].13",0.17011428623863,0.0286150148998607,2.23930105699371,38.0318115891956,0.015111284696124
"C32 [Human melanoma].14",0.159019600597066,0.0246101728393549,4,46.0212266753352,0.0130710194866486
"HT-29.15",0.130195705006406,0.283843708659545,0.498001168462961,0,0.283843708659545
"HT-29.16",0.125951626783397,0.176723613825555,0.603567311638563,0,0.176723613825555
"HT-29.17",0.15933978673599,NA,1.39210024638437,51.1102573128745,0.0108576897065307
"MFM-223.6",0.108584980988483,60428604.8467394,0.0978096248542888,16.5229379684559,1e+06
"MFM-223.7",0.0693109701001222,NA,0.529410720150375,87.6216578632382,0.00178057922145786
"MFM-223.8",0.0512561454151834,NA,0,89.7487709169633,0.000248486029721713
"MHH-ES-1.13",0.124759963097043,0.191483361347235,0.589822261955823,0,0.191483361347235
"MHH-ES-1.14",0.125911654604666,0.138041443587168,0.670442881255306,0,0.138041443587168
"MHH-ES-1.15",0.0882592929749549,0.108132643810517,1.06894690241521,0,0.108132643810517
"PC-14.16",0.116843652498289,NA,3.85557284116976,52.7316219309119,0.0181399672067882
"PC-14.17",0.106339495961988,NA,2.13469261770299,53.7670090900904,0.0207487927466411
"PC-14.18",0.119651638617433,NA,4,58.5763156424184,0.0136006013855713
"SNU-C2B.15",0.0927808505440821,NA,1.49774420581243,73.4064666286092,0.00914193311776339
"SNU-C2B.16",0.0831023325932005,0.43791165245198,0.59397301822824,0,0.43791165245198
"SNU-C2B.17",0.0950549056180391,NA,2.14263532329285,54.5024235201017,0.024137771522018
"SW620.15",0.0611345575211584,NA,0.0600252075674064,88.5202716012464,0.000357744374165061
"SW620.16",0.0463209578767274,NA,4,93.8272765563999,0.00056081663027955
"SW620.17",0.072826857331398,NA,0.0969430605115687,86.2852877687325,0.0008679310281881
"U2OS.15",0.00551143333490999,0.157025979053958,4,0,0.157025979053958
"U2OS.16",0.0348685734615825,NA,4,80.4238226206856,0.0292740679687566
"U2OS.17",0.0615762099000204,2.06693302002838e+32,0.101201758680335,49.8914042842514,1e+06
"A-375.15",0.0936374815318604,31248610187289272320,0.0803556664488773,45.882971349196,1e+06
"A-375.16",0.0835985311607683,NA,4,88.4639846605771,0.000670022097393932
"BT-483.1",0.0414310805400936,NA,0.0991131414720378,90.4704180702375,4.52952061891741
"CAMA-1",0.248818555837715,NA,1.39094450280134,69.0414037691458,0.0338620613125712
"HCC1500.1",0.124220864119293,42.3109206880761,0.458593098044995,0,42.3109206880761
"HCC1599",0.685178220745536,0.0162887588243417,2.65261478736359,27.4950913709103,0.0120556186566283
"MDA-MB-415",0.0949506240453228,NA,2.97681735952624,86.9863596003224,0.0635420679736495
"UACC-812",0.0690540123111324,78.5635936719936,2.00834212320983,49.8627751944312,4.16651189344778
"EW-24",0.129169326073409,NA,1.75746765418432,53.622024654204,0.0148947653901808
"COR-L88",0.095868554899819,NA,1.87114747007681,74.8344639990525,0.00722517344143401
"Capan-2",0.0607887911780438,NA,0,87.8422417643912,0.00026245800544067
"SK-OV-3",0.0655224204784664,0.149059589313328,1.09892904939632,0,0.149059589313328
"WM115",0.055786656240945,12.3247338517561,0.370101470705285,0,12.3247338517561
"YT",0.207811683473346,0.0214239559338725,1.83682324987977,30.6156798697726,0.0127897189251729
"VMRC-LCD",0.0349154226344728,NA,4,87.3920704317674,0.0147678833124137
"UM-UC-3",0.103754322939727,0.046098711749324,4,24.2337105846618,0.0390579331770433
"KNS-62",0.115619755769763,46.0242191918977,0.219850528595798,0,46.0242191918977
"HCC70.1",0.122789103874571,NA,0.0634413994585431,78.5636855886005,3.04923268567312e-05
"CAMA-1.1",0.0928905896422643,NA,4,70.5366271901463,0.0113309319839225
"ZR-75-30",0.111784490372323,88412268.3130943,0.121750575143509,21.0278327303394,1e+06
"TGBC1TKB",0.0614704825099601,NA,0,87.705903498008,8.62681509122379e-05
"OE33",0.242306304987778,0.0290321930775781,1.39936533233665,46.4002129183442,0.00442894450452655
"NCI-H2342",0.100343156532954,NA,0,79.9313686934093,2.97258340083829e-05
"KYM-1",0.0920461603914341,20.7348827531642,0.273982821302223,0,20.7348827531642
"MV4-11",0.464160374958222,0.00405158850396631,4,0,0.00405158850396631
"NCI-H1648",0,NA,0.77597112946256,100,0.0325437665658104
"NCI-H211",0.211876915324318,0.015051615165862,2.91191693914493,41.9974563611871,0.00802254714309992
"Panc 02.03",0.158003252570362,2.04476694832839,0.27398369026528,0,2.04476694832839
"SK-MEL-2",0.134684333172003,0.0321845745555586,3.8708836284602,40.6901047054782,0.0208474926440992
"SK-MM-2",0.0115804593694281,NA,4,94.9231113911346,0.020698877417127
"U-698-M",0.235064920950456,NA,4,52.786713474076,0.00320979783347098
"NCI-H2085",0.00668416948394403,NA,4,97.6838778367785,0.0136246088534423
"SNU-449",0.0793238646253809,NA,0.228617745966494,64.6355934895025,0.921537622602294
"SK-MEL-1",0.00444060489478246,NA,4,97.9086326906234,0.0230869161255896
"HT-1376",0.13316878784794,NA,0.783068400783037,85.5654743420371,4.38014156913128e-05
"MDA-MB-415.1",0.158366682591393,NA,4,81.3389858669076,0.000283513216528615
"NCI-H2066",0.0995517473799959,NA,4,89.1605264018641,0.000170967123051302
"SK-CO-1",0.0533139365435066,NA,0,89.3372126912987,5.53568979957674e-05
"SW1463",0.0948200417126049,0.0991891031816474,1.06396844268048,0,0.0991891031816474
"COR-L105",0.116387154834619,NA,4,62.351376068004,0.0118214391184909
"EW-11",0.186484340249259,0.0206485208061713,4,27.5508687791029,0.0169023203713064
"SW48",0.0470325259165614,NA,0,90.5934948166877,0.000134806332237941
"ZR-75-30.1",0.0369829795968148,NA,0,92.603404080637,0.596786174875997
"ME-180",0.0880250625955073,0.0549502330174218,4,40.8986004933956,0.0358925308104032
"MSTO-211H",0.273279928547923,0.0141804625548405,1.2710977990417,31.6069323641321,0.00645661335099881
"NCI-H835",0.022644480087543,NA,4,95.4666345281377,0.0031738993213862
"SW872",0.175169070509785,0.0529594819962808,0.806265434534558,0,0.0529594819962808
"HCC78",0.342082981155747,0.0087059516656696,1.36505423224319,9.80916387418785,0.00741885679304823
"HuCC-T1",0.0385623037917802,NA,4,89.0278372195689,0.00882509853501
"AU565.4",0.647422940658661,0.0157910023181297,4,32.2476861319896,0.0121893609679664
"BT-474.4",0.0379424511773118,NA,4,91.058622625894,0.527946111930439
"CAL-85-1.4",0.260548576661568,NA,4,51.1402151362622,0.248161312667265
"MFM-223.9",0.13786923030729,20307.7871842876,0.169123919169661,0,20307.7871842876
"HCC1937.5",0.105982117215878,17939.0908135874,0.200307520358689,0,17939.0908135874
"HCC1569",0.146433390710922,NA,0.344792302415469,76.1004405930878,0.0709825168766333
"HCC2218",0.0780984424777914,NA,0.110060451800931,52.2380544786395,1e+06
"MCF-7.1",0.338754731873747,0.651537547614185,1.36155915068369,35.0252091491034,0.268765509402696
"Ca Ski",0.219668465957531,0.0557020811064892,0.552033741386074,0,0.0557020811064892
"CCK-81",0.158364762246946,0.12109064060322,0.569298428978667,0,0.12109064060322
"COR-L88.1",0.214638230419428,NA,2.55603047245058,63.7129012395316,0.00168079434639368
"CS-1 [Human chondrosarcoma]",0.189893472725141,0.138738088602318,0.445058525763771,0,0.138738088602318
"G-292 clone A141B1",0.0052252318192827,0.159294630230048,4,0,0.159294630230048
"K-562",0.072193932363779,NA,4,77.828732719709,0.0105494533095089
"KYSE-270",0.154277297078663,0.027870496374613,4,28.375842027195,0.0226014865108248
"NCI-H524",0.108218918406498,0.137966466023739,1.14346453219029,38.554771094718,0.0379987081625144
"U266B1",0.108420570370361,NA,4,66.0652419762822,0.0110051940444145
"Ca9-22",0.00673086498408496,NA,4,96.8158603786044,0.0232382164463994
"CAL-148.1",0.366644454969829,0.00587351861771263,1.34443387227889,23.4558527721051,0.00366733323428973
"SJNB-12",0.160856493391743,54.269397546955,0.173549126899266,0,54.269397546955
"SHP-77",0.181582293149596,NA,1.30465998035545,57.6315026312436,0.00524200740701404
"SK-N-SH",0.0992909840682741,NA,1.37358557568243,90.068999230396,1.01243626385572e-06
"T84",0.0782283578449342,NA,4,89.3854961914044,0.000615329716029658
"KYSE-70",0.0923658356334695,NA,0.028775716928582,82.3501019605589,0.000123021679865892
"Hs 766T",0.0656626875219273,NA,1.92089916031221,93.4336600862956,1e-06
"SJSA-1",0.150833180715092,0.14742023517634,1.0691985474297,45.0058949777878,0.0170921990127301
"MKN7",0.0604981235841386,NA,0,87.9003752831723,0.000839555327150572
"KYSE-450",0.150661272707578,1.26371890363039,0.31044668170043,0,1.26371890363039
"BT-549",0.153224478380199,NA,0.807350109863281,69.0934496736871,0.00326947183805614
"MFH-ino",0.22879606547684,0.0346153934960004,0.711801692343259,0,0.0346153934960004
"HSC-39",0.331097068918417,0.00914740133575963,1.73400790104538,9.010804113571,0.00815695923301766
"NCI-H1703",0.330515607130466,0.00619702445786654,2.04123189339609,28.595776111905,0.00408949247467684
"SW1783",0.31685508451961,0.0119837230961923,0.962273401685417,34.0000535441485,0.00366723966988124
"KGN",0.400114128302931,0.0069302723511723,0.740675606123285,4.52482375716244,0.0060972125286224
"MeWo.1",0.143967596138505,NA,0.40716010935121,50.2774654074535,0.0398207145463003
"8305C",0.0463339399182286,NA,4,80.4156735290931,0.0195187084110781
"KYSE-70.1",0.057689492179427,NA,0.0772360925632363,87.8744419944237,0.0111891383062091
"SHP-77.1",0.206155160955136,NA,2.31199105420764,50.373721854886,0.00567648756330158
"SKG-IIIa",0.0379150335741025,NA,0,92.4169932851795,4.16728951034796e-05
"SK-N-FI",0.126082652814769,NA,4,77.8441144347642,0.00196298686651314
"NCI-H64",0.0941053428058517,NA,1.18653910718734,88.529153374494,0.000278011068564515
"NCI-H526",0.0448208118716533,NA,0,91.0358376256693,0.000819294099329064
"TGBC11TKB",0.21358878897153,0.0327251978006312,0.874377492235011,0,0.0327251978006312
"Fu97",0.0492008383357963,NA,0,90.1598323328407,6.14826949086316
"Hs 578T",0.00679700464049454,NA,0,98.6405990719011,0.242166454054019
"MeWo.2",0.0204538643166671,NA,4,94.9795439551287,0.0059960211818603
"A-549.14",0.257622457425761,0.0107720993486652,3.31856166305863,28.2039243086807,0.00838766967138505
"A-549.15",0.274784148560579,0.0102069018841388,2.39154068869424,27.4347517212701,0.00731836224939801
"A-549.16",0.256933757077765,0.0127003500247418,3.76596212327866,18.9760892795583,0.0111886333606702
"C32 [Human melanoma].15",0.254010443031987,0.0695963366022311,0.396437112937629,0,0.0695963366022311
"C32 [Human melanoma].16",0.241458569551687,0.0803465536092981,0.418983388308119,6.34935726780535,0.0581031225528102
"C32 [Human melanoma].17",0.220990503295865,0.0573671290197635,0.655407640099871,25.8167953250333,0.0189387021767515
"HCT 15.15",0.136768795833538,NA,4,51.767851889386,0.0141064322532919
"HCT 15.16",0.17231675254227,0.0469629725898667,1.55561712993955,43.7410929189182,0.0123486161820878
"HCT 15.17",0.169262746976558,0.052587578638415,1.5864574121706,45.1135671264875,0.0121411106110099
"HT-29.18",0.0640323499971838,NA,0,87.1935300005632,0.000518261259557409
"HT-29.19",0.0257451650128143,NA,4,89.1395477448765,0.0194557019818374
"HT-29.20",0.112578042052834,NA,2.74398883513238,88.7421938664753,1e-06
"MHH-ES-1.16",0.208403338198628,0.0210166658658775,1.93986552016117,26.9203708297262,0.0141087766838457
"MHH-ES-1.17",0.204477990122419,0.022583524486031,2.02817189479854,18.1264402860306,0.0180875628391851
"MHH-ES-1.18",0.210105737018252,0.0205981224732405,2.1594619844503,21.5220056710254,0.0158716922100775
"PC-14.19",0.119298311909265,NA,3.34082650247847,51.1198965065388,0.0185495279576141
"PC-14.20",0.0821393496702348,0.0936578752711534,2.1704103319044,42.2447368727019,0.0396854813131287
"PC-14.21",0.166266192953902,0.04189767389752,1.5274324871597,38.3620910715747,0.0161326884991948
"SNU-C2B.18",0.135146094967817,0.0582194540340241,1.99000815658554,44.7241485015739,0.018805178315772
"SNU-C2B.19",0.14455848395702,0.107920332166599,0.659368080390451,0,0.107920332166599
"SNU-C2B.20",0.112821322276262,0.0959363115373885,1.86480894166441,46.0896615274295,0.0244617515149309
"SW620.18",0.170762017544041,0.075608591120666,1.22052632570725,44.2696550090719,0.0128163678877693
"SW620.19",0.148069203871797,NA,1.88771879411941,55.0584914940957,0.0103462213126754
"SW620.20",0.156909551601178,NA,1.70310450305117,57.3338402793935,0.00794407670638228
"U2OS.18",0.0700476811292101,21.0655205782695,0.312037443947304,0,21.0655205782695
"U2OS.19",0.0901086060790136,14.1796463309051,0.290985359886097,0,14.1796463309051
"MFM-223.10",0.122607814608415,NA,0.585246000957498,76.8600610660363,0.00241604370559801
"A-375.17",0.389592772299512,0.00611873532441922,2.42027038593809,5.24724062165937,0.00584476587528592
"A-375.18",0.39314113756214,0.00641426905868247,1.61822134934618,2.45405598434998,0.00621785598711103
"A-375.19",0.384844878549307,0.00617821399874744,2.18166094292815,6.7916431152148,0.00577831863869239
"Mono-Mac-6",0.113466088443325,NA,0.0528581192469647,78.3130470644974,0.000543239807639546
"NTERA-2",0.0361387967173576,NA,4,94.2955835082673,0.00125768326128168
"NTERA-2.1",0,NA,0.179330824759076,100,0.000675606918414497
"UACC-812.1",0.0491438428534084,NA,0,90.1712314293183,8.53932060269675
"UACC-812.2",0,NA,0.889576854291041,100,1.39774819875453
"A101D.1",0.790139863155911,0.0105240559002556,2.32825592197019,18.2455573176394,0.00865963062121304
"A3/Kawakami.3",0.96974326855946,1.0157278483909e-06,4,3.02567314405405,1e-06
"ARH-77.1",0.952464486972653,1.02528918555529e-06,4,4.75355130273469,1e-06
"AsPC-1.1",0.225633763217377,NA,0.669328774260777,65.9400316199433,0.077780916278157
"BALL-1.1",0.985289272780473,1.01496125233024e-06,2.01091360486775,1.47107265786841,1e-06
"BB49-HNC.1",0.794451136016246,0.00989195567023083,1.12764476921823,14.7823605029922,0.00724939764062044
"SK-N-BE(2)-M17.1",0.435650579037225,0.0735683752397359,4,49.1006284378482,0.0269422245506392
"BT-474.5",0.0659388326448545,NA,4,90.2094218543168,0.095425132325353
"CA46.1",0.62318803719419,0.0249429416121702,0.278116564855287,13.9724376918437,0.00767653796097755
"CAL-51.2",0.766727060040302,0.0143912984835021,2.58702109819825,19.0201255124991,0.0119602707461387
"DBTRG-05MG.1",0.289420919163789,NA,0.975244407086276,62.531760090436,0.0377558427526845
"DG-75.1",0.726030019873057,0.0119093479342895,4,25.5544390983146,0.0099585356867692
"DMS 53.1",0.248113651002017,72.8520540208844,0.212009460157144,0,72.8520540208844
"EC-GI-10.1",NA,NA,NA,NA,NA
"ESO-51.1",0.622315921632704,0.0204686778672652,1.29635918083459,33.1733003338175,0.00883576385139216
"NCI-H2591.1",0.142079617383672,NA,0.898409608167474,75.7595474648037,0.164472801650943
"HSC-3.1",0.221581194974904,1.6461854786253,4,21.1917294901361,1.43421929821594
"HuO-3N1.1",0.369623668796238,NA,4,50.4318012144692,0.0579445799180324
"IGR-1.1",0.181218035567313,NA,4,73.4474632503767,0.0896754456750195
"IM95.1",0.269036709646632,NA,1.25290353099585,71.1994360541954,0.00810859548885517
"SiMa.1",0.705502406982452,0.000592419552326583,0.478965044181092,27.0788875227355,0.000116254030647872
"HEY.1",0.629483766024628,0.0313581983450251,1.45605222429572,28.7012319442114,0.0174508508206234
"697.1",0.983046301663949,1.00866118959976e-06,4,1.69536983360507,1e-06
"A-375.20",0.907512924877591,0.00589421589444044,1.80229150612966,7.11835033534237,0.0054127556099361
"A-375.21",0.905973912348223,0.0055295853339603,1.47523398634249,6.56879167826696,0.00502607828969063
"A-375.22",0.906119067890429,0.0070460919147468,2.08810777345105,7.16782192205613,0.00654283746012801
"A-549.17",0.774554044661113,0.0139147551701492,2.94950349430533,18.6385440836581,0.0118794115732533
"A-549.18",0.810029211586331,0.00907717157184601,1.66956762190267,15.6308460174904,0.00725169570219448
"A-549.19",0.742630489662924,0.0143012715213643,1.68402602307716,20.7963712199659,0.0103919998503113
"C32 [Human melanoma].18",0.653027590771105,0.0242407585702957,3.04614576162555,27.7321539996614,0.0185875793709026
"C32 [Human melanoma].19",0.633075965047686,0.0235312053805563,3.98087437448476,30.1963667303138,0.0186468201367121
"C32 [Human melanoma].20",0.648462817952254,0.0248731965437969,2.35305910535244,28.3366187073223,0.017432542808725
"MFM-223.11",0.21471135106857,1846.17485480716,0.160838403703752,8.40922953481136,587.552685879061
"MHH-ES-1.19",0.735680222499765,0.0281312924147724,1.37469128767046,13.878289514629,0.0222062119396575
"MHH-ES-1.20",0.76171209534387,0.0233086691590286,1.22750107880539,11.9074171122608,0.0186759047044989
"MHH-ES-1.21",0.731974387719472,0.0320925569499918,1.195325704032,11.7966554130865,0.0256231761080217
"PC-14.22",0.527383975148736,0.00946323098420559,0.0358480608248402,10.592799699768,1.23537584340833e-05
"PC-14.23",NA,NA,NA,NA,NA
"PC-14.24",0.481510984852096,9.22236670535619,0.0277198205317169,17.9442587696375,1.00000002175317e-06
"SW620.21",0.468830119355031,0.393002835944515,0.424442129102063,29.6961002793888,0.0470182363253822
"SW620.22",0.520283318981193,0.0650896092289397,1.51594112953895,38.7275807232138,0.0243638084957792
"SW620.23",0.495460978671556,0.119570639147026,0.974994286725012,39.9365673551331,0.0230964170180635
"SNU-C2B.21",0.424145320780532,NA,0.966081167540544,50.9075211433646,0.0150474797652874
"SNU-C2B.22",0.369379365004886,NA,1.44582076990335,60.2920659836881,0.0100545518976869
"SNU-C2B.23",0.411189652807559,NA,1.07081429435421,52.2955403418115,0.0171353256181956
"U2OS.20",0.175067450872336,296601.698125718,0.204648519566672,43.0230101341467,19.6247210217872
"U2OS.21",0.192025461788315,NA,0.513776229971464,78.7116303025209,0.00196612106334899
"HCT 15.18",0.588439843172247,0.0298851699106128,1.6930491682554,35.3210115374083,0.0144899873056538
"HCT 15.19",0.614545358224227,0.0202121590992698,1.65053779923056,34.6237661092435,0.00989322905435182
"HT-29.21",0.392886810523096,0.556446995057702,0.884644285429328,35.5990620222179,0.136255551977453
"HT-29.22",0.239211709850937,1.23104576248497,2.69257333584634,35.0191368372315,0.786819917138148
"HT-29.23",NA,NA,NA,NA,NA
"NCI-H727",0.0253370147842436,NA,4,90.2242774092859,0.0166953108502259
"NCI-H2009",0.0606194424903043,NA,1.6830372591961,72.8886680430885,0.0223442453682847
"786-O.1",0.401284727851718,0.449489268755481,1.73787337078146,17.1049415484551,0.353253176662175
"ALL-PO.1",0.401257988769917,0.608421892202909,0.855729465065,12.4921287134399,0.434819224772848
"ASH-3.1",0.249925078105423,NA,2.91796380763611,66.6452722554109,0.0564071820417098
"ATN-1.1",0.965574579780779,1.05339922012543e-06,1.37124080943765,3.44250867488308,1e-06
"BICR 10.1",0.340791366351112,71747.3933200796,0.0536485354232085,0,71747.3933200796
"CAL-27.1",0.64853674833337,0.0213580294334198,1.95598480579086,29.8430492137889,0.0134229942684252
"CAS-1.1",0.268146875634082,NA,1.08510291221527,72.3256037509469,0.00291539110561832
"CHSA8926.1",0.217600573712589,NA,0.284479607162072,65.6963437319212,0.0392888967851983
"CTV-1.1",0.950311613677486,0.00831081948160011,4,3.69571905594484,0.00815279710151761
"EJM.1",0.769307514501218,0.00953692936251235,2.88695114630179,21.4815061527008,0.00785135426395643
"ES-2.1",0.73222828982147,0.007242194497505,4,26.4535390286265,0.00599941760983489
"FaDu.1",0.813397257105069,0.0155421517244159,2.74858522642415,12.9310483759072,0.0139389078258442
"GOTO.1",0.48095624103174,0.0669928256566136,2.01061175668079,45.4862053509979,0.0202567782125417
"H9.1",0.401546606572054,0.56263059981781,2.35879071313419,5.1511318429353,0.537285654146652
"HeLa.1",0.0646730031717145,NA,4,90.8870594962286,0.0743151340910684
"HuH-1.1",0.428383489217299,0.155443724616796,2.31061322562954,48.931504225968,0.0294263227077872
"J82.1",0.4035277973706,0.63437928805261,0.6931413998305,21.1060991656018,0.287573165728634
"KMS-12-BM.1",0.345579977345758,NA,2.18999539039398,60.6310472204844,0.0215192498224686
"MDST8.1",0.329229223572254,0.736044750073843,1.41141855690113,31.116073965428,0.369226086730862
"NCI-H720.1",0.105189359304885,1e+06,0.145239954420545,0,1e+06
"SNU-407.1",0.14493420397837,NA,4,50.0851684156292,1.34590079059132
"Jiyoye.1",0.718357195454363,0.0200828434884774,0.669522973690876,14.2736288318414,0.012155917080875
"BT-549.1",0.0740756051541447,NA,1.49277691917667,61.727225124976,2.88059711923353
"BT-20.3",0.174718455010213,NA,4,73.7301155497975,0.101127869081807
"CL-40.1",0.2099685888717,2.65476869958645,1.39386644068018,35.753436347161,1.07855306635088
"COLO 792.1",0.253554227982248,NA,1.77423043698858,74.6445770364164,1e-06
"HCC1419.2",0.0481294136477983,NA,4,91.7000251514789,0.182183512456755
"HCC1428.2",0,NA,0.806962490603747,100,0.037720099975276
"HCC1937.6",0.153732266934882,NA,4,82.1653529939946,0.0258115126563144
"HCC2998.1",0.406884890663718,NA,4,53.0982244526838,0.0248194256911703
"HuP-T3.1",0.214697884357951,463.916948487335,0.825052463659146,49.8058370221264,0.555187779428749
"IGROV-1.1",0.452032125894075,NA,4,54.5090848317927,0.00661376092901594
"KLE.1",0.0974581856518797,NA,0,80.508362869624,0.0020865058145033
"KY821.1",0.779585148997222,0.0346469294375256,2.72586022087671,5.42384090590082,0.0332177779890993
"KYSE-150.1",0.384811108266066,64122357183053288,0.0184968868127458,31.0717121655261,1e-06
"MCF-7.2",0.23891646398817,NA,4,51.2176413798569,0.339494090040215
"SNU-C5.1",0.606093454708143,0.017092071096325,2.62677068917249,36.8527915625193,0.0102787263514119
"G-401.1",0.260387845861408,NA,0.768271634656051,56.9299402758345,0.136708108558771
"HT-1080.1",0.414709518299354,NA,4,55.1961815539111,0.0161620892722289
"SAT [Human HNSCC].1",0.153590670433913,NA,0.740403649612007,75.9997942159205,0.100379145059479
"COLO 205.1",0.168868944729288,730.573268024069,0.213414259081023,0,730.573268024069
"42-MG-BA.1",0.790603855314774,0.0210216026157007,1.10759915721005,8.14666592758525,0.017903150081052
"MDA-MB-175-VII.2",0.235186756695122,NA,4,54.379470473988,0.00284140311566701
"NCC-IT",0.116878603468813,NA,4,83.498343161595,0.000750370228490525
"NCI-H1869",0.0307024456020882,NA,4,88.2599316353135,0.0164279554551579
"NCI-H69",0.0467407780230293,NA,4,66.9369046507035,0.0378559589342133
"NCI-H847",0.347577058117615,0.00803518909104104,1.9776263838056,8.16646698634244,0.00734235344671475
"MDA-MB-175-VII.3",0.240130913328473,0.0131840262310116,2.21566880582801,42.6445040623439,0.00555110032739915
"NCI-H69.1",0.0301629504515698,NA,4,86.0090160186646,0.0225717554207371
"NCI-H847.1",0.329354606171047,0.0112879352193033,1.01708891517733,0,0.0112879352193033
"BPH-1.1",0.685488214491099,0.0730170878247488,1.18049736542398,3.32357480843359,0.0688841916055437
"CHP-212.1",0.693672191884738,0.00874265464063629,4,30.1050333913874,0.00694363087257004
"COR-L23.1",0.227000913405176,NA,4,76.2510991856415,0.012437272439048
"ES4.1",0.888842863732181,2.2668958968736e-06,1.51103123086621,11.1156930377235,1.91940196354065e-06
"HCC1954.3",0.120169214787795,NA,0,75.966157042441,0.00012935765419836
"HOP-92.1",0.196939239947631,NA,0.529834444971399,72.9006476898093,0.0318794218365144
"KMS-12-BM.2",0.394030228606505,NA,2.14921696652979,56.5467781565449,0.0166542285094236
"LC-1/sq.1",0.164478826830677,NA,4,81.1076119841161,0.0242821362521127
"LS411N.1",0.357799705637609,0.363859852389874,2.46148817226906,35.0119359539752,0.22303337575221
"NB(TU)1.1",0.0120718051964607,12.6068585534143,4,0,12.6068585534143
"NCI-H1341.1",0.516139303695862,0.0623652194948137,3.13942131871657,34.5673647836573,0.0428867702338735
"NCI-H747.1",0.267884070976038,NA,0.416795097591389,54.482412789581,0.11631777245671
"P12-Ichikawa.3",0.91312382427099,0.00835996707175305,1.92264022798382,5.17901484610405,0.00789777728690456
"WSU-DLCL2",0.435487474946537,0.00307249469632632,2.47209287002409,17.8382805418111,0.00257023910100451
"Hs 633.T",0.264899721005407,0.0139320146426472,1.97451082748239,15.5533244130012,0.0115360753563125
"ES1",0.0270306930742293,NA,4,94.3068121981665,0.0037647699677759
"MOG-G-CCM",0.106450215055952,2.02325886965955,0.359359066703843,0,2.02325886965955
"MOG-G-UVW",0.181074748468374,0.0247871266167898,4,49.3156132878184,0.00847830578976018
"OC 314",0.174353098322748,0.0251351044319508,4,20.3642058925243,0.0220542521243589
"ES1.1",0.0516452310522096,NA,2.82486196439588,80.9072820868493,0.015465262764748
"Hs 633.T.1",0.27158312056771,0.0111983746115206,2.5657542189123,22.6568159048482,0.00885102648619345
"MOG-G-CCM.1",0.127032135766489,NA,3.37225561931246,87.2967863253104,1e-06
"MOG-G-UVW.1",0.246089696078713,0.0268747135290645,0.8410795856308,20.9288879570458,0.0141038155699644
"OC 314.1",0.174104609256375,0.0239660885293949,4,24.8936258553592,0.0201744013897828
"WSU-DLCL2.1",0.450455555847906,0.00227478048416583,2.25925690581929,23.4022661085559,0.00172030395640191
"A-172.1",0.548200425656282,0.0388574952723073,4,35.3041666380725,0.0286108563243731
"CADO-ES1.1",0.80770906007797,0.0308118795214432,2.19199807307204,3.3876611677649,0.0298413205355446
"COLO 678.2",0.0713169544219893,12.1366012110412,1.18678029111137,0,12.1366012110412
"Daoy.1",0.655711115450873,0.0525344894715257,2.0354012303279,16.4420215447719,0.0431880303172639
"Daudi.1",0.510227911588957,0.104216711634737,1.46162346485794,32.5112719721076,0.0507937897162153
"DG-75.2",0.493295314932342,0.394287910660005,0.123555297694672,0,0.394287910660005
"EBC-1.1",0.499072241140494,0.0466298368311576,2.3264865264699,44.676298319941,0.0178049773557042
"EJM.2",0.327165332105279,1.77546809856823,0.595037948897242,24.1472557853115,0.58599317970089
"EM-2.1",0.786151154666511,0.0382735917085201,3.54611567271855,2.6587659038013,0.0376883625884254
"Evsa-T.2",0.144713880253058,NA,4,76.7394750121027,0.136053028906513
"G-402.1",0.526063062737297,0.0115005438123843,1.22758213428394,46.9577493315308,0.00117580843785601
"HGC-27.1",0.280997405656174,NA,4,63.9402897292635,0.0459374266761609
"IMR-5.1",0.670352706939173,0.0664831677592534,0.618213520961928,0.753845387447197,0.0648693481496637
"JHH-1.1",0.145609339782021,NA,0.871112206222753,83.6795680359129,0.00906140174111652
"JHH-6.1",0.142220853385353,NA,2.5085874497636,77.7987410517174,0.119677524807756
"KE-37.1",0.937360125386587,0.0112586650684982,2.15145763884842,0.795636781268975,0.0111750355687411
"KMRC-20.1",0.600394379786758,0.0217605366084761,2.19377645608458,36.0317842333301,0.0121678808905756
"KYSE-140.1",0.293954710507265,NA,2.98172543934242,63.8944260155461,0.0358526975349989
"T.T",0.134424116851738,NA,4,52.7610224389084,0.014009457577826
"T.T.1",0.1271262882885,NA,1.585007859164,62.4363352384886,0.00980434756968807
"PC-3 [Human lung carcinoma]",0.199543848530952,NA,1.65567824272668,50.775311296482,0.00611274167263571
"PC-3 [Human lung carcinoma].1",0.23331052856203,0.0882249716184174,0.408501199347475,0,0.0882249716184174
"RMG-I",0.0377515845162456,0.169500489641501,1.45915257789332,0,0.169500489641501
"RMG-I.1",0.010722491686556,0.130498601920299,4,0,0.130498601920299
"Caov-4",0.283806550100124,0.0956530811715794,0.292697598973639,0,0.0956530811715794
"NCI-H2452",0.0535642404049297,NA,0,89.287151919014,0.000174587388732834
"NCI-H2452.1",0.129182404416929,351.937069665325,0.167762891775467,0,351.937069665325
"NCI-H2452.2",0.00758435515029255,0.143914695946198,4,0,0.143914695946198
"OVKATE",0.00633652213232107,0.151200639579998,4,0,0.151200639579998
"OVKATE.1",0.0593289157916648,NA,0,88.134216841667,0.081330218815298
"23132/87.1",0.407327900549768,0.50513365309542,1.15433269007766,14.3565174878487,0.376763456225988
"8-MG-BA.1",0.797543016236136,0.0171793472540156,2.61730127905705,13.6296715602694,0.0152123207406372
"A-498.1",0.226997059085536,NA,1.66907785804516,73.0702513642805,0.0266062493616556
"AGS.1",0.604611598948938,2.68002441215257e-06,1.58684552924,39.538837628339,1e-06
"AU565.5",0.319396155225713,0.919053937196997,2.23130741574489,12.2763286488751,0.810037201907016
"CAL-120.2",0.297165677698516,NA,0.67384744599241,53.1341545510695,0.100682946642701
"DEL.1",0.967557594545145,1.01691281941043e-06,4,3.24424054548553,1e-06
"Detroit 562.1",0.454528396052622,NA,1.23831883980184,51.0093943131298,0.00881548401502994
"DiFi.1",0.197825034201447,NA,4,64.476931661774,0.213526456310478
"EFM-192A.2",0.0163653324118483,NA,4,85.1618455172855,4.72531799441842
"G-401.2",0.511025587227477,0.0466549098848965,1.47130514807621,45.6286366413253,0.00890364678305926
"GP5d.1",0.585051908482434,0.0334845241736607,0.639498760497713,33.5149930303515,0.00590629479580768
"NCI-H513.1",0.239569787664093,NA,1.17977643335894,71.2142825137846,0.0248627596847288
"Jurkat.1",0.610020662105984,0.130378026117136,3.68846940674374,3.32666103876259,0.127966929939872
"LN-18.1",0.213748794442675,43.626771899291,0.282421980993479,0,43.626771899291
"NCI-H2052.1",0.327004709399886,0.561541072143021,1.8498506548312,44.4756058319037,0.170691762634388
"ES6",0.155316760574695,0.0740967434165917,1.72615626858285,47.4525319300299,0.0132073710459861
"ES6.1",0.253740339129368,0.0304361075629778,0.755114755055132,26.5167646408478,0.0111876068536497
"HO-1-u-1",0.0110344610075728,0.129419788188559,4,0,0.129419788188559
"SW948",0.0441064962331809,NA,4,79.442709163515,0.0227340406610256
"SW948.1",0.0195089661482692,NA,4,96.3794286474708,0.00241887260281943
"Caov-4.1",0.244050665395067,0.0327571543745748,0.943345631612864,38.6150137838725,0.00682454792143459
"CAL-29.1",0.666439278192663,0.018435719484282,1.47628265160896,28.2224542681312,0.0104991307346039
"CESS.1",0.250878267210702,1.26121017441336,4,21.6855260084947,1.09407498657622
"GDM-1.1",0.347224911018122,1.08996781604793,0.770091286833794,0,1.08996781604793
"NCI-H2373.1",0.37727399271374,NA,1.9057715766092,55.980963740985,0.0246217076087014
"HPAC.2",0.0960512482197908,NA,2.75525843640081,90.3948731506538,0.000110091605565282
"HT-3.1",0.756921105752888,0.026957632690017,2.84791879147707,12.7540851806351,0.024309431211035
"JSC-1.1",0.906914658227316,1.05285040231041e-06,4,9.30853417726836,1e-06
"JURL-MK1",0.977821840028315,1.01140710924636e-06,4,2.21781599716846,1e-06
"KM12.1",0.402841745783524,3.01940829411444,0.346323974487031,39.1789416105946,0.0363596705079276
"LB996-RCC.1",0.489645434874767,0.0500225160096032,4,40.8849709924038,0.0326860578170269
"LN-229.1",0.0697919272067618,NA,0,86.0416145586477,0.122151033743024
"MOLT-16.1",0.930571055804976,0.0117624999303285,2.19121541788374,1.25972373476647,0.0116263169578736
"NCI-H1623.1",0.338140522038558,0.461191342577716,1.96318939596454,44.9914696631136,0.142850917586347
"SNU-5.1",0.758798400278019,0.0270457405569128,2.6364423656045,12.4478183177752,0.0242626815661958
"SiSo.1",0.599513722460295,0.0238842741416418,3.89078509422226,34.3696474499102,0.0177140503650039
"SUP-M2.1",0.802457480793836,0.0339220163762103,4,2.72996762658741,0.0334491921486253
"SW780.1",0.282029538477379,NA,1.71487469221841,64.7833872494911,0.037370800020122
"TUR.1",0.683999246152929,0.0801446498649768,1.23898731086447,1.3724059248683,0.078364399355023
"VA-ES-BJ.1",0.697549849700413,0.0110724073666071,4,28.9888381652806,0.00891480958784183
"WM278.1",0.343791570876961,NA,3.41138594271827,55.5742520206429,0.0476418190617064
"WM793.1",0.475589483342468,0.203452522013608,0.769168278438196,41.2005864875797,0.0212575019112431
"Panc 04.03",0.0843357992246887,NA,4,85.4845349233356,0.00180764171784329
"Panc 04.03.1",0.076377894541879,NA,4,89.4142354404431,0.000684810153703373
"KMRC-1",0.180149456969957,0.0184103899805935,4,43.7455309840814,0.0109488397247924
"KMRC-1.1",0.178748996590325,0.0477696211217787,2.07317121497195,48.361603070428,0.0091849010274031
"COR-L279",0.070557971005565,NA,0,85.888405798887,0.00995565724733143
"COR-L279.1",0.0162431451214117,NA,4,93.9262606672014,0.0157699823055681
"B-CPAP.1",0.529756515964775,0.128255852895217,0.872189114363591,27.1346690623288,0.0522987575149784
"C-4-I.1",0.637075615632994,0.0460353951174874,0.734659385120566,20.021254609716,0.0229455212902532
"GB-1.1",0.448817560923944,0.198209969003775,1.16400655394843,42.6980213833448,0.0379595216967943
"HC-1.1",0.97136780429022,0.00875388739246554,4,1.24786904812194,0.00869875011900289
"HCC1806.2",0.928730034719875,7.47381839796258e-06,2.032562082994,7.12699402437522,6.92922190552246e-06
"Hs 746.T.1",0.183135901166665,NA,0.205603488412913,57.1003019758474,1.4060426292641
"HT-144.1",0.332309498747336,NA,4,66.1625935526104,0.00895178006251603
"HuO9.1",0.885249627970999,0.00405150944804427,1.11228311483016,8.29808873011368,0.00344158862122686
"KCL-22.1",0.698592214959745,0.0245197268875546,1.77127520508365,21.6298903943067,0.017806194143875
"KYSE-180.2",0.31292493641994,20.0895271964718,0.29100583141195,32.5097444225524,0.543742652535271
"NCI-H1838.1",0.152568954171308,NA,0,69.4862091657385,0.000173440022772093
"SNU-175.1",0.268299860508348,2.26220058678788,0.736702638690546,0,2.26220058678788
"NCI-H1155.1",0.597338972139878,0.0537288770595869,4,23.3546322149929,0.0459061310938507
"NCI-H1944.1",0.575629611642797,0.0511413689681701,1.45355093365199,31.5130966771833,0.0257926717226004
"Rh30.1",0.663340339628332,0.0121214334612722,4,32.2751248052624,0.00935313660173787
"Raji.1",0.953088968755077,1.64327007857223e-05,2.17957161112978,4.69109823108563,1.57064584348694e-05
"5637.1",NA,NA,NA,NA,NA
"8505C.1",0.607406204891941,0.063351663040113,1.32047442731646,22.2750943089548,0.0405333623156915
"A-253.1",0.66861734286778,0.0318614452408788,1.97844515128534,22.6096798392745,0.0235047272222185
"BFTC-909.1",0.642560585328169,0.0321729770230468,2.22227701066434,26.1042825994155,0.0230782215021391
"CAL-78.1",0.443485571886501,0.302457868591956,0.85869146053389,37.4779740653003,0.0603140815121544
"DU4475.2",0.615540411103932,0.0332219530569943,1.70402556314783,30.1017221837362,0.0193462244349598
"ESO-26.1",0.507360555005008,0.0596973006436956,1.82139212333203,41.3183991678979,0.0228290687628458
"NCI-H2722.1",0.123143025650562,NA,0.488576359098316,84.7472015672579,0.00960184674285987
"HCC2157.2",0.169378466423678,14.8175750354771,0.490523351677156,0,14.8175750354771
"HT-55.1",0.25902317938306,42.8823654116098,0.396151529626229,40.2846174147531,0.685840813860503
"JJN-3.1",0.396458329245527,NA,1.88011058175718,50.2540509986256,0.0390958441963202
"KP-1N.1",0.240161343461908,NA,1.70949728646046,61.7057934860045,0.130534078557613
"LNCaP clone FGC.1",0.43905693340846,NA,2.61201830488438,52.3014715654488,0.0156143344645605
"MDA-MB-361.2",0.232049903123364,3272661258549322,0.0450024712991199,31.3458294673205,1e+06
"MES-SA.1",0.406586232152538,NA,3.38657532736328,55.7416417782163,0.016729977875915
"MHH-PREB-1.1",0.47715073459998,0.157373990453382,1.02317157520225,38.8550687878825,0.0362913927276656
"NCI-H1693.1",0.254641748763407,NA,2.86405535296124,72.8668375323546,0.0135360586593246
"NCI-H1975.1",0.389186076018972,1.07585947564737,0.433265512940758,0,1.07585947564737
"NCI-H720.2",0.0671442905861745,NA,0.11311036446814,57.4198486012963,1e+06
"NEC8.1",0.790177860094135,0.0302288685995708,4,6.42181239105301,0.0292076545068021
"COLO 824.2",0.106800011601522,NA,0.12904700280107,58.8884307596028,1194.97079800174
"EW-1.1",0.889993993815065,0.00675675491604586,2.12197786472492,9.11456211359777,0.00614539129811586
"EW-16.1",0.801212292954953,0.00865559859605004,1.20427864643029,15.185297174938,0.00640850108621962
"KOPN-8.1",0.834574992461915,0.00722783644260029,1.2176725090597,12.2580847692071,0.00573716335647825
"KYSE-50.1",0.135208521548598,10443.8266665908,0.182967318805954,0,10443.8266665908
"LB771-HNC.1",0.16693178209751,NA,1.07457311478472,80.8486997831116,0.0154506198094863
"LXF 289.1",0.373219258551973,NA,1.18898949576925,54.2412907589578,0.0290414178297132
"NCI-H1781.1",0.653221982179337,0.0146557523291922,1.3225571839234,30.987412920283,0.00705497293949586
"OACP4 C.1",0.461791468290475,0.787856642824296,0.172737585212968,0,0.787856642824296
"OS-RC-2.1",0.173310775956504,NA,4,81.594558157764,0.0141642688731506
"OVCAR-4.1",0.109755684476419,20561.5423251637,0.194095022527273,0,20561.5423251637
"OVTOKO.1",0.207464831305614,NA,4,78.5597698890676,0.0109694967844585
"PC-3.1",0.214160446291573,NA,0.914956246804004,71.5224264955936,0.0433624220652753
"PWR-1E.1",0.627604570900666,0.0181359007290385,3.7790905282912,33.6570488978446,0.0134906273726034
"Raji.2",0.909433078629069,0.00768222052175266,4,8.20942599804417,0.00734537297213129
"RPMI-8226.1",0.637644069850215,0.0265986204417453,1.13104403036848,28.683524169886,0.0125170684474709
"HT-1197.1",0.121051014653863,NA,4,84.2447923383006,0.0495477496995102
"HCC1187.2",0.0128622329756738,NA,0,97.4275534048652,0.00574081111365271
"TCCSUP.1",0.202238698570263,23631.4642292867,0.174089100577521,33.3337433941489,42.9295661131754
"NUGC-4.1",0.146263380697815,NA,0,70.747323860437,1.65051413508214e-05
"SNU-1.1",0.414293830127595,4.86068671556143,0.128787932918928,0,4.86068671556143
"NCI-H23.1",0.509730635350564,0.0590364639212347,1.36223949753887,43.8554322367078,0.0126692622338538
"NCI-H1048.1",0.700488174191859,0.0317462717890826,1.39390721828785,17.5839262125607,0.0232632125435615
"MS751.1",0.185223219569498,NA,1.61305963269233,77.2022517294708,0.0336714722747308
"MC/CAR.1",0.628709168631358,0.105812250052044,3.5703681948233,5.16483091648638,0.102629846194742
"LOU-NH91.2",0.30056029091988,NA,0.661352373788295,50.8685146132177,0.121392424270851
"KYSE-410.1",0.117628785840591,NA,4,87.7154747596862,0.0122298762060143
"KMOE-2.1",0.435245590071625,NA,1.67028796688167,50.4032351657732,0.0197213697902321
"KG-1.1",0.584526898213688,0.0409430816355699,4,29.3840901829184,0.0328086720683469
"JIMT-1.2",0.24291987995087,NA,1.20498784448089,74.707369614123,0.00458096479149807
"HEC-1.1",0.183338150295931,NA,1.19838228272714,74.4327124416101,0.0650497118370773
"GI-ME-N.1",0.291662936655758,Inf,0,41.6674126688483,1e-06
"EW-18.1",0.423547109489812,NA,1.42888512707119,54.5351365553211,0.009754965480002
"DAN-G.1",0.445473362203152,NA,1.6415633075791,55.4526627140062,1e-06
"Hep-G2/C3A.1",0.424497980367758,154.876834344801,0.0492541401634194,0,154.876834344801
"647V.1",0.748589782504343,0.0270728884252829,1.74167972057102,13.3302190576151,0.0226577852835643
"TOV-112D.1",0.767715672044309,0.0166198922625466,2.76757923968894,17.671532189361,0.0141970596911404
"DMS 273.1",0.508762598136212,0.0992694099140104,1.03061030787644,38.3211956868885,0.024210414164971
"NCI-H1793.1",0.269502359486539,NA,2.90649006226564,64.5425345152093,0.0523290617058556
"OCI-M1.3",0.888193070648124,0.0117468987540016,2.04106180742522,5.83734162789577,0.0110537121950877
"OE21.1",0.291871440813757,NA,0.895677101248681,70.0478659418525,0.00139817349698283
"P30/OHK.1",0.727252555734617,0.0497703105481057,4,5.81363744288807,0.0482558436162605
"P32/ISH.1",0.951823035427506,0.0105183542711018,4,2.07027225919968,0.0104077423801845
"RCC10RGB.1",0.375733878691985,NA,0.323336161391488,54.2311793940288,0.00190837193819679
"RS4;11.1",0.830158126338179,0.0162457317273717,1.27512586068889,6.88558413096432,0.014463574368737
"SiHa.1",0.0965426866613012,999935.502215268,0.151870413363251,0,999935.502215268
"SK-N-DZ.1",0.471225060975959,0.0537808322394443,3.12346875365283,45.6451258649975,0.0246185813658316
"SU-DHL-8.1",0.717408628558245,0.0530920785165334,4,5.96649233896258,0.0514319567408177
"SUIT-2.1",0.3676792523545,NA,1.44167951659437,58.4383663390079,0.0170362163111919
"SW756.1",0.198792419204667,216.414831017128,0.22247305413974,0,216.414831017128
"T-47D.3",0.186083859461292,NA,1.31072890773639,77.5000005242378,0.0276448267319277
"TK [Human B-cell lymphoma].1",0.699624762019063,0.0369640097781857,4,15.0400853186883,0.0338009702189953
"TT2609-C02.1",0.0862228878825418,NA,0.203387471590444,87.5864182894284,0.00476382874596678
"U-118MG.1",0.482568547419089,0.216279060522886,0.694267219211401,34.2433786003342,0.0409883262248458
"UMC-11.1",0.147269624642763,NA,4,77.1830285649206,0.115830982104386
"WM35.1",0.419998200879101,NA,1.88181283439777,54.7134857461866,0.0127092478857189
"G-361.1",0.359429738458559,NA,1.0070356269802,55.8023426657122,0.0265849185272239
"HCC1143.3",0.187633125859898,3756.64782665253,0.159540039678042,0,3756.64782665253
"HuP-T4.1",0.675335419144145,0.0245175812693399,1.41585455418945,24.4704604939757,0.0152508234382991
"MOLP-8.1",0.739417779914426,0.0105751662769383,2.88812091313997,24.2643438680916,0.00840268057569564
"NCI-H1092.1",0.0534957681214756,NA,2.09223449471402,89.4437659594475,0.301840848848607
"NCI-H2141.1",0.095622656372729,NA,4,87.0167884767184,0.0617395615648845
"NCI-H596.1",0.12985412082452,NA,4,86.3220850823846,0.0132227053617643
"NH-12.1",0.442863130308455,NA,1.05748863170002,50.0171164793366,0.0128321251341356
"NOS-1 [Human osteosarcoma].1",0.0982955290417817,NA,0.0741898545751386,60.4964884917053,1e+06
"Rh1.1",0.90798843005152,0.00703337903176825,2.61580427584411,7.72037033303019,0.00659657264753183
"SK-MES-1.1",0.507570344134774,0.0485151201544707,1.66182636061541,45.2508957902565,0.0117672632633501
"SU-DHL-10.1",0.624121237752505,0.0121164596852416,4,36.5386056516668,0.00872781942493595
"TC-71.1",0.839714985857804,0.0223292852395464,2.34993449312125,4.6005860261349,0.0214306887888792
"GA-10.1",0.631606257973617,0.0161036284646863,0.462030773703593,27.0161147270595,0.00299469189621544
"KU-19-19.1",0.591674121859927,0.0321122335388449,0.766952180767422,33.4188948538876,0.00761474958730665
"MHH-CALL-2.1",0.669472869515502,0.0626174706497614,3.13018738578215,10.1077600712294,0.0582587856754935
"MOLT-13.1",0.482269585638069,0.335454795063076,2.84276507015703,2.36742011907277,0.329779494993891
"KM-H2.1",0.472266279048355,0.0752705084948751,2.92497958742359,39.9666005930519,0.0434664487047894
"AM-38.1",0.710609334020157,0.0336271993242942,2.09889270421238,15.708178121604,0.0280969605396171
"HL-60.1",0.701851072250397,0.0553659988680086,2.22933055796118,7.86244199130995,0.0512760380611019
"639V.1",0.861734110014955,0.0120360475125121,2.09020335513701,8.81191091524053,0.0109698708805009
"A2058.1",0.362336405338865,NA,2.93151240575281,53.3903464485513,0.0463853590794254
"AN3-CA.1",0,NA,0.810758117144241,100,0.16383218005272
"CAL-33.1",0.666217305562317,0.0151497967338369,0.657580242594019,25.2466325479289,0.00520085269034578
"Calu-6.1",0.314591518989838,NA,0.656630998949423,59.5673425212865,0.0242572605577169
"CFPAC-1.1",0.665170359482634,0.00678614281439967,0.295269074732453,18.4693515117377,0.00142387450438818
"COLO 829.1",0.201070246926222,NA,0.932515603011132,66.7826638683338,0.143070225610081
"EMC-BAC-2.1",0.58701255515684,0.0346851414179001,4,31.346444450046,0.0271076191057734
"EPLC-272H.1",0.349292791895886,7.30397715378248,0.417263017212593,41.444923836403,0.106169238211527
"NCI-H2369.1",0.195511996752942,NA,0.400343934490813,65.3091833866066,0.151395223732739
"HCC15.1",0.538859904709712,0.0685942834788721,1.76560770967273,32.7106797744346,0.0375905974851823
"JVM-2.3",0.882291391010946,0.00938356291888267,1.92749817192768,7.92603332555086,0.0085798515176471
"KYSE-520.3",0.08189656532887,NA,0.0249943243392258,83.8904610381011,0.0827451998957248
"L-428.1",0.798420478520696,0.00926663850184902,1.18387251901219,15.0271995245471,0.00685162492432287
"LCLC-97TM1.1",0.294529626132997,6.04908605797758,0.436834067721363,29.7687587996921,0.762350856743202
"M14.1",0.587530188497552,0.0544440212359461,2.70344690994015,25.87747780479,0.041577650007587
"Mel JuSo.1",0.239784039575496,NA,4,75.1413306302817,0.0113569592585961
"NCI-H1568.2",0.346543699833052,NA,2.76594558132566,64.4498404584263,0.0084091364538176
"OACM5.1 C.1",0.573092567428147,0.0231291089265405,2.55770421014136,39.0586004742736,0.0127689506954591
"OAW42.1",NA,NA,NA,NA,NA
"BHT-101.1",0.498891596794581,0.0363959168619238,2.36894242650962,49.1830773620577,0.00640909412549873
"BV-173.1",0.61264490517856,0.121923688705752,1.84469004574818,5.11017923150097,0.115002155240645
"COR-L311.1",0.625869284662221,0.0855050671936961,1.23014860709522,12.0299280853811,0.0683637505755757
"EGI-1.1",0.104186947837206,NA,0.062371455177543,63.171592246756,1e+06
"EJM.3",0.701192569095025,0.0165132652420883,2.01557049005638,25.2780650223243,0.0116431553180646
"ETK-1.1",0.321120599914388,2.14776574443679,0.954232468296325,45.8657608894049,0.157575736200819
"GCT.1",0.533770223629967,0.0872602886711127,3.25300539305715,25.710331399267,0.0698923016896567
"HTC-C3.1",0.171051803849407,1207.38426090237,0.330803495629856,41.3268428740562,6.05358336470522
"JHH-4.1",0.377342567109831,NA,4,60.6155029775486,0.0121609702036517
"KP-2.1",0.0738339862792641,NA,0.21875,65.9374999999998,143.301257023696
"NCI-H1417.3",0.565314983348896,0.0348277732267129,4,34.3111274140621,0.0260664051310958
"NUGC-3.1",0.786176012761633,0.0160107102843675,0.897693165462964,9.76555457041921,0.0125684980302805
"OVCAR-3.1",0.193052149208839,NA,4,75.5502116913596,0.0427658726083043
"PaTu 8988t.1",0.302736784759281,9343459.70672487,0.0505427592315839,5.34008764229483,1e+06
"SK-GT-2.1",0.174659727304807,5.37263590223441,1.12339671896755,36.6306294810558,1.66055262033711
"SNU-398.1",0.24898513251167,NA,1.96212203819641,73.3430554980604,0.0120696669395361
"SK-MG-1.1",0.188748144655901,NA,4,80.8610738955717,0.0082583269606215
"SCC-3.1",0.938510665595264,0.0105752610180605,4,3.45490090549028,0.0103876446421735
"RPMI-7951.1",0.676815144896815,0.0317202696684078,0.722268895365163,17.2340018285483,0.0176689948849907
"RL95-2.1",0.284075190120579,165287671.578097,0.0503589633912088,11.3400120675849,1e+06
"RERF-GC-1B.1",0.395821848740388,NA,1.17159792778832,55.2097927611522,0.0146534122485926
"PL4.1",0.383902921633129,NA,1.79797156671842,55.1314338775674,0.0245119035430652
"OSC-20.1",0.621343564412635,0.041657931686581,1.12758717404133,26.4520413306299,0.0213640264419211
"OAW28.1",0.271645118618831,NA,0.414508930835435,64.3738747998958,0.012525983264532
"NCI-H446.2",0.446389388304104,NA,4,54.7613418757301,0.00815960666519313
"NCI-H322M.1",0.419869987807096,Inf,0,16.0260024385808,1e-06
"NCI-H1915.1",0.139814305330961,NA,4,83.3272746957867,0.0304218765790256
"MM1.S.1",0.748016766841152,0.0163330849762406,0.987434874758598,16.0804541830802,0.0110256404570165
"Karpas-231.1",0.93981357860838,0.010165257436325,4,3.6210997754691,0.00997598970077624
"A-204.1",0.527888952183059,0.1044758296131,0.9672491321822,31.9691227444622,0.0363968981585334
"TE-1.1",0.11622467850328,530.304819080991,0.290098845750718,0,530.304819080991
"A-704.1",0.288374871712842,NA,0.374591501091737,67.2046345204641,0.000916753847722047
"HSC-4.1",0.628869366775543,0.0211769749837573,1.91395360033683,32.4950669380554,0.0122380758297328
"NCI-H1650.1",0.214884872236426,NA,1.0607252441929,75.976778215204,0.0115829969290663
"NCI-H2228.1",0.436097684700051,0.412133293363275,1.2586060907328,48.7729820068142,0.0216645749499964
"OVCA420.1",0.247273351388952,NA,1.72556252720366,60.0395991664394,0.138426797640781
"RC-K8.1",0.540986757605532,0.04709865616725,1.98824902715211,37.3655914896096,0.0235795518296184
"RERF-LC-KJ.1",0.147147494929999,NA,1.21718794308896,85.2852077785081,1.62533586150988e-06
"RERF-LC-Sq1.1",0.375636413465898,NA,1.6723143016716,57.6715183249101,0.0180016608358588
"SBC-5.1",0.871061190833607,0.00635853955900727,1.40505085959367,9.57725320748614,0.00546555613819076
"SCC-15.1",0.429522179284466,0.115069214350666,2.42589155909399,46.486390937537,0.0385106367377763
"UPCI-SCC-090.1",0.110775403030792,NA,4,88.4622465879478,0.011913676219328
"SF268.1",0.563973731999567,0.0871201240490482,1.60449935200183,23.7535722373827,0.0583004182069528
"SK-ES-1.1",0.889588175043173,1.06436616277243e-06,4,11.0411824956827,1e-06
"SKN-3.1",0.501753477808492,0.0802472576937763,1.61900238579793,38.761387611849,0.0319172004970465
"SNU-182.1",0.220076226311565,NA,0.523548272636727,68.8494476744942,0.0394063641696399
"SUP-B15.1",0.795140021809821,0.0261525201617097,1.17989012759082,4.91450196858988,0.0239569250092518
"SUP-HD1.1",0.533475545621318,0.069518590621033,1.74674048139314,33.624852944196,0.0366913879699568
"TE-4.1",0.0937428319331621,NA,0,81.2514336133676,0.0326375730957085
"TE-6.1",0.318686179530495,NA,1.26582753387525,60.1132434499187,0.0345639381154853
"TOV-21G.1",0.343073056626931,NA,1.19932442288289,64.7525786390839,0.00312143917662648
"Granta-519.1",0.451473289003494,0.354840407265209,1.53144288393602,10.8499090980177,0.30245613079031
"PaTu 8902.1",0.165512642362786,3295.10302559463,0.179458267885413,0,3295.10302559463
"OE19.1",NA,NA,NA,NA,NA
"OVCAR-8.1",0.761042061559852,0.0136258061618529,4,20.7308214887167,0.011918520250689
"U-251MG.1",0.495842779395613,0.0818643549653615,3.4489193621587,33.095687477314,0.0597775766935854
"HCC827.2",0.209241710215564,NA,0.362814377698411,73.001373082251,0.00712671139441824
"Lu-135.1",0.427816189223123,NA,3.71325813145824,54.0174406092817,0.0154019799778764
"MFE-296.1",0.211036212749354,NA,0.829622869123262,72.6127050620924,0.0339748072330731
"MFE-319.1",0.137480966432963,NA,1.43755200100197,86.2519008977135,1e-06
"MOLM-13.1",0.929577479972385,0.0117599979591462,2.39882115108825,1.80387720336707,0.0115812344335433
"NCI-H2405.1",0.265715081854561,NA,0.401939641528414,61.5689630557498,0.0316405272161613
"NCI-H650.1",0.308117031981056,NA,1.32128711551311,64.63705707468,0.0184057174203043
"OVISE.1",0.243461942940935,NA,1.40535491497021,74.2637249141777,0.00767840280421712
"PF-382.1",0.654221094298757,0.0442376826459383,1.57446881517716,20.0416499600746,0.0319525321942686
"UACC-257.1",0.158725086692829,NA,1.726269030736,83.8345065728063,0.00439024070031427
"HCC1143.4",0.192312519869466,NA,0.202014296725857,57.4871712584539,0.83624340985659
"Hs 578T.1",0.20895343234782,NA,0.603274560434729,51.4482275204096,0.581837491670124
"Rh41.1",0.214214227707314,NA,1.79636818917939,50.4254142038599,0.506653415220971
"DK-MG.1",0.208349033289296,NA,4,70.1650630665348,0.0803741482631272
"HOP-62.1",0.453221423143762,0.270258502289607,0.835191765948297,39.226021581339,0.0430176432041365
"U-87MG ATCC.1",0.35906261885507,NA,4,60.5835564525302,0.0180999735875668
"TOV-21G.2",0.36891596101578,9189659712320.04,0.0366060306434656,39.888888752601,1.00000027903048e-06
"TGBC24TKB.1",0.410541330933539,0.274569814273267,1.37736737263402,43.3519553634442,0.0634536271888492
"SW626.1",0.246107971710012,NA,0.558499075219564,65.3743493768333,0.04082744565119
"SW1573.1",0.328404793307169,NA,1.52141625271355,57.1914732613491,0.0470954410469624
"SU.86.86.1",0.0122469682357283,NA,0,97.5506063528543,153.725663383731
"RPMI-8866",0.886582974867275,0.00782715083928402,4,10.5021338969336,0.00737912063877431
"RD.1",0.26353978493334,NA,1.53127813524225,69.4446689703556,0.0217413578293876
"PA-1.1",0.641042373006881,0.0154138370416886,4,33.3472310855311,0.0117095411195961
"OCI-AML-5",0.715440081341899,0.0527449882757067,2.84076976807029,6.60427610604471,0.0501792329642731
"NCI-H209.1",0.722078808767367,0.0511816822170305,2.07143318260925,6.27068041882828,0.0479754854302603
"NCI-H1876.1",0.783992286636197,0.0185612747877495,3.19895226415776,14.6053033454661,0.0166612470366646
"LN-405.1",0.116519989098366,NA,4,82.614931537652,0.0976001740272071
"Huh-7.1",0.130399556766365,NA,0.325925719959632,69.0920705473723,0.918061789003845
"PC-14.25",0.381682624580682,NA,4,60.7217556381635,0.0104349561983898
"PC-14.26",0.322313459666351,NA,1.26325418343138,62.6494429471262,0.0193973402081173
"PC-14.27",0.347683127919432,NA,1.78418055506651,62.0316119870252,0.0140193699996744
"MHH-ES-1.22",0.750528181037569,0.0237377533894219,1.87874755572985,15.0344902512936,0.0196228515960186
"MHH-ES-1.23",0.723344379852818,0.0291857513697349,1.36001788805169,15.1811914191497,0.0223674483943712
"MHH-ES-1.24",0.726280355513891,0.0285952384904339,1.1513485164898,14.1708830121518,0.0214084668472674
"SNU-C2B.24",0.303119227765944,NA,1.39924456096292,66.5912155354883,0.0130467550621393
"SNU-C2B.25",0.343804154650849,NA,1.97640241054373,64.6519915747922,0.00670292737449947
"SNU-C2B.26",0.35571075281704,NA,1.6954918994082,57.3675774548635,0.0286652984314663
"HT-29.24",0.352053447660485,NA,1.15068851547863,57.4252196436501,0.0257091335333609
"HT-29.25",0.355622025576815,NA,0.669723050673919,59.636248535513,0.00646513429750821
"HT-29.26",0.453934119731633,3.06563477787217,0.749920843750519,49.5283190253539,0.00610669903068236
"SW620.24",0.426060172364643,NA,1.22368052826526,53.1004420280788,0.0113629918353914
"SW620.25",0.425978502492022,NA,2.77409165152236,53.3571239818764,0.0168821003499949
"SW620.26",0.453119144368185,0.435471150889617,0.714193008929188,45.6122913376552,0.0144325225225912
"U2OS.22",0,NA,0,100,0.0160342110093055
"U2OS.23",0.0158421311102343,NA,0,96.8315737779531,1.41491085798639
"U2OS.24",0.0175080247511433,NA,0,96.4983950497713,0.910294100498217
"C32 [Human melanoma].21",0.472013848741931,0.068423436196412,2.34786059929246,48.3048983786391,0.0161882207438548
"C32 [Human melanoma].22",0.555724024357043,0.034773916763345,1.59381605584821,39.213499467963,0.0132841099847589
"C32 [Human melanoma].23",0.537902022551685,0.0417845127141508,2.23796775736045,38.8094444222171,0.0214052537754327
"A-375.23",0.786557609414194,0.00897417828309433,1.66604663852056,18.3339302094598,0.00682220700918889
"A-375.24",0.824360781887573,0.00864214537201103,4,16.6099642537205,0.00781237870133162
"A-375.25",0.834685561506917,0.00964654524422883,2.89525303346856,14.413411814657,0.00857754317468464
"C2BBe1.1",0.212789477363015,NA,1.72651227454856,78.7210520423739,1e-06
"CHP-134.1",0.533981872591442,0.0613816330297621,1.21339460968473,38.1693820267794,0.018713769307403
"CL-11.1",0.502312994551256,0.29622989195686,0.180985278089907,3.01601641980165,0.210055491288577
"HDQ-P1.2",0.272417187321835,NA,1.66800224773963,72.7582743783211,4.8035590044183e-06
"Karpas-45.1",0.0370290889195554,NA,4,80.0368372971476,2.78117832046998
"Lu-99A.3",0.454085773293421,0.0831512574621781,2.8058398230731,42.601710982142,0.0420837752855444
"Lu-99A.4",0.491337740058793,0.0817765597414002,1.73157258805982,40.1895000902192,0.0319277575198127
"Lu-99A.5",0.482260800364287,0.0863277800109455,1.76787887126374,41.2697011167623,0.0321678177955115
"NCI-H1573.1",0,NA,0,100,8.91301165819144
"NCI-H1688.1",0.149758179721779,NA,0.602497014203991,81.2119493187721,0.0170050103362995
"NCI-H196.1",0,NA,0,100,0.0575678611586014
"NCI-H2122.1",0.548560992063722,0.0772297515858376,0.597977356266254,32.9840632414723,0.0127337238611989
"NCI-H2170.1",0.831280696100005,0.00983474099405317,4,15.3429443285603,0.0089736337821781
"NCI-H661.1",0.133347148248724,NA,0,73.3305703502551,0.000128475906213129
"NCI-H716.1",0.129208554619022,NA,0.0667030298624678,52.1579724386201,1e+06
"NCI-H716.2",0.0749973998660378,NA,4,73.7347857833683,1.39151976005962
"PFSK-1.1",0.318009538812584,NA,2.90122267476662,66.4857941595259,0.0122181024674005
"SU-DHL-5.1",0.935735583748429,1.03499140732782e-06,4,6.42644162515706,1e-06
"U2OS.25",0.174959442981852,NA,1.86156871022524,81.7281730709429,0.0084263182523907
"HT-29.27",0.418594046856167,0.506853591908376,0.721323834721604,34.6325717680121,0.0987563913082087
"HT-29.28",0.375283388659745,0.408582957659173,1.51574694241281,45.4145371788792,0.0844776750173291
"HCT 15.20",0.558229157803949,0.0177672635583108,4,42.2220594985367,0.0111582014465574
"HCT 15.21",0.539019216218915,0.0196133238026033,4,44.0422202328494,0.0115233780077381
"HCT 15.22",0.581789637322848,0.0158531253709314,2.49097309423552,40.1415924623419,0.00826090138773428
"A-549.20",0.698511936279913,0.0110418762335537,1.19609445479,26.3452848609217,0.00590583749870398
"A-549.21",0.73175808581564,0.0189659217407194,1.4263001977065,19.2002064637554,0.0135034226919337
"A-375.26",0.882570554225283,0.00885364068355593,2.99215095942618,9.80935991923196,0.0082304566641551
"A-375.27",0.874519166916701,0.0087136480874839,4,11.3683554808174,0.00816945931606344
"A-375.28",0.888307293091098,0.0085688934062572,1.84663571016675,7.59898384139188,0.00783709150268235
"SW620.27",0.526742523914352,0.0353776143797208,2.10563417471627,43.0361929569705,0.0138720818292576
"SW620.28",0.567048864429919,0.020299035092383,2.65911347164493,40.7256541686143,0.0107724253513769
"SW620.29",0.519898958037473,0.115856726315772,0.851218044848726,33.2804599476085,0.0319905240799245
"PC-14.28",0.537520889152135,1e-06,0.0118747275977916,0,1e-06
"PC-14.29",0.53273649256235,1.00005530728192e-06,0.010355583273727,0,1.00005530728192e-06
"PC-14.30",0.549017962572055,0.0189985301131687,0.0702844218109792,0,0.0189985301131687
"MHH-ES-1.25",0.774894759203061,0.0164161414716681,1.44528705933917,14.9278973233571,0.0128443515971657
"MHH-ES-1.26",0.777012388794501,0.0171280880165377,1.23148799979716,13.2739568730689,0.0133321683816305
"C32 [Human melanoma].24",0.619301149379235,0.0202356605661038,1.2426979805424,33.5723456158282,0.00826284318539157
"C32 [Human melanoma].25",0.619000729599729,0.0217894576423965,1.87349639651979,33.5826026085378,0.0120249798688763
"C32 [Human melanoma].26",0.606951210700219,0.0218359418361141,1.69681245729097,35.1584333816214,0.0106733475169161
"SNU-C2B.27",0.398410374128137,NA,1.68071327705152,54.8052172625089,0.0190673318138633
"SNU-C2B.28",0.482227351694733,0.0562279951979833,3.22989470466379,49.7168698191942,0.011331027391159
"SNU-C2B.29",0.393195125896282,NA,0.548016810172914,55.7859606381916,0.00324032748640202
"NCI-H2347.1",0.103349750294861,268.469370331097,0.347600946040268,0,268.469370331097
"NCI-H1563.1",0.0901190208183212,NA,0,81.9761958363358,0.00377529463815574
"NB1.2",0.33586643166264,NA,0.826407831018538,61.2291303397441,0.0118923409415765
"TYK-nu.1",0.573303071123933,0.024957422521129,1.33571811065463,38.9792056947935,0.00804472728792883
"RT-4.1",0.760510450502912,8.25380057104856e-05,0.159585796605486,5.07175768853605,4.22264293276149e-05
"RT-4.2",0.753719227677571,0.0030628477518703,1.20183301027294,23.5214954201946,0.00180473111436549
"RT-4.3",0.739203535099493,0.00244449493571335,0.507845182230633,20.5408281153746,0.000862558446747146
"Panc 08.13.1",0.0652073522071165,NA,0,86.9585295585767,38.8861920609355
"OV56.1",0.385492235423765,0.943905687527013,0.579434269016963,27.7960626258168,0.232545288907465
"ALL-SIL.1",0.71954949039414,0.021436762224361,3.11319363661475,20.7287522067011,0.018049608990833
"ALL-SIL.2",0.704344814398227,0.0255863822934661,2.31744199407897,20.5069832531895,0.0203743990983477
"ALL-SIL.3",0.70200896249027,0.0181740815077535,2.11119502217654,24.4644768574146,0.0132198021351132
"MHH-ES-1.27",0.717359275135411,0.0313184433871134,1.20385039556628,14.5513510503577,0.0235354781593292
"MHH-ES-1.28",0.736596175320896,0.0264141957710707,0.807671695426241,10.2006644951315,0.019913437019618
"MHH-ES-1.29",0.734245198242457,0.028018028509952,0.822661859190883,9.99496661659688,0.021365027509971
"A-375.29",0.832631746723804,0.00762164083946978,3.28148312825137,15.8203170691676,0.0067874209984301
"A-375.30",0.832998507561238,0.0103313350539438,3.91327964653981,14.8539969966888,0.00944136460059105
"A-375.31",0.82430335490225,0.00731071777889133,4,17.0528963190922,0.00658675983219329
"HT-29.29",0.230727326806528,NA,4,72.7159660137859,0.0289539258296974
"HT-29.30",0.252315228704145,NA,4,71.6928842701824,0.0209229362501676
"C32 [Human melanoma].27",0.496879780310905,0.0761906129488661,1.38666331977148,43.5252073854466,0.0174461587540522
"C32 [Human melanoma].28",0.449968082144288,0.0770371081596576,2.90811080877916,48.4116249143085,0.0235278965293125
"C32 [Human melanoma].29",0.416373536243696,NA,1.97282797124217,52.2020189653572,0.0221379993855005
"SW620.30",0.352841325410533,84.4058280651456,0.177834710002296,33.8974215223476,0.144324163165368
"SW620.31",0.352603285818306,6.00723775970337,0.215548623110254,0,6.00723775970337
"SW620.32",0.355665029030376,NA,0.546372147712779,50.0983932349958,0.0388811297656111
"SNU-C2B.30",0.354599199448837,NA,1.12874606357429,60.6022563349703,0.0115934871626492
"SNU-C2B.31",0.37560982597541,NA,0.914598646478362,55.4380648012218,0.0179449167784223
"U2OS.26",0.136489536792227,NA,0,72.7020926415546,0.00230861040918766
"U2OS.27",0.149719531823042,NA,1.56421958215377,85.0280439594846,2.31986116380758e-06
"U2OS.28",0.167338128492372,NA,1.30497425154632,83.2661759708178,1e-06
"HCC1500.2",0.115990044150694,NA,0,76.8019911698612,0.00470422037108333
"Hs 445.1",0.891795132329388,2.74933381521221e-05,0.370479063573179,7.81744355526736,1.73750383337332e-05
"Hs 445.2",0.894308352104826,1.77170930088417e-06,0.264962726507513,7.03099872355604,1e-06
"Hs 445.3",0.884703831811314,1.06772859322523e-06,4,11.5296168188686,1e-06
"Hs 445.4",0.891913880593998,1.06278358930325e-06,4,10.8086119406002,1e-06
"SNU-C2B.32",0.311604757474209,NA,1.19956828780732,62.3922583263029,0.0259865332119127
"PC-14.31",0.290449915304653,NA,1.1842734250193,70.4231984353309,0.00211220572332504
"PC-14.32",0.317401530699072,NA,4,67.1298176529675,0.0112268199846748
"PC-14.33",0.328837845041866,NA,0.4633280723396,63.9943265847087,0.000962595114716085
"C32 [Human melanoma].30",0.612845853978918,0.0167797582426322,4,36.0120885999908,0.0122034160104429
"C32 [Human melanoma].31",0.590034514143139,0.0216470992089401,1.496433750282,37.4515974076678,0.00859392306198365
"SNU-C2B.33",0.341379406997113,NA,1.21889016357414,62.8872334500097,0.00971006784115531
"SNU-C2B.34",0.35901326126798,NA,0.700671722566738,56.6514028328103,0.0148805864374804
"SNU-C2B.35",0.382776726982001,NA,0.731409852507119,52.5583412668667,0.020369735087354
"SW620.33",0.466010815326658,0.3589492777652,0.726647340210417,46.6972027784209,0.00853130464423899
"HCT 15.23",0.515812063205794,0.018286961322123,4,47.6073916651712,0.00855296998732452
"HT-29.31",0.408420435431442,6.06081386753135,0.235053172090568,36.6794335626686,0.0218085740612122
"HT-29.32",0.412210219392052,NA,4,57.8182714565533,0.00968015547013222
"U2OS.29",NA,NA,NA,NA,NA
"U2OS.30",0.157897789423764,NA,4,84.1410625414471,0.00598506816881052
"U2OS.31",0.165401741961123,NA,0,66.9196516077754,0.000286216964384354
"MHH-ES-1.30",0.756203547826328,0.0174084611868912,0.883391429771097,13.1977835943451,0.012305394524945
"A-375.32",0.889515167707251,0.00933520906030522,4,9.47974413922608,0.00885726405170519
"A-375.33",0.854213679750143,0.00251531432682481,0.608098441721724,7.89613774416885,0.00189598855858588
"PC-14.34",0.419655053912426,NA,1.53014191766876,58.0344916031804,1e-06
"PC-14.35",0.386575028734124,NA,1.81888389057377,61.3424826480658,1.17839438894997e-05
"PC-14.36",NA,NA,NA,NA,NA
"A-375.34",0.82959158200737,0.00476210546173374,1.08501624788898,13.8215045737872,0.00353418993816541
"C32 [Human melanoma].32",0.52068578987075,0.0324387753699113,2.50507563435095,44.1485427757126,0.0137764452057803
"OPM-2.1",0.512656934129221,0.103179925936179,0.927625730830485,37.472574948484,0.0232053418205051
"DU145.1",0.567623324999994,0.0312472155735024,1.82453305559082,37.9552944301635,0.0143218544733092
"RPMI-6666.1",0.903035278018905,1.0553748379388e-06,4,9.69647219810948,1e-06
"ES7.1",0.881117573411893,0.0171398259356941,3.02839534077931,3.88439476523947,0.0166881738653157
"SW837.1",0.251558666585097,175.730280416987,0.177399740163151,0,175.730280416987
"HH [Human lymphoma].1",0,NA,0.866660370773789,100,0.0498121566451438
"NOMO-1.1",0.86811574126495,0.0148924499269292,2.93893430810632,7.12978779986849,0.0141329209969456
"HARA [Human squamous cell lung carcinoma].1",0.592599635564895,0.0212344967415775,3.24608726253873,36.8082152166859,0.0140856256005851
"HDLM-2.1",0.401457642536893,0.953027273133814,0.441766557900944,14.4967046020798,0.439035040068243
"JVM-3.1",0.976450734386952,0.00377091869021272,4,2.28747775049682,0.00372702890458108
"Karpas-620.1",0.171351462008996,102.954232548596,0.291127628256794,0,102.954232548596
"Caov-4.2",0.39668477598952,NA,4,59.0695633056717,0.010772755139018
"C32 [Human melanoma].33",0.605537109696833,0.0284751068257643,1.86111715928793,33.1399033593715,0.0158779771032481
"C32 [Human melanoma].34",0.57867062192206,0.0278492457355692,4,35.2753014245829,0.0205155204807456
"C32 [Human melanoma].35",0.687311250666082,0.0211582803463693,2.95300229084572,24.9463418316891,0.0167438516529185
"SW620.34",0.513410592055002,0.0664763891199999,1.15864241234129,42.6049357642148,0.0127728435299436
"SW620.35",0.522100502723317,0.0618247337452265,1.14616214208908,41.2819690369627,0.0134692527899839
"SW620.36",0.461960946329245,0.24404230046045,0.845444131241542,43.8588926470764,0.0204292405115234
"U2OS.32",0.0819491940914586,NA,4,91.8050805823557,0.00013017221733295
"U2OS.33",0.13417572516717,NA,4,86.2852266997893,0.00952038793580088
"U2OS.34",0.172069519686668,NA,1.22757734665219,82.7930231044073,1e-06
"A-549.22",0.681024205251596,0.0185274422913773,2.87154098758762,27.1023539163544,0.0141155562147837
"A-549.23",0.705166155830951,0.0157831905869376,2.54305217928318,25.4922899736621,0.0119240798752387
"A-549.24",0.669272237112258,0.0214056031981254,2.91212635772309,27.101445550435,0.0163705050690454
"MHH-ES-1.31",0.84538584307806,0.0149713725763254,1.17323312981202,4.98647442905511,0.0136889983335806
"MHH-ES-1.32",0.85197634832401,0.0142455843301329,1.48643224915901,6.58211130184003,0.0129550682303306
"MHH-ES-1.33",0.824331897637924,0.0141540521064238,1.10364546748619,7.8441739716442,0.012126303323353
"SNU-C2B.36",0.446927126953581,0.482609397881641,0.922457562739928,47.9432357391602,0.015181691995021
"SNU-C2B.37",0.485438400063968,0.171147322365542,0.745470191331904,42.6141406085771,0.0131587794574323
"A-375.35",0.881530921184685,0.008839346147976,4,10.5773134041755,0.00832940912696468
"A-375.36",0.885405715351836,0.00819363413622401,2.1249888594661,8.7789098563768,0.00748199282582738
"A-375.37",0.850224446341379,0.00961556823218528,3.3718775891269,13.1205878298267,0.00878562088989425
"HT-29.33",0.304861366131542,NA,3.99877261714341,68.2591589792018,0.0118686685206076
"HT-29.34",0.323905377544379,18.8627212535844,0.185872051548358,0,18.8627212535844
"PC-14.37",0.394877503538885,NA,1.33819651122031,55.4505143742521,0.0159007873011654
"PC-14.38",0.373226856599858,NA,3.13805691451771,61.2008796276523,0.0108280707574217
"PC-14.39",0.365774383548325,NA,0.681104244575602,55.8570984955118,0.0141332110611222
"HCT 15.24",0.642330562248601,0.00157651083126515,0.227624182748631,25.718166844738,6.60082939063391e-05
"HCT 15.25",0.559266492354905,1.63881394316579e-05,0.0248757565859116,2.50087852130055,2.08305400655326e-06
"HCT 15.26",0.567786227804846,0.0124810914835855,1.02438660173199,41.6557560819328,0.0021736055555492
"K-562.1",0.279158909973568,NA,3.02849169699669,69.619195928195,0.0163905478245753
"C-33 A.1",0.700874303408409,0.00539375291661413,0.925354214004019,27.3257224698759,0.00229482946533017
"A2780.1",0.79379093454396,0.00763920894730831,4,20.0855542236641,0.00671855888934259
"NCI-H1648.1",0.220152465317733,NA,4,76.9312528846175,0.0126205412685663
"SCC-9.1",0.212014973749539,NA,0.911011242048531,74.2796361763142,0.0217916825162749
"DMS 114.1",0.420053392693768,NA,0.987737507749325,55.1691246227181,0.00534316946295962
"Calu-3.1",0.375728073935045,2.27956949330305,0.700849769509389,46.1839348643179,0.0580186884214459
"Karpas-1106P.1",0.788587018980232,0.0102292619912712,4,19.6624673357582,0.00902811047965241
"CPC-N.1",0.428779089899249,NA,4,55.7953518495646,0.0106661889149021
"L-1236.1",0.590536131733317,7.35882675778564e-05,0.0438530111255403,0,7.35882675778564e-05
"SK-MM-2.1",0.17405996473708,NA,0.660223016051983,74.3496288482407,0.0664028049052652
"A4/Fukuda.1",0.791977032125017,0.000712066268953876,0.229156745494858,0,0.000712066268953876
"LK-2.1",0.405572249030797,NA,1.39031792992502,51.1256414268512,0.0277345728409878
"SJNB-7.1",0.312311660640476,NA,0.978015483694368,65.6567670103952,0.00843482596376673
"MN-60.1",0.458150727613823,0.139556441797007,1.47801511766344,46.8672381613905,0.0214186266381175
"OCUM-1.1",0.580428968297851,0.0555222028646483,0.861536664891928,30.2341652112125,0.0189075038899704
"BE-13.1",0.570926423067305,0.0685148336546412,1.45582595910656,27.6177207496195,0.0394469132374475
"Kelly.1",0.860345791119412,1.2039856336564e-06,1.76442868806576,13.9654202705482,1e-06
"NCI-H2818.1",0.453691264960953,0.253782223324403,1.22718254705891,48.2587450070203,0.0164545569201454
"WRO.1",0.237603606366312,NA,4,75.4678789084558,0.0108539605380595
"KINGS-1.1",0.210767402052228,NA,0.83559237260346,72.998841362063,0.0310540171968642
"IA-LM.1",0.19181559500624,NA,0.291257059937645,72.7309552233566,0.0129418700204266
"NCI-H526.1",0.606433676625501,0.130536822266508,1.51585515808121,4.53075677978924,0.122608102341292
"JVM-3.2",0.963054221337261,0.000282343094303179,1.34244028552191,3.61469287964015,0.000266993572733808
"KMRC-1.2",0.676539809168464,0.0109530651155517,1.29469218642916,29.3299954544046,0.00553638514674684
"DB.1",0.748354368082157,0.00800542482828267,4,24.6496716731683,0.00675519328400697
"PEO1.1",0.667229561404493,0.013318179184562,0.451394277412965,21.3160679254865,0.0038887457076163
"HCC78.1",0.806021354517292,0.0114244432244607,1.94033680601516,15.3567184802023,0.00945604696486971
"SaOS-2.1",0.40776609011357,NA,0.575992205099498,51.606611487559,0.0083656166364245
"K-562.2",0.311526271744035,NA,4,66.8851898014368,0.0142721100863035
"HDLM-2.2",0.341328538998787,2.6486599827491,0.387155810362342,16.5698225081775,0.936370016555442
"T84.1",0.472166082878452,NA,4,51.6048556073164,0.00990309826140502
"COLO 679.1",0.682690616924086,0.0101085860030633,4,30.8925854722136,0.00794782673316886
"NCI-H847.2",0.816718115872765,0.00961235907396066,4,16.9873098441503,0.00866478345503407
"NCI-H522.1",0.394717113810564,NA,4,59.9912225077923,0.00819018042110774
"ME-180.1",0.551504747042209,0.0625788554043056,1.90245778965629,31.3850557657615,0.0372282765866666
"COLO 320HSR.1",0.471507435682265,NA,3.79184036682569,51.0413544934057,0.0113820575669016
"Capan-1.1",0.563233110658246,0.0159424305126702,4,42.2247087313312,0.01001131665969
"ME-1 [Human leukemia].1",0.434146306798599,0.83422930583232,0.316475239960588,13.7866708673463,0.301017591332876
"Lu-165.1",0.308727263886626,NA,0.432541658403939,53.0916192476532,0.0535582352543424
"Mo.1",0.7707362657363,2.27831346664303e-06,0.103364368126087,0,2.27831346664303e-06
"EFO-21.1",0.411946203551216,NA,3.05126281381853,57.4575920021106,0.00983764054845573
"BICR 78.1",0.586262877105393,0.0464844873726979,1.07704414102081,31.4435620509142,0.0185193537911108
"NCI-H929.1",0.878797859757623,0.0101305664388422,2.13009891207037,8.26006824955427,0.00930720649676368
"SW900.1",0.541047095837102,0.0253048710887652,1.49249414063432,43.653922602764,0.0063468092538792
"CGTH-W-1.1",0.499649121857718,0.0746563788023396,1.57514751507488,41.0717348362866,0.0250070195776609
"WM115.1",0.337853559502028,NA,2.19114482897721,52.9468370280045,0.0697099871750355
"SK-CO-1.1",0.742752643635765,0.0148089482960289,2.23353300955086,21.3066033331027,0.0115488629000677
"Reh.1",0.819146392266599,0.0263632640682031,1.470716238503,2.84765465204029,0.0253328077677722
"Loucy.1",0.493882076057439,0.121242712527289,1.02554259652659,39.1856003084582,0.0272426919615591
"SU-DHL-6.1",0.659813768124451,0.0336323619698716,0.831376436760583,21.0016975771132,0.0174651439089004
"NCI-H69.2",0.34238361640889,1.38117539204475,1.09834781852777,46.8962738212299,0.109963027994106
"22Rv1.1",0.5962890365209,0.0192209543056752,3.09262123618128,37.2157543736456,0.0123667680174085
"SK-MEL-1.1",0.335983840656047,NA,0.455472261442196,58.1977155007594,0.00849529066387326
"L-540.1",0.82935925610287,0.00772787122577094,2.57859404270147,15.6314900868804,0.00668222491171784
"NCI-H2595.1",0.14391610846009,NA,0.0430468821368626,58.2297400585792,1e+06
"COLO 680N.1",0.197326923087915,NA,1.42909747323906,77.7390136573765,0.0166387109934308
"EW-7.1",0.930519090770985,0.000117152988523469,0.629024970744227,5.82621680727018,9.62089725506968e-05
"JHH-2.1",0.232409277609217,NA,0.884284046465107,74.019128071979,0.0089730786871363
"HCC38.2",0.688099520450796,0.0252253460083315,1.83883937347057,22.7941978947391,0.0181175954966708
"EN.1",0.175498618042798,NA,1.63119583046494,82.4501377308822,1e-06
"DoTc2 4510.1",0.471132827334262,0.489854380278315,0.285315562899046,0,0.489854380278315
"HO-1-N-1.1",0.862036648783337,0.0100039452234495,4,11.9962897232684,0.00934082646211442
"KP-4.1",0.538884612634646,0.0624208286780134,1.32065205184239,36.3088360329351,0.0234089064852125
"NCI-H1993.1",0.601418852299401,0.0498581790559395,0.743514138206511,26.6836555775978,0.0178705078222951
"BC-1.1",0.869430219008906,0.0180769034751677,3.31158897457933,4.7050816887717,0.0175454024883848
"M059J.1",0.543011125882217,0.116820908926354,0.381224174292755,23.7210680238216,0.021613115989729
"MPP 89.1",0.400349728402751,NA,1.25363873453313,57.2689671088595,0.00775967204573289
"TGBC11TKB.1",0.622895666287916,0.0594085582732056,2.53307687586002,18.9243026627575,0.0492388850682421
"SW1116.2",0.132835513378468,4321.1775237479,0.203279803175781,0,4321.1775237479
"NCI-H2085.1",0.233147400478303,NA,0.358049401077984,63.4006573348099,0.0543712104600277
"SK-MEL-24.1",0.580413560487542,0.0838849604976008,1.35129311607989,21.9921776890387,0.0546292185212247
"NY.1",0.670560754908334,0.0191123746234919,2.3124798616859,28.0552687892925,0.013386229934189
"NCI-H810.1",0.51215275352233,0.203941998140276,0.112162186550732,0,0.203941998140276
"NCI-H1755.1",0.284073679649038,NA,1.71130419937182,70.5669894311855,0.00674828216190465
"RKN.1",0.15994496793377,NA,1.85708529860458,84.0055031601643,1e-06
"NCI-H1703.1",0.728121334839662,4.24658634640075e-05,1.95611904170248,27.1878102280967,2.84325548176726e-05
"LS1034.1",0.381707832855948,NA,1.82937953688118,53.058669996551,0.0344503166559033
"SN12C.1",0.350493301170505,1.07330312088359,0.765436025894254,32.7633603041537,0.266973950564444
"SW1783.1",0.626729090257981,0.0400422581277398,0.341383881919551,10.6528588726195,0.0198476792013677
"MKN28.1",0.181827208900036,NA,4,76.5910930263181,0.0467432568631228
"MLMA.1",0.833162065416191,0.0096985246987933,4,15.2142869299751,0.00885754571854223
"Mono-Mac-6.1",0.966962713437,1.01723653553658e-06,4,3.30372865629996,1e-06
"U266B1.1",0.183004220798706,NA,1.04386048439087,78.7810233601798,0.016626958313682
"MRK-nu-1.2",0.436051503312539,0.432956504309837,0.684194732962923,27.3588708738023,0.136006076373346
"WM1552C.1",0.390377225933617,NA,0.605337800288582,57.1283068919826,0.0028112173471943
"BxPC-3.1",0.361581588972618,4.1349995396933,1.01936066698485,49.2910680709442,0.0635646869149053
"GI-1.1",0.456981834888573,0.226266354977814,1.25445866390103,48.2411158262994,0.0156952167540884
"SJNB-12.1",0.458540051307039,2173.18066446871,0.0245358598112119,20.2316638957048,1.43900986934629e-06
"Panc 03.27.1",0.621988828341536,0.0296218633074148,1.45747891332689,30.4368052739588,0.0155596295651034
"SK-N-SH.1",0.44139800732386,0.360551803890991,1.24090850389504,48.6290186839836,0.0198729383219299
"G-292 clone A141B1.1",0.154965330340286,NA,0,69.0069339319427,0.000119643639979848
"MOG-G-CCM.2",0.325385488241584,NA,1.61134709853586,67.461426256129,7.14815273550797e-06
"NCI-H2795.1",0.565064296112354,0.0633233794260875,0.772046399338275,31.8076444828363,0.0170938702623261
"HD-MY-Z.1",0.454248333275455,0.232901971363761,1.02556787956292,45.5753767486661,0.0218944262355748
"MDA-MB-157.2",0.312077036344858,NA,0.941795883000635,59.2875270992706,0.0388810737288521
"Kuramochi.1",0.0584809082917016,NA,0,88.3038183416597,0.861918142683803
"Panc 04.03.2",0.282385822993581,NA,0.635328020191719,61.4847180864898,0.0375701296052228
"CAMA-1.2",0.27027707837988,NA,1.58056074439829,72.9722909841847,1e-06
"MeWo.3",0.309152230957551,6.77889785879315e+42,0.0214671419316975,45.5259113664067,1.0000002087997e-06
"SW1417.1",0.261285060657497,6.04292592828304,0.402508221514627,0,6.04292592828304
"NCI-H727.1",0.30386435824279,NA,1.18588203447155,67.096242592325,0.00891237172083258
"SW872.1",0.48356287839608,0.0958507995706212,1.3786559307197,43.6402573470711,0.0214796879342099
"Lu-139",0.628010523694131,0.0103947342364734,4,36.574106068562,0.00748267171574545
"YAPC.1",0.399487660541205,1.3446805910119,0.626117160038008,44.0414230082716,0.0449917188655198
"NCI-H441.1",0.376353330267624,384.638223130603,0.0714541830566923,0,384.638223130603
"CAL-72.1",0.488063524514505,0.197475398631141,0.62878085475324,45.5605063217106,0.00419770652319997
"Namalwa.1",0.90610496050206,1.05337480733411e-06,4,9.38950394979402,1e-06
"OCI-AML-3.1",0.90033723482967,1.05714851678932e-06,3.99999999999983,9.96627651703302,1.00000000000052e-06
"RPMI-8402.1",0.831886637439029,0.0273841963426436,1.40625,0,0.0273841963426436
"Ramos.2G6.4C10.1",0.480804649969844,0.439309737589238,0.247978734916793,0,0.439309737589238
"NCI-H1869.1",0.113886717375117,1083.5836305286,0.265038983995864,0,1083.5836305286
"JHU-022.1",0.500092297192053,0.0786443998140561,1.11702370053611,45.2662007197379,0.00953148768503139
"ES1.2",0.963325853017009,5.65646153686221e-06,2.21518788508387,3.66741432526799,5.46524962029381e-06
"NTERA-2.2",0.244920004655764,NA,1.13887237073393,74.2541187225813,0.00512809567470919
"TT.1",0.16599330943812,65.7658953632547,0.328530994312214,0,65.7658953632547
"HMV-II.1",0.296827272277172,NA,4,68.8815826577367,0.0126774946954212
"ESS-1.1",0.852898004319553,0.014846854433421,1.56966928433404,6.39329768092296,0.0136075960133449
"SK-LMS-1.1",0.630851794472039,0.0111240638987494,0.176615855415889,4.48999051071051,0.00652974900895471
"SW684.1",0.230867509473804,NA,2.04047731361298,76.9132490413489,1e-06
"NCI-H3122.1",0.536304023983207,0.0213672824357498,4,43.7662453682797,0.01269679815442
"ML-2.1",0.929369705121612,1.03880648314254e-06,4,7.0630294878388,1e-06
"Ca Ski.1",0.598760545077526,0.0216804914624626,2.18120185596106,36.2783554556661,0.0119843082048776
"K5.1",0.326005323207245,NA,1.32799934760164,59.8467259102958,0.0316610620183437
"8305C.1",0.288067110418258,NA,4,65.1719647245316,0.0329558563891271
"IST-Mes1.1",0.292115990767568,NA,1.18787139395855,58.1840438168015,0.0747163430505999
"GR-ST.1",0.681658845019895,0.00295223572231499,0.71858447873548,29.6314543101725,0.000846064468329728
"Karpas-422.1",0.495192896550317,0.0776040107199566,1.41797679117904,43.3681841058403,0.0186706428183244
"COR-L88.2",0.295028392145167,7944636.90328205,0.0532037503086022,5.22014436339304,1e+06
"EW-3.1",0.867499846272533,0.00454544883633341,1.76995915608533,12.0099822673101,0.00389200869058775
"NCI-H82.1",0.575814437040541,0.0349331114383509,0.527934169905365,33.9694659426443,0.00405016622382275
"HCC70.2",0.172665597275035,NA,4,82.590004453086,0.00711419742826555
"TE-5.1",0.563201975553678,0.0130839053215753,2.203125,42.8125,0.00542469093701133
"KGN.1",0.88104598474995,0.000887604610565762,0.483857539132103,5.23168022238664,0.000706347529215796
"L-363.1",0.3827321764396,NA,1.24021238598575,55.5789093533196,0.0194053027299009
"EFM-19.2",0.223328749032188,NA,1.96153762396209,77.6671250733149,1e-06
"Hs 633.T.2",0.819188647993182,0.00896063719065811,4,17.0187513112968,0.00807538368163348
"NCI-H3118.1",0.674324573653048,0.010387500037408,1.75916642868455,30.5854736184859,0.0060668993283364
"KYSE-270.1",0.640487252669944,0.0354192153830799,1.48845138181569,25.5389843565836,0.0219096718130362
"TE-9.1",0.415208948553075,1.03926256170914,0.536814939400952,41.1977265512316,0.0408738513959394
"CML-T1.1",0.889152394746216,0.0146610529906258,1.68214220788928,2.40625114476506,0.0142374216529236
"LC4-1.1",0.761088385885936,0.0211503157906739,1.15172461061792,12.7445412172318,0.0163821205819189
"Lu-65.1",0.288140715111576,NA,1.14753619860015,69.9379652170434,0.00440259245102283
"CS-1 [Human chondrosarcoma].1",0.416584100638393,NA,1.77232216541934,55.3558276086021,0.0114376737694039
"HCC44.1",0.403491917167677,1.83554843157228,0.234160295709357,0,1.83554843157228
"SW1710.1",0.162847715834053,NA,4,74.457039247586,0.122322913765829
"NCI-H2087.1",0.406212048055974,0.870094950021719,0.675175842866649,42.5845135861454,0.0515216319461221
"SF539.1",0.743572095189651,0.0234737361979902,1.61539319766074,15.7240903292305,0.018581069262194
"ONS-76.1",0.332134987593591,NA,0.840889571545811,59.815157656089,0.0195112474118008
"NCI-H1666.1",0.377854097636057,5.76220424456014,0.177023998077223,0,5.76220424456014
"SNG-M.1",0.580204848302456,1e-06,0.0255693709096287,0,1e-06
"HOS.1",0.648739519661426,0.0184188522573022,1.99702575713439,30.9890992670716,0.0113492241347814
"CCK-81.1",0.467914098322468,0.0988264242898083,2.02022576528336,48.9039964853457,0.0149141839992733
"OC 314.2",0.857659029427691,0.0161630209257973,2.11325667979118,6.37752283541653,0.0151523732519108
"TGBC1TKB.1",0.189075810636216,122669.584774442,0.114401250293909,0,122669.584774442
"DOK.1",0.298583436120445,NA,0.93383919810847,58.1701435974688,0.0607469506622277
"HO-1-u-1.1",0.327230104263929,NA,0.558807307546096,53.602819362388,0.0433255057352118
"KYSE-220.1",0.711836287978935,0.00805827899104271,4,28.3831306108852,0.00653428387270336
"ES8.1",0.965754195204818,1.01789576444005e-06,4,3.42458047951818,1e-06
"NCI-H2461.1",0.425184428824115,11.5694947545281,0.0843584651842564,0,11.5694947545281
"LB831-BLC.1",0.41777159614495,0.928135935176428,0.377945834476486,19.1848910918938,0.257887667455333
"HuCC-T1.1",0.314638221182945,NA,1.43311460107367,59.084273851185,0.0458021159332995
"NCI-H1651.1",0.442237163006753,0.11810158470474,2.83165545749103,38.2910800682115,0.0707311947350071
"NCI-H211.1",0.603167436001913,0.0199100383692593,0.680258706762065,33.9198476337207,0.00375680329880847
"HAL-01.1",0.96042954316816,1.02082595945774e-06,4,3.95704568318401,1e-06
"GAK.1",0.301869784078322,NA,1.22188421987626,58.8146627350323,0.0578907310737016
"H4.1",0.847595224459025,0.0119154866707561,3.28088650498114,11.9175411806805,0.0109665800761384
"CAL-85-1.5",0.158944213800567,NA,0.0464130864168172,52.3145349784014,1e+06
"IHH-4.1",0.931482695347153,1.22073226602508e-06,1.47400882408035,6.85171701738666,1.10457959511963e-06
"KYM-1.1",0.895538445137724,1.06034044107014e-06,4,10.4461554862276,1e-06
"BT-483.2",0.0545448065754697,NA,0,89.091038684906,0.00050381364021349
"TC-YIK.1",0.777215164826982,0.0178623562276714,1.43927557691843,13.7633848814747,0.0142820647660557
"RKO.1",0.71597331316966,0.0119027832744423,2.21647593800166,25.7988776876526,0.00857966545396304
"RT-112.1",0.362453550985278,NA,0.652932272095341,57.5120543425111,0.00940456526713427
"OE33.1",0.484337395693721,0.117518031266735,1.21923817828574,48.1774171196681,0.00777047588764084
"KYSE-70.2",0.0916353075351069,NA,0.000145458001811084,81.6776088563443,0.00950620642519951
"SH-4.1",0.443751160396378,NA,0.729686272459246,51.9480393842609,0.0036081659321141
"D-263MG.1",0.405777615104081,NA,3.47588608721667,56.8986721113125,0.0138266769069096
"MDA-MB-436.2",0.343723087671686,NA,1.46169563447862,57.5729080410895,0.0333081366217722
"MDA-MB-468.2",0.418587228469494,0.222004498800819,1.76309367240706,47.8872897648686,0.0368957237930036
"KP-3.1",0.0650249175334783,NA,0,86.9950164933043,0.221437233358607
"D-392MG.1",0.393845198012202,NA,0.656327336245844,57.2364958558304,0.0028392137755246
"MSTO-211H.1",0.491164238573917,0.0622710691421385,2.21110569833203,42.2276820129001,0.0268329606226874
"SKG-IIIa.1",0.19618869456455,127.550585720654,0.247166934002841,0,127.550585720654
"PC-3 [Human lung carcinoma].2",0.37132209246883,NA,1.23464313681955,59.2198436968513,0.0111640933509808
"H-EMC-SS.1",0.342193534499784,NA,1.73905079193242,60.1866382484782,0.0234777191444178
"NCI-H2452.3",0.179787066583767,NA,0.499064268314146,77.7742812257428,0.00987318137941378
"KS-1 [Human glioblastoma].1",0.259870773497672,NA,4,65.1722976048046,0.0577550055859709
"KALS-1.1",0.200704125512209,NA,0.453184617488923,73.6440736678566,0.0155825457720284
"LCLC-103H.1",0.247718768459361,NA,0.639893222788487,69.3324788746858,0.0165083809939361
"SJNB-10.1",0.705389527851868,0.0370137013882143,1.11556225762095,13.5426553404223,0.0278861578085544
"OCUB-M.2",0.178970570784143,110151559.309552,0.0870627941505343,16.796138568365,1e+06
"Hs 578T.2",0.306801661870678,NA,4,66.5883838807317,0.0171191719155385
"SK-N-AS.1",0.281213327508829,NA,4,71.2705785897539,0.00944646145570586
"HCC1395.2",0.118479558608627,NA,4,83.6920133211116,0.066156421053435
"CHL-1.1",0.149224331315309,NA,0.364645786891216,67.5225371730305,0.52298236671714
"MFE-280.1",0.0768142750736279,NA,0.778626513611279,82.1038790269982,0.555028292386878
"MFH-ino.1",0.204894159480063,NA,4,76.3137805122082,0.0252611093372642
"GaMG.1",0.475158041977624,0.505549226204891,0.222399493854683,0,0.505549226204891
"SUP-T1.1",0.741207548410065,0.00879482795141566,1.39080760613921,22.8778545774183,0.00566534181043018
"ZR-75-30.2",0.17052507736566,NA,0,65.894984526868,0.00270776469391589
"COLO 684.1",0.243831674471908,NA,3.60693076216604,74.531488703699,0.0119387663239148
"OVCAR-5.1",0.256365395123059,NA,4,63.6965932242146,0.0761387526802494
"EB3 [Human Burkitt lymphoma].1",0.396945430570508,1.23596078973678,0.341002578583164,0,1.23596078973678
"GR-ST.2",0.708887064996802,0.00356449254585291,0.551182691880276,24.1178082495847,0.00107936869784534
"SNU-387.1",0.130721868665934,NA,0,73.8556262668131,0.000511348030539348
"CaR-1.1",0.288906919578724,NA,3.05221024262896,55.8524986026931,0.108846335971752
"DSH1.1",0.777023325759865,0.00700207657848126,4,21.9408519923667,0.00606042352054905
"PSN1.1",0.693210975502853,0.0183321771593655,1.58032479632462,24.9357421605699,0.0118422258642589
"Ca9-22.1",0.597731037986632,0.0790833062310109,0.39044734642373,8.86140105312799,0.0479845731663626
"KNS-62.1",0.354676494184791,6.90330898994694,0.53945039771954,45.7583370439976,0.071268740061323
"A-673.1",0.875290690414888,0.00871762822096617,1.33815752072621,7.05088703551233,0.00778152979364792
"NCI-H1299.1",0.492640818854132,0.0911599345245525,1.18379815717729,48.1967026797685,0.00550716924388056
"EW-11.1",0.625670218954724,0.0455523869992246,1.40098760252755,24.4599224480072,0.0282011462550965
"Becker.1",0.407693050963686,0.33628299609883,1.20617967358686,36.8332843918091,0.111241943287969
"GCIY.1",0.392251893404734,0.392824880159596,1.21784056184828,39.7509513327097,0.106912724841729
"BFTC-905.1",0.828129410011723,3.01629383290517e-06,0.346903878777254,15.9090788090279,1e-06
"CAL-54.1",0.693597562655776,0.000592717681843755,0.132233975839633,0,0.000592717681843755
"BT-549.2",0.158498974139965,NA,0.689788788745738,59.3320659728062,0.798752674013417
"LAMA-84.1",0.847033381924153,0.00977848695673485,2.45784842449058,12.5382322398441,0.00869478520949503
"FLO-1.1",0.368229868760762,NA,1.253698590137,54.2243380864563,0.032874970848647
"HCC1395.3",0.222782803431856,NA,4,77.27562706465,0.00921667326874858
"YT.1",0.666782230344926,0.0468422977620892,1.01128777408345,15.9762278744656,0.0320122911483927
"BICR 22.1",0.664561633022651,0.0430645703359418,2.09162755051239,18.531644770678,0.034512532259939
"NCI-H1581.1",0.187755388334056,NA,1.03046125859614,67.630523571169,0.175831399498744
"KYAE-1.1",0,NA,0,100,37.2331721324135
"MDA-MB-231.2",0.416999799794328,7.87930475220823,0.105358715586195,0,7.87930475220823
"769-P.1",0.477896064061574,NA,4,51.0752653455092,0.00974094631088288
"COR-L105.1",0.366851165686918,NA,0.901881884366689,57.0330972478638,0.0156096437293804
"CAL-39.1",0.569455801272758,0.115274127813131,0.585868163045571,16.3719431395426,0.0585723436522413
"EoL-1.1",0.962283223517784,0.00977949575714089,3.46082643191687,1.10864991557665,0.00971633972592619
"HLE.1",0.627832185988172,0.0214777047501806,1.36168276623245,32.1919169496064,0.0100629212798084
"KATO III.1",0.0361421034405611,NA,4,85.6141687363117,1.76384508056836
"ACHN.1",0.728447463287091,0.0063361804381286,0.624677541076567,20.5008597589991,0.00272258366506903
"BL-41.1",0.956477229510148,1.02302847364334e-06,4,4.35227704898517,1e-06
"DND-41.1",0.641303132198721,0.0865905514461057,2.20365719104656,8.21192458953152,0.0798200833698911
"P31/FUJ.1",0.730709745330444,0.0533227862405647,1.22518095350397,2.41563427232057,0.0512105850844464
"SNU-449.1",0.242308314407278,1608.3817845916,0.135794405119063,0,1608.3817845916
"NCI-H2066.1",0.0631506231618377,NA,0.0116611626007739,87.4474971593516,0.109507612101658
"SBC-3.1",0.731266524783055,0.0196683000618381,1.06383121396001,17.3056486892438,0.0131928800934284
"HCT 15.27",0.432721733677685,NA,4,55.8765452083657,0.00916517202725464
"HCT 15.28",0.421957912593124,3.33174979638303,0.252508125242232,36.8874009892876,0.016620443198899
"HCT 15.29",0.4603476277456,NA,1.66589844995779,52.0609208493243,0.00721084980062454
"A-375.38",0.859833382419604,0.0124914769350926,2.30775483133956,9.10879517038541,0.0114489969650698
"A-375.39",0.842374159104064,0.0119361639948059,1.91003931822899,10.743723851204,0.0105162330109248
"A-375.40",0.861271439161404,0.00671629322414909,1.61185562366719,11.1370654609711,0.00574428811592121
"A-549.25",0.717053711568588,0.00625652930408595,0.58025762272372,21.3412045517773,0.00239758249066
"MHH-ES-1.34",0.863823251722225,0.00929428312683407,1.72920324375399,9.5446072594474,0.00822272782698416
"MHH-ES-1.35",0.856891266011878,0.00842209727085597,1.50958485569401,10.1880983286308,0.00724215373223425
"MHH-ES-1.36",0.858533997547049,0.0112443206186289,1.72273939629833,8.80613309261375,0.0100483299588901
"SW620.37",0.520268929656961,0.131470111475408,0.59904788433068,32.8392661717195,0.022056664852942
"SW620.38",0.525785116058535,0.147098564839674,0.18711561919361,15.0194002062942,0.0218012143338019
"SW620.39",0.529864102971638,0.115037576698509,0.538224084846407,32.2098272989044,0.0168657310149922
"PC-14.40",0.486700967102426,0.18000421541,0.685922808910135,43.0169724329333,0.0102069092418041
"PC-14.41",0.473940073902775,0.955843700794157,0.224370670939451,41.0086403955732,0.000456398200380622
"PC-14.42",0.502036528678244,0.107022307357725,0.751102911732454,44.2478671100658,0.0060134663542497
"U2OS.35",0.183465049896737,NA,4,81.5907772801512,0.00560800594659218
"U2OS.36",0.299820645056381,NA,2.68832600549634,70.0179354808323,9.90455538472964e-06
"U2OS.37",0.225859996211922,NA,4,77.3226441827351,0.00586076781112256
"HT-29.35",0.54413734529837,0.109740004173339,0.731745376783045,27.3784349715437,0.0371231427846739
"HT-29.36",0.533114136813035,0.0947350098194599,0.111376156097284,0,0.0947350098194599
"HT-29.37",0.509679562251476,0.232803469035627,0.128389344972353,0,0.232803469035627
"SNU-C2B.38",0.388777986900877,NA,0.533699958931063,58.5356303298321,0.000842523557424471
"SNU-C2B.39",0.384041852500997,NA,3.5538611714897,59.3349223207485,0.0135196318791577
"C32 [Human melanoma].36",0.659589192483909,0.0208535892878386,2.47832207785717,28.6640187256952,0.0147891700763416
"C32 [Human melanoma].37",0.631836545651617,0.0154416884579596,4,34.396666297538,0.0115413506033986
"C32 [Human melanoma].38",0.56614473231241,0.0240023483040023,2.57745574391033,39.7058301723747,0.0130002850752055
"KYSE-450.1",0.238286101862897,NA,1.45478830278471,74.0492830077032,0.0118207055582321
"VM-CUB-1.1",0.759922648371474,0.0231888021426412,1.17855852011231,11.9572913237233,0.0183892184254041
"NCI-H2731.1",0.289792083443371,NA,0.0296645863282388,51.1108948169066,1.00001563051552e-06
"SNU-C1.1",0.214369196869594,115191.980934202,0.102351557418135,0,115191.980934202
"SK-GT-4.1",0.256936750482541,NA,1.65139456379,73.152448366569,0.00758320791558402
"T.T.2",0.203086897914094,NA,0.0203439743484898,62.5773623556504,6.99632184653792e-05
"HPAF-II.1",0.273972912875028,NA,0.296109207379495,66.6520945204677,0.00125907838988597
"HSC-2.1",0.799447517669594,0.0214347712650852,1.73498181611363,9.52041836333718,0.0189777920335957
"IGR-37.1",0.561711577245742,0.0829384630544376,1.20322553545604,26.8327551242859,0.0437612101765549
"CW-2.1",0.400834241576481,NA,1.49100911355978,57.6111439283279,0.00825651908624638
"CAL-54.2",0.592419560977794,0.000211117740998598,0.0512772227686964,0,0.000211117740998598
"D283 Med.1",0.753382202952369,0.00516239416343166,4,24.5650756511392,0.00435979704377304
"HCT 116.1",0.57001351756872,0.0225748382882335,0.75754980513464,39.0620265030373,0.003036344600587
"MIA PaCa-2.1",0.364788210189793,NA,1.68896588540385,52.4494807765211,0.0479890428504348
"LNZTA3WT4",0.43674603918339,8680947.7041772,0.019858175676894,22.1937551601524,1.27698814571944e-06
"HT-1376.1",0.0204347929057125,NA,4,86.2626674120053,3.59392728685385
"OVKATE.2",0.0761445885959632,NA,0,84.7710822808073,0.108692811159323
"SKN.1",0.268316727031364,129266845.118141,0.0554252153364956,11.8108163849619,1e+06
"SCC-4.1",0.278548707429935,NA,0.519939616955574,57.4096545504302,0.0687748126947967
"SAS.1",0.859860186458754,0.00982978879206075,1.73803578169388,9.66562903054957,0.00868692232609434
"SK-N-FI.1",0.230938471523798,NA,0.15065195382857,68.5958779896725,0.000311043477073475
"PCI-30.1",0.393667159955053,NA,1.42091240168819,57.9438366840036,0.00909507666323356
"NCI-H1792.1",0.522624481988112,0.038672969070681,0.855411942582481,45.3487183195419,0.0024081067599969
"NCI-H520.1",0.664683759316851,0.0339402524373176,1.99762263935342,22.2912014395395,0.025257267965227
"NCI-H841.1",0.247558988463439,NA,0.952964601541248,71.5272649700704,0.0138779318620033
"LS180.1",0.536038216567133,1e-06,0.0114036966879939,0,1e-06
"NB69.1",0.743328493988496,0.0164702392913759,1.50619233723592,19.1763210463722,0.0119458951226286
"SW982.1",0.632619835991854,0.0541352181898074,0.842318519433478,19.2705053522248,0.0303730658734531
"NCI-H2342.1",0.178689992999401,NA,0.272707027292131,63.394866938731,0.381132119430586
"JHH-7.1",0.207962728058267,NA,0.580032763271335,75.0990657069645,0.00948934438696824
"MKN1.1",0.388952567455002,1.38266678562538,0.367852148645944,13.3495255391761,0.594319792690944
"MKN45.1",0.406984429621306,1232.25772537685,0.264503170675163,48.6426483547619,0.00147610746258738
"UM-UC-3.1",0.572553751763665,0.0653200428248187,3.41698674283259,24.3108504972428,0.0537532283594758
"CAL-62.1",0.679829573317321,0.0203567210324826,1.77426188742053,26.0474236696972,0.0134451782843485
"Panc 10.05.1",0.348156952821682,NA,3.76036705288486,59.1729372695094,0.0275020478217407
"RCM-1 [Human rectum adenocarcinoma].1",0.221033854861449,19.2763965879614,0.336127196379122,0,19.2763965879614
"SW1271.1",0.463680367064937,NA,1.37378648455782,51.2741689931529,0.00675397614600962
"OVMIU.1",0.280739402433355,NA,1.44912302859828,69.774765069011,0.0102731132718402
"COR-L95",0.440533784817341,0.56299222543125,0.523969401736794,37.2873976374434,0.041251963625923
"Capan-2.1",0.036743801891653,NA,4,88.3826567218203,1.12522059022405
"SHP-77.2",0.260201487828188,NA,4,68.51746236112,0.0330980421687918
"CCRF-CEM.1",0.812124322551802,0.0301008548098116,1.28635472401609,0.636313192629901,0.0298026346798914
"COR-L279.2",0.737544154108987,0.0407087117630212,1.61081732385746,8.04624497264064,0.0365075508602412
"ECC10.1",0.22594592549347,8.05370814509038,0.44348620616244,0,8.05370814509038
"WSU-NHL.1",0.957959849186244,1.02219946699309e-06,4,4.2040150813756,1e-06
"ST486.1",0.634223453220384,0.00286831458705059,1.68513809257408,36.3995629814789,0.00132463170542041
"IM-9.1",0.996356289714065,7.41312126430679e-06,2.58147022951304,0.364370982517194,7.39214732861938e-06
"MOG-G-UVW.2",0.700316587527462,0.00492226935168131,0.682645430606223,25.9292860690125,0.00168690568210899
"TE-15",0.629206761844723,0.0358793249084287,1.76928732380502,26.9991492470859,0.0231336572406497
"HSC-39.1",0.735840448633,0.0258841504093425,1.09864704243496,13.6974170597053,0.0193412751290411
"SK-MEL-2.1",0,NA,1,100,0.316311078697272
"VCaP.1",0.373998904007142,NA,0.471868925166221,55.6792631012218,0.00482519632606473
"OV-90.1",0.391202352881238,NA,0.487962763135057,55.194314617673,0.00308724918420322
"RF-48.1",0.624974667328551,0.0234994295742894,1.56928493926613,32.1068501312594,0.0122087437226858
"Panc 02.03.1",0.327765808056191,NA,0.394013244081619,51.8872917136099,0.0349730670560115
"Karpas-299.1",0.820888767916984,0.0146851517636752,2.71478843439319,12.6092318783926,0.0131944181358611
"TGW.1",0.286967785805571,NA,1.83865754960651,70.5665486833493,0.00586195925696404
"SK-LU-1.1",0.16940905147017,2.185252632445,4,37.038432777189,1.5592779235545
"PL18 [Human pancreatic adenocarcinoma].1",0.588448997163702,0.019217482802745,1.29321045298455,38.1036814176198,0.00633167572733219
"UACC-62.1",0.492801358754994,0.0882218706706912,2.60079919393986,34.1291125814268,0.0567485616366534
"VMRC-RCZ.1",0.132933729126822,NA,1.45662634924707,85.8715578304412,0.00867607167225714
"OCI-AML-2.1",0.946324491525144,1.0287973131552e-06,4,5.36755084748562,1e-06
"NCI-H1355.1",0.289606061296226,NA,0.224543742782911,51.4527190271163,0.0508928647074839
"DOV13.1",0.825371694477456,0.00113341857766165,0.642385131681839,14.3767854405557,0.000668631545468592
"VAL.1",0.808171976059809,2.37193764806913e-06,0.144795646165069,5.87784822528833,1e-06
"Ku812.1",0.829704499699426,0.00923147725919161,1.75448361676063,13.5286722703131,0.00771214250458518
"KTCTL-195.1",0.745232629068127,0.0160490122540794,2.53723707619682,20.5704477185386,0.0130234208856646
"SJSA-1.1",0.570681548374218,0.0367639233087104,1.91655245332267,35.6441735243487,0.0191713526412937
"LoVo.1",0.683199662509572,0.00931200269262589,2.93633061643553,30.753544479261,0.00672728620899662
"SJNB-14.1",0.635131099468694,0.0778743343296669,1.1036079266382,12.1633225832071,0.0604926069309749
"MDA-MB-415.2",0.138329538228553,NA,0,72.3340923542894,1.701026813356e-05
"MS-1 [Human lung carcinoma].1",0.438642388231108,0.0899247511965549,2.76812969699007,47.2067599267135,0.0317158964218523
"EB2.1",0.8730828883999,1.07594771724561e-06,4,12.69171116001,1e-06
"SK-HEP-1.1",0.330442777648675,NA,1.29907400771136,60.0966590685568,0.0272657409947053
"MG-63.1",0.549888904640522,0.0666134589384429,0.630301868660707,34.7758859931989,0.0100974511771142
"NCI-H28.1",0.392315497976653,NA,1.99424227595028,58.4208358329599,0.0108551237709223
"ES6.2",0.345260891786939,NA,4,64.7513117732661,0.00934767220261125
"WSU-DLCL2.2",0.924654143286759,1.04167840194569e-06,4,7.53458567132413,1e-06
"EW-24.1",0.429451637430156,1.97576305581237,0.425886092006631,44.4086794650496,0.0115258672127096
"U2OS.38",0.0518444799691712,NA,0,89.6311040061658,0.00428429264740034
"U2OS.39",0.0178165137886532,NA,0,96.4366972422694,0.0468793010955579
"U2OS.40",0.0200126021613308,NA,0,95.9974795677338,0.0371122365987969
"SW620.40",0.386752939023569,NA,0.895192202563516,53.8114442244717,0.0186226404267575
"HT-29.38",0.367594935065472,NA,1.85903996914069,59.4474581118204,0.0157469189513386
"HT-29.39",0.337987102302577,NA,0.426247404973947,53.5657590463292,0.0217132930169222
"PC-14.43",0.365782455927105,NA,2.66506954027125,61.5899992420004,0.0113692774829853
"PC-14.44",0.372637327024472,NA,1.77179398512619,57.7928199988392,0.0192659750145679
"PC-14.45",0.343322544685166,NA,2.19012951330193,62.4741162410964,0.0155413101412579
"A-375.41",0.848230391310426,0.00441282347872165,1.03641398474918,11.6793806385236,0.00341380282373409
"A-375.42",0.85248717815183,0.0067460171108587,1.2452606785321,10.670153830862,0.00556329166297761
"A-375.43",0.834912253061927,0.00834735471579306,1.12976591690603,10.8786867482388,0.00671786810773564
"SNU-C2B.40",0.359456025169509,NA,1.93210939978164,61.8595922722754,0.0107819345137567
"SNU-C2B.41",0.449753159996879,NA,1.31821006741093,51.6012740135535,0.00927055893497042
"SNU-C2B.42",0.45380022685304,0.700447388350714,0.929634445756918,49.007218473768,0.0103376834738014
"C32 [Human melanoma].39",0.49073983407772,0.0500998683254405,2.45301861853006,45.0071237007048,0.0195849817399714
"C32 [Human melanoma].40",0.539222056239709,0.0297748461654551,3.01557310821026,41.1320376016109,0.0167787847501628
"C32 [Human melanoma].41",0.505274363200196,0.0580566884861589,1.91655383847308,41.7257003438984,0.022710433994603
"HCT 15.30",0.495320163592204,0.36352359023514,0.137064482820218,0,0.36352359023514
"MFM-223.12",0.0808667802495366,826.059817545593,0.331389083559272,0,826.059817545593
"MFM-223.13",0.0991431469643945,484.945778214952,0.322764641758973,0,484.945778214952
"MFM-223.14",0.055778423375623,76.7956334286528,0.627623948604018,0,76.7956334286528
"LOX-IMVI.1",0.62225806864195,0.0249232376444467,2.98124527837736,31.4811248298308,0.0178613708215804
"VL51.1",0.799883952746405,0.0146972946827394,2.02784796606274,14.2598481991973,0.0124546580552778
"SK-UT-1.1",0.724236174777994,0.0149190158058485,1.74569125183033,22.859493532836,0.0105132301540434
"VMRC-LCD.1",0.136700481682082,1599737013.40734,0.0999406892423716,26.0803302310961,1e+06
"T98G.1",0.347263978729864,NA,1.25879635470668,59.5272160539644,0.0203095784116766
"YH-13.1",0.359880492948529,95.2590247449728,0.10190844747134,0,95.2590247449728
"SK-PN-DW.1",0.362727645099636,0.796573854694996,1.13582095583183,7.36161159122602,0.692353750710471
"EW-22.1",0.873262091889149,0.00252592295442565,2.59542051430622,12.5723366586013,0.0022592217586241
"LS513",0.608718736659661,0.0140088368040128,1.20777509575422,36.5480708428505,0.00472396175630308
"COLO 668.1",0.48189064794991,0.192288899380315,0.741066737809949,38.8941238241812,0.0252481212996568
"NCI-H64.1",0.18463027966633,NA,0.27968008540226,59.0010016849757,0.681204198554868
"SW948.2",NA,NA,NA,NA,NA
"LS123.1",0.279240751193554,6.83052908572411,0.340958929988362,0,6.83052908572411
"MDA-MB-453.2",0.430582087973221,NA,1.1592117850815,52.5451210224991,0.0108674637274309
"UACC-812.3",0.295685175499392,NA,4,57.8108264329536,0.0789888309052407
"SW13.1",0.686718807608725,0.0124664695602325,4,29.5816179751781,0.00996566562066756
"IST-MEL1.1",0.586774438788331,0.0239382124924934,0.77021627132321,36.1562503132354,0.00451843728505712
"MEG-01.1",0.558049707100287,0.0192961653165847,0.220105566888798,33.7159943219672,0.000118017904761183
"MEG-01.2",0.562185137845095,0.0135261933010073,4,42.988766899595,0.00827716647474684
"NKM-1.1",0.874704538651594,0.0124609281526562,2.26044834427337,7.32937491065138,0.0116170488191457
"Fu97.1",0.0644937634476469,NA,4,89.1390806609152,0.165458680137774
"NCI-H358.1",0.238341395330073,NA,1.7374233350928,76.1658598798148,1.74678688407833e-06
"CAL-148.2",0.49974256832035,0.266608827198016,0.860451401587376,10.3469495868037,0.203634143021177
"CAL-148.3",0.467493111581974,0.340392116287334,0.954803651171134,10.9302421952425,0.262893084741896
"NCI-H2009.1",0.464461111648393,0.127668223511155,1.62572742889506,48.3062818462004,0.0159144976742317
"NCI-H1435.1",0.166559694085532,NA,0.725829936572888,63.0153525106826,0.474083673717631
"NCI-H1435.2",0.149634547101805,NA,0.665062358957125,52.7294272201519,1.56766888773506
"NCI-H2023.1",0.601291623112126,0.0218740761369763,1.01048796078254,35.2196505606469,0.00654844108685643
"NCI-H2023.2",0.557259833637697,0.0658826837812454,0.355047520454524,28.645332740238,0.00599970297440683
"SW1088.1",0.105421759529938,NA,0.0390430242958165,70.5634648118504,1e+06
"SK-PN-DW.2",0.322574603724209,0.907299326741472,1.89589158673628,13.1063077986388,0.772888634996119
"SK-PN-DW.3",0.421776435693724,0.535312294816974,0.944730754030906,5.34301465777657,0.474958069501377
"SW1990.1",0.172544827468044,NA,0.703323728600827,77.587635698193,0.0289040025788827
"SK-OV-3.1",0.276749954764247,NA,0.811406944150801,59.8242843541201,0.0695244414524963
"SK-OV-3.2",0.211439079798437,NA,2.35539544433316,67.8528839674702,0.106237966617647
"SK-OV-3.3",0.280336256236073,NA,0.86453046069044,60.4323462198232,0.0609740831303022
"SW1990.2",0.148758876897751,NA,4,80.6649292321637,0.0491892694798081
"SW1990.3",0.245922819807861,NA,0.509905477755966,69.598337704696,0.0103845274796391
"LS513.1",0.60845877196808,0.0183825181001162,4,35.7995051949346,0.0134195629067467
"LS513.2",0.599111800295728,0.027672260041838,3.29848363320014,33.1436294511766,0.0199015151089709
"NCI-H524.1",0.469168098318026,0.0969661532991978,1.70594347972081,47.1095255664365,0.0182356615033068
"TK-10.1",0.171413844866884,NA,4,82.641641886653,0.00801828375660946
"SNU-423.1",0.340847402311894,6.74912299058656,0.225936776392163,0,6.74912299058656
"SNU-423.2",0.29007282689461,10816.3030296081,0.291220600019679,48.1542191504716,0.130056485399263
"RMG-I.2",0.0862785788806844,NA,0.602639711366256,73.593184595996,1.543604735037
"RMG-I.3",0.109482843491609,NA,0.691144979180141,78.9777604368665,0.266120403029603
"Hs 766T.1",0.091199448978786,NA,4,84.2115300454286,0.18502548885431
"Hs 766T.2",0.0161155045127453,102.266985604257,0.94504827411231,0,102.266985604257
"NCI-H524.2",0.485986768084288,0.101051710268304,1.28785133059221,42.6397391427632,0.0228268893135364
"U-698-M.1",0.498316366628378,0.386157621979712,0.0411891581037203,20.5655535043946,1e-06
"U-698-M.2",0.569185278001665,0.0180362668114232,1.38937782639619,40.9703465066486,0.00526210807255777
"NCI-H835.1",0.176376069768386,NA,3.09020054012778,82.36239284303,6.99075573053085e-05
"NCI-H835.2",0.193001020124263,NA,1.80470052289305,80.6998978941119,1e-06
"NCI-H835.3",0.149074385029531,NA,0.835417479816102,68.6553766929203,0.381951277799206
"NALM-6.1",0.970137226317339,0.00392519643311186,4,2.90873896070344,0.00386682016340226
"NCI-H226.1",0.206530471637345,NA,0.738138165725839,62.3423452729288,0.213719408138879
"NCI-H226.2",0.210571687282734,66145.2867101132,0.108982676560047,0,66145.2867101132
"NCI-H226.3",0.158369762930536,NA,4,74.6776272007706,0.133013726801301
"FU-OV-1.1",0.0494297165152136,NA,0,90.1140566969573,0.00554543046509564
"FU-OV-1.2",0.0338510254813109,NA,0,93.2297949037378,0.0233865247341617
"FU-OV-1.3",0,NA,1.09197380414161,100,8.57919499672835
"MOLT-4.1",0.717064633399887,0.0660286636146314,1.66323612127805,1.09157867487136,0.0651581624667632
"MOLT-4.2",0.715732624773852,0.0659685318405893,2.33237094709459,1.73186010938792,0.0649789848548605
"MOLT-4.3",0.727861755103266,0.0607624958258846,1.61793492283995,1.1158018706329,0.0599207951498897
"AMO1.1",0.865862684844043,0.00948026532409929,2.85297398631719,11.1086855812239,0.00868107686936022
"NCI-N87.1",0.356889732871908,30.4140497557235,0.131108750166563,0,30.4140497557235
"SR.1",0.921555869038915,0.0116207897704316,2.97127717504792,3.64423987007362,0.0113285495292236
"SR.2",0.935400142779246,0.0108605104663873,3.33380770343323,3.07761518202028,0.010655514833052
"SR.3",0.937661864514057,0.0105030402689172,3.88902293282877,3.53102161549177,0.0103070978868172
"NCC-IT.1",0.0634712994166853,NA,4,85.2208464601804,0.514877431923695
"SW1463.1",0.0345527182866362,NA,4,89.2114531706143,1.09464226212221
"SW1463.2",0.0359508440102166,NA,4,78.4269762959448,3.17094456631796
"NCC-IT.2",0.0738720616915553,NA,4,87.1865544776662,0.186453852982857
"WIL2 NS.2",0.930595634974194,1.03806630739005e-06,4,6.94043650258058,1e-06
"RMG-I.4",0.131363335325514,NA,0.608854722202667,66.1558294757779,0.859407769740824
"MDA-MB-175-VII.4",0.272760318271031,NA,4,72.0194745841437,0.0100177363182723
