"","aac_recomputed","ic50_recomputed","HS","E_inf","EC50"
"EW-13",0.1002912804014,NA,4,89.0812297449634,0.00483180449636526
"CL-40",0.0713498048641247,NA,4,84.864347093479,0.200488179935289
"MHH-ES-1",0.223459052282708,501.880367942973,0.159446350004869,0,501.880367942973
"C32 [Human melanoma]",0.055807872356695,NA,0,88.838425528661,9.85267748936644
"U2OS",0.198993160599557,263.264878322329,0.528287306662406,48.1014552704127,0.5387931545966
"TC-71",0.256968480603365,11.5170769763569,0.408992408735307,35.7849992096666,0.531873851717702
"RKO",0.102043398580351,NA,0,79.5913202839297,1e+06
"NCI-H747",0.235988908883666,NA,1.23064586433043,69.5396087047205,0.0148705592446712
"CL-11",0.133073590697396,NA,1.07704618844424,77.6442516117522,0.0703038891665201
"COLO 320HSR",0.119492154542033,11453964898.2642,0.101469815200522,30.6309417809881,1e+06
"PC-14",0.125,NA,0,75,1e-06
"A-549",0.0750238810943087,9324.659051749,0.241233478156218,0,9324.659051749
"A-375",0.114653165433064,3.7438887870731e+19,0.0838988017760266,46.3676768920219,1e+06
"SW620",0.022577317873719,NA,4,91.3111880116687,1.15906282672644
"HT-29",0.208961662335761,44.0112798491093,0.255369464374411,0,44.0112798491093
"HCT 15",0.0978165243635829,15.7264751290829,0.67668981305157,0,15.7264751290829
"SNU-C2B",0.211904154582115,50.8177487372029,0.296870993085461,24.0488833486871,5.57993516051641
"MHH-ES-1.1",0.157477540908268,NA,1.94436122128634,64.1167530814147,0.262699681610002
"MFM-223",0.0744389289931032,NA,2.8822193479995,81.7174124641559,0.341582961872566
"C32 [Human melanoma].1",0.104216819199228,NA,0.631940229104397,85.9026382815121,0.0141064040132074
"U2OS.1",0.116058229063989,399.82889616083,0.280478093376785,0,399.82889616083
"DEL",NA,NA,NA,NA,NA
"COLO 320HSR.1",0.0493434911187892,NA,0,90.1313017762422,1e+06
"DiFi",0.105447799516395,26.5623747166852,0.886539264625096,42.6853830645723,3.03845062776795
"CCK-81",0.131018958702111,NA,2.71414701820385,74.2989365044679,0.145833230746833
"RKO.1",0.108805856845929,NA,0.0554841015061949,64.822027985135,326449.407397555
"SK-CO-1",0.042672040423756,NA,4,71.1334339517975,2.94013397944272
"LS411N",0.102633459096172,10.8696008272046,0.775191989011413,0,10.8696008272046
"LS123",0.0177106953186809,NA,0,96.4578609362638,20.1667664737639
"LS1034",0.011621712853257,NA,0,97.6756574293486,27.193698769952
"HCC2998",0.0263638884338772,NA,4,70.6461062733698,4.81025421422886
"NCI-H929",0.415867542153785,0.304510126897552,1.04877423837392,3.65121765700514,0.283270652979039
"CP66-MEL",0.150599909720897,NA,1.3409003942041,76.6111820232187,0.0472944541514659
"Ku812",0.0847530671435732,29.4877458803583,0.595303444069463,0,29.4877458803583
"VAL",0.141284692205607,NA,0.0307208064002513,63.028805041027,1e+06
"RF-48",0.0788023100932304,NA,0,84.2395379813539,1e+06
"L-540",0.0831729367315349,8.20161471461071,2.63887803420322,47.2329143007037,2.73892725084545
"SR",0.0354453116608048,10.9069036072453,2.06645647248828,0,10.9069036072453
"MDST8",0.0652698523072126,3838.16368251585,0.282588766538415,0,3838.16368251585
"DOK",0.161462405943799,6.94906053147349,0.756544219037583,29.8003956627093,2.09715155273116
"KM12",0.015625,NA,0,96.875,1e-06
"HT115",0.012193481214607,11.9006219645348,4,0,11.9006219645348
"GP5d",0.0548347571227099,NA,4,90.4821534823466,0.0841186912437902
"Ca9-22",0.110628844452268,NA,0,77.8742311095463,1e+06
"TC-71.1",0.1222996845817,44.5833964151452,0.409396188253229,0,44.5833964151452
"SW620.1",0.0911714682415073,NA,1.51570941196175,80.9537011763676,0.188865836275357
"HCT 116",0.0853236765714596,NA,4,86.3866955283162,0.0552702258544175
"PC-14.1",0.0220116419130534,14.4591248522041,2.08581888020803,0,14.4591248522041
"PC-14.2",0.0740165617459408,1624.20277147765,0.29571962623328,0,1624.20277147765
"PC-14.3",0.112690282014252,537.450561934611,0.273560802593787,0,537.450561934611
"A-375.1",0.165613053490331,NA,0,66.8773893019338,9.99870248934006e-06
"A-375.2",0.1379341073039,NA,0,72.4131785392199,1e+06
"A-375.3",0.116063012214897,NA,0.066440616356352,55.739272279214,1e+06
"SW620.2",0.0956770803368276,26027.0440003635,0.194159523170503,0,26027.0440003635
"SW620.3",0.0753920501361847,NA,0.508074588919111,82.0971030183058,0.366461716845292
"SW620.4",0.087544952906908,NA,0,82.4910094186184,0.299329595192659
"HT-29.1",0.150014195508889,142.569792034031,0.370352957097179,32.7595941831661,8.04318407772432
"HT-29.2",0.16022109768252,31.2930306094742,0.358255119999309,0,31.2930306094742
"HT-29.3",0.18030622719523,34.648813690861,0.313063098055286,0,34.648813690861
"MHH-ES-1.2",0.203523658468879,22.788041862541,0.305292168576473,0,22.788041862541
"MHH-ES-1.3",0.112768199540645,155.234887104097,0.503850514542313,39.7733934454286,6.65345127631246
"MHH-ES-1.4",0.144388557971609,61.5127810844318,0.335028382419816,0,61.5127810844318
"C32 [Human melanoma].2",0,NA,0,100,1e+06
"C32 [Human melanoma].3",0.154501186211738,NA,0,69.0997627576524,0.0515679015241368
"C32 [Human melanoma].4",0.113735080213319,NA,0.48053617343787,82.7385408722209,0.026694385821128
"U2OS.2",0.00540197344904575,15.0240972963016,4,0,15.0240972963016
"U2OS.3",0,NA,0,100,1e+06
"U2OS.4",0.0602666006081036,NA,0,87.9466798783793,1e+06
"SNU-C5",0.138914481482398,NA,0.671122705752444,76.4594281779589,0.0675341457362943
"COLO 205",0.202409283212024,15.5455033698962,0.929391351417861,48.3102777778136,0.406145893344184
"KCL-22",0.115449891145622,571.714137581411,0.267151949002347,0,571.714137581411
"BICR 10",0.0930349199588228,NA,0.185191550870285,86.5575031191939,0.00162976087917503
"SKN",0.0729955725225176,NA,0.666542433266962,89.3680520907135,0.0260093961991972
"PEO1",0.0953292690211039,NA,4,89.077382017243,0.00715855563333523
"TE-12",0.045449665918307,NA,1.38654263683977,70.5852934145424,3.17323769890275
"LP-1",0.107202781732424,198.008729606125,0.329962251957437,0,198.008729606125
"LP-1.1",0.0728274461698028,21.7140243688217,0.738492947705217,0,21.7140243688217
"LP-1.2",0.0434522238953672,16.9247228235669,1.18893974875416,0,16.9247228235669
"SKM-1",0.153304425180283,7.97832942087424,0.593061985137027,0,7.97832942087424
"HSC-3",0,NA,0,100,730878.001880026
"PCI-04B",0.0172487383090846,NA,4,82.0530820015973,4.55408770175645
"LS513",0.222963096437689,0.945391079239308,2.22251210581377,40.2385006272042,0.453313943066948
"SNU-407",0.132011080842123,NA,0.949226208393856,66.0799164545514,0.413396996545338
"SNU-1040",0.00611820857600199,14.6779010739407,4,4.51878021233463,14.334398743437
"A-427",0.111743886885534,15.0984746832003,0.614801658226929,0,15.0984746832003
"SK-GT-4",0.0928130942560985,NA,0.0106351590673524,81.5009277868361,0.0828869398341605
"RCM-1 [Human rectum adenocarcinoma]",0.12366518932947,NA,2.41484496257064,75.2938345503918,0.157443744906755
"COLO 678",0.0137378788893598,NA,0,97.252424222128,69.6113573015039
"LoVo",0.0850715745581636,1194.5485273141,0.287151356861181,0,1194.5485273141
"SNU-175",0.248069735797522,6.69524422527043,0.338554309177947,0,6.69524422527043
"LS180",0.0757986637790941,233.017971418953,0.390206112306343,0,233.017971418953
"OACP4 C",0.313156237502819,0.9461938737707,0.673820673734804,21.4836919362251,0.411196073798301
"NCI-H2135",0,NA,0,100,1e+06
"CL-34",0.0754235927636697,158886838.083629,0.142187854746799,25.6778459680749,1e+06
"ABC-1",0.136041540664987,212410611980855968,0.0747740843372307,42.8880159316854,1e+06
"SK-MEL-5",0.0819451592740946,NA,0.00340417053778481,83.4102420710455,193.419551546892
"T84",0.0421588410898738,NA,0.0458880447372957,88.6379190416671,16153.6909072062
"EM-2",0.0306217777380808,13.3451628417074,1.82672146956791,0,13.3451628417074
"LP-1.3",0.144214779990258,633.787833788054,0.227052212564983,0,633.787833788054
"OVK18",0.0917004802427204,NA,4,88.510634203762,0.0133390105269602
"A-427.1",0.0668545826605411,39135.5708741282,0.221868012450628,0,39135.5708741282
"NCI-H841",0.0146439453619921,NA,0,97.0712109276016,1e+06
"Lu-139",0.00596157429851848,14.62334829238,4,0,14.62334829238
"MRK-nu-1",0.00108167491858624,NA,0,99.7836650162828,1e+06
"NCC010",0.0317395199945975,NA,0,93.6520960010805,43.268528661499
"RKN",0.0884085188661581,NA,0,82.3182962267684,0.0917885686264435
"TE-15",0.0384977974576591,2301.25384840453,0.371304925450259,0,2301.25384840453
"HuTu 80",0.140407329445987,511.575639719413,0.238346174884016,0,511.575639719413
"OSC-20",0.0667508619518399,NA,0,86.649827609632,11098.8476271444
"5637",0.0462215772144487,NA,4,86.3716607681067,0.60036065798595
"CaR-1",0.0444975755051424,NA,4,85.3646865720657,0.803331316856521
"H-EMC-SS",0.0989138870813824,NA,4,72.1620526022379,0.525045539215411
"A2058",0.00752463684644684,13.7039534279949,4,0,13.7039534279949
"SW1116",0.048397223334162,NA,4,83.7724186339225,0.842933801818306
"LS180.1",0.0433535696588579,NA,4,93.1830993005678,0.0512078015405925
"786-O",0.0578270680368965,1165.11537389999,0.345515887296439,0,1165.11537389999
"8505C",0.0433743640446377,NA,0,91.3251271910725,394.038927591331
"42-MG-BA",0.0737002119324848,5568801272660.18,0.124208247010346,42.7374227256996,1e+06
"VMRC-RCZ",0.0242985320654068,19.9780160160077,1.50230761559078,0,19.9780160160077
"639V",0.0618480768600555,NA,0,87.6303846279889,1e+06
"BHT-101",0.0793571385186731,NA,2.79963940028672,75.4540909289684,0.684873017899326
"BPH-1",0.112099193891485,5122.98749640043,0.208379937795969,0,5122.98749640043
"UACC-257",0.00987343643563882,NA,0,98.0253127128722,467.156354804314
"LoVo.1",0.0209833473507149,NA,0,95.803330529857,1e+06
"23132/87",0.0807323374565072,1526.46743772768,0.285707261369682,0,1526.46743772768
"WM793",0.0499938204154483,8925.4228523083,0.28789903896276,0,8925.4228523083
"Panc 02.03",0.0582729900769254,NA,0,88.3454019846149,7.42047879470614
"C2BBe1",0.0888265404031655,14.9518037146495,0.749614339466999,0,14.9518037146495
"SW837",0.0318960544340726,41.5504345148578,1.15607827206665,33.5003153398862,15.925246282656
"AGS",0,NA,0,100,1e+06
"647V",0.0439741392219324,NA,1.31661661807405,92.5639037385334,0.0735714043355228
"BFTC-909",0.0501984572860614,NA,0.0221414183922168,89.0547760096183,284.675065363861
"QGP-1",0,NA,0,100,1e+06
"A-172",0,NA,0,100,1e+06
"A101D",0.0471276231623473,NA,4,91.8467122831125,0.0828075455990347
"8-MG-BA",0.0415153798695927,21.9937663686491,1.05177278967954,0,21.9937663686491
"SW948",0.0349818081161175,27.5713781053941,1.03463200299056,0,27.5713781053941
"HuTu 80.1",0.0718742323261211,36.6946431338011,0.616968964186968,0,36.6946431338011
"RERF-LC-KJ",0.0882921833654391,75.3232751425764,0.449625322641713,0,75.3232751425764
"SU.86.86",0,NA,0,100,103426.689118864
"NCI-H345",0.0518447799615098,19.5854699716714,1.19332933796899,28.7456595368287,9.56315861142126
"C-4-I",0,NA,4,100,301354.847124543
"CHP-134",0.0373962646512072,18.3853179908286,1.24125506692509,0,18.3853179908286
"CAL-120",0.0394500895310026,28.3655997625369,0.958023980390704,0,28.3655997625369
"HCC1806",0.0460344789737145,NA,0.138643746585859,56.7314791020051,1e+06
"EW-18",0.181648654992633,8.42029796430209,0.473662004501777,0,8.42029796430209
"FaDu",0.0228576401124766,NA,4,76.3784764283249,4.52831454891398
"B-CPAP",0.0105276346436423,NA,4,84.5936330157238,5.83115700253633
"BALL-1",NA,NA,NA,NA,NA
"Jiyoye",0.0479252997961301,18.1330182007296,1.06872681588267,0,18.1330182007296
"Panc 02.03.1",0.173684045143611,49.892632827805,0.29916212121845,0,49.892632827805
"SUIT-2",0.0510799587302401,NA,0,89.784008253952,3373.40531501334
"NCI-H2227",0.084727884202386,NA,0,83.0544231595228,1e+06
"G-402",0.0540537240025981,NA,0.0884584919465431,73.2816930456306,1e+06
"GOTO",0,NA,0,100,78.347410859339
"CADO-ES1",0.134497181533099,NA,0,73.1005636933803,1e+06
"BT-549",0.0145547602862972,NA,0,97.0890479427406,1e+06
"SiHa",0.0660375038842618,NA,0,86.7924992231476,1e+06
"Hep-G2/C3A",0.0521273522233308,NA,4,79.4762542602013,1.21677606152847
"SNU-81",0.015625,NA,0,96.875,1e-06
"BB49-HNC",0.190751554115173,NA,0.695022378063267,62.8582180813669,0.139435224098874
"ZR-75-30",0.0538347174596578,NA,0,89.2330565080684,13.6227830274745
"BT-549.1",0.0577429976278333,NA,0,88.4514004744333,1e+06
"Evsa-T",0.0548262190812462,NA,0,89.0347561837508,1e+06
"NEC8",0.127700075944283,NA,1.62918831592462,55.2243381530697,0.951601103964798
"SF268",0.0662434981657503,161081505025667,0.162432364998457,48.6992144931411,28222.0857621846
"PaTu 8902",0.114907940000564,13554.079350757,0.186383389872705,0,13554.079350757
"HEY",0.0688575686691992,NA,0,86.2284862661602,1e+06
"NCI-H1781",0.0634544536037505,2729.11616957215,0.297716927497272,0,2729.11616957215
"DAN-G",0.0835370003562656,NA,4,88.5458705273814,0.023610592039143
"HCC78",0.0941620849559445,NA,4,87.456538172025,0.0197754269750877
"NUGC-3",0.0865521366163025,NA,0.0527499702967442,81.075020155578,4.10096491240722
"KYSE-410",0.042378826741851,NA,4,91.6859020952032,0.145903476656655
"HCC78.1",0.125888115213407,NA,0,74.8223769573187,0.00433731066339208
"DAN-G.1",0.0484366869398919,NA,4,91.8748894300744,0.0712556956951368
"CAL-27",0.0512314795231009,NA,0,89.7537040953798,0.0716596241556641
"NCI-H1781.1",0.0536077632464305,NA,4,81.9805695300126,0.848128559614612
"ASH-3",0.076232902171839,NA,1.17286846966837,91.3461647715747,0.00487095071783831
"NUGC-3.1",0.0815389756137197,NA,4,89.1611737457364,0.0195147692151085
"TE-4",0.0763688788152244,NA,0.0303928565045637,80.3624215886667,463348.677698025
"NCI-H661",0.0675968400039594,NA,0,86.4806319992081,9.6720238337021
"VA-ES-BJ",0.113027258768825,NA,0.0224909884606606,78.6963077364992,0.000683274891482922
"CAL-51",0.106039294429173,NA,4,88.0686620317027,0.00625378763043109
"CAL-33",0.085853334393755,763.499799363554,0.303598963011186,0,763.499799363554
"Daoy",0.0786762930550405,NA,0,84.2647413889919,373.562424060218
"Detroit 562",0.0359526525217796,NA,4,77.3905219151981,2.67798881667969
"AN3-CA",0.0198733890242263,NA,3.01088033569847,74.7433884649009,5.47483886029429
"EBC-1",0.0503222852988433,NA,0,89.9355429402313,1e+06
"EC-GI-10",0.0212514406201547,NA,0,95.7497118759691,1e+06
"Calu-6",0.0450470590676136,NA,4,92.649554013179,0.0620332850923781
"ES-2",0.044682367708296,NA,0,91.0635264583408,51.1750122076326
"ES4",0.0429068777531487,NA,0,91.4186244493703,1e+06
"CHP-212",0.139994762636925,NA,4,75.360310340209,0.0898577889341827
"ETK-1",0.0318391896603006,NA,0,93.6321620679399,32615.5306131415
"COLO 829",0.135556620433248,NA,2.57519107049968,86.0429290083163,0.00234647038526992
"GCT",0.0450083580218975,3114.19101703304,0.337355262253342,0,3114.19101703304
"NCI-H2373",0.162333390124391,1192.60102237952,0.239648556631762,27.8484447179733,39.9157228720325
"KYSE-410.1",0.0454224763837457,NA,0,90.9155047232508,4.73670640720499
"NCI-H2369",0.0564521926851007,4077.43170372722,0.298645544310491,0,4077.43170372722
"NUGC-3.2",0.0360024816552987,NA,4,94.3294208975655,0.0516652311107861
"VA-ES-BJ.1",0.0558732111801597,NA,4,92.9339695228989,0.0141846846888842
"CAL-78",0.0676024125717685,342.770592471178,0.48387589854776,32.0825144817377,41.1068496087723
"EW-1",0.114695601185123,17.9599795055535,0.562622304314693,0,17.9599795055535
"CAL-29",0,NA,0.0673091044935699,100,1e+06
"OE19",0,NA,0,100,1e+06
"Jurkat",0.0567413300296883,NA,0,88.6517339940623,1e+06
"PL4",0.13811187859126,NA,4,83.3104409835769,0.01044729412083
"RD",0.0736728733169953,26.5480195631857,0.677824313686768,0,26.5480195631857
"OVTOKO",0.15244579206288,NA,0.0347311069390816,58.5180166864187,999987.843811367
"NH-12",0.140921620607242,NA,0.682776464887324,61.1762797371604,0.578456039766955
"IGROV-1",0.0890742512911096,NA,4,84.8703649625025,0.0757629498336659
"AsPC-1",0.0861308263779707,190.824258508003,0.377622680249442,0,190.824258508003
"Rh30",0.140679322873204,36.0172527190045,0.386866639045524,0,36.0172527190045
"NCI-H661.1",0,NA,0,100,1e+06
"COR-L23",0.0496996756667736,NA,3.21318421329173,93.383276025164,0.0196973077054233
"Daoy.1",0.126147149823135,664354353128.447,0.0914493201478343,35.3271153840639,1e+06
"G-401",0.202219152554212,23.1708381283303,0.30620008066441,0,23.1708381283303
"Evsa-T.1",0.0717158279816727,NA,4,88.9163680350076,0.0467154619711689
"Calu-6.1",0.138186247061461,NA,4,85.2206444112735,0.00415864233370457
"EC-GI-10.1",0.0590238329398401,NA,4,90.1184095966654,0.0705644897582396
"HCC78.2",0.067538487012217,NA,1.27862566516732,80.2859933540595,0.595422967662277
"AN3-CA.1",0.0402620529896008,1467455.28495535,0.206946393114846,3.81510039685571,1e+06
"HuH-1",0.135585061888527,6.3296535649524,1.53320754170665,45.5682211106144,1.30310998801136
"CAL-33.1",0.0293441239751524,NA,4,91.0990559819099,0.649487495656265
"ASH-3.1",0.00764974326119691,18.9103303946791,2.65901351042119,0,18.9103303946791
"GCT.1",0.0416392047249408,568.468235209923,0.439803705421052,0,568.468235209923
"Detroit 562.1",0.0187572982133501,27.0171193574981,1.41226695713321,0,27.0171193574981
"ALL-PO",0.124088665135897,74.1785677187505,0.360969891780248,0,74.1785677187505
"TE-4.1",0.0687674058954363,21838.7410341528,0.231027734169812,0,21838.7410341528
"COLO 792",0.190575774666519,NA,0.696924181135508,79.9311152911551,0.000530904982401796
"EPLC-272H",0.017552394898756,NA,4,74.302157611543,5.83277704879091
"ESO-51",0.0275871984328239,NA,4,87.0815828222728,1.70185384895173
"CFPAC-1",0.0663548918354799,NA,0.534610904525977,88.9874553123915,0.0543218909332666
"NCI-H2591",0.060094889798281,NA,0,87.9810220403438,3958.26280259308
"ARH-77",0.113037978218196,22721.9031330677,0.179401564616059,0,22721.9031330677
"Daudi",0.1625,NA,0,67.5,1e-06
"ME-180",0.0387845326372575,NA,4,93.3221126630878,0.0809264906353509
"ALL-SIL",0.0776616036517229,NA,1.45935553809022,69.284127920412,1.2693210818673
"CA46",0.0712025753049288,366444.479543015,0.180631247565543,0,366444.479543015
"COLO 829.1",0.0383687265849792,NA,0,92.3262546830042,46550.2213313287
"Granta-519",0.0386490705379152,NA,0,92.270185892417,4709.31752443826
"NCI-H2369.1",0.033225516271556,29493.1517913396,0.296248613373684,0,29493.1517913396
"DBTRG-05MG",0.047397654466791,4550178367144117248,0.148259228851438,49.335797552159,1e+06
"EGI-1",0.0345548748429251,NA,4,91.1378127321508,0.394091656009204
"LXF 289",0.0578929334149574,NA,0.144926603130523,55.1022573499008,113843.77639917
"NCI-H513",0.0779657956825406,23710931.0049614,0.146542705548467,18.5600884544503,1e+06
"NCI-H2373.1",0.130038048582437,36.7719537236281,0.409908167738191,0,36.7719537236281
"CHP-212.1",0.164446231615105,1059.93528383658,0.631585252851691,49.4318301470181,0.884161041821952
"GB-1",0.109829678230763,68.3249178578097,0.399927521225747,0,68.3249178578097
"DK-MG",0.00811868220017381,NA,0,98.3762635599652,1e+06
"GI-ME-N",0.0800940085759636,1765140030551.77,0.119985557354308,41.098837601507,1e+06
"AU565",0.0468348872354324,NA,3.90892043083071,63.4324698070252,3.47093965177193
"G-361",0.118214301797004,NA,2.71589552680361,87.935548164288,0.00203912581915988
"EW-16",0.213291053853265,NA,0.635818919242968,54.1161838910715,0.22149120887652
"LN-18",0.114856573735276,NA,0.065421323898221,56.7028758249482,1e+06
"ETK-1.1",0.0434633200673224,NA,0.936212833399945,73.7126019289047,3.58276023155373
"BT-474",0.0598105088909245,NA,0.0606380956862749,87.6937965136668,0.39978243464753
"SNU-61",0.0487674281633696,11450.5536013225,0.283312695254698,0,11450.5536013225
"AM-38",0.126839328538182,NA,0.0503784298809576,59.474553794611,1e+06
"DMS 53",0.0515412081110591,NA,0,89.6917583777882,67197.5976635257
"HeLa",0.0326911818018033,NA,4,76.0396598476541,3.2340898278753
"SW1463",0.0190049521410227,NA,0,96.1990095717955,25889.0514636467
"NCI-H2122",0.0980057868705604,NA,4,58.988436489964,1.37817884986035
"LN-405",0.0548367384181913,NA,0,89.0326523163617,999267.731136559
"MOLT-16",0.104575627999652,NA,0.0729871056435663,57.002929371315,1e+06
"RC-K8",0.0858180647478084,NA,4,89.0505166785515,0.0150290852650268
"SK-MM-2",0.0553698285583463,NA,0,88.9260342883307,1e+06
"P12-Ichikawa",0.120707584061041,NA,0.155731912693419,73.1326799831268,0.611538279939163
"GA-10",0.0735491836099263,175.000098916534,0.417787622714887,0,175.000098916534
"CESS",0.0894262239867144,4652321.96021145,0.143833620349029,9.91917564197306,1e+06
"HTC-C3",0.0721323014259993,28.5830524280833,0.66919379699334,0,28.5830524280833
"KMRC-20",0.00859403426033995,13.1949084073318,4,0,13.1949084073318
"HT-1080",0.0378658052711128,86.086004392544,0.671203181859309,0,86.086004392544
"HT-3",0.00684287910799219,14.3053224217989,3.89845918315896,0,14.3053224217989
"SK-N-BE(2)-M17",0.12103819476649,NA,4,60.025243998479,0.811743059295359
"KP-1N",0.0784650103434879,NA,0,84.3069979313024,6.92292074723747
"JHH-1",0.0482562771759076,NA,4,94.5894059503861,0.00608880049811816
"TK [Human B-cell lymphoma]",0.0680421733142634,734.909048255141,0.342526655496838,0,734.909048255141
"HOP-62",0.00386223528607417,16.4460173594498,4,0,16.4460173594498
"EJM",0.0537210044978898,NA,4,72.029446215846,2.03426864189318
"KM-H2",0.00692914064482234,14.0253163390783,4,0,14.0253163390783
"KOPN-8",NA,NA,NA,NA,NA
"HC-1",0.0188782677956965,NA,0,96.2243464408607,1e+06
"JJN-3",0.00917537185417801,12.9479626058978,4,0,12.9479626058978
"A-204",0.0585609358027953,80.9956558101209,0.554761087115014,0,80.9956558101209
"JIMT-1",0.00527649959611213,NA,4,97.2071957763627,2.08787801601711
"HCC15",0.077304462899635,NA,4,76.6457600558974,0.642341498877744
"SNU-1",0.0072269762080941,13.8607268479845,4,0,13.8607268479845
"NCI-H1650",0.111020216883551,4064.86142655632,0.214798538364782,0,4064.86142655632
"NCI-H1693",0.0922801609178504,NA,0.168323344628744,77.8920440322167,1.24076149946973
"Lu-99A",0.0525355777380877,14.9316969876128,1.12944852555016,0,14.9316969876128
"Hs 445",NA,NA,NA,NA,NA
"OVCAR-3",0.0589885093036704,NA,0,88.2022981392659,1.73433637220048
"OS-RC-2",0.0875466180133253,2012.68513515534,0.265010125762707,0,2012.68513515534
"SW780",0.0404698742318918,1.07012867476145e+21,0.159280224628171,49.7981270813676,1e+06
"OE21",0.0125006452177417,11.810754589445,4,0,11.810754589445
"OACM5.1 C",0.126647743164877,9.5976216525587,0.669297948968609,0,9.5976216525587
"OAW42",0.0862189755370528,NA,0,82.7562048925895,5.98670479149029e-05
"MHH-CALL-2",0.21762779786636,9.77491384163876,0.358433180596808,0,9.77491384163876
"Karpas-231",0.0496464051903229,NA,0,90.0707189619354,1e+06
"JHH-4",0.152487304945653,1.44618181712658e+21,0.0625243281806173,44.3624909425356,1e+06
"ESO-26",0.0836212320523964,NA,0,83.2757535895207,28963.1742015386
"MC/CAR",0.0749604328413518,NA,0,85.0079134317296,1e+06
"A-704",0.109109552892527,1510.95108271438,0.243211816920223,0,1510.95108271438
"NCI-H446",0.00228693266706914,NA,0,99.5426134665862,1e+06
"NCI-H2405",NA,NA,NA,NA,NA
"NCI-H1417",0.278397039526384,8.80555463358764,0.257431684183133,0,8.80555463358764
"SW872",0.120770070205362,NA,0.0282547933683305,69.1340753964678,1e+06
"SK-MG-1",0.114416757516828,5949421.64081369,0.125149660950998,10.0014035599558,1e+06
"RL95-2",0.0371279171417311,NA,0,92.5744165716538,0.225863906151955
"OVCAR-4",0.0861073882901383,NA,0,82.7785223419723,1e+06
"LB996-RCC",0.0970213114019763,NA,4,89.4678276969905,0.00471818473183119
"IMR-5",0.144528874560654,NA,1.56465372205319,85.5471066082799,1.06631433366854e-06
"HT-144",0.107587213666694,NA,0,78.4825572666612,0.358714723303492
"OV56",0.0662784427726676,NA,4,91.9643956067559,0.010686842962698
"UMC-11",0.046624180082746,NA,0,90.6751639834508,1e+06
"TT2609-C02",0.0447205472649186,NA,0,91.0558905470163,53663.532082959
"SU-DHL-8",0.0411642845591606,NA,0,91.7671430881679,1e+06
"SKN-3",0.115804246955278,NA,0,76.8391506089445,0.0422263709270238
"SiSo",0.0314236796805419,NA,0,93.7152640638916,1e+06
"HCC827",0.098410314669133,NA,2.15921147258979,82.3101569948443,0.0991298709381736
"HEC-1",0.0605306272161831,NA,0,87.8938745567634,1983.48162780685
"Hs 746.T",0.0963920043940123,NA,0,80.7215991211975,1e+06
"J82",0.121493838840501,NA,0,75.7012322318997,7.10619033881985e-05
"JHH-6",0.078751243742982,NA,4,85.5435955085592,0.109119640124232
"Karpas-45",0.0995981717095283,39.1556212858949,0.490101786856236,0,39.1556212858949
"LN-229",0.0965066636887139,NA,3.67077636511525,78.6824262363976,0.234108522054093
"MHH-PREB-1",0.0975591166020352,NA,0.0936776355513926,51.7970817482871,422831.301719438
"MOLM-13",NA,NA,NA,NA,NA
"MOLT-13",0.0135159567764603,13.5833074619467,4,35.3125,10
"NCI-H1048",0.0511384217011177,NA,4,91.6022600661323,0.0640690319270251
"NCI-H1944",0.0683782216364377,6380581.63461346,0.161220792291238,12.914017076382,1e+06
"NCI-H2228",0.188249818469049,33.6230784196322,0.302070408710761,0,33.6230784196322
"OVISE",0.0652781595621005,2788.14487350132,0.293261609812544,0,2788.14487350132
"P32/ISH",0.0367426650842682,49.7666168355426,1.37040469967729,45.1399500923664,9.08301131392657
"RERF-LC-Sq1",0.061834956374833,NA,0.308845207155424,93.4712490916719,6.50832072765279e-06
"RPMI-8866",0.0218948654924611,17.9061658252631,1.72117140082297,0,17.9061658252631
"SCC-3",0,NA,3.58356654752877,100,1e+06
"SK-ES-1",0.160617535868062,NA,1.34800022508138,50.1699667233538,0.704283074034462
"SUP-M2",0.0298116965815693,29.118938485712,1.09391867759176,0,29.118938485712
"TCCSUP",0.1091103002164,NA,0.251560842739353,72.7837167110391,0.89850714841219
"WM278",0.0324106099736139,NA,0,93.5178780052772,1e+06
"YAPC",0.0620847731416826,471.956164438468,0.382193906130812,0,471.956164438468
"HCC1143",0.0469864600285985,88.7574097384889,0.603849289524025,0,88.7574097384889
"MDA-MB-231",0.0576647950236425,NA,0,88.4670409952715,7977.14100234056
"MFE-319",0.0463830895229102,NA,4,83.9875323868662,0.905044462274773
"MOLP-8",0.27425235972734,1.35570736591947,0.789351340828023,30.9678516846792,0.398785623213408
"MSTO-211H",0.0284732938399869,NA,3.61364247549739,80.7022784806168,2.95128548095473
"NCI-H1155",0.00676941162961791,14.1170294757097,4,0,14.1170294757097
"NCI-H1623",0.185832406247351,35.6743841568075,0.323328123361648,11.3341210874516,16.1089050080767
"SK-N-DZ",NA,NA,NA,NA,NA
"SW1573",0.031378260271469,130515.237243705,0.265123942275134,0,130515.237243705
"BT-20",0.0397592918138713,NA,0,92.0481416372257,1e+06
"COLO 824",0.0855784741570205,NA,1.66202476625907,71.0759465301096,0.868485681618538
"DU4475",0.0165420000921924,10.8144278677213,4,0,10.8144278677213
"HOP-92",0.107402986721104,NA,4,80.5129477453046,0.103478206108325
"HuP-T3",0.0855587001920017,NA,1.30124188087431,71.5123967268256,0.8538477052256
"KG-1",0,NA,1.67787449424994,100,52302.035646274
"Mel JuSo",0.048575254439455,87.0369663343664,0.597388624896358,0,87.0369663343664
"MES-SA",0.0536804250981739,3026.37047453074,0.315697906685709,0,3026.37047453074
"NCI-H1568",0.0317865229056578,NA,4,91.2056400131742,0.499053497089937
"OVCAR-8",0.034151536507556,NA,4,94.4472979468125,0.0609139284664038
"P30/OHK",0.014391841776266,NA,1.69710733651737,84.5484347749337,5.5577569805175
"SW756",0.0656425861101791,NA,0,86.8714827779642,12.6637470857438
"A2780",0.0389971468418416,308.687271771974,0.501167604135392,0,308.687271771974
"Becker",0.0409217333558639,NA,0,91.8156533288272,5.15652833744616
"ES7",0.0484821523418144,NA,0,90.3035695316371,162.640981914541
"A-253",0.0560117217670167,NA,0,88.7976556465967,4879.73953992111
"NCI-H716",0.0528260406772473,NA,3.4239005820402,61.2681467495107,3.24649798494267
"HCC2157",0,NA,0,100,24.3857264773056
"A-375.4",0.034253377424968,NA,4,71.0318366089246,3.76939660603125
"A-375.5",0.0274233204013872,NA,4,88.2714109659051,1.43840315112599
"A-375.6",0.0734114586071421,75001.1253840289,0.20144173653893,0,75001.1253840289
"A-549.1",0.138110234385436,NA,1.96719567439608,70.9595753128918,0.193684825257463
"A-549.2",0.0438612846672492,NA,4,76.4584486209966,2.13379192047017
"A-549.3",0.0968562561331702,267.287019987271,0.333268937055795,0,267.287019987271
"C32 [Human melanoma].5",0.0286883435777198,NA,4,80.3669623259063,2.98226209440026
"C32 [Human melanoma].6",0,NA,0,100,22.2843816065528
"C32 [Human melanoma].7",0.0390581214182385,38.8288382464808,0.848028171660094,0,38.8288382464808
"HCT 15.1",0.119818852286227,NA,4,87.4672650823545,0.0033707298458429
"HCT 15.2",0.0812611320397935,NA,0.805697916174335,81.4079040714606,0.277283077917738
"HCT 15.3",0.0481255557567253,14.4837637687013,1.23018578136386,0,14.4837637687013
"HT-29.4",0.161198941885477,8.59424083669179,0.600909980756896,17.1509534650298,4.27158714771319
"HT-29.5",0.168857957201157,NA,3.23549340967069,63.5288098728552,0.214975369678052
"HT-29.6",0.215752729205716,94.4531485495741,0.409264575387658,43.3826721283988,0.674843119548057
"MFM-223.1",0.0346647213313587,NA,4,72.7329724270604,3.49710854248921
"MFM-223.2",0.0533796213403949,NA,3.0512755796954,65.8618697459065,2.75139302006665
"MFM-223.3",0.0386577502984952,15.938951042559,1.33831835727371,0,15.938951042559
"MHH-ES-1.5",0.165645282974388,154.313353979108,0.291908708244904,21.0137206556533,23.8378981040075
"MHH-ES-1.6",0.183373351983472,NA,0.391571948212841,65.4918713962741,0.107227109814413
"MHH-ES-1.7",0.205900870682718,937.854338875148,0.160307208507951,0,937.854338875148
"PC-14.4",0.0936651805980364,NA,0.0655543840342376,66.4283871829751,334939.419244072
"PC-14.5",0.0359143773606028,NA,4,74.787023707593,3.07544288523994
"PC-14.6",0.0180280925258355,NA,4,75.9232954390391,5.49236132471678
"SNU-C2B.1",0.0446607101693411,54.6190712147136,0.707634682949331,0,54.6190712147136
"SNU-C2B.2",0.0419345686413783,NA,4,91.5925307279721,0.159767151719346
"SNU-C2B.3",0.143104229511396,NA,0.735074808651035,62.7561548180107,0.458914194669054
"SW620.5",0.0361580792787275,NA,1.235425364111,73.8702706466645,3.97228975874322
"SW620.6",0.0954157625737265,NA,0.481320963065931,84.2266827292687,0.0497612278525814
"SW620.7",0.0831456898766804,NA,0,83.3708620246639,104.726414209663
"U2OS.5",0.074805387634038,NA,4,84.5572438869784,0.179993652809574
"U2OS.6",0.0844249999185596,NA,1.2237374597233,67.1033824681676,1.26679256763051
"U2OS.7",0.0440960139586743,225.362872278616,0.942349156607049,47.1119834800504,10.9333001749836
"A3/Kawakami",0.0379817235827742,NA,0,92.4036552834451,1e+06
"AGS.1",0.013388707765121,NA,3.15063312306943,66.3370172946932,8.25878905480141
"ARH-77.1",0.00869119903215738,13.1523207119293,4,0,13.1523207119293
"BALL-1.1",0.0476874365604622,10.7880582990817,1.64244694308902,5.0504581130613,10.1108411139204
"COLO 829.2",0.0824810563304381,NA,0,83.5037887339124,1e+06
"DG-75",0.00822947555015847,21.0080766532095,2.35367503777006,0,21.0080766532095
"FTC-133",0.021845600358952,13.9311113342864,2.18251041940183,0,13.9311113342864
"NCI-H2722",0.0849605706106469,4120785642473854,0.10928851471171,45.5520170016515,1e+06
"HCC1428",0.0796858960734138,NA,0,84.0628207853172,0.000525345381295461
"HGC-27",0.032367652218071,NA,0,93.5264695563858,11.1513180974079
"IA-LM",0,NA,0,100,1e+06
"IGR-1",0.0136499758881067,NA,0,97.2700048223787,151.21181164357
"JSC-1",0,NA,0,100,11.5720237817075
"KMOE-2",0.0616110804497791,NA,2.72265751591736,74.6824117305314,1.33088488845017
"KYSE-50",0.0241825022558436,25.5640887691016,1.29497265068865,0,25.5640887691016
"M14",0.0170343627446,NA,4,92.9641917243415,1.34275758333043
"U-251MG",0.00539481561674303,15.0295377106227,4,0,15.0295377106227
"RCC10RGB",0.0897290336704491,38.9845411826166,0.526326530928058,0,38.9845411826166
"OAW28",0.0687687752338465,NA,0.97849770836288,88.6795737177516,0.0625819071486209
"OCI-M1",0.016758393707299,NA,4,93.7154481777855,1.09534486323078
"HSC-4",0,NA,0.64754142129233,100,10.7411969792929
"Kasumi-1",0.0540005363443552,15.3140441557607,1.08897971078337,0,15.3140441557607
"Huh-7",0.0695415025172318,NA,0.68506656185239,80.4081374633711,0.624634131603056
"HuO-3N1",0.0603408415071831,NA,0.646240688571703,92.2095634372155,0.00960324129906609
"KYSE-520",0.112312279799282,NA,1.91058552108723,78.0670936854925,0.143077470501626
"MFE-296",0,NA,0.0808088647252886,100,840454.956991049
"NCI-H196",0.0323748551698413,NA,0,93.5250289660317,7.11083092184679
"ATN-1",0.178138156786051,NA,1.25277178002724,52.5443960214014,0.45134751371482
"HT-55",0.187793047210922,NA,4,54.2147389944376,0.333174165540861
"NCI-H2141",0.0643555135843073,NA,0.0872855051852247,68.6395917346663,1e+06
"A-498",0.0226762229467956,31.3433209158401,1.20131360013405,0,31.3433209158401
"CAL-39",0.0876044464574631,NA,4,77.2802035789144,0.4084916285919
"EW-3",0.206787010499164,NA,0.586008964894553,70.6153876996715,0.0194772844110326
"HPAC",0.117055197640395,NA,2.15725916556093,78.8098504863605,0.102394805468257
"IM95",0.0947396827956086,NA,2.04935872271578,83.4537074397231,0.086606646292446
"LNCaP clone FGC",0.012663512605981,15.9677470642871,2.53603240195043,0,15.9677470642871
"NCI-H1694",0.0428114716797472,NA,4,84.9669901360308,0.942470817183541
"NCI-H2170",0.0506591146662059,NA,0.525973853224969,53.2436949235525,25.0584130881358
"NOS-1 [Human osteosarcoma]",0.0931953138011217,205.058674364999,0.711778690255945,46.8130056847548,4.28704859988631
"RERF-GC-1B",0.0881209659387912,9.23706193976635,1.00365278398411,0,9.23706193976635
"TE-6",0.0485551637342295,NA,4,87.0205562651619,0.449346486750842
"TYK-nu",0,NA,0,100,2.85070053520094
"OCI-AML-5",0.120416864632049,NA,0.615878945573338,59.8791129171616,1.17601480156159
"CHL-1",0.0188117014239988,23.7177400013804,1.52339793489913,0,23.7177400013804
"HCC1954",0.0322385742769706,NA,0,93.5522851446059,1e+06
"KY821",0.295729900313715,1.06095462628024,0.841607858015688,38.1483923174468,0.191796931111277
"NCI-H1563",0.0846198103471161,NA,0,83.0760379305768,3.50357476820627
"NCI-H1975",0.068197861219223,29.4633865135833,0.686076893739986,0,29.4633865135833
"NCI-H2052",0.0730672418931347,56265.7136173868,0.206774702543324,0,56265.7136173868
"NCI-H322M",0.132285768229387,NA,0.811265317166083,76.3149351453939,0.0939210229651914
"NCI-H596",0.109396106973631,NA,4,87.343930415786,0.00768152466980181
"SNU-C1",0.0675778783547742,NA,4,72.5370499128162,1.29936452763631
"Rh1",0.0776067090841578,15.7767699644366,0.824010007568935,2.71483665469486,14.7433023711438
"697",0.0174882732809202,10.6194050366212,4,0,10.6194050366212
"A-673",0.0601572057199424,NA,2.8029643468101,72.3094256119882,1.65388600577021
"BxPC-3",0.113983547304201,498.890974473508,0.274568414691526,0,498.890974473508
"DB",0,NA,0.0985487974479384,100,1e+06
"HuO9",0.0749286338560188,NA,0.585661578262371,58.9623193776635,5.2717516323653
"KE-37",0.00318496103254018,NA,0,99.363007793492,1e+06
"NB(TU)1",0.222048164097093,8.47882517925602,0.525731620271334,35.0438495661662,0.853775635323665
"PC-3",0.00875029755401161,19.6764192285975,2.43099631604947,0,19.6764192285975
"SCC-15",0.0193474204749622,1571.93183399254,0.49093601891961,0,1571.93183399254
"UPCI-SCC-090",0.0514114536862907,NA,4,79.5557967308511,1.24241319223911
"PWR-1E",0.0774028729372844,NA,0.263484910405199,60.2736655773204,54.0373977270067
"SAT [Human HNSCC]",0.0580544965387962,27.8745634348837,0.773667802938755,0,27.8745634348837
"SiMa",0.0319536379460531,14.6748601344094,1.62165374149833,0,14.6748601344094
"TE-1",0.0373731650613325,24.0326224781242,1.0673988063488,0,24.0326224781242
"LCLC-97TM1",0.0853064457412471,NA,4,65.5818127711577,1.28028061613069
"LOU-NH91",0.0575561900679173,572.579193316374,0.383741328208833,0,572.579193316374
"NCI-H1092",0.00549053252827664,NA,0,98.9018934943447,865696.460111861
"NCI-H720",0.0380589377846475,NA,0,92.3882124430705,159.281693276535
"KYSE-180",0.0625188800289343,40551491.3446946,0.159427531764796,22.2917278729456,1e+06
"LC-1/sq",0.036732450557822,NA,0,92.6535098884356,1e+06
"769-P",0.0779683344013459,NA,0.469123135608184,90.3774893933065,0.00331276574379993
"HT-1197",0.0901866958979416,1960534874087363072,0.102109557980118,47.2215596956672,1e+06
"HuP-T4",0.0296872166899607,NA,0,94.0625566620079,1e+06
"KLE",0.0731955518048422,NA,0,85.3608896390316,1e+06
"L-428",0.0347660336858802,31.3216643802116,0.979979393999738,0,31.3216643802116
"PaTu 8988t",0.00608893339304534,14.5383379335804,4,0,14.5383379335804
"PFSK-1",0.164376565598031,5.35624058559991,0.861003620083507,30.9490498655742,1.74645220661975
"RPMI-7951",0.0982360320166506,NA,0,80.3527935966699,4.4318234113896
"SK-GT-2",0,NA,0,100,157266.97998895
"SNU-182",0,NA,0,100,0.238568378900577
"SUP-HD1",NA,NA,NA,NA,NA
"22Rv1",0.103958684250898,NA,0.238799796530342,81.886577938236,0.0411201487806075
"8305C",0.122212917049258,NA,0.0552663232883317,58.8428498488796,1e+06
"ACHN",0.0628530890206663,NA,1.39960518856846,88.9016528681808,0.0909047923868569
"Capan-2",0.1296150210536,NA,0.698485255651462,79.9129197956617,0.0403281768753161
"Ca Ski",0.0864195521570439,NA,0.897251587069532,86.2682060147094,0.0508182031692557
"FLO-1",0.0835223400830973,NA,4,88.2861075840242,0.0270281347234789
"GR-ST",0,NA,0,100,1e+06
"KALS-1",0.0264600256294202,NA,0,94.707994874116,1e+06
"Karpas-422",0.00701098049824319,13.9792785381926,4,0,13.9792785381926
"Kelly",0.0858455831780858,NA,0,82.8308833643828,1e+06
"KP-2",0.043876871542292,NA,4,90.5537984315897,0.212313422042613
"KP-3",0.0654344162411963,NA,4,91.5396090605556,0.0163760842273739
"LB771-HNC",0.0928223914479885,NA,4,63.1638986508725,1.23711134898557
"Panc 08.13",0.105171963238483,NA,0.840627680693391,85.9432251545683,0.0162152544331972
"SK-HEP-1",0.0357583654488367,NA,0,92.8483269102327,1e+06
"SN12C",0,NA,0,100,44968.7836911929
"T-47D",0.0562480222353529,NA,4,81.9524094572087,0.75411713974225
"TGBC24TKB",0.113162310567008,NA,0.0131019013132808,78.5361311600123,3.84787552565847e-05
"TOV-112D",0.010055349485869,NA,4,51.875,10
"TUR",0.0844304554255589,NA,0,83.1139089148882,120.44666862374
"U-118MG",0.0133119016087199,NA,0,97.337619678256,1e+06
"U-87MG ATCC",0.0353871146332287,NA,2.98825875621437,90.7028703789162,0.425664957062822
"HD-MY-Z",0.0863159378006945,NA,0,82.7368124398611,345439.786321476
"MM1.S",0.303191583685119,0.8067998615717,1.83308190811856,0.561872163855225,0.801841192775496
"NCI-H1963",0.0400655753967642,11.7327898531274,1.70405456191469,0,11.7327898531274
"NCI-H209",0.0572601966593945,NA,0,88.5479606681211,1e+06
"NCI-H250",NA,NA,NA,NA,NA
"NUGC-4",0,NA,0,100,31.6712469662313
"SBC-5",0.0537092022349876,NA,0,89.2581595530025,6.14453650419503
"SUP-B15",0.123505134420664,NA,0,75.2989731158673,98.9249211728721
"COLO 679",0.0595982364143405,NA,4,92.4052727516317,0.0149088004455255
"HPAF-II",0.0632165435828544,NA,0,87.3566912834291,3315.881077382
"NCI-H2595",0.0626610210242405,NA,4,91.112622271141,0.0288735335801656
"C-33 A",0.0772052630754019,NA,0,84.5589473849196,866745.611401971
"HDQ-P1",0.0980061435209952,NA,4,83.2276315094046,0.0785847685340327
"CAS-1",0.0355153980699417,NA,0.132492047976804,69.233244934089,1e+06
"SNU-5",0.0049039503887666,15.424547068316,4,0,15.424547068316
"CCRF-CEM",0.00481226998694062,15.5035438707222,4,0,15.5035438707222
"CPC-N",0.119546702170106,10.3539137376859,0.713455072010253,8.29258493683327,8.03002227674648
"D-263MG",0.0366235497735705,NA,0,92.6752900452859,1e+06
"EB2",0.0405202627874451,NA,0,91.895947442511,1e+06
"ES8",0.208000529517682,22.1845444547824,0.501626771913868,40.450545932734,0.817957921583281
"EW-11",0.214730763899986,3.20724717205458,0.703741992938834,23.7004490852849,1.28721034989705
"HL-60",0.113801213033881,NA,1.53624135013876,66.1441976124728,0.621110010677812
"BICR 78",0.086089074532628,NA,1.47688256643857,91.3910858144454,1e-06
"GaMG",0.0860889326047234,NA,0,82.7822134790553,18.0060992586603
"JHH-2",0,NA,1.0500657103526,100,90808.7960193444
"CAMA-1",0.0671994061524084,NA,0.646158183771872,80.2821295226526,0.742212283638625
"BFTC-905",0.0679312336979428,NA,2.43930305495836,87.9751333699242,0.0923034590022299
"CAL-62",0.0360613159897453,NA,0.0457454887226987,89.1470428615697,698390.022537564
"BL-41",0.0576651182013341,NA,0,88.4669763597332,1e+06
"D283 Med",0.0938846737665246,357.089293600146,0.323734448472796,0,357.089293600146
"JURL-MK1",0.0617251123506437,33.3989054760951,1.47951963823586,47.3919552160792,4.53724359666219
"JVM-2",0.0980517878077163,NA,0.615051700336722,87.1668731895225,0.0102450225101644
"SNU-398",0.0136982127225997,11.4823913428237,4,0,11.4823913428237
"BE-13",0.135761911950918,19508.22744711,0.162545275901347,0,19508.22744711
"BC-1",0.0986102840678734,1991.5611095191,0.249081880972853,0,1991.5611095191
"DND-41",0.0431030105881309,97.097375126649,1.27066921175299,48.0057693219112,7.69236151036163
"DoTc2 4510",0.104243409768905,NA,4,84.5948220427134,0.0365358011760639
"DOV13",0.0270450204875026,NA,0,94.5909959024995,190.340556898808
"EB3 [Human Burkitt lymphoma]",0.0311697358090571,NA,0,93.7660528381886,1e+06
"EFM-19",0.0145871180688801,NA,4,96.9404924506125,0.191742849695489
"GAK",0.0247543108295453,NA,4,76.6754776025573,4.17827899514463
"GCIY",0.0853487458100458,NA,1.04939012416684,78.9261837651249,0.35587478788544
"PA-1",0.109154338363474,NA,1.43641101840833,61.1571027270387,0.996775838897704
"RS4;11",0.0529228252173263,14.8474683189947,1.12752608429298,0,14.8474683189947
"CML-T1",0.0895377581889767,NA,4,83.656815819735,0.106341056359203
"EN",0.0135121673007741,NA,0,97.2975665398452,703632.93555567
"ESS-1",0.100888943429212,NA,0.705024806469081,82.1253570997924,0.0870835778635071
"EW-24",0.102536784237379,1883.44151435158,0.245374605243499,0,1883.44151435158
"HCC70",0.0277241890490134,NA,0,94.4551621901973,0.646827711060039
"RT-4",0.0943487855754172,NA,4,89.4308456032555,0.00604760769917427
"SU-DHL-10",0.0121846074165598,11.9032555573868,4,0,11.9032555573868
"COLO 668",0.0581466568694765,17.2251005118788,0.963893441603341,0,17.2251005118788
"EW-22",0.110934609233819,40.9269364696357,0.449134427989392,0,40.9269364696357
"GDM-1",0.201335477091988,4.3795864628065,0.560552930568381,0,4.3795864628065
"GI-1",0,NA,3.93631241236857,100,1e+06
"G-mel",0.0125906456351002,17.7975494482942,2.27942582261684,0,17.7975494482942
"NCI-H2803",0.0988940768397303,832.480061218288,0.277882242970761,0,832.480061218288
"NCI-H2804",0.0098460203584465,NA,0,98.0307959283107,10007.3379501133
"NCI-H3118",0.0261376930655321,NA,4,71.7901565615935,4.69261863762932
"HEL",0.00672923301863286,14.140498391062,4,0,14.140498391062
"HO-1-N-1",0.044925486722139,NA,4,94.4451164234695,0.0122124954019132
"Lu-135",0.0209381893406851,NA,2.12503626953067,84.0059209786999,3.54735461455623
"HARA [Human squamous cell lung carcinoma]",0.0758038194768797,NA,4,64.8467794423921,1.67259988544942
"CAL-72",0.1031267449561,NA,0.854972813225968,87.2039719018736,0.00893294686812573
"AMO1",0.206666167282,6.00018969378974,0.461301964720358,0,6.00018969378974
"D-392MG",0.0883903811414874,NA,4,86.0314891755413,0.052580099538547
"DoHH2",0.00194909215663162,19.6703951602445,4,0,19.6703951602445
"EFO-21",0.0881019345234686,145.872145517365,0.392014805290365,0,145.872145517365
"EMC-BAC-2",0.0742560433879857,9190.56194178064,0.24274125450295,0,9190.56194178064
"EoL-1",0.039352716253152,29.8228957229214,0.938532071488923,0,29.8228957229214
"ES6",0.126644311813024,NA,0.964648828063319,82.6362707197948,0.0208650623036263
"NCI-H2810",0.110381294601615,15983.6639312278,0.187824396038587,0,15983.6639312278
"NCI-H2818",0.062985947357487,NA,0.0399853627412726,87.3118613071857,0.22654416161489
"NCI-H2869",0.110596579912693,97114.4541872473,0.160688193004404,0,97114.4541872473
"HAL-01",0.0892022754756877,NA,0.970521612022992,73.030608555275,0.690242792539346
"HCC44",0.0926406499063694,2459.68973886674,0.251244096631338,0,2459.68973886674
"HMV-II",0.0906106723093862,22.4668476926411,0.623827357905216,0,22.4668476926411
"IM-9",0.0676038717146277,NA,4,70.2042467513404,1.52347567120503
"NOMO-1",0.0159595894584959,NA,1.39661583838208,74.2421938756103,9.65875586104025
"OCI-AML-2",0.10131636042995,NA,1.08707276456807,74.4144274742749,0.383169479162937
"Ramos.2G6.4C10",0,NA,0,100,1e+06
"Reh",0.0826965941177848,29.8219413311256,0.60297908245471,0,29.8219413311256
"TC-YIK",0.00877635338056452,13.1154452220847,4,0,13.1154452220847
"VM-CUB-1",0.00885478247380128,NA,0,98.2290435052397,1e+06
"DMS 114",0.0038240765393325,16.4895560275808,4,0,16.4895560275808
"DMS 273",0,NA,3.20154067989983,100,1e+06
"NCI-H1793",0.0797392623661748,NA,4,88.3837761505,0.0336921853163114
"NCI-H2795",0.133708543989594,230.929239729187,0.278005599806042,0,230.929239729187
"KTCTL-195",0.0624443935795818,NA,0,87.5111212840836,51441.7544872005
"BICR 22",0.045628804671059,NA,4,56.3279877891574,4.23764220060707
"GMS-10",0.0205012379088166,NA,4,94.0019354625462,0.587359775710305
"Calu-3",0.0179242797306005,999917.155644185,0.267850681764395,0,999917.155644185
"COR-L105",0.0981386202478187,NA,4,89.0303275357453,0.00594741009662441
"TGW",0.120729543685443,302.190875532115,0.328125,21.8750000000001,52.3299114681495
"HCC38",0.0294642187388552,NA,0,94.107156252229,1e+06
"SW13",0.0742920304931548,NA,1.27196916589464,77.1805763616614,0.689101503149415
"SW900",0.116689000126065,NA,4,85.3678339874129,0.0134112870785831
"NCI-H23",0,NA,3.52557295196265,100,1e+06
"PL18 [Human pancreatic adenocarcinoma]",0.0949227180498969,NA,3.3848096518902,87.907045695313,0.0148752197273406
"CAL-85-1",0.0155664962338224,NA,0,96.8867007532355,10668.3093478004
"COLO 680N",0.0471139336514935,NA,0.128099044065404,74.138800985981,24592.7366276112
"DU145",0.0186941312049393,NA,0,96.2611737590121,1e+06
"EKVX",0.0352691618687594,84.7107505824632,0.695248254514615,0,84.7107505824632
"NCI-H2461",0.0341122780665932,87.5367238900441,0.699014148300113,0,87.5367238900441
"HCC1937",0.0239449354901996,NA,4,97.3462177146789,0.00556871538056275
"HOS",0.0218257095946556,NA,0,95.6348580810689,1e+06
"K5",0.0237673106079238,NA,0,95.2465378784152,156.670256791471
"KP-4",0.0296043991359343,NA,0,94.0791201728131,0.0232662141502072
"KS-1 [Human glioblastoma]",0.0465406094068071,13.2821812846033,1.34742256372593,0,13.2821812846033
"LC4-1",0,NA,0,100,990320.454314313
"MG-63",0.0112027549431761,NA,4,95.6537503288575,1.17930039926286
"SJNB-7",0.0552335191874092,NA,0,88.9532961625182,31342.2828363019
"NCI-H810",0,NA,0,100,125041.13343064
"OPM-2",0.0753445781684366,7.09889431696103,1.6112245819705,0,7.09889431696103
"PSN1",0.0612358194045477,NA,4,92.7722833653845,0.00886570109727553
"SH-4",0.0573263619275094,NA,0,88.5347276144981,1e+06
"VL51",0,NA,0,100,3298.05655719289
"TK-10",0.101053344449326,95122.5888200727,0.169090240333276,0,95122.5888200727
"YH-13",0.0126502577620297,NA,0,97.4699484475941,2093.6001494151
"HH [Human lymphoma]",0.0378510833376925,NA,4,85.4496418140256,1.15623056505927
"TE-9",0.052671678945153,1171964.68631114,0.189268217040759,1.47934276809258,1e+06
"SNG-M",0.0432369718289753,NA,0.0235678678959241,89.4931876400521,625121.364491505
"KNS-62",0.0585171792511559,NA,4,81.5962165076509,0.71573892873063
"COLO 684",0.0347700359469337,NA,4,66.8830782425677,4.2191460475488
"ECC10",0.0704348724344335,79.2615485000763,0.50586812645445,0,79.2615485000763
"EFO-27",0,NA,0.479280937203322,100,27220.9743011585
"KATO III",0.0573312117842854,NA,4,92.6558780382754,0.0154237003532248
"NCI-H1666",0.118969015689774,234.394562233919,0.300161665472655,0,234.394562233919
"Rh41",0.127701116655431,4.23989708004999,1.35399527839118,0,4.23989708004999
"RT-112",0.0407019965326783,NA,4,61.5681676026584,4.18625020951816
"SHP-77",0.0259260659176166,41.3399798138873,1.0031828376687,0,41.3399798138873
"ST486",0,NA,3.12483392404908,100,1e+06
"SW684",0,NA,0,100,1e+06
"WM115",0.0186061519599916,NA,4,91.1592100988607,1.74608987091705
"HLE",0.00886689398008705,NA,0,98.2266212039826,2635.46354765405
"NCI-H2731",0.0362981372291129,32.0678390972579,0.949114164258455,0,32.0678390972579
"RPMI-8226",0.0440890235648927,NA,2.58557366690781,64.7253056382561,3.64538634561944
"HA7-RCC",0.0421778493959153,6966.68495217082,0.315264744275091,0,6966.68495217082
"G-292 clone A141B1",0.111008113638486,3535.11617916412,0.218112419647034,0,3535.11617916412
"SW1088",0.0294643028638373,NA,0,94.1071394272325,0.0428815322353937
"OCUB-M",0.025102056544009,NA,4,75.6157900140799,4.29380877933841
"BICR 22.1",0.0630104416582054,NA,0.0827303005023628,70.9353223637767,1e+06
"COR-L311",0.0585579453413286,NA,4,64.7623609749185,2.52281987229418
"U266B1",0.052353969829105,NA,0,89.529206034179,0.0458946171746569
"H4",0,NA,0,100,1e+06
"HDLM-2",0.0207450178436587,NA,4,92.206420790056,1.09970773130394
"ES5",0.144116432284909,2.69801415021961,2.35397897441453,39.2860395840108,1.40228436291192
"EW-7",0.132105646484938,8803.79872869074,0.17832786843906,0,8803.79872869074
"IHH-4",0.0851520497512891,NA,0,82.9695900497422,1e+06
"KYSE-270",0.0122297103746881,NA,0.0785825126136962,96.5354222089754,377.059590585333
"MDA-MB-436",0.0481380818722145,NA,0,90.3723836255571,1e+06
"MN-60",0.0194459745310448,NA,0,96.110805093791,1e+06
"MS-1 [Human lung carcinoma]",0.101031696643061,6.65365580566854,1.96554505006804,43.6796642656322,2.32312543316938
"SJNB-10",0.14548015973058,9.36577938536068,0.583717547261373,0,9.36577938536068
"OVMIU",0.107758169183353,NA,1.45416898588391,82.7291716932675,0.0561882008690822
"PF-382",0,NA,0,100,1e+06
"SBC-3",0.0495557916861333,NA,2.32094654643539,84.266987254202,0.734398981422802
"SUP-T1",0.0465556009898875,NA,4,81.6419111161755,1.22070232163424
"SW1710",0.0311394037258476,NA,4,77.2175240149752,3.22751688357119
"UACC-62",0,NA,0,100,1e+06
"NCI-H3255",0.0709978560752405,2231.732896028,0.289923495418349,0,2231.732896028
"HLE.1",0.0573787554974432,NA,4,87.9505081047808,0.192679561352696
"ST486.1",0.0408975239710237,NA,0,91.8204952057953,1e+06
"CAL-54",0.0479365496219042,10880.470636496,0.286676979026541,0,10880.470636496
"Capan-1",0.0655683152678023,NA,0.122033926729061,50.4798618870974,1e+06
"HCC1569",0.0330349786231212,NA,0,93.3930042753758,1e+06
"IGR-37",0.0443163754939008,NA,0.132739968549511,61.4830628225368,1e+06
"MEG-01",0.00782060242506089,NA,0,98.4358795149878,946405.455119231
"MKN1",0.0047674375322665,15.5428302091947,4,0,15.5428302091947
"ML-2",0.104206635661394,7.04623909218236,1.54054714767311,39.1867157890841,2.60786148228342
"MS751",0.0186884984921513,NA,0,96.2623003015698,223322.075333736
"OV-90",0.0871044131333424,47416332277731.1,0.110970917711102,42.9666013360964,1e+06
"OE33",0.0783446946179598,32.8558290608491,0.605378109127602,0,32.8558290608491
"SCC-4",0.0575494215786884,110.913327787292,0.519634336270874,0,110.913327787292
"TE-8",0.0796717601586408,NA,0.072435758295672,67.451449021428,999984.669154632
"VCaP",0.172759701497026,4.72949902375102,0.679562970695368,0,4.72949902375102
"WSU-NHL",0.0127769763822467,11.7319825014607,4,0,11.7319825014607
"HCC366",0.0812531922516117,NA,0.781948590118569,57.6916574014779,3.11761030863016
"EFM-192A",0.0505195334617315,NA,0,89.8960933076537,225289.028871072
"Hep 3B2.1-7",0.0262889383182793,NA,4,77.1673485609287,3.86992495771358
"JVM-3",0.0804372385293581,NA,0,83.9125522941284,1e+06
"KYSE-140",0.125800967309125,NA,0.405083995350284,78.6884586802654,0.0525580656468212
"KYSE-220",0.157434605827484,1414.84935000449,0.192207151204465,0,1414.84935000449
"Lu-65",0.157775521190748,NA,4,80.347757566705,0.0128279998718667
"M059J",0.0688888740728563,NA,0,86.2222251854287,0.00355340654744764
"MLMA",0.0693598704011614,NA,0.352102514114366,82.2726000349193,0.685880020754522
"MPP 89",0.074998977555278,4746.30451494775,0.259058039146547,0,4746.30451494775
"Namalwa",0.213023186021665,NA,2.5765538609742,73.4537232378151,0.0127991898884393
"NB69",0.192453414316032,7.51726784409322,0.461526002801534,0,7.51726784409322
"NCI-H1915",0.0716556738749751,NA,4,91.4912908396488,0.00925031977018771
"NCI-H358",0.0681817212725643,56.8595707380347,0.560229140290714,0,56.8595707380347
"OCUM-1",0.0780518391970807,28.2290044540265,0.638344975028599,0,28.2290044540265
"ONS-76",0.0640773592025065,NA,0,87.1845281594987,0.114517311132879
"SAS",0.0483162113298807,NA,4,87.143970275088,0.442936183055186
"SNU-423",0.116556192252563,1964314436.05656,0.106689301267719,27.7375615126253,998988.515139233
"SW982",0.0279042458923015,NA,0.0906323115608425,85.8365126004127,1e+06
"TE-5",0.0150342080872579,15973.7710686073,0.398327129473213,0,15973.7710686073
"IST-SL2",0.13752346803838,13524.8014233045,0.166694582523222,0,13524.8014233045
"A-375.7",0.13853688078574,NA,4,84.7732967536699,0.00521623686502006
"A-375.8",0.135209348797613,3.05946265335028e+28,0.0665020736375841,48.4018133821275,999983.224232082
"A-375.9",0.0700634796081976,NA,0,85.9873040783605,1e+06
"C32 [Human melanoma].8",0.0605332117104527,NA,0,87.8933576579095,275.173302489548
"C32 [Human melanoma].9",0.0976524811842048,NA,0,80.469503763159,45.9304544313493
"C32 [Human melanoma].10",0.108437926846575,NA,0,78.3124146306849,0.0649750956451817
"HCT 15.4",0.0817295652680886,NA,0,83.6540869463823,62.434276998519
"HT-29.7",0.191054475026028,121.780658001632,0.231072517381544,0,121.780658001632
"HT-29.8",0.0487216851604031,41.6134444378859,1.1629622183924,42.4602665311183,8.17993452766837
"HT-29.9",0.0895517823618047,31.7139453567364,0.632694000602472,20.2882370041867,13.9309861186726
"MFM-223.4",0.083228199992356,NA,4,91.2664422100728,0.0034830153223307
"MFM-223.5",0.116210142363821,NA,4,87.8488640311924,0.00335887135575229
"MFM-223.6",0.0852064177022011,NA,0,82.9587164595598,5.42768956106674
"MHH-ES-1.8",0.0889990162402491,NA,2.46281850638795,91.0661971205496,0.000899663745979424
"MHH-ES-1.9",0.0980582021059494,NA,2.52932879909171,90.1941784502863,1.60957043104471e-05
"MHH-ES-1.10",0.0900046989768439,NA,0,81.9990602046312,0.296367310715156
"PC-14.7",0.0855925231711954,NA,0,82.8814953657609,5.1505045219333
"PC-14.8",0.0395144487258822,NA,0,92.0971102548236,26246.7618722537
"PC-14.9",0.027217085674603,NA,0,94.5565828650794,39.776543699342
"SNU-C2B.4",0.114960310148705,NA,0.0260391193620124,77.2833729721146,0.0622620099475829
"SNU-C2B.5",0.0867096117892132,NA,0.0434323346778099,74.2414742205806,1e+06
"SNU-C2B.6",0.0605215399605633,NA,0,87.8956920078873,1e+06
"SW620.8",0.126659610483019,NA,0,74.6680779033962,4.01464929119065e-06
"SW620.9",0.147467859164635,NA,0.52671261295394,64.7583446386473,0.371203297013576
"SW620.10",0.125149372141227,NA,0.0636204761223308,76.05182305511,0.0378813040301876
"U2OS.8",0.122613735086424,NA,2.98238798758665,87.515891639281,0.00205285428853221
"U2OS.9",0.112592851444736,NA,0,77.4814297110528,959.43072351238
"U2OS.10",0.0889902992458989,NA,0,82.2019401508202,1.20579285294391
"DSH1",0.10462269813264,NA,4,75.8937029209276,0.273391415536469
"HCC1419",0,NA,0,100,1e+06
"DMS 79",0,NA,4,100,1e+06
"HCC1500",0.0148497959103617,NA,0,97.0300408179277,24810.4105417431
"Loucy",0.033048624184019,NA,4,80.4176768929536,2.46905185930519
"ME-1 [Human leukemia]",0,NA,0,100,1e+06
"MFE-280",0.0769500426122971,68370.8802897642,0.19869715927977,0,68370.8802897642
"SK-MES-1",0.0190340233816774,NA,0,96.1931953236645,0.510185383852131
"SW626",0.0764216928479005,NA,0,84.7156614304199,1e+06
"NCI-H2023",0.010410973988241,16.5005716535384,4,41.6455647778008,10.5495944155921
"SCC-9",0.150148705967582,10034.2586795339,0.161433868057873,0,10034.2586795339
"OCUM-1.1",0.130188490632695,425.235847539259,0.257863213708686,0,425.235847539259
"HT-1376",0.105088542398769,NA,0.0777390417279054,54.3189113216189,1e+06
"KU-19-19",0.0640566624104502,NA,0,87.18866751791,423.186699991582
"SNU-449",0.119529678379331,NA,0.0440993387148812,76.528958164679,0.0680889095191247
"KYSE-450",0.0767955504743656,NA,0,84.6408899051269,0.00204591585190869
"WM1552C",0.113237458919448,3450.92834785083,0.216157712628919,0,3450.92834785083
"KYM-1",0.0552729811173961,NA,0,88.9454037765208,1e+06
"T98G",0.0374424683873326,NA,4,95.5503819811611,0.009302062950369
"CW-2",0.0455118371421213,NA,0.108784232305762,71.0199288678649,1e+06
"Farage",0.066555501971883,NA,4,91.5949877287439,0.014052816733603
"MCF-7",0.0634059964850266,NA,0,87.3188007029947,29.8036989100473
"SU-DHL-6",0.0508321240733987,NA,4,68.2112415970308,2.65819239963299
"SW48",0.107636074948865,321.970868571418,0.559813470336151,45.3238486624213,4.6726024957087
"K-562",0.0184954957528686,NA,4,89.6148805456756,2.28466863180594
"KP-N-YN",0.0338442351401805,14.1355039963998,1.6123247454107,0,14.1355039963998
"KYAE-1",0.0308147846980512,NA,4,92.2674374113547,0.366983145073776
"H9",0.0540742813622102,NA,2.95577712572748,81.8501313513994,0.845274726237839
"HCC1187",0.130423205467271,NA,0.786072992204689,70.786992167139,0.255681413115596
"JHU-022",0.0175870457153902,82.6685142145687,0.919029114730638,0,82.6685142145687
"Karpas-1106P",0.0358662536932363,29.1908969376735,0.994819558995572,0,29.1908969376735
"Kuramochi",0.0617755843201462,NA,0,87.6448831359708,34.0905986082425
"KYSE-70",0.138542755269445,NA,0.842869038749585,84.9140813641283,0.00183659978054289
"LB831-BLC",0.0584820908097592,358570.098449257,0.196429972447891,0,358570.098449257
"Lu-165",1.62030111402147e-14,NA,2.22735152226434,95.8990581916396,1e+06
"MDA-MB-361",0.0568662930946596,NA,0.798067116490702,79.6435617416507,1.20887057431952
"SK-MEL-24",0.0569529873887645,NA,0,88.6094025222471,102.554486287214
"SK-UT-1",0.0251417272611659,NA,0,94.9716545477668,0.389277065782253
"Mo",0,NA,1.48060428728557,100,2215.0133300257
"ECC12",0.0454260455068914,NA,4,66.2102711409113,3.28883383256012
"IST-Mes1",0.16968084673023,5382159.36883613,0.0964356169133528,7.49111064193015,1e+06
"MDA-MB-453",0.108900835456858,195.969567127042,0.327334757665584,0,195.969567127042
"NCI-H1651",0.103180090566913,NA,4,89.1617982369541,0.00351838587475024
"NCI-H82",0.0572799920648372,NA,2.81204025301447,60.4860084548889,3.04242419934315
"OVCAR-5",0.109452741015076,998545.606871392,0.136523334657312,0,998545.606871392
"SKG-IIIa",0.122609105588915,NA,0.22311537700738,79.2285196494996,0.0274780104692764
"SK-LMS-1",0.100177375331868,NA,0,79.9645249336264,0.0195852228279831
"SK-N-AS",0.186535742861613,NA,0.508692260522717,74.0539209457006,0.0138484023286536
"SNU-387",0.172727608407439,116.235642005991,0.255413379847054,0,116.235642005991
"SW1417",0.130045569054182,NA,0.451238073498443,84.2253085361747,0.0023587844122548
"NCI-H226",0.173371438216351,42658422591333.6,0.0658985721080402,34.2905384225829,999920.23317494
"MIA PaCa-2",0.0161139957634258,30.0535359228604,1.42159048051556,0,30.0535359228604
"MDA-MB-415",0.0281877571720762,NA,0,94.3624485655848,5470.40126776915
"NCI-H520",0.0717859540660349,NA,0,85.642809186793,0.0109857359587781
"SU-DHL-5",0,NA,3.92946047540303,100,1e+06
"MKN45",0.0441985409568161,NA,0,91.1602918086368,1e+06
"LAMA-84",0.0339091226531701,NA,4,82.4815202201361,2.00908840503749
"NALM-6",0.0650010045595137,280974.342902577,0.191516772963599,0,280974.342902577
"SJNB-14",0.0437249513361633,NA,4,91.8932432478772,0.114103992854527
"NCI-H1792",0.0691555370772439,136.742564370069,0.452894916651495,0,136.742564370069
"HuCC-T1",0,NA,0.158247106481043,100,0.622648041730571
"L-1236",0,NA,0,100,1e+06
"LCLC-103H",0.134853797909146,237354.703862183,0.133291706556699,0,237354.703862183
"LOX-IMVI",0.092261056056695,NA,0.495808949818227,77.1512497607331,0.44807147306137
"MDA-MB-157",0.0319729800875956,NA,0,93.6054039824809,294.020763273585
"MDA-MB-330",0.155748887841358,21.5519463536578,0.405998723521372,0,21.5519463536578
"SJNB-13",0.158172743718182,9.10340686191027,0.53878630700892,0,9.10340686191027
"NCI-H1299",0.0923087917960949,NA,4,88.4486856744223,0.0132302562982993
"NCI-H1581",0.0204404694809506,NA,4,86.4983135431997,2.85383904395575
"NCI-H1876",0.192170004108709,94.4954682661331,0.240201657497036,0,94.4954682661331
"NCI-H524",0.131546717818383,NA,1.5160505050515,51.1186418246509,1.09787455117084
"NCI-N87",0.113792259787929,NA,4,87.1443670043677,0.00644747415172303
"RXF 393L",0.108661028061143,44577.687853119,0.172975816730996,0,44577.687853119
"SK-LU-1",0.0591744338706378,NA,0,88.1651132258724,0.483127534581715
"TOV-21G",0.0589938099762692,NA,0,88.2012380047462,1.70647870521538
"VMRC-LCD",0.0775025890271276,NA,0,84.4994821945745,0.000711175796662044
"NCI-H28",0.0934023833276394,NA,0.0860627911096148,55.1538943664883,1e+06
"NCI-H2087",0.0686229345651267,91.8347937878358,0.495683174898614,0,91.8347937878358
"BV-173",0.124405043922086,NA,0,75.1189912155829,3945.84175744965
"CHSA8926",0.0203655423825767,43.4778161172332,1.08867261772116,0,43.4778161172332
"JHH-7",0.0656212602693322,NA,0,86.8757479461336,1.09986995098263
"KINGS-1",0.103600949688085,NA,1.65566349899378,83.1768078455469,0.0603424077658129
"LK-2",0.0981980968333004,NA,4,87.723556451644,0.0131458142288027
"MKN28",0.0725116144060064,NA,2.76798238552726,82.413176006146,0.327305738231355
"NCI-H1355",0.222942845269573,1655.84610506223,0.138143558858556,0,1655.84610506223
"NCI-H1993",0.0505903833685011,35.2655421489523,0.790182921456769,6.9231296189985,29.203712331111
"NCI-H441",0.0896876320558395,NA,4,90.7909636980356,0.00270923878874898
"Panc 10.05",0.122081136800246,36539269656645.6,0.0888608013143956,39.3601108633648,1e+06
"WRO",0.0663270949411475,NA,1.13953391297364,90.468853890836,0.029639297989579
"SK-OV-3",0.0678339385064388,NA,0,86.4332122987122,265991.043677239
"HT-29.10",0.223790895598083,NA,0.47412788752579,53.5972675079773,0.192184059060964
"HT-29.11",0.204038245655322,NA,0.629762681821111,59.574220537487,0.151138838587323
"HT-29.12",0.180835911198713,NA,0.70970668193678,60.3540299213608,0.237095811606789
"MFM-223.7",0.0427165373895742,NA,0,91.4566925220852,1e+06
"MFM-223.8",0.00499666077281574,NA,0,99.0006678454369,123136.711495952
"MFM-223.9",0.0540532016082049,NA,0,89.189359678359,56304.6490578152
"MHH-ES-1.11",0.0655306521374652,NA,0,86.893869572507,0.138644543381899
"MHH-ES-1.12",0.0274898396640113,NA,0,94.5020320671977,1e+06
"MHH-ES-1.13",0.0489592363243277,NA,0,90.2081527351345,1e+06
"PC-14.10",0.0689372041737297,NA,0,86.212559165254,1e+06
"PC-14.11",0.0720740227626899,NA,0,85.585195447462,1.03918412285098
"PC-14.12",0.0722849881916239,647572.060054946,0.172338252375088,0,647572.060054946
"SNU-C2B.7",0.144043649780248,1092.16596215165,0.211748205060328,0,1092.16596215165
"SNU-C2B.8",0.116465214850262,213.163357702249,0.309179547325399,0,213.163357702249
"SNU-C2B.9",0.134088853198947,1.7064231976525e+23,0.0697965884339544,46.8650606885906,1e+06
"SW620.11",0.148676067520726,NA,0.88191247349168,83.1278315841514,0.00362377347338066
"SW620.12",0.174687928944822,NA,0.0355688119415523,52.0707286901249,1e+06
"SW620.13",0.120701650797073,NA,0.454773929009044,85.1301697141766,0.00299303237323537
"U2OS.11",0.163920380294163,57.2879095130303,0.306025745919694,0,57.2879095130303
"U2OS.12",0.126406303368035,1108.25830777318,0.230915588884646,0,1108.25830777318
"U2OS.13",0.172493764471459,163.439137186606,0.241314658162853,0,163.439137186606
"A-375.10",0.147878810057067,397.712202513352,0.237925627649916,0,397.712202513352
"A-375.11",0.159230774626791,67.9317384634423,0.302967529715679,0,67.9317384634423
"A-375.12",0.138091609157895,13.7137030962111,0.5263218365634,0,13.7137030962111
"A-549.4",0.126649064135065,77.3465042991215,0.352622717346719,0,77.3465042991215
"A-549.5",0.0934871351970997,128.374361092216,1.09757200172677,49.3037220878098,2.61398043772641
"A-549.6",0.139269667018544,NA,0.524919799036033,73.3907182815272,0.12394868948903
"C32 [Human melanoma].11",0.0556869919258334,NA,0,88.8626016148333,5.38914472505267
"C32 [Human melanoma].12",0.057757919955507,NA,0,88.4484160088986,7.6238646183698
"C32 [Human melanoma].13",0.00606167763261017,NA,0,98.787664473478,685.119347124274
"HCT 15.5",0.0895421061416441,605.905561510925,0.306812649522646,0,605.905561510925
"HCT 15.6",0.0693912305307134,27.2257023898403,0.698298436629533,0,27.2257023898403
"HCT 15.7",0.110590649610673,NA,1.55442929893851,83.4155359827034,0.0393003615993287
"Hs 578T",0,NA,0,100,232.821654249281
"Karpas-620",0.305807807152323,0.736453722531581,0.925050591406158,30.6460131067645,0.263966421643302
"MDA-MB-468",0.0120711737469237,11.9371104919188,4,0,11.9371104919188
"NCI-H2085",0.086010686131347,NA,0,82.7978627737306,0.309222956400565
"NY",0.0357728820009139,570611.668081571,0.227019632211349,0,570611.668081571
"SF539",0.0913205225252801,NA,0.067160871698663,73.6293929564164,2154.14623183023
"SK-MEL-2",0,NA,0,100,1e+06
"SK-PN-DW",0.143637761418433,37.3364083273231,0.380981243752793,2.20365736079836,33.1704349903655
"NCI-H3122",0.102350410793973,NA,4,88.6490164705389,0.00559795731112614
"NCI-H727",0.133863393253325,1078.15104318442,0.223117220290591,0,1078.15104318442
"SW1271",0.0707133061791122,143.913671710085,0.443070110982885,0,143.913671710085
"NCI-H526",0.14629681331829,4967982.27887863,0.107855057610825,7.93862495946182,1e+06
"Raji",0.0273654005421019,NA,4,81.5993459543668,2.91824177935711
"HSC-2",0.0427325230008851,NA,4,81.9043478758313,1.4108398858943
"NCI-H2029",0.0769351662613188,NA,0.671900984112263,87.9873552489209,0.0415003511533023
"NCI-H650",0.0895513591473272,1.14481583157517e+24,0.0996153966043552,49.2055951394507,1e+06
"NCI-H1755",0.121893702853862,565.782342766984,0.258522923296785,0,565.782342766984
"L-363",0.145509082047858,2.54373031267927,4,49.0894217515402,0.934453902783641
"A4/Fukuda",0.314528058321222,1.21944673674658,0.503889951871645,0,1.21944673674658
"TGBC11TKB",0.100906522397156,1e+06,0.142613446929001,0,1e+06
"NCI-H522",0.105480386634166,NA,0.0780122288345503,54.0004645975336,1e+06
"U-698-M",0.0627980748618828,12.258816253462,1.12360080767505,0,12.258816253462
"KMS-12-BM",0.220605290955896,7.20293144634689,0.623190896335763,39.3759395608951,0.599926020385986
"MV4-11",0.149567462888053,13.5068472087039,0.489736898315409,0,13.5068472087039
"NCI-H1435",0.0569670519972629,NA,0,88.6065896005474,1.24442750203343
"NCI-H1869",0.0412782694606825,NA,0,91.7443461078635,131.818208438677
"NCI-H211",0.10638561735768,81.4088378173637,0.393177225611921,0,81.4088378173637
"NCI-H211.1",0.120202566377997,2847.04994041476,0.544929510097658,48.8224311126608,2.93010147476658
"OCI-AML-3",0.150593397361546,NA,0.897728869605086,84.2126887975368,0.000926357123990129
"OCI-AML-3.1",0.0987610477747967,NA,0.030856583882619,74.3944147224909,573385.746579187
"SaOS-2",0.189388978016817,25.3204517621226,0.602018274025344,43.6842258667928,0.814553705728497
"WIL2 NS",0.0494169545720126,NA,4,92.9750280344247,0.0292615185215596
"WIL2 NS.1",0.0793102014234435,NA,0.0999160439145507,54.8451240504089,1e+06
"MOLT-4",0.058840736413374,NA,0,88.2318527173252,1445.97592647753
"MOLT-4.1",NA,NA,NA,NA,NA
"SNU-C5.1",0.0798648620511315,872.597872832679,0.30927674793093,0,872.597872832679
"HT115.1",0.0242758694759451,NA,0,95.144826104811,12.7473278078223
"LS513.1",0.118774486509127,6.28971692715756,2.16426487455626,47.6330667758334,1.53643357020116
"GP5d.1",0.0272109606242286,140.393365828327,1.10287578746459,45.2896651969233,16.4863903193255
"HCC2998.1",0.130615562752326,65.2112941881409,0.357381432691289,0,65.2112941881409
"CTV-1",0.198370375977053,5.60320874622166e+37,0.034693193982674,46.0416396503131,1e+06
"RPMI-6666",0.103390699946082,NA,0,79.3218600107836,1e+06
"A-204.1",0.129259638145476,616.650258568177,0.265207468088469,0,616.650258568177
"MES-SA.1",0.133082473839699,1243.96431560579,0.236064324426774,0,1243.96431560579
"PL4.1",0.199421581642329,NA,0,60.1156836715342,0.268765759206289
"OS-RC-2.1",0.0265436695128447,NA,4,86.2032654453447,2.65097760652155
"WM793.1",0.00942460151117109,13.5410053592325,4,0,13.5410053592325
"KYSE-50.1",0.025356118123362,18.3760104407475,1.71912724985689,0,18.3760104407475
"KE-37.1",0.0880529816905101,9.040876696331,1.24583389129056,0,9.040876696331
"Jurkat.1",0.0595840576849478,9.97353879100462,3.79966471984347,47.2535572408647,4.64717025130738
"KM-H2.1",0.0510238763621332,15.2057638244962,1.29833011291299,0,15.2057638244962
"697.1",0.1450987706881,4.92898019189133,1.40769012416248,27.3362723445644,2.80958255710346
"8-MG-BA.1",0.122113156813384,19.6606258959834,0.594360494993957,0,19.6606258959834
"PaTu 8988t.1",0.115854622127618,290994507480.201,0.101628344114854,36.079309284175,999464.173493636
"FTC-133.1",0.144049274746845,NA,4,82.8647533805503,0.0299828123769332
"KMRC-20.1",0.0413945146968494,NA,4,72.8749762384459,3.49807773743968
"NCI-H1975.1",0.230491994024032,17.8157998101106,0.326684326026375,0,17.8157998101106
"OVCA420",0.011397605209712,NA,0,97.7204789580576,2.30538937210357
"HCC1954.1",0.0629312104214358,1965.76790088715,0.330099882076915,0,1965.76790088715
"ASH-3.2",0.0681751241740092,32827269.7190814,0.160076535604956,21.4072191094332,1e+06
"NCI-H1568.1",0.0413162903497672,NA,3.65379980273541,76.5846860910823,2.96539541878822
"NCI-H1563.1",0.0951522209592643,947.322272450063,0.527725359666968,45.1140746306496,11.5499349667188
"Daudi.1",2.54496412506228e-11,NA,3.36916349128026,99.4081429341641,1195.58583144276
"CTV-1.1",0.0480675243559476,NA,2.92793029708777,79.4964435996474,1.98631796397542
"EM-2.1",0.0404783906532134,NA,4,72.7824937839977,3.59473055862042
"WM278.1",0.125461181400817,144933.555602085,0.151565655636463,0,144933.555602085
"GI-ME-N.1",0.132991464723003,146.623713937836,0.330543069195576,0,146.623713937836
"EJM.1",0.237034091924859,23.1456753464711,0.292751621837337,0,23.1456753464711
"HT-3.1",0.0671565029854187,1202.04190589696,0.342817761157116,0,1202.04190589696
"Hs 746.T.1",0.0150404751967212,NA,4,87.1916837502739,4.4881037723025
"EW-18.1",0.333381136712262,2.28608843524564,0.402855236232256,0,2.28608843524564
"RPMI-7951.1",0.0166206319797079,13.2443045820234,4,33.75,10
"CA46.1",0.077030733300051,NA,4,50.9312067235352,3.39241476357211
"RCC10RGB.1",0.116540900662284,35.9002531908908,0.504283937380623,0,35.9002531908908
"U-251MG.1",0.0777048712481326,NA,4,89.8533188129323,0.050415028664687
"Karpas-231.1",0.0189891072933423,NA,4,60.0768934886213,7.78565007901168
"BALL-1.2",0.0726727397560761,NA,2.52952036502842,53.2666334350503,3.50959354924444
"IGR-1.1",0.0811904321494582,620.348724086538,0.345229760938553,0,620.348724086538
"KP-1N.1",0.0945944351243902,24.2734981456217,0.66612857415383,0,24.2734981456217
"OVCAR-8.1",0.0904024364367125,21.7665279561955,0.718069661091388,0,21.7665279561955
"JJN-3.1",0.119154054229663,7.05635822222822,1.34038327571267,28.0478345431511,3.81831150462857
"ALL-SIL.1",0.0824800398841788,6.6148232659483,4,46.1508189789071,3.4843183499448
"HEY.1",0.0408074319963549,20.5312442557086,1.22753156300783,0,20.5312442557086
"HeLa.1",0.134641414865821,NA,4,75.9328469686128,0.209800149523466
"SCC-15.1",0.0881325780384177,472.477054016339,0.345437443623229,0,472.477054016339
"CAL-33.2",0.101105877020992,NA,0.845248041916648,76.451868261963,0.545789359343934
"JHH-6.1",0.0892640714815804,NA,4,74.8311191979479,0.863188722583718
"ES4.1",0.104498809320615,NA,0.619742909382577,58.6027463606441,3.19265960733406
"UACC-257.1",0.0601723894829814,NA,0.88390850315713,84.4791178447006,0.747433273665048
"KCL-22.1",0.0457073170056595,NA,1.82360977641098,64.8856551867841,4.58040665790503
"CHP-134.1",0.226152796936977,41.4274814287218,0.268107746163941,0,41.4274814287218
"KMS-12-BM.1",0.419591968678634,0.56094110997499,0.648992450944362,33.7761600018579,0.0990203850126189
"OE19.1",0.0947953951017213,910.577650084282,0.301110220192815,0,910.577650084282
"MDST8.1",0.196894317095535,1087.68061397859,0.177255805560802,0,1087.68061397859
"HCC2998.2",0.154617307089421,286.438875940157,0.263213943150784,0,286.438875940157
"G-401.1",0.451402400883921,0.390130891239936,0.648127812250603,22.7984648142961,0.152511373621255
"OAW28.1",0.00832938425936619,14.0208136231908,4,0,14.0208136231908
"DMS 53.1",0.139116277471487,117.807086156746,0.334063973094561,0,117.807086156746
"TOV-112D.1",0.0696077852141087,240.765655743424,0.437158120127525,0,240.765655743424
"AsPC-1.1",0.148691819467206,1302.69245260655,0.217470021721568,0,1302.69245260655
"HSC-3.1",0.121211878342681,21.5390231250707,0.578086365178517,0,21.5390231250707
"Evsa-T.2",0.0809359968152476,259943426068.586,0.126181106728796,39.6315318086101,1e+06
"VA-ES-BJ.2",0.0840924197529829,NA,0,83.1815160494034,0.202840087620792
"GOTO.1",0.172261108493417,909.933889024445,0.203804920920431,0,909.933889024445
"SNU-175.1",0.215323745077027,NA,4,68.483913074798,0.0892243877040576
"IM95.1",0.110238634109477,NA,0.0848538797989204,50.0373557406631,999310.877496348
"OVCAR-3.1",0.139402651220478,453.497764784704,0.263908019519068,0,453.497764784704
"LXF 289.1",0.0600831195918952,NA,1.73872330193428,67.0346862058051,3.04034858062602
"AGS.2",0.0252474419159227,12.4766609605725,2.57203669938283,0,12.4766609605725
"AU565.1",0.201540052259232,5.2350510013182,0.920337641557515,36.029735124941,1.30985392977791
"LN-405.1",0.0256162984816596,NA,4,74.7199876157901,5.04483064146028
"TE-4.2",0.055161263375722,134.976185822307,0.54927153778918,0,134.976185822307
"42-MG-BA.1",0.100618327029118,NA,4,86.3214279129039,0.0621330577191358
"TUR.1",0.110098090817206,4.24312915621208,4,41.2470182909804,2.74462336116395
"EMC-BAC-2.1",0.207757870290087,265.786339484368,0.361483222903084,41.4135063273253,2.03154024243498
"LC-1/sq.1",0.084867730346614,NA,4,89.4738843845198,0.0380971855420418
"Hep-G2/C3A.1",0.0716913487088565,NA,0,85.6617302582287,0.0617096852721507
"Karpas-45.1",0.126915204546611,11.8780988586425,0.934887099048505,31.7854374389052,4.03321629458957
"A-375.13",0.199353936175719,19.1866575699167,0.378970020068456,0,19.1866575699167
"C32 [Human melanoma].14",0.0964923724421607,NA,2.19821655263986,89.6065451727794,0.0136076660596515
"C32 [Human melanoma].15",0.0182390981474975,NA,4,91.9677589734581,2.08466388727896
"C32 [Human melanoma].16",0.00723498266431048,14.5803289397813,4,0,14.5803289397813
"HT-29.13",0.330392763723569,2.85011305794275,0.561622370489039,37.411786213519,0.244511131586702
"HT-29.14",0.318167962255316,7.37831432885241,0.256935101943812,0,7.37831432885241
"MHH-ES-1.14",0.16120063119194,NA,0.655252442015215,66.8473758243813,0.355626080336591
"MHH-ES-1.15",0.128787561307719,15.9896943759124,0.616444662694154,0,15.9896943759124
"MHH-ES-1.16",0.0694700277979757,14.6163463445388,1.06477692454939,0,14.6163463445388
"SNU-C2B.10",0.0907345260931833,NA,4,86.1970523709826,0.10667767372019
"SNU-C2B.11",0.119465225287424,NA,4,81.4425481720589,0.11718315632137
"SNU-C2B.12",0.0647196825197716,33.4063628832872,0.752927083168872,0,33.4063628832872
"U2OS.14",0.122467132050372,438.458448904748,0.289126128458543,0,438.458448904748
"U2OS.15",0.128129717908368,433.713436880975,0.281285849684473,0,433.713436880975
"U2OS.16",0.148191303735953,1255.85757647258,0.219031781973358,0,1255.85757647258
"PC-14.13",0.206748632166308,NA,1.35184601610348,71.994079770209,0.0570994990801693
"PC-14.14",0.213172802926093,41.526324569556,0.286545242172944,0,41.526324569556
"PC-14.15",0.192197896853909,133.352143216333,0.25,1.98625837999344e-14,133.352143216332
"SW620.14",0.177963182147032,108.907946374756,0.278609606776003,0,108.907946374756
"SW620.15",0.112094644716612,20.4457027987279,0.627033498311462,0,20.4457027987279
"SW620.16",0.0423902343088405,NA,1.07932712284885,76.91432844317,3.68446616828538
"HCT 15.8",0.229864461667047,13.6748921912109,0.375,8.43750000000007,8.35362546957826
"HCT 15.9",0.168664483745062,8.98582681738189,0.637236484609849,8.16839538160583,6.79193178791751
"HCT 15.10",0.137935047732708,10.7534857708572,0.693148305539451,0,10.7534857708572
"A-375.14",0.186302946423947,13.9910777142351,0.474409802541194,8.12406294418461,9.62792534979982
"HGC-27.1",0.0554112895965276,NA,4,52.2423232788309,4.53357803267329
"B-CPAP.1",0.183289520854049,44.0186843222065,0.329671510361005,0,44.0186843222065
"SK-MG-1.1",0.122821967008422,NA,0.449572349685236,60.2693351952697,2.62277213807133
"NCI-H1650.1",0.0768422223290054,NA,4,65.1001288139382,2.18655786766233
"786-O.1",0.127018261371551,35.0298510415589,0.476592951343602,0,35.0298510415589
"TGBC24TKB.1",0.298339852506857,0.751342331990755,3.10267241669334,49.5138048442506,0.168776999596064
"KP-2.1",0.0362880291794018,NA,2.34179732681292,75.6526928890948,3.71827531695452
"HDQ-P1.1",0.264373936129051,3.92818300824699,0.49113844493475,0,3.92818300824699
"NCI-H716.1",0.128529099088093,6.30885075399607,2.33441849149436,47.0051546673179,1.88896658827987
"MHH-PREB-1.1",0.0810479557596255,8.16640901842918,2.26460060417792,38.4355072817999,4.27815039021491
"NCI-H513.1",0.028256142846001,19.4541269393105,1.55640223417348,0,19.4541269393105
"Huh-7.1",0.103792160057683,NA,0.985556081738652,73.7312201147339,0.68943468647783
"HT-1197.1",0.156144246795088,66545.9760687462,0.139824019157627,0,66545.9760687462
"J82.1",0.071050168664323,620.536300399129,0.368258531742262,0,620.536300399129
"NCI-H1568.2",0.013707096159902,12.1399122928272,4,0,12.1399122928272
"SK-N-DZ.1",0.276507583077549,3.24238819222034,0.505417902227516,0,3.24238819222034
"NCI-H322M.1",0.221363051709868,7.43372031696949,0.47263376055453,0,7.43372031696949
"LB996-RCC.1",0.139953934813994,NA,0.903599019213342,69.1531272539783,0.448760564765269
"NCI-H1944.1",0.155518391192123,NA,1.71036311980864,83.5167593084775,0.00970654436137715
"MCF-7.1",0.0819413055811097,NA,4,77.0875138299017,0.845678869648874
"KYSE-180.1",0.0695995331117307,NA,4,58.724351649981,3.12758138622237
"NCI-H23.1",0.10098503196543,91.6806556928131,0.435847042234979,0,91.6806556928131
"L-428.1",0.050148129940013,NA,4,64.9266199878741,3.74283774021094
"IGROV-1.1",0.0367616283270692,NA,4,85.2511031118285,1.78820759134671
"LN-229.1",0.110674198228154,7517.57338703748,0.213732943956758,0,7517.57338703748
"HSC-4.1",0.00676928480518949,14.8495058036439,4,0,14.8495058036439
"Mel JuSo.1",0.0242940630170872,1047.98931968844,0.511541317896916,0,1047.98931968844
"639V.1",0.0590344238195246,105.003579317672,0.564110577953042,0,105.003579317672
"SK-GT-2.1",0.0410208676166492,125.827514794052,0.635212874276461,0,125.827514794052
"NCI-H2373.2",0.216452650951011,NA,0.722854383885876,61.9862165536982,0.179290731059758
"U-118MG.1",0.0401451890353554,194.638895469315,0.580542333810248,0,194.638895469315
"TE-1.1",0.167977194810883,NA,0.820007640195257,63.893017094276,0.414575406473751
"SKN-3.1",0.0838882983177164,29.257054359511,0.674321963804701,0,29.257054359511
"SiSo.1",0.046428912681445,NA,3.70647735008566,72.8697735681163,3.07690140495353
"SNU-C5.2",0.0448085294352069,NA,4,87.4451525675861,0.849925108521103
"MFE-296.1",0.0619595161090612,19815.403397629,0.256132050864279,0,19815.403397629
"NCI-H2170.1",0.121217287401924,NA,4,75.844200782824,0.312371571133707
"NCI-H1694.1",0.0234029855501701,NA,4,71.8234877377884,5.78598148578461
"8505C.1",0.0530053844568282,NA,0,89.3989231086343,0.138800522523458
"JHH-4.1",0.136236875496388,NA,0.64890284985882,73.7340466241859,0.269594835317593
"TT2609-C02.1",0.0213562308800378,57.8746570166477,1.02929953003735,0,57.8746570166477
"SW1573.1",0.0449265609437912,NA,3.17426264822173,78.8315374184998,2.31557213519633
"LOU-NH91.1",0.125235713588634,45.0639847063861,0.4491677753827,0,45.0639847063861
"NCI-H1048.1",0.095290559831701,NA,0.0589374492749781,80.6162970866335,0.560453115750588
"C-4-I.1",0.0914894735133782,NA,0,81.7021052973244,0.478497120946459
"Jiyoye.1",0.079233040225069,NA,1.68806623665521,64.9991103761312,2.18753487454196
"SUP-M2.1",0.0635433368845982,NA,0.842795627174562,81.142188125485,1.13847319178482
"CAL-120.1",0.0921341165993651,NA,0.267083994565682,60.774757263187,34.712738689743
"SW756.1",0.101807996460598,700.405021958682,0.300737976752821,0,700.405021958682
"G-402.1",0.0589847932576409,15.2551236670831,1.16898744004316,0,15.2551236670831
"WM35",0.15095465129622,NA,0.924882307655702,54.9596364617966,1.11316088883977
"UMC-11.1",0.0282817039573155,NA,4,61.3751097849963,6.24819083205053
"HCC827.1",0.029932923709606,30.2976792517965,1.16928139479207,0,30.2976792517965
"HOP-92.1",0.0483424596265994,24.5279674411567,1.01294859890025,0,24.5279674411567
"SW780.1",0.0638389167883515,734519.653179233,0.187306072261968,0,734519.653179233
"OVCAR-4.1",0.0373398505742242,21.5255666353796,1.25464403581706,0,21.5255666353796
"RERF-LC-KJ.1",0.040514236157076,NA,1.98869324010744,75.1090494132373,3.43894104670968
"RL95-2.1",0.0299806319274274,NA,4,82.8763576462439,2.98988486877507
"DEL.1",0.166758868404147,15.8298896624531,0.486401311290622,0,15.8298896624531
"KOPN-8.1",0.0905981943040311,18.1379135000525,0.776014244871014,0,18.1379135000525
"ETK-1.2",0.0194664510554084,10.8851500549506,4,0,10.8851500549506
"GB-1.1",0.172768246344579,NA,1.48948341359607,62.5606698050463,0.414107489574921
"Calu-6.2",0.10176094456491,NA,0.984223766668597,59.751267856308,2.11832769520533
"BHT-101.1",0.126786356328437,54.9115620193014,0.423129551793256,0,54.9115620193014
"Daoy.2",0.0278538328053025,NA,4,80.6270114179211,3.72191727094912
"CADO-ES1.1",0.0791744021900533,50.5220208170174,0.585967338871083,0,50.5220208170174
"ESO-26.1",0.0663046946786703,NA,4,76.7010931558463,1.40074259141602
"NCI-H1623.1",0.15043273853583,13.9255668397701,0.565267786862919,0,13.9255668397701
"HTC-C3.1",0.114149126951291,NA,2.57241781496693,55.0468314665242,1.73833884202434
"KM12.1",0.0114499690571959,12.8035959959159,4,0,12.8035959959159
"LOU-NH91.2",0.0497073855375945,NA,3.21063489698415,72.6599107489564,2.86436709846543
"PWR-1E.1",0.0714921302509753,NA,4,59.9805563159667,2.91671069299491
"SNU-182.1",0.132497009159609,66.7255818503714,0.391075607438968,0,66.7255818503714
"SNU-398.1",0.10054505367714,337710.526751384,0.160788531270762,0,337710.526751384
"CHP-212.2",0.16025894782536,NA,4,77.0252345751626,0.0808172481419536
"TYK-nu.1",0.0244918794142558,23.0692038206171,1.49240599867958,0,23.0692038206171
"DBTRG-05MG.1",0.0887471551836111,NA,0,82.2505689632778,0.00566750489658083
"ESO-51.1",0.0781164438817997,NA,1.210743676293,70.4572299809243,1.76873992702467
"RPMI-8226.1",0.0951771615908251,NA,1.45369478077569,66.2765255127026,1.4833995991797
"OVISE.1",0.0833013496185835,NA,0.809014290129526,75.0870258477394,1.18521431111181
"DiFi.1",0.0101596129600193,13.2539487246483,4,0,13.2539487246483
"KG-1.1",3.08469950050311e-12,NA,3.64670731819507,99.4725619927617,1404.82866803766
"ARH-77.2",0.0276101825793001,NA,4,67.3442145025704,5.72025769919243
"EBC-1.1",0.0908462010100843,270.578754644902,0.373301789565359,0,270.578754644902
"HuO9.1",0.248394812215906,218.516034105191,0.541677052856963,48.4075452831641,0.376723947346219
"Raji.1",0.0636018971547297,NA,1.05710086592287,61.4226352067485,4.47786906083598
"Granta-519.1",0,NA,0.117342973168551,100,0.0734173585741219
"TC-71.2",0.21260088118498,NA,4,61.441979208349,0.221813683283259
"HuO-3N1.1",0.0956226690463122,NA,0,80.8754661907376,0.00425654800796204
"BT-474.1",0.0515512191205723,3517.37304775595,0.333030308039538,0,3517.37304775595
"RERF-LC-Sq1.1",0.0489810516108507,NA,4,89.9816087887555,0.341489918518353
"RD.1",0.177654582977382,NA,0.73310131789275,53.5188514425742,0.830427902534464
"CAL-51.1",0.116436567735517,NA,0.066926054830972,56.7830596608614,1e+06
"IMR-5.1",0.0489769258258956,567.835103892734,0.439187062266055,0,567.835103892734
"BPH-1.1",0.0886673617752173,6.43690352496761,4,47.1452170069702,3.14650027605035
"SNU-1.1",0.0267503898097072,NA,4,86.0029913158221,2.67456239753113
"JSC-1.1",0,NA,0.955008598989002,100,27.4254064666401
"SAT [Human HNSCC].1",0.113120495178251,4.09526142382601,4,41.2896173598582,2.64574776417851
"P30/OHK.1",0.0147107762175091,11.8833630589144,4,0,11.8833630589144
"NCI-H2405.1",0.103578497081929,18329357.2235881,0.132794492747612,16.0194027417817,1e+06
"C2BBe1.1",0.136771623567113,NA,4,79.4943262596645,0.099806655372565
"TCCSUP.1",0.0613190099179271,NA,4,90.5690733890454,0.11209073282134
"HuP-T4.1",0.0679726312600332,NA,2.99280626539058,87.0136653661256,0.269069964559612
"A101D.1",0.0164835727495975,NA,4,89.5456650529226,3.37614595937406
"GA-10.1",0.0325078299444044,NA,4,70.8297773548856,4.68612019340738
"CESS.1",0.0867739996051252,NA,4,52.0464313334804,2.87020648623934
"RT-4.1",0.02871175742234,21.837705276983,1.42879108030724,0,21.837705276983
"NCI-H1155.1",0.0307098585250388,42.7749078741934,0.99533246006135,0,42.7749078741934
"COLO 678.1",0.0534012687691762,210.83230100504,0.581099037419395,24.8547969568169,64.5995927116083
"A-172.1",0.0661136102734597,NA,1.48267042104139,65.9206247487158,2.8918535561694
"647V.1",0.0576190955386946,399.742451536211,0.435141436962859,0,399.742451536211
"EC-GI-10.2",0.0147632457588652,11.8704935549946,4,0,11.8704935549946
"LN-18.1",0.0853256929036021,17.2953799318692,0.830240984877615,0,17.2953799318692
"M14.1",0.0727167443429125,294.733001398397,0.412354180653148,0,294.733001398397
"KYSE-140.1",0.131830417676497,27.2767082206334,0.865716400443973,43.0625589942508,2.78592958899863
"COLO 829.3",0.110923182393174,62564.6116547315,0.174497840960217,0,62564.6116547315
"EPLC-272H.1",0.0599735459397815,194.680028906738,0.838544424223653,45.3579279499012,11.4369322049676
"G-361.1",0.025838234147444,NA,4,80.6407174696728,4.00297061598087
"GDM-1.1",0.33200462607025,1.39776817465782,0.640044988041261,0,1.39776817465782
"JHH-1.1",0.1625,NA,0,67.5,1e-06
"MM1.S.1",0.483676807432456,0.288107228849643,2.8064675548356,7.27607172410489,0.272406790773285
"MOLT-16.1",0.0029021040083322,18.6036815515413,4,0,18.6036815515413
"NCI-H1693.1",0.139529444456363,143.73036139085,0.320684208953259,0,143.73036139085
"NCI-H1781.2",0.101064225310303,NA,1.63977598100298,76.5028956146097,0.514490920570087
"NCI-H2141.1",0.0305598777344472,NA,4,82.7922944601537,2.93808433500634
"OE21.1",0.0490050345330761,685318947.062331,0.273675449216094,48.5100773980353,1822.43814018498
"Panc 08.13.1",0.176277976022786,NA,4,77.393902525432,0.0457708331594084
"UPCI-SCC-090.1",0.00441950650192319,NA,0,99.1160986996154,0.267140917184997
"SU.86.86.1",0.110142406771743,NA,0,77.9715186456514,0.000557467306178797
"SU-DHL-10.1",0,NA,1,100,1.00017563084078
"SUIT-2.1",0.061938377239161,NA,4,81.3309027596632,1.0110640021561
"SUP-HD1.1",0.0427717368045512,29.0759198070327,0.999678148964254,0,29.0759198070327
"NOS-1 [Human osteosarcoma].1",0.23192768300627,NA,0.878087827700891,59.8059054203784,0.175661266493126
"CFPAC-1.1",0.150691754097499,NA,0.0424140272486982,56.5320412020852,1e+06
"A2058.1",0.0774974430024374,NA,0.190090194748252,83.7664228147698,0.51790677790679
"CAL-27.1",0.10939986869379,56955.6302426611,0.177274386157995,0,56955.6302426611
"COLO 205.1",0.356508165309025,0.421991030902478,1.77432927572354,37.7361740129836,0.191124978258808
"COR-L23.1",0.161824988743472,NA,0.742671406122842,53.4344384578529,1.10726353578144
"DAN-G.2",0.0779742215478114,78.1907953126336,0.525700776032934,0,78.1907953126336
"EW-1.1",0.432352413506877,0.439020434818925,0.71726596563362,26.3538508994491,0.15455500515203
"GP5d.2",0.0500336497811422,NA,4,78.3598220261929,2.02588146387457
"NCI-H2722.1",0.12382503817509,1732.19766421934,0.236891763327517,0,1732.19766421934
"HCC15.1",0.102764994941136,NA,0.719454571033185,56.2251303055638,3.21658308286148
"MFE-319.1",0.0463758752482048,NA,1.62264831224654,83.3686666707687,1.49783429529644
"NCI-H1876.1",0.151969682828198,38.0057143783361,0.404110320136858,0,38.0057143783361
"NCI-H661.2",0.0840963562069196,NA,0.880966010447691,79.3909566955704,0.638668406952159
"T-47D.1",0.172615269612779,117.282823988352,0.37351068958662,31.321119280536,8.40175171128831
"U-87MG ATCC.1",0.021580626551579,NA,0,95.6838746896842,0.272743059803095
"MC/CAR.1",0.0443433374286441,NA,4,87.1553969393982,0.921295209515317
"23132/87.1",0.151624835328762,968.354350613758,0.222982409895823,0,968.354350613758
"ATN-1.1",0.221289764532285,NA,4,64.6612521812022,0.132297685112798
"BB49-HNC.1",0.402253485272029,0.597019384920193,0.743440828926691,26.1234654073148,0.220909322104373
"SK-N-BE(2)-M17.1",0.188744589855668,NA,4,67.0232642133507,0.191893281545329
"BFTC-909.1",0.0143018585338417,11.9854497061978,4,0,11.9854497061978
"BICR 10.1",0.106386683385596,NA,0.535797377210633,80.2223505896518,0.220667106831391
"BV-173.1",0.041940064281054,NA,4,75.055081541337,3.13830027109891
"CAL-29.1",0.00639834010730045,15.0800957745184,4,0,15.0800957745184
"COLO 678.2",0.00786859915709157,14.2452135393539,4,0,14.2452135393539
"COR-L311.1",0.281680452941488,0.519992602743486,4,44.6568645360069,0.29730602519334
"DG-75.1",0.0263075521433878,NA,4,87.0228017501745,2.46765341396331
"EW-13.1",0.0948795766434649,NA,4,86.7350723354887,0.0715027432237184
"GCT.2",0.0254181277323769,NA,1.00184211067817,88.2248936618326,2.88920166539959
"Lu-135.1",0.106464390730873,22.1381885718643,0.632824529877867,0,22.1381885718643
"MOLP-8.1",0.29752203533895,0.5810117138234,2.62104217087418,45.8519723781688,0.224752509071393
"SF268.1",0.0448832965865731,NA,4,89.7869409454446,0.480498583518958
"SNU-61.1",0,NA,0.200623877262585,100,4.81152745180884
"HC-1.1",0.0278304013338702,NA,4,84.8051058551594,2.82659749515346
"A-704.1",0.0135729061171975,16.6532191823957,2.55900607087771,0,16.6532191823957
"ALL-PO.1",0.124925473171712,6.12547355712443,1.32235436664498,19.2848424383608,4.23749304322326
"AM-38.1",0.0345593943473771,NA,4,88.9269483181945,1.15819078959541
"P32/ISH.1",0.0135730778454472,NA,4,93.4864894966768,2.37268940241651
"SUP-B15.1",0.0207505859091036,NA,4,94.4802056334081,0.745243357162464
"MHH-CALL-2.1",0.199557353423732,4.63804875745665,0.83287405491834,22.4771153362373,2.26481365741157
"ES-2.1",0.0413330252874754,130719377.972037,0.189018444391523,30.0958922105864,1e+06
"NUGC-4.1",0,NA,0,100,3147.51281970476
"HCC1187.1",0.175467659635624,1715231.17998797,0.498406048092993,49.9530986402967,1.44340169530632
"NEC8.1",0.121670045995727,NA,4,76.6558497070561,0.273221466843923
"CAL-78.1",0.0206722329097747,NA,4,87.1029060206313,3.31498863890318
"AN3-CA.2",0.0058459594361849,15.4546379053432,4,0,15.4546379053432
"DU4475.1",0.110665903145031,7.12157025259297,1.19958744475063,0,7.12157025259297
"PaTu 8902.1",0.178655814383365,115.424414400055,0.274563920331172,0,115.424414400055
"HT-1080.1",0.112473756954561,4941.5027171184,0.221639952039578,0,4941.5027171184
"HCC1806.1",0.0546780977178163,NA,0.704348126439522,87.4236339127027,0.542380973310737
"HOP-62.1",0.0276889408416932,NA,4,81.2724749615298,3.61677282104507
"JIMT-1.1",0.00657796529943218,NA,4,98.2765264852873,0.71628025304795
"Rh1.1",0.141788324566232,7.6977816291667,1.42841423736329,43.2563322532092,1.8934196310889
"RC-K8.1",0.0271149349548542,NA,4,86.7791395426749,2.42743198933227
"SU-DHL-5.1",0.060415838910462,NA,4,62.0501262478629,3.34027750053355
"A3/Kawakami.1",0.086167875824159,NA,2.07147606818433,56.2415417999636,2.64368234230345
"A3/Kawakami.2",0.0896198968293746,23.8835065253063,1.11598929475598,41.6702655495447,4.79352675214526
"CL-40.1",0.137642492348895,1096.82003498169,0.234699447155099,0,1096.82003498169
"COLO 792.1",0.239426748528018,18.1109254705807,0.30951216140678,0,18.1109254705807
"COLO 824.1",0.236933003220644,10.236161299663,0.377862416838176,0,10.236161299663
"HCC1143.1",0.262331584438533,NA,1.10594007886585,51.2169954224471,0.240830159724925
"HCC1143.2",0.266369816126747,NA,1.24312007722305,59.0317577761534,0.107927723623864
"HCC1143.3",0.284223988049512,21.1270757970926,0.337563288338465,33.0143587383593,0.862585032343533
"HEC-1.1",0.0186684199978623,NA,4,83.2005795133286,4.69687157935125
"Hs 445.1",0.0195276078739562,NA,4,88.0890537627276,3.23127960181569
"HT-55.1",0.309968665906397,16.3135133633841,0.943713453459849,49.4581867590778,0.13496466911153
"HuP-T3.1",0.189095249540553,44.1869259859355,0.319629936102565,0,44.1869259859355
"JVM-2.1",0.0652136597330793,NA,4,72.4080093289956,1.95507174792705
"JVM-2.2",0.0733136450100114,6.74352910251374,4,42.7714568798783,4.15821967532261
"JVM-2.3",0.113340863673987,15.5048755356543,1.18509411769362,42.6549076783884,3.07321909327824
"NCI-H2228.1",0.230105115988541,NA,4,63.2694126504652,0.132049842643914
"SNU-5.1",0.0281141887884693,NA,4,88.0588908944132,1.967412267153
"NUGC-3.3",0.0108794684573984,NA,0.17483525435962,97.6920418584712,0.621281195636169
"OACP4 C.1",0.297697706856659,0.936672929738697,1.62103659956391,43.9334198742602,0.2549772104922
"OCI-M1.1",0.0717021680468533,NA,4,67.4678949948998,2.18315111525733
"OCI-M1.2",0.0907947895575189,NA,2.24513994651647,58.2004490274215,2.26560444165221
"OCI-M1.3",0.127952979724339,106.360393367954,0.361927905149063,0,106.360393367954
"OV56.1",0.00735027542221406,14.5168391046928,4,0,14.5168391046928
"RS4;11.1",0.155940720217441,NA,2.64747182287645,50.2673983003481,1.14796213173841
"SCC-3.1",0.0637294520914166,NA,4,64.1616018611558,2.93337859084979
"SK-ES-1.1",0.343866827227347,3.61045129681456,0.37223987553694,26.8841580440644,0.454404070897334
"SU-DHL-8.1",0.053026752885919,NA,4,60.6898200283701,3.96274578391736
"TK [Human B-cell lymphoma].1",0.0727263527968048,NA,4,76.957599483341,1.13039668410997
"A3/Kawakami.3",0.0997848487804995,14.6234486075786,0.882592171461541,17.1955535620902,9.07117965896382
"NCI-H747.1",0.255163315564254,NA,0.8066478988054,60.1149781218979,0.104395971129866
"NB1",0.0992299119323099,NA,3.77869172648434,52.8393694091391,2.34044065640943
"HPAC.1",0.185653593183115,92.6805356925658,0.276804740721281,0,92.6805356925658
"EW-16.1",0.240748952009331,6.64994156081632,1.08292664370688,47.4301239319128,0.429013971327219
"OSC-20.1",0.0883271135942557,22386.4188454239,0.215744261269275,0,22386.4188454239
"EGI-1.1",0.119112469999172,NA,0.294859798459941,83.4450739978983,0.0100731694106233
"SBC-5.1",0.178401460033899,356.293426101567,0.226550013212998,0,356.293426101567
"NCI-H2369.2",0.10333632410023,NA,0.715816441557832,72.6106167131042,0.874402001250327
"H9.1",0.167447746034958,9.82256130412292,0.589055494863444,0,9.82256130412292
"OACM5.1 C.1",0.275442581140041,3.32174539683055,0.50161254167004,0,3.32174539683055
"U2OS.17",0.0928676615962402,91.6370600493549,0.458330092724882,0,91.6370600493549
"A-375.15",0.28461413640884,15.8683588551385,0.248743030294185,0,15.8683588551385
"A-375.16",0.290136803434067,51.5912808542278,0.406274350400058,44.2623962281111,0.25019547815659
"HT-29.15",0.305311603393214,NA,1.00255896369787,54.8288104282655,0.0847146060045204
"HT-29.16",0.28228531137081,NA,4,56.4577828691106,0.11356227783363
"HT-29.17",0.247896437957854,NA,1.05395879798214,58.0525409278296,0.162672826272529
"A-549.7",0.0716403811963533,11.2770298130417,1.253918500277,0,11.2770298130417
"HCT 15.11",0.151152974976679,45.1551685685144,0.388219245506254,0,45.1551685685144
"HCT 15.12",0.104355196011905,NA,1.50716304919214,59.7115750779222,1.74980541489866
"HCT 15.13",0.0955240138852994,11.3886123940358,1.00702802799243,9.79342325293353,9.1718855387236
"A-375.17",0.15919362431445,13.7421423161705,0.537466728906414,0,13.7421423161705
"U2OS.18",0.158719273169187,145.59089564747,0.290184683184173,0,145.59089564747
"C32 [Human melanoma].17",0.154807532419641,NA,4,84.3677460393948,0.00744780691686437
"C32 [Human melanoma].18",0.130676693107459,NA,1.41912319509892,86.9323278836115,1e-06
"C32 [Human melanoma].19",0.128825479128467,NA,0.0571204643738383,56.9077486825951,1e+06
"PC-14.16",0.183904663610986,NA,1.03522858826229,77.3612506096839,0.0273728933043331
"PC-14.17",0.12663821518696,4318.69688894213,0.209556001720177,0,4318.69688894213
"PC-14.18",0.128702505106502,279440386988086784,0.0811097852228984,44.1039589890001,999902.003410903
"A-549.8",0.187945506473692,17.5596849142386,0.415266127971483,0,17.5596849142386
"A-549.9",0.144760722947948,NA,0.585449836762003,57.769511513657,1.35278655911621
"MHH-ES-1.17",0.172159407574913,267.842287794041,0.244296900658438,0,267.842287794041
"MHH-ES-1.18",0.14612567545717,132.38056542421,0.314891671545861,0,132.38056542421
"MHH-ES-1.19",0.172498064992661,77.6985716874466,0.30656276878709,0,77.6985716874466
"SNU-C2B.13",0.101505884327932,99331.2538845449,0.176125499185568,0,99331.2538845449
"SNU-C2B.14",0.119659459910067,NA,0.0418738576973805,65.6641734421754,999992.052006258
"SNU-C2B.15",0.104183491691888,NA,1.33841027734252,87.140190957361,0.032235272869228
"SW620.17",0.124207657564722,244.276410703996,0.31544378699402,0,244.276410703996
"SW620.18",0.187366098318593,NA,1.27317183187908,71.4931787898422,0.102856361426466
"SW620.19",0.140928329031244,NA,4,72.4052986976711,0.293760219976914
"HT-144.1",0.0505500680369646,NA,0.116018984859084,66.7755002278784,1e+06
"HuH-1.1",0.0511616590152295,NA,4,67.2304175256155,3.41289164625264
"LB771-HNC.1",0.225020397547787,12.1584112484854,0.380812267359345,0,12.1584112484854
"LCLC-97TM1.1",0.161040630841861,NA,1.0299315628309,58.283928190537,0.732069204516943
"NCI-H196.1",0.0771330502658619,48941.3700266535,0.214053876941522,0,48941.3700266535
"NCI-H1963.1",0.134478125410965,19.8095677855034,0.546875,0,19.8095677855034
"NH-12.1",0.157859683591413,NA,4,67.9679932132027,0.332396956878989
"OAW42.1",0.105221646821671,NA,0,78.9556706356659,0.707011106249876
"PFSK-1.1",0.199708147064705,5.93219856596948,0.613628630803665,0,5.93219856596948
"RERF-GC-1B.1",0.157662340816509,10.0731939548532,0.723479817113988,22.0949496468803,4.49853876661996
"TE-6.1",0.155684664841214,387.863709683321,0.249506316135835,0,387.863709683321
"A-253.1",0,NA,0.454653368500362,100,0.255444915227259
"DMS 273.1",0.121159989383963,NA,0.0757610927822113,50.44973597773,1e+06
"SK-MES-1.1",0.0158418246626039,NA,4,88.2503304176049,3.96457913536733
"TOV-21G.1",0.114538740904338,NA,0,77.0922518191325,0.00735076565864935
"MS751.1",0.192571889474605,NA,0.269996247652762,69.6178709318717,0.0359816652961689
"DK-MG.1",0.136905431407114,NA,0.0534283251964562,55.917017382134,1e+06
"CHSA8926.1",0.00927943508219945,13.6007661602264,4,0,13.6007661602264
"HCC2157.1",0.0658722256614348,NA,4,54.5538435634297,3.69142266783448
"KY821.1",0.282248812563648,1.94187173742706,1.64994572502493,48.5698082587989,0.225262718048912
"NCI-H1092.1",0.132108012950536,999460.726661541,0.127359049667406,0,999460.726661541
"NCI-H1793.1",0.10616690438584,394.70607754969,0.320731820624771,0,394.70607754969
"PC-3.1",0.0833964012471297,NA,0.0026993626379881,83.42121441869,0.00354476909068147
"NCI-H1915.1",0.00195169560332135,20.6117825666795,4,0,20.6117825666795
"NCI-H650.1",0.15144568918337,NA,0.00265429227770226,69.6744158753969,0.782356033957377
"Rh41.1",0.457021320189548,0.390553859127934,1.11339376184774,6.20800777501289,0.346712418707841
"KU-19-19.1",0.0508895566292216,NA,2.34796014081305,73.5596946397313,2.69758915467026
"CAS-1.1",0.00693960906193286,14.7485871980153,4,0,14.7485871980153
"HPAC.2",0.106835298346685,NA,2.82556824454125,72.6164890382664,0.675663046729697
"CL-11.1",0.132025885022127,NA,0.548809018138192,73.0593831553233,0.34711319067645
"HCC1954.2",0.125551841529387,73695.3978123439,0.160108637780543,0,73695.3978123439
"HCC1937.1",0.0103508274960248,13.1831891633558,4,0,13.1831891633558
"PA-1.1",0.17297625526905,7.7140321484353,0.640918283719778,0,7.7140321484353
"EFM-192A.1",0.11770448263966,1115256332512.41,0.0986302589604564,37.3376045697344,1e+06
"MOLT-13.1",0.074671259285191,NA,4,61.5639577306292,2.6165557963298
"MHH-ES-1.20",0.0614146777256087,NA,4,89.6691648527201,0.164701143163813
"U2OS.19",0.103850604197116,NA,0.556153864880134,68.0045911810104,1.69952361800501
"HT-29.18",0.167539671560541,45.0335062186271,0.718913162074693,45.4349239041507,1.61277043043386
"A-375.18",0.158149544946008,96.1757091529585,0.315467537169804,0,96.1757091529585
"PC-14.19",0.131404785356358,106.717313672429,0.355017057673685,0,106.717313672429
"KYSE-150",0.107709975511872,NA,1.57579262330276,82.5480492530929,0.139517363049879
"SiMa.1",0.309394114601612,2.60883101629023,0.582636469682048,30.3901743983712,0.523313243405765
"SW626.1",0.0552069654939093,NA,0.938573640220642,71.086507808531,3.83057663574302
"KMOE-2.1",0.0998836660211882,NA,3.37093046639795,57.7601018432531,1.95513101340486
"NCI-H2591.1",0.10413973426168,3100698.17822172,0.140095432858066,7.33038014054681,1e+06
"HCC1937.2",0.00144327054510588,22.266408698795,4,0,22.266408698795
"KLE.1",0.0548981466757207,NA,4,75.3269585192334,2.15167029774353
"KYSE-410.2",0.0643860953437594,630.188472616277,0.384377023371333,0,630.188472616277
"LNCaP clone FGC.1",0.112157683608469,25.7415142776355,0.576425963842784,0,25.7415142776355
"NB(TU)1.1",0.22167273590765,1.62802957300833,2.22425317627647,41.9564660120416,0.715983387861464
"NCI-H209.1",0.111920137305397,NA,0.48736242246074,52.0587377242696,5.90969698162091
"NCI-H720.1",0.0570641530671228,NA,2.25982343625698,88.2348601892977,0.350804965342002
"NB1.1",0.181292690960944,282237.482500396,0.111171541462391,0,282237.482500396
"Lu-99A.1",0.171902041029485,89.8074039331755,0.298395065031647,0,89.8074039331755
"MOLM-13.1",0.0601906676529617,NA,2.26124358838699,57.2337311340775,3.98472661241147
"Lu-99A.2",0.126061195966235,59.3500302111923,0.41683128006164,0,59.3500302111923
"Lu-99A.3",0.113843721225485,42.1104649420932,0.655351069982322,33.873495304459,7.49061573561127
"NCI-H2347",0.00834157892033999,14.015081400267,4,0.000252672519888765,14.0150636941037
"NCI-H1341",0,NA,0.663405406708032,100,0.0793720258308965
"NCI-H1573",0.0931957697359756,45.7029610716945,0.546514092255051,0,45.7029610716945
"NCI-H1688",0.186994263419418,NA,4,64.3639546479788,0.266636402354808
"A-498.1",0.132827041224055,5.7543528539142,1.30992309278264,21.6688670476132,3.72958229036536
"MFM-223.10",0.0443610393864824,506.523682352582,0.46563870057798,0,506.523682352582
"BT-474.2",0.0556498330142558,172.030386008737,0.518167557172674,0,172.030386008737
"AU565.2",0.10675657605518,6.83070171986916,1.89990680920427,38.1622944405021,3.1998681097151
"CAL-51.2",0.0789861959572278,47620502.620977,0.148272758023781,21.803262302797,1e+06
"HCC1806.2",0.0219028318029689,NA,3.49385342284255,74.6191264570603,5.70998732838317
"MDA-MB-361.1",0.125204353318307,NA,0.0944251172459007,51.3781612452423,25418.6538527788
"CAL-85-1.1",0.116471911962098,20.1676085805675,0.733889342384914,25.9666977901395,7.43247140326828
"Evsa-T.3",0.0453085661916618,51.842155889668,0.77749115806448,0,51.842155889668
"HDQ-P1.2",0.198739353757568,7.8906456769146,0.52945471955287,0,7.8906456769146
"MDA-MB-157.1",0.0512482602477195,NA,0,89.7503479504561,0.0159557147221548
"MDA-MB-436.1",0.0657682914511219,53107.0002795617,0.227691114501308,0,53107.0002795617
"MDA-MB-361.2",0.00168161580287444,21.4138795636482,4,0,21.4138795636482
"LS411N.1",0.0995760351555291,NA,4,65.0995555637155,1.3936787503991
"HL-60.1",0.228961813193091,10.2989530373398,1.23270050689214,48.9255561805919,0.456919526496949
"PF-382.1",0.0215992769779538,NA,4,84.1086851474771,3.93409608205051
"SNU-407.1",0.068618090589774,90.1921202728802,0.543174717331169,0,90.1921202728802
"NCI-H1417.1",0.300742835452405,1.48710537333174,0.900078658495813,0,1.48710537333174
"NCI-H1417.2",0.350407000742794,1.21298903664836,0.613902128212841,0,1.21298903664836
"NCI-H1417.3",0.353430565048109,1.11868031795775,0.665381139662243,0,1.11868031795775
"P12-Ichikawa.1",0.104424726122596,52.3525721074937,0.580409111547152,25.39294026912,15.432362954888
"P12-Ichikawa.2",0.145872365797691,19.5461018397649,0.511910863178988,0,19.5461018397649
"P12-Ichikawa.3",0.0696331316597421,76.2624824120726,0.562222958116073,0,76.2624824120726
"SiHa.1",0.0675438061505301,36734.4853341605,0.232938050987843,0,36734.4853341605
"OVTOKO.1",0.0558823539176738,NA,3.78732479693394,66.5488257568104,3.16467047576222
"FaDu.1",0.0307393824530805,NA,4,86.6026586340993,2.05074972882748
"5637.1",0.0776677323728025,NA,2.16500795237153,85.6229824761121,0.239504800063761
"Detroit 562.2",0.118318291718695,16669.4646356837,0.189696967072477,0,16669.4646356837
"NCI-H2052.1",0.0791270756152428,379.396793912618,0.37847908791857,0,379.396793912618
"Rh30.1",0.18516750340081,5.14074699981174,0.756197649043305,0,5.14074699981174
"T-47D.2",0.082517155577247,29.3338481704712,0.680898844671501,0,29.3338481704712
"KYSE-180.2",0.111951523784814,NA,0.0320962999721499,78.9913911260033,0.00519883430360876
"HCC827.2",0,NA,1.0006558712986,100,1.0158570108004
"A-375.19",0.13041661589899,2981.78295420828,0.21461719071921,0,2981.78295420828
"A-375.20",0.0545224570119615,NA,4,83.0636912280699,1.08220418621561
"A-375.21",0.077380703798087,95329.5659222498,0.201803793197688,0,95329.5659222498
"A-549.10",0.0473735035385378,NA,4,71.2830625953327,3.2083426193888
"A-549.11",0.0430202353085429,NA,4,85.5643079304829,1.27660957466923
"C32 [Human melanoma].20",0.088456823355267,NA,0.0256941848637087,82.6674833670391,0.0630474298017514
"C32 [Human melanoma].21",0.0875345142080098,NA,0,82.493097158398,0.0068730707803169
"C32 [Human melanoma].22",0.00699609603926359,24.6500895250447,2.348478559198,0,24.6500895250447
"HT-29.19",0.0731768010682909,62.9065673959293,0.576054581329694,0,62.9065673959293
"HT-29.20",0.0317166055918537,NA,4,87.4907201464054,1.73589201413987
"HT-29.21",0.12282205946157,NA,0.974893009272761,64.2643977708263,1.0231696248279
"MHH-ES-1.21",0.113794312280034,NA,0.0478098680119533,65.3823117349532,1e+06
"MHH-ES-1.22",0.0939695476232118,719.99493585554,0.312978994439741,0,719.99493585554
"MHH-ES-1.23",0.111381483255835,1626.47521622605,0.254504908869732,0,1626.47521622605
"SNU-C2B.16",0.118925555239207,NA,0,76.2148889521587,0.00355079669621535
"SNU-C2B.17",0.119189950940184,292.868033400669,0.31402913245153,0,292.868033400669
"SNU-C2B.18",0.0883421671584927,117942.197102416,0.186313901641367,0,117942.197102416
"SW620.20",0.0542431655475616,157.176273458749,0.53514532708161,0,157.176273458749
"SW620.21",0.0419022747902493,NA,1.7516499646042,81.3322541717783,2.20601851110995
"SW620.22",0.0250672384950851,NA,4,84.2970356198489,3.33013829320368
"PC-14.20",0,NA,0.87158056829628,100,10.5958769700553
"PC-14.21",0,NA,1.34894991753781,100,23.4596158708243
"PC-14.22",0,NA,0,100,5.74304897593673
"HCT 15.14",0.0572943159468667,NA,4,68.7663969593322,2.82106624606052
"HCT 15.15",0.0736740293959487,113812.554844868,0.203281672470912,0,113812.554844868
"HCT 15.16",0.0791715665271114,581953.455838634,0.173554034021694,0,581953.455838634
"U2OS.20",0.0941887771553651,332.127928712856,0.353210405390297,0,332.127928712856
"U2OS.21",0.0871829698455371,2656.3178234826,0.273144833173931,0,2656.3178234826
"U2OS.22",0.00899738515806559,13.7200440556043,4,0,13.7200440556043
"HCC1428.1",0.00131667897989567,22.7933530375125,4,0,22.7933530375125
"HCC1500.1",0,NA,0,100,7.87062422976236
"KYSE-520.1",0.0861492569437711,NA,4,81.4678836227906,0.403192714313016
"KYSE-520.2",0.109718880269454,NA,4,64.8522051021402,1.15770503207027
"KYSE-520.3",0.145615956253079,NA,2.92607672316428,77.1453386046398,0.12264003365613
"MeWo",0.0132244382287991,NA,4,94.3374355044927,1.99342654345063
"NCI-H1838",0.0597623558842592,NA,1.00770487012734,66.5899352053334,4.05826008678659
"NCI-H446.1",0.00385270313059551,17.2737962506666,4,0,17.2737962506666
"NCI-H446.2",0.0581265779936222,NA,4,70.6991337167894,2.5431003121066
"NCI-H596.1",0.026526714221228,NA,4,71.3200352368497,5.38668503032909
"NCI-H2122.1",0.179884051757616,2.09597095597602,4,31.3027013863665,1.63903216065506
"BT-20.1",0.0633369388729522,1158.10941998891,0.353690841433802,0,1158.10941998891
"HCC1419.1",0.0366913653262349,NA,4,80.7871344308655,2.67720329081123
"CAL-120.2",0.00190450711740403,20.7230561842121,4,0,20.7230561842121
"HCC1937.3",0.0272772401151257,NA,4,84.858122099168,2.8737527531535
"JIMT-1.2",0.0480911050228879,NA,4,50.1842854330243,5.21351287567367
"MDA-MB-175-VII",0.0247459890468614,28.8688837983578,1.30454433532104,0,28.8688837983578
"HCC1419.2",0.0318874313210507,42.1998689639377,0.982725034949147,0,42.1998689639377
"MFM-223.11",0.00855990929806407,NA,4,86.227163111232,6.82740405571406
"HCC1187.2",0.0735541166189276,NA,1.40457357847062,90.216211119425,0.0510707433408605
"HCC2157.2",0.0534184205302154,NA,0.0244692569799159,88.9898221738332,3.53521093666847
"CAL-148",0,NA,0.648651502497367,100,0.0707748978928134
"T-47D.3",0.0516845820150505,NA,1.39650657604094,79.5474217354735,1.85028234833305
"EB3 [Human Burkitt lymphoma].1",0.0347021642848621,NA,4,78.4893743039649,3.29098597580337
"JHU-022.1",0.168330884288309,NA,0.231074633018169,67.4133813732526,0.233883948783606
"IGR-37.1",0.0229934039257546,NA,1.39432675103888,88.4080046579807,2.84929913139173
"IGR-37.2",0.0809119283097023,NA,4,85.4920898048645,0.212324417008517
"HD-MY-Z.1",0.0352262471210671,NA,4,75.6129507147282,3.7044096084984
"HD-MY-Z.2",0.126181598567821,264006713.379428,0.11004108633268,22.930431108927,999758.91239384
"H4.1",0.0312082333220827,NA,1.31149753325203,59.5157506678339,9.9198599686996
"H4.2",0.0473210589753947,NA,4,94.2962712300097,0.0323780327624074
"Calu-3.1",0.0510604624660324,NA,2.41978243556404,75.1614626403963,2.45025800688424
"Calu-3.2",0.121615577377888,NA,4,73.1089048995903,0.439893114764723
"Becker.1",0.0887109226551987,NA,0.0454453710508631,82.243857598837,0.327468528330049
"Becker.2",0.0956640788190972,NA,0.0139259934614982,81.1506073138791,0.0364778269024074
"DU145.1",0.020834537456827,NA,0,95.8330925086346,0.124602644894779
"DU145.2",0.0709070576244222,NA,0.25367134372329,63.250158019401,120.839466615246
"NCI-H2595.1",0.0362371504450318,NA,0,92.7525699109936,0.32699523694671
"NCI-H2595.2",0.157187381236387,NA,0.301851493217936,75.7385030218816,0.0352525664390126
"CaR-1.1",0.100061726509084,4793.29599701597,0.237326856826944,0,4793.29599701597
"DOK.1",0.23434632289894,4.45786931954962,0.566364260588448,0,4.45786931954962
"DOK.2",0.399280402116722,0.955784249630067,0.435524258438861,0,0.955784249630067
"CW-2.1",0.0989140026232156,22.9382453902956,0.659235352783229,0,22.9382453902956
"CW-2.2",0.133803602236333,NA,4,74.6131188960977,0.262389375386066
"22Rv1.1",0.109708201891507,26.0489676524446,0.583562735092126,0,26.0489676524446
"22Rv1.2",0.157848651232747,NA,4,69.7459882443292,0.272198452588161
"CAL-39.1",0.0836966556374301,NA,4,64.151844473402,1.99433716748972
"CAL-39.2",0.253382731610579,99.3555708871117,0.194328800147876,0,99.3555708871117
"K5.1",0.00868202128271522,13.8586720240504,4,0,13.8586720240504
"K5.2",0.029993279095458,NA,4,76.1208732965229,4.23297818044578
"COLO 679.1",0.0402520040894109,18.5454763739789,1.31858457908355,0,18.5454763739789
"COLO 679.2",0.138469768330673,NA,4,78.5571046825873,0.115573928009946
"769-P.1",0.0216284103178348,NA,4,87.7012707156088,2.97378340221656
"769-P.2",0.00487377649727195,16.2293273599529,4,0,16.2293273599529
"GI-1.1",0.0222934503996852,26.940443631847,1.42088218101896,0,26.940443631847
"DOV13.1",0.00865434044626343,13.871119344505,4,0,13.871119344505
"DOV13.2",0.0155154770194184,NA,0,96.8969045961163,0.0707111482985242
"DB.1",0.0122275649484169,12.55938207258,4,0,12.55938207258
"COLO 824.2",0.258825273086753,NA,2.7324390252686,65.4896393186357,0.0550673820584832
"EFM-192A.2",0.00630860255712328,21.0438232841341,2.76007636900277,0,21.0438232841341
"DU4475.2",0.0829507736338745,5.96912562130489,3.10768375265116,0,5.96912562130489
"A-375.22",0.122261521349933,NA,0.739056611691443,55.4028236133444,2.13543086677947
"A-375.23",0.157326161375014,377.161601011551,0.248596609573532,0,377.161601011551
"A-375.24",0.176632252952569,74231.8366478787,0.157096224099813,26.9602300059447,535.356033862179
"A-375.25",0.155316488669667,NA,1.07352671279092,83.4704504193569,0.00588005947469976
"A-375.26",0.21033888594349,NA,1.52751083133508,75.7412839560353,0.0208337386088913
"A-549.12",0.124183601357995,26.9538632100843,0.525314973010318,0,26.9538632100843
"A-549.13",0.0373657729803753,12.5701261137979,1.92556657777277,0,12.5701261137979
"A-549.14",0.1352134554567,165.361056924238,0.319411183952995,0,165.361056924238
"A-549.15",0.136070455393871,NA,0.939587131412462,67.4205862138375,0.586476507038018
"A-549.16",0.138850632137547,NA,4,74.51023192733,0.23223716628073
"A-549.17",0.0933003418569687,NA,0.633481853731735,79.4011415384248,0.475677177473796
"C32 [Human melanoma].23",0.0541955647090231,3127.19240372358,0.331211011728768,0,3127.19240372358
"C32 [Human melanoma].24",0.0785760895947822,NA,4,87.6622317935632,0.122890325822159
"C32 [Human melanoma].25",0.0570535712525417,NA,4,92.4578325708806,0.0537847932322001
"C32 [Human melanoma].26",0.106548712170355,NA,0.00677456549834363,78.8133614962341,0.0568977743573205
"C32 [Human melanoma].27",0.144897722284343,NA,0.459978158704306,82.6470074823672,0.00522033613234403
"HCT 15.17",0.0851474523161818,2579.07265060405,0.277381387122685,0,2579.07265060405
"HCT 15.18",0.159017667718337,NA,0.319728317082854,76.7482598313242,0.0225208954861782
"HCT 15.19",0.016866978088851,NA,4,78.5712914692381,5.98382886923683
"HCT 15.20",0.140286867566783,236574384241253792,0.0751528143078931,43.0147119375145,1e+06
"HCT 15.21",0.0309877435528872,NA,4,71.7293808244827,4.74872586901664
"HCT 15.22",0.0929661996924974,106545.251193972,0.183201294543847,0,106545.251193972
"HT-29.22",0.28485410459957,3.86251917485559,0.641546036164009,36.8306510622281,0.48275962477203
"HT-29.23",0.275334072198822,6.00912349528209,0.555557988685222,36.0286694810397,0.605476744535115
"HT-29.24",0.223504142281927,NA,4,66.7421953370144,0.096390819016086
"HT-29.25",0.183933609643768,NA,4,71.5534273153306,0.114911118941971
"HT-29.26",0.151955487254542,NA,4,71.8324713897048,0.240830707921633
"HT-29.27",0.290204112642532,NA,0.632689924925702,53.0798623393213,0.111845984113553
"MHH-ES-1.24",0.188538975801812,692.887437064573,0.195860886360025,0,692.887437064573
"MHH-ES-1.25",0.186755393715651,5446.77255181351,0.153838961963373,0,5446.77255181351
"MHH-ES-1.26",0.0864674696476637,NA,3.17937970237328,86.4364638479471,0.122348861986562
"MHH-ES-1.27",0.0479696175656464,NA,4,90.5708723865111,0.297783319366295
"MHH-ES-1.28",0.045901374150402,NA,4,90.45294437041,0.361191437034752
"MHH-ES-1.29",0.0210917518625422,NA,4,91.8319853300884,1.6806392033045
"PC-14.23",0.0997160021101243,886.605351219984,0.294051087858081,0,886.605351219984
"PC-14.24",0.0976319086156064,17231.898541117,0.210313097236683,0,17231.898541117
"PC-14.25",0.0103442149616859,13.1856109416787,4,0,13.1856109416787
"PC-14.26",0.0429162963890065,NA,0,91.4167407221987,0.0424243191708953
"PC-14.27",0.0865171076499202,117151.464414336,0.1883085475114,0,117151.464414336
"PC-14.28",0.0791297581907938,NA,1.47331053415919,91.265881097855,0.0137846430529606
"SNU-C2B.19",0.0237063586016935,57.0876680407808,0.994069997673493,0,57.0876680407808
"SNU-C2B.20",0.0270563484260276,NA,4,91.8295230594194,1.01541631651453
"SNU-C2B.21",0.0639887813300155,NA,0.998984108675706,90.6541477139985,0.0789992042499006
"SNU-C2B.22",0.0941717638662575,NA,4,83.8952483717151,0.176155838273119
"SNU-C2B.23",0.0855491922050702,NA,4,80.9488146293436,0.449733889377553
"SNU-C2B.24",0.0298863147329096,NA,4,89.6580342682665,1.35881447460479
"SW620.23",0.064331820762052,NA,1.45321957384905,87.5120523292607,0.284483211881232
"SW620.24",0.130938783558315,NA,0.454919184104016,82.9970756675885,0.013939029263785
"SW620.25",0.127467719410158,NA,0.0703493223814375,75.0654403004378,0.16669272309485
"SW620.26",0.0967280925978909,NA,0.459952103848568,72.8344801071964,1.47562438537291
"SW620.27",0.0411286032632385,NA,0.487730144253573,74.270744883375,17.6396117347421
"SW620.28",0.0346624190409048,NA,4,91.8989230867024,0.520566295086593
"U2OS.23",0.0853491479441925,NA,0.967862409112656,63.1370771453552,2.5711563363263
"U2OS.24",0.0969367163601175,NA,4,79.5451556436092,0.378783342682011
"U2OS.25",0.117817261666282,219.683110893162,0.332524908315191,0,219.683110893162
"U2OS.26",0.120989306647181,NA,0.804343611191379,72.5810152059436,0.501400481529511
"U2OS.27",0.103278682832568,7562.25042234406,0.328852034821999,39.9818020074313,56.9596560265779
"U2OS.28",0.153499665272774,138.684328074888,0.300622572098351,0,138.684328074888
"MFM-223.12",0,NA,1.65174204204864,100,611.815855628109
"MFM-223.13",0.0348252662502846,NA,4,80.5072718927301,2.91642164250278
"MFM-223.14",0.0515830730643943,28.9252151263633,0.906013788119372,0,28.9252151263633
"MFM-223.15",0.144418580325397,NA,1.25574703033906,85.0123382076084,0.0045478588013635
"MFM-223.16",0.0845331385930788,NA,4,88.6015512570435,0.0595970068036624
"MFM-223.17",0.0673453039359823,189.360570366292,0.46541495450917,0,189.360570366292
"A-375.27",0.146714895575169,183.223263875347,0.295556241856462,0,183.223263875347
"NY.1",0.0698378841830555,NA,4,71.3299064557099,1.85956458120503
"BICR 78.1",0.187077577598174,19.98352358919,0.400505554560021,0,19.98352358919
"ES7.1",0.116453910923723,52.129003026914,0.566523462072775,29.0419922552175,11.2336974149846
"ES7.2",0.125429880309374,7.60268339890498,0.959863247022073,0,7.60268339890498
"HLE.2",0.00403687687718796,17.0622596509211,4,0,17.0622596509211
"HLE.3",0.169964575722285,35.1012248352882,0.37434733764401,0,35.1012248352882
"Kelly.1",0.119529156061738,NA,2.02651553447078,71.4824332428972,0.553622657648494
"Kelly.2",0.175654289818028,814.622145166965,0.203585067684243,0,814.622145166965
"KINGS-1.1",0.0338727631034252,NA,0.0834269870078255,93.2927499522471,0.248266640878763
"KINGS-1.2",0.114934915541058,1914674.84549131,0.134973410650085,4.19692074543634,1e+06
"KP-3.1",0.1520993083785,NA,0.299859010944832,55.9110543243043,3.21714538712854
"KP-3.2",0.19428960751145,104.282285220718,0.259143733506791,0,104.282285220718
"MKN1.1",0.15505447378179,96.9350769699295,0.319981370288438,0,96.9350769699295
"MKN1.2",0.144584197953592,12.5105126015846,0.615077774387178,0,12.5105126015846
"SJNB-13.1",0.288853131679893,3.01954904359702,0.481210186367667,0,3.01954904359702
"SJNB-13.2",0.316799235247924,1.96969963108966,0.523044218041205,0,1.96969963108966
"SJNB-7.1",0.078656074837332,NA,0.801385571670932,90.824354319445,0.0127525566383969
"SJNB-7.2",0.157731296334909,5.27722422897917,0.956909272544622,0,5.27722422897917
"NCI-H1993.1",0.0734772416439162,19.8089318132152,0.865237371604829,0,19.8089318132152
"NCI-H1993.2",0.12708861797567,NA,2.71750629625664,52.5276073259043,1.57754947726511
"NY.2",0.0810415301728835,NA,4,67.7863885641575,1.75968664463154
"BxPC-3.1",0.0314285321514417,NA,4,74.2212680629858,4.34594249179603
"BxPC-3.2",0.118152881410096,28.31442972446,0.637682383873657,24.84869861164,9.63936217196993
"CPC-N.1",0.269224058783794,NA,2.51654155987741,53.3073259683099,0.18632350910086
"CPC-N.2",0.325881249379861,1.53144159064453,0.61408896900631,0,1.53144159064453
"GaMG.1",0.00194480657579456,20.6305067276149,4,0,20.6305067276149
"GaMG.2",0.0632878214090759,NA,4,73.4061500778838,1.93316307601941
"L-540.1",0.0878251704359197,23.5504684351123,1.08877562650916,40.2874480782562,5.22862747344978
"L-540.2",0.206874419990488,6.21462869393161,0.568126091766754,0,6.21462869393161
"LCLC-103H.1",0.00864816012772,13.8739048069074,4,0,13.8739048069074
"LCLC-103H.2",0.0932890242373015,1072.7969389272,0.410950854949444,37.3185062625251,38.0811557178149
"Loucy.1",0.0692840884711076,NA,1.62281361839687,52.1797775644689,4.20834196370053
"Loucy.2",0.0106743642821048,13.0668233566019,4,0,13.0668233566019
"MOLT-4.2",0.0390950304877489,NA,3.44376560850777,77.5136931591552,3.02335000466573
"MOLT-4.3",0.0837296951657847,9.29776148022752,1.28073767284624,0,9.29776148022752
"Mo.1",0.0314699895708779,NA,4,72.8564609044233,4.53641126931249
"Mo.2",0.123660320695018,5.04632245302181,1.78782264384887,22.4623106741428,3.6147832837341
"NALM-6.1",0.0419044480717103,NA,4,83.1969407042641,1.78652925274109
"NALM-6.2",0.174029749564975,6.59914476874114,0.696816299765036,0,6.59914476874114
"Namalwa.1",0.084156346153664,NA,0.754020102121422,59.9637886009504,3.93186261139713
"Namalwa.2",0.0653695497953955,NA,1.8358492897101,56.1258836735265,3.90680397700085
"NOMO-1.1",0.0757437723853365,31.5624678594177,0.69989760221327,0,31.5624678594177
"NOMO-1.2",0.172862371150564,5.3225967711567,0.81984476167766,0,5.3225967711567
"OPM-2.1",0.19352091215224,3.38310106408168,1.07039430364802,0,3.38310106408168
"OPM-2.2",0.303943320412715,1.52043259143351,0.811099505204864,5.58237494933808,1.31394840878098
"OVCAR-5.1",0.244999811048478,19.638399188641,0.293291556033719,0,19.638399188641
"A4/Fukuda.1",0.398130302267916,0.721343631818963,0.642878013247858,28.7284971681133,0.190889721000928
"A4/Fukuda.2",0.52844918400668,0.234099428471375,0.452463159024435,0,0.234099428471375
"ACHN.1",0.0618918486238622,NA,1.67336065052799,70.6204383967456,2.46505226806001
"ACHN.2",0.151520208842743,3.69747277942622,2.12349907273007,38.6469664840258,1.8394957362115
"BE-13.1",0.124868390035089,NA,1.72433579955521,51.7396333422777,1.72042112670918
"BE-13.2",0.199441632506034,4.58329754816532,0.731141252633156,0,4.58329754816532
"BT-483",0,NA,0.864022917229529,100,3.1589143528256
"BT-483.1",0.0281447293119985,27.9203129578429,1.25365356993515,0,27.9203129578429
"CAL-62.1",0.129858954690937,100.435532834855,0.362522992173668,0,100.435532834855
"CAL-62.2",0.136160603764603,34.8843160945139,0.452230161550518,0,34.8843160945139
"CAL-85-1.2",0.0739056469139998,NA,4,87.4301808117924,0.172286008708609
"CAL-85-1.3",0.209456673227848,8.32296896360685,0.484398880497151,0,8.32296896360685
"CHL-1.1",0.0373812436409339,NA,4,82.6087428734909,2.26729230403893
"CHL-1.2",0.0987658802515143,NA,4,52.774293089919,2.36035215057476
"COLO 668.1",0.241881527727658,24.0374708320165,0.330727548249384,20.1036526846779,5.07637637890227
"COLO 668.2",0.355415463613224,1.03469992750363,0.743363900323072,0,1.03469992750363
"D-263MG.1",0.164814543416906,539.899147333853,0.227157902863168,0,539.899147333853
"ES8.1",0.277391090689916,1.23687822254898,1.49094270619879,41.248664688763,0.384294755399052
"ES8.2",0.372797344652921,0.769488651498822,0.799100853874383,29.0254747356402,0.259462291006366
"EB3 [Human Burkitt lymphoma].2",0.162875534159378,11.7423707628356,0.56023687175777,0,11.7423707628356
"JHU-022.2",0.0365778378935447,NA,1.87836181074356,74.475980723526,4.06686953644933
"JHU-022.3",0.161980819970634,NA,0.861485573195742,81.9053449694956,0.0085122345079826
"JVM-3.1",0.0588358588927501,9.18920309963272,1.91261324212618,0,9.18920309963272
"JVM-3.2",0.13893583111059,12.8365335980466,0.63204691119517,0,12.8365335980466
"L-1236.1",0.0934921196958793,NA,4,84.4036194074695,0.159144945595172
"L-1236.2",0.048689759277092,12.2088286809153,1.61920821857498,0,12.2088286809153
"LAMA-84.1",0.0162152695015013,NA,4,81.7745984049516,5.53124902080419
"LAMA-84.2",0.0608596648940653,51.3087456246212,0.674384809611036,0,51.3087456246212
"LC4-1.1",0.0811304656798713,9.59087976273269,1.28518929577433,0,9.59087976273269
"LC4-1.2",0.164020327674123,8.32365191620739,0.655861640666104,0,8.32365191620739
"LoVo.2",0.0430036827289344,33.3624544323445,1.101364620951,26.2668038388607,16.9600905677726
"LoVo.3",0.120789423261161,NA,0,75.8421153477678,0.990617811056649
"LS1034.1",0.146007582387715,NA,4,72.0424580267602,0.271254314243905
"M059J.1",0.0942951818805496,NA,2.77190940202523,88.2791114930694,0.038274770317815
"M059J.2",0.0714132668342721,NA,1.71603253898326,78.9603799409451,0.968899438763962
"MFE-280.1",0.00326699793491847,18.7901617306453,4,13.5601369174962,17.3612983826807
"MFE-280.2",0.0861712308820572,226302960.90889,0.137078017170906,26.2209918517309,1e+06
"MIA PaCa-2.1",0.149266243944743,415.536959843557,0.254738266292014,0,415.536959843557
"MIA PaCa-2.2",0.0948279872594143,2.85403930322545e+26,0.0986247971655045,49.5196537374843,1e+06
"NKM-1",0.136431742568543,17.9436629734084,0.560100713384555,0,17.9436629734084
"OCUB-M.1",0.0669621564005431,17.8502987676319,0.972623192893757,0,17.8502987676319
"OCUB-M.2",0.103226538033824,78.3504091496335,0.445798365245873,0,78.3504091496335
"COLO 320HSR.2",0.482846098092733,0.340311828840039,0.588527658415665,7.97669085411158,0.253294175349044
"COLO 320HSR.3",0.607467985798428,0.0932665000599505,1.19440415167418,13.888677796959,0.0710234447059249
"CaR-1.2",0.0918321195234403,604.781523530939,0.325240383414211,0,604.781523530939
"CaR-1.3",0.170549455813467,215.246186940901,0.255351453579454,0,215.246186940901
"BICR 78.2",0.0417816232296246,NA,4,71.1402269806392,3.69586759475767
"BICR 78.3",0.140409845573743,9.52836636114669,0.733941233835848,2.32844033623235,8.92894304022711
"NCI-H1435.1",0,NA,0.705047744609218,100,10.1800382051026
"IHH-4.1",0.0614478503796715,NA,4,72.5699294592751,2.12924217028516
"IHH-4.2",0.184385242670983,7.11327187529674,0.617708446779826,0,7.11327187529674
"EFO-21.1",0.0592729575422215,35.0174340459205,0.777684635510606,0,35.0174340459205
"EFO-21.2",0.271051626075932,14.059766354558,0.279072838627824,0,14.059766354558
"IA-LM.1",0,NA,0.950550120367154,100,1.53622516922845
"IA-LM.2",0.0966819114207521,NA,4,59.8327068931478,1.89714850627167
"KALS-1.1",0.0614381341730908,NA,4,91.578556379357,0.0647848212281352
"KALS-1.2",0.0370334411059789,NA,4,76.6686444809113,3.35129522373916
"KS-1 [Human glioblastoma].1",0.0217418535798638,NA,4,91.3654920042065,1.75693370362422
"KS-1 [Human glioblastoma].2",0.092403497457571,NA,1.67565626857729,64.3295529468241,1.72237152984006
"NCI-H2818.1",0.0338772079244249,33.848749304723,1.04873363295711,0,33.848749304723
"NCI-H2818.2",0.128899408173364,21.1145531598584,0.553869388295833,0,21.1145531598584
"Kuramochi.1",0.0359836812165338,NA,0.00518861830280298,92.8345243124368,0.0588529787851035
"Kuramochi.2",0.133051029794837,NA,0.94477723748941,65.4287915698513,0.751676325818511
"KP-4.1",0.168005442489708,15.4952384274837,0.486540826728136,0,15.4952384274837
"HOS.1",0.0938873226942711,498.679515475487,0.716581440348291,47.9295357500321,5.86085473133423
"HOS.2",0.181081334816868,15.2464563488545,0.478483580855979,9.50961702991144,9.81054014902119
"WM1552C.1",0.100120098231524,2575.81318882967,0.255109531335169,0,2575.81318882967
"WM1552C.2",0.117938136674845,140.95427995616,0.361118690846009,0,140.95427995616
"JHH-2.1",0.00486671871550892,NA,0,99.0266562568982,0.332846272569053
"JHH-2.2",0.0739028704316711,NA,4,59.9490215662749,2.79989277500774
"NCI-H2461.1",0.0454787488775114,NA,1.57355435045023,76.1188410487867,2.92363394001149
"NCI-H2461.2",0.160388624358417,NA,0.843860236049024,53.7051385776615,1.05314786567117
"VAL.1",0.105173168109941,476.365512624481,0.312988893170719,0,476.365512624481
"VAL.2",0.109410920191852,8.45813360140263,1.24431491936015,25.9840699680975,4.69174101638532
"BL-41.1",0.0259462844875357,NA,0,94.8107431024929,2.51317335186031
"BL-41.2",0.0602158681359904,NA,4,66.2735469486838,2.91877180753595
"TE-5.1",0.0299543700220569,NA,4,89.6870025055845,1.34506778321974
"TE-5.2",0.0953952054231617,NA,0.768923982240174,53.6616471710491,4.02306107364063
"GCIY.1",0.0405903807031934,NA,4,79.8566357277138,2.48850957892118
"GCIY.2",0.160976775004535,21.2336416644812,0.455287355338064,0,21.2336416644812
"TGW.1",0.239737604171777,14.6313246711184,0.54364892511815,39.2940073395743,0.859169867326823
"TGW.2",0.340708495611831,2.19747838233736,0.388282242015853,0,2.19747838233736
"HAL-01.1",0.0560158434809852,NA,4,64.7201629405793,3.35017971643503
"HAL-01.2",0.228002270721311,2.72883515953467,1.13026552173997,35.2788596578555,0.925019586060801
"L-363.1",0.166009033189715,NA,3.49458417517495,59.2341913276175,0.600373259418108
"L-363.2",0.295719208765694,1.65383270676674,0.803093142937288,0,1.65383270676674
"D-263MG.2",0.0733899741358591,47067.1944461488,0.219663492559959,0,47067.1944461488
"HCC38.1",0.00516443968199724,15.9795699115298,4,0,15.9795699115298
"HCC38.2",0.0425852691218045,NA,4,84.7189456441456,1.45905757943855
"HDLM-2.1",0.00399835958002407,NA,4,84.0625,10
"HDLM-2.2",0.00248168832572881,19.3744205198734,4,0,19.3744205198734
"Lu-165.1",0.080821018338375,NA,1.69093825632511,68.4191798030186,1.7600537094212
"Lu-165.2",0.102591354656799,25.6593975224265,0.616027851880382,0,25.6593975224265
"ME-1 [Human leukemia].1",0.00723791831916454,14.5786975613579,4,0,14.5786975613579
"ME-1 [Human leukemia].2",0.0442267836428938,NA,0,91.1546432714212,0.100180108385484
"MN-60.1",0.051557957918597,25.0654050406964,0.966324300692855,0,25.0654050406964
"MN-60.2",0.0392115355238732,NA,4,72.2738003009502,3.78410990615701
"NB69.1",0.386448609892944,0.752558093641977,0.703320091150085,28.752322041028,0.222897723435306
"NB69.2",0.361423481159938,0.833778948489106,1.0694840888885,44.6914626238286,0.102408498321414
"NCI-H1792.1",0.142626861109249,NA,0.81629648204797,68.2001667239476,0.472593095501608
"NCI-H1792.2",0.212861235365994,NA,0.402564590567475,52.978455868855,0.545447699320001
"NCI-H2023.1",0,NA,1.38344631760001,100,94649.9737290481
"NCI-H2023.2",0.0166230501931976,NA,4,75.5551481148188,6.51640902998897
"NCI-H28.1",0.0838391012730692,136001.232161047,0.188846067750068,0,136001.232161047
"NCI-H28.2",0.120282434520113,236617659.126493,0.113721789266842,23.1472286275372,1e+06
"NCI-H841.1",0.130207916379309,92.2063464670667,0.36844982340087,0,92.2063464670667
"NCI-H841.2",0.183567869622338,NA,0.315065722190327,64.9994516675436,0.224916715264683
"OV-90.1",0.121368653894615,7712.24861112134,0.201965299005844,0,7712.24861112134
"OV-90.2",0.147006356645847,NA,1.02816139068823,75.8957003381638,0.140859248843625
"OVCAR-5.2",0.12536133118609,NA,3.95360320009052,84.011892038152,0.0444225627427544
"PL18 [Human pancreatic adenocarcinoma].1",0.0459464955500655,NA,0,90.8107008899869,0.0154507126406347
"PL18 [Human pancreatic adenocarcinoma].2",0.0881189343693038,NA,4,88.9824144136845,0.039842292574252
"SK-HEP-1.1",0.00645607499312161,15.0431792777434,4,0,15.0431792777434
"SKN.1",0.0373935614850414,NA,0.0226147146544566,92.3662376013716,1.90866451221124
"SKN.2",0.0674526640966657,NA,-1.11022302462516e-16,88.3522260172138,0.239746926594656
"SK-UT-1.1",0.0134412007987376,NA,4,87.37191686397,4.85959159458621
"SK-UT-1.2",0.038114962533101,25.6859382479522,1.12663268802092,0,25.6859382479522
"SN12C.1",0.0775518926413408,222.77634246553,0.42043824632063,0,222.77634246553
"SN12C.2",0.126062863836707,NA,0.494876477767199,84.9363409376474,0.00624312571376476
"SW1710.1",0.0448789858946717,NA,4,74.4364264468276,2.98001208928792
"SW1710.2",0.058716681782387,NA,0.239984577311252,81.6470731815316,8.67847363771679
"SW684.1",0.0606258401969606,NA,4,90.8461372241081,0.103097523526641
"SW684.2",0.0811194937477613,NA,0,83.7761012504477,0.00349171632500758
"SW982.1",0.120705166988345,NA,0,75.858966602331,42416.1951417501
"SW982.2",0.123159335551396,NA,0.929304435780392,87.678695861582,1.79574582899984e-05
"MG-63.1",0.0616313323688921,NA,0,87.6737335262216,0.00693634821845249
"MG-63.2",0.0540893888263611,NA,0.309960392306391,85.5769548495852,1.91115765111591
"RKO.2",0.0812654657711908,NA,4,84.9133671621026,0.242184732389628
"RKO.3",0.0662039247520175,NA,4,88.6482816475972,0.178038440783722
"HCC1428.2",0.0193582099902498,NA,4,87.47132822571,3.43860387986816
"OCUB-M.3",0.0716944526311465,338.752058434831,0.404552643832569,0,338.752058434831
"UACC-893",0.0338065942540366,1987.10163330847,0.417885782885212,0,1987.10163330847
"DMS 114.1",0.118104970070391,NA,4,84.0033319363215,0.0609762645602685
"DMS 114.2",0.188579528393033,13.7967680989998,0.449383895325546,0,13.7967680989998
"MDA-MB-157.2",0.0458787318717707,NA,4,86.3023290146102,0.989173438238607
"MDA-MB-157.3",0.141154297548637,4.02932618961047,3.27641794692485,47.8458426596988,1.54314780915123
"MDA-MB-436.2",0.0557151390957734,1474.90063237,0.361144444586897,0,1474.90063237
"MDA-MB-436.3",0.162371813524606,14.47790135035,0.516342135049982,0,14.47790135035
"NCI-H1666.1",0.197335606340942,NA,4,72.0248850094337,0.0765488875861693
"NCI-H1666.2",0.243006277198476,6.78560815503848,1.04312563764992,47.2438653921983,0.421653786642749
"OCI-AML-3.2",0.0364364854065233,NA,4,78.3392295360709,3.13647372832801
"OCI-AML-3.3",0.23664948491659,2.50834790031445,0.951264575272247,10.8012240345933,1.94211593861739
"RPMI-8402",0.0197781299996351,10.8292976666528,4,0,10.8292976666528
"RPMI-8402.1",0.1333678398103,5.8317511776349,1.13324774298919,0,5.8317511776349
"SR.1",0.0628648799538639,14.7454001708128,1.14142810039312,0,14.7454001708128
"SR.2",0.115910745595769,NA,4,73.1030000082154,0.509647903118373
"SW13.1",0.134805828906914,NA,0.61224752309407,56.7074275957666,1.76830714582545
"SW13.2",0.191449203576013,2.05499238691804,2.74292441316551,33.4394611288973,1.37357567957261
"AU565.3",0.0894704212555899,NA,2.19672689029181,58.8189373753651,2.25603597624556
"BT-474.3",0.0428334746022759,NA,0.360931631488666,91.7165695973766,0.252384487929957
"CAL-85-1.4",0.127630529343509,NA,1.11422894080625,83.0704925376503,0.0466242364885014
"HCC1937.4",0.0111236764375328,NA,4,91.1934391892238,4.19843438224248
"BC-1.1",0.164161893247843,2.85392607718474,3.11487595983847,20.6080025648393,2.40638794755376
"CAL-54.1",0.0822433029777554,NA,3.25644388575119,79.5222094746735,0.624082130851674
"CAL-54.2",0.249462914396952,12.4070005970147,0.328778866218335,0,12.4070005970147
"CML-T1.1",0.0454485268966547,NA,1.8890794959097,75.2342729330315,2.96131028914628
"CML-T1.2",0.098744462460657,5.12375399287013,3.25215636478899,35.0257439563821,3.53654990466659
"EW-7.1",0.215268107594261,NA,4,61.4864178483968,0.210525683452971
"EW-7.2",0.367589604304189,1.06499008636736,0.586098717942567,0,1.06499008636736
"HMV-II.1",0.150996625653208,NA,4,71.1531931725547,0.26902352353042
"HMV-II.2",0.148022217005125,6.1652294436019,0.915549995050983,0,6.1652294436019
"IST-Mes1.1",0.1189848371008,NA,0.190356986186824,52.6503299795551,118.012415203806
"IST-Mes1.2",0.134118047474881,4.31321668019319,1.99837911111089,0,4.31321668019319
"KP-4.2",0.0880168554808727,NA,0,82.3966289038255,0.014790459066053
"LS1034.2",0.102174805879101,NA,2.46883430313298,77.6008222832034,0.428251305134471
"MDA-MB-453.1",0.0612452198093498,NA,2.77882138380999,70.8087823728607,2.36286144287476
"MDA-MB-453.2",0.160732299214004,2.70865879141903,4,24.9799205964827,2.27815867903348
"MKN28.1",0.0546874644200245,96.3671321272845,0.597369224684047,0,96.3671321272845
"MKN28.2",0.147399189227974,9.74894432517773,0.922055738137913,33.7219029326707,2.8866399163202
"MPP 89.1",0.0779690134677762,49354.7920924648,0.212843293506778,0,49354.7920924648
"MPP 89.2",0.144388707300267,4250.47302676999,0.192640436895534,0,4250.47302676999
"MRK-nu-1.1",0.0216913873561587,NA,2.48274249642808,93.973414138447,0.833028432392972
"MRK-nu-1.2",0.0487437864642126,NA,4,63.0025329710532,4.05201787425788
"SJNB-10.1",0.322006372549311,0.610341440769019,1.76258181951303,40.2650057262293,0.241209721288962
"SJNB-10.2",0.432980149513462,0.478475009638248,0.643496435330871,24.2138185249979,0.170982791270039
"NCI-H226.1",0.0990171574503992,NA,0.968502138917456,73.1554107032579,0.844563872885005
"NCI-H226.2",0.161124766708718,NA,1.9107497956412,77.2524984523535,0.0741883115257626
"NCI-H520.1",0,NA,0.133943687960791,100,2.15556639395924
"NCI-H520.2",0.0188013872082821,NA,2.0832752379237,87.0797942382779,3.89836336783286
"OVMIU.1",0.0733390593176362,NA,4,88.8685153423286,0.105587278973423
"OVMIU.2",0.18755783277153,214.633654319062,0.235226535410477,0,214.633654319062
"PEO1.1",0.0640746041346336,NA,0.532915043949464,82.9219127743771,1.05754196433004
"PEO1.2",0.125095552905634,492.141746897237,0.280187820084309,0,492.141746897237
"RKN.1",0.0369317298542309,NA,4,95.0892644839356,0.0554464598136697
"RKN.2",0.0574442152321372,NA,4,71.4598964820755,2.49251640583494
"RT-112.1",0.112641265083165,26.0226046706143,0.57244594476293,0,26.0226046706143
"RT-112.2",0.219764323730114,NA,0.746537126582598,50.6610527577164,0.491133300704324
"SK-HEP-1.2",0.0611833160289817,NA,1.98633199624128,91.1415194301501,0.0841374241881284
"SK-LU-1.1",0.0404018481571109,68.8650933599603,0.751007870787356,0,68.8650933599603
"SK-LU-1.2",0.0869898218188158,2184.23679771162,0.280158328626635,0,2184.23679771162
"Ku812.1",0.103176300814542,74.708339449453,0.641002632994299,37.5355604904319,8.5544401485141
"Ku812.2",0.152863980484406,3.17875113042286,2.67113428422916,26.5893276629233,2.3926528072733
"BC-1.2",0.140030765088523,19.0958691562118,0.535106952857682,0,19.0958691562118
"D-392MG.1",0.116632035928548,17143.7293249302,0.190778904074172,0,17143.7293249302
"D-392MG.2",0.0959173006268154,NA,0.770216536622009,88.8572296089477,0.0114360658634753
"EB3 [Human Burkitt lymphoma].3",0.0788035626408098,26.5826277873929,0.72780286977046,0,26.5826277873929
"GAK.1",0.0294656301143128,NA,4,95.1989386535636,0.144192657171216
"GAK.2",0.0824572010330631,NA,0.0336796267542387,83.6683172960566,0.176825607017424
"NCI-H2731.1",0.166691568857425,NA,0.873038406089603,55.8739431713408,0.81054477755115
"NCI-H2731.2",0.24125903625348,9733.31016323946,0.330773055536631,48.0842451633122,0.507545497493429
"HARA [Human squamous cell lung carcinoma].1",0.224285586836811,2.77629165512761,1.04743453381145,26.5633218694729,1.34677086234509
"HARA [Human squamous cell lung carcinoma].2",0.206994927872121,NA,1.14074415500477,52.9627908487619,0.48676660352378
"HCC44.1",0.1380502204096,144.473413249869,0.50006269112346,39.8967712342635,5.90122854828861
"HCC44.2",0.183321898543456,NA,0.892632692372811,76.4027026058516,0.0340338565633982
"H-EMC-SS.1",0.207134169892586,272.788276828269,0.205784896299346,0,272.788276828269
"H-EMC-SS.2",0.205956813272634,NA,0.67861534734279,71.7398035147036,0.0421228352622745
"HSC-2.1",0.0848709522442376,NA,0.941442376661275,81.8899994476555,0.399779618872708
"HSC-2.2",0.0215169210697839,NA,4,91.3457347847469,1.79591576606405
"KYSE-220.1",0.0848769925460581,NA,0.433185486074275,77.015358637094,1.35178980669446
"KYSE-220.2",0.0679260228463411,347.043109336727,0.829838349829892,47.6280324305342,8.81168895249919
"LK-2.1",0.137719585806899,NA,0.411317568221748,64.2257375865486,1.18508561453056
"LK-2.2",0.137333805800936,NA,0.455994110268927,74.8318392561318,0.195488209572485
"Lu-65.1",0.10384077782368,NA,4,79.8252530082388,0.285757427557514
"Lu-65.2",0.02534640380736,NA,0,94.930719238528,0.606840057785475
"MDA-MB-231.1",0.00365647906481888,17.5130911282486,4,0,17.5130911282486
"MDA-MB-231.2",0.0229711903110093,NA,4,73.6666975160158,5.60452333731241
"MEG-01.1",0.00159374099383561,21.7097794234728,4,0,21.7097794234728
"MEG-01.2",0,NA,0,100,1.0884561135445
"ML-2.1",0.298797456937771,1.03573775370384,1.33707239338335,36.2713365574293,0.393931601762799
"ML-2.2",0.335779205176165,1.03263224050497,0.922091169648858,35.1479202903442,0.276834688408868
"NCI-H1355.1",0.116545738829682,17.9566122880942,0.639827298110441,0,17.9566122880942
"NCI-H1355.2",0.210899589465334,NA,0.810618884312889,59.8381401695622,0.259983082626599
"NCI-H358.1",0.219238426321774,132.995192294421,0.479088674876805,45.5277323652139,0.861839544654902
"NCI-H358.2",0.192995098505942,85.7214584103161,0.271078442086907,0,85.7214584103161
"NKM-1.1",0.0841960955516712,NA,2.16382979047777,58.9175338195586,2.4821096319257
"SNU-423.1",0.0884449548050065,NA,0.807574651594363,77.5290846832559,0.731429809380485
"SNU-423.2",0.0165648567750266,NA,4,97.8804163238518,0.0452246382758067
"DoTc2 4510.1",0.0744039768274988,734.938306728948,0.351104966394461,0,734.938306728948
"DoTc2 4510.2",0.128629190672405,NA,1.30002481201174,62.4244052784383,0.97279156333944
"DSH1.1",0.165767376154825,14.9932521610554,0.49913318850507,0,14.9932521610554
"DSH1.2",0.309752925555168,2.99595375651677,0.41122361962021,0,2.99595375651677
"ESS-1.1",0.0124295405862463,NA,4,94.0117716397947,2.38616341098702
"ESS-1.2",0.0155112045646258,NA,4,90.7739031280082,3.1384653998197
"HH [Human lymphoma].1",0.0368464613777744,NA,4,80.508283063302,2.7134430831761
"HH [Human lymphoma].2",0.117546542675537,4.89672909158498,4,48.3880536015848,2.07491937293957
"Karpas-1106P.1",0.0098278218202337,13.3804518506456,4,0,13.3804518506456
"Karpas-1106P.2",0.0772028636318583,NA,4,59.8290594674445,2.65475456873707
"Karpas-620.1",0.324185452736942,1.21366647631564,0.902382649025422,35.0623303054755,0.318165397347821
"Karpas-620.2",0.419500385996643,0.575075206307675,0.832337536686409,3.0498503435966,0.533194639831043
"KATO III.1",0.0243819501996704,NA,4,90.8568002628717,1.58535605250843
"KATO III.2",0.0772532654005288,NA,1.86735512603613,56.9238680909482,3.06367704199064
"MDA-MB-468.1",0.0122776475775382,12.5442623389115,4,0,12.5442623389115
"MDA-MB-468.2",0.196453641864132,2.41989715258542,2.11289834813613,16.3038434470121,2.00761769643409
"MS-1 [Human lung carcinoma].1",0.134377603005798,NA,0.771684133632087,50.0401171425108,2.16216831891879
"MS-1 [Human lung carcinoma].2",0.241134209803786,2.79713806233679,0.780257869662158,1.99702673873399,2.6547687880428
"NCI-H522.1",0.00675866300033312,NA,4,97.1059598488664,1.99348461582059
"NCI-H522.2",0.0827924535293008,NA,4,70.3749240468924,1.45114107840255
"NCI-H929.1",0.571975608765773,0.163398850652336,1.77304459529614,5.34334953672994,0.153308283770835
"NCI-H929.2",0.569195541910397,0.168816825279929,3.16105164904715,4.34752018666711,0.164028043969196
"P31/FUJ",0,NA,1.31995690012242,100,63.2199022041271
"P31/FUJ.1",0.0632024242164908,NA,4,62.6342142102559,3.11617738219227
"Panc 03.27",0,NA,0,100,4.20565679361812
"Panc 03.27.1",0.0645589118469244,NA,1.02749925346741,72.0513010568683,2.49164161271049
"KTCTL-195.1",0.0451292781204519,NA,0,90.9741443759096,0.0469455807604443
"KTCTL-195.2",0.0651359473649244,NA,1.24065046904213,86.0096338878548,0.403928028728483
"WRO.1",0.0260838140669329,NA,4,86.3586406127437,2.67277665082793
"WRO.2",0.0629412434453048,NA,0.628137195083256,82.5545455727978,1.08454029408668
"SCC-9.1",0.0598983064918838,157212.040622208,0.216043235589482,0,157212.040622208
"SCC-9.2",0.147417910623709,10.4194337695541,0.657409143421956,0,10.4194337695541
"SNU-C1.1",0.129907827791537,NA,1.90157321388092,50.2618128053884,1.67498552496325
"SNU-C1.2",0.293962400947446,1.06866861239466,4,11.8704198376723,0.998656329181124
"HCT 116.1",0.128907314857541,NA,1.99672453732027,75.9526385324009,0.246448669268
"HCT 116.2",0.210454323870048,3.64122662371292,0.913614102645439,22.9556560927693,1.85831055393917
"FLO-1.1",0.110681946016364,NA,0.348158016194606,82.0720748124065,0.0683147517112013
"FLO-1.2",0.152426748491556,12.0095781588022,0.594130613862616,0,12.0095781588022
"JHH-7.1",0.0337911149950827,NA,4,83.3440843497611,2.464982579775
"JHH-7.2",0.0752225420175526,NA,4,70.8246908647467,1.68522598765568
"TT",0.10707868679225,NA,1.58312265345988,76.7681429983879,0.415327939441726
"TT.1",0.259847730884192,2.47806816943987,0.72824084389179,0,2.47806816943987
"NCI-H2087.1",0.0485057246523712,NA,4,89.576215290875,0.401879434657567
"NCI-H2087.2",0.110397712813617,NA,2.18186286220784,54.4395592531812,1.8982542371926
"SK-LMS-1.1",0.00350103560637199,18.8604392571876,4,18.7417913861557,16.7706665283076
"SK-LMS-1.2",0.0612857023974082,NA,1.5626968160605,84.0782768575937,0.70690779792286
"COLO 684.1",0.0140808863660841,NA,4,89.194486645065,4.09355296410156
"COLO 684.2",0.0567056936459474,NA,4,73.9170026848743,2.22896346972851
"HCC1954.3",0.00464863224265119,16.4200815659598,4,0,16.4200815659598
"MDA-MB-231.3",0.00466983446503119,NA,4,99.0654676200503,0.313156039529627
"MDA-MB-453.3",0.0327129351865539,21.1381507035678,1.60627861450937,26.6246314355672,13.16714096299
"MRK-nu-1.3",0.00476460996064093,NA,4,92.694024927943,6.65465259658521
"CAL-72.1",0.0693406275449393,NA,0.319919787327104,60.675579245695,58.4103849718213
"COLO 680N.1",0.0620629748964781,1501.41332671145,0.344217754751183,0,1501.41332671145
"KYAE-1.1",0.149249285928397,NA,0.634110255395922,71.4617011416677,0.25927902770466
"LB831-BLC.1",0.131400584954901,NA,4,81.3949420586668,0.0760923578475616
"NCI-H1435.2",0.0646014948958754,2380.39042347385,0.318443394482774,0,2380.39042347385
"ONS-76.1",0.0756383272013941,634487.980900089,0.176058696721914,0,634487.980900089
"Panc 10.05.1",0.235906355132841,26.145433640142,0.358331580212597,25.9327191647511,3.39801320065952
"SF539.1",0.0749535699543908,NA,0.0708949122955518,86.0290973769832,0.0397863541058649
"SK-N-AS.1",0.189295618651284,17.9185480581272,0.409436753263707,0,17.9185480581272
"SW1271.1",0.154915341008886,28358.5430252289,0.151516042759677,0,28358.5430252289
"AMO1.1",0.263076104557442,2.3602080346617,0.786662591854017,16.7414280649868,1.40560956237042
"AMO1.2",0.282626643912246,1.87756802691891,1.01870911925195,39.7162568076783,0.397549014569963
"BFTC-905.1",0.121745493233445,119.792105420925,0.36534181711443,0,119.792105420925
"BFTC-905.2",0.0961136442212406,NA,1.05817618677219,83.6258857698115,0.167602240325345
"BICR 22.2",0.0259261973975972,66.7279067903248,0.91073099448185,0,66.7279067903248
"BICR 22.3",0.0825410725294212,NA,4,91.3741183824896,0.0123076295552407
"Capan-1.1",0.0661063197390786,NA,0.0333589219388746,86.7839264552064,0.308942181412803
"Capan-1.2",0.0446257428086225,NA,4,86.6151201231446,0.999711589694443
"DND-41.1",0.0413570534283315,NA,1.27251825328387,73.4135275819721,4.30065536035679
"DND-41.2",0.0345872769454995,NA,1.83086844640117,84.7126486281097,2.16405080990115
"EW-22.1",0.306486968885043,1.96849575534594,0.661898362894015,25.1108707503044,0.686151867848151
"EW-22.2",0.232213502437312,7.53792944517045,0.830465753780146,43.665357828913,0.62637837515
"HPAF-II.1",0.0175262382269748,NA,4,94.0853586011107,1.29163377313916
"HPAF-II.2",0.0759538091070803,14739.998542437,0.241410385158164,0,14739.998542437
"IM-9.1",0.00483760488420242,16.2616567685158,4,0,16.2616567685158
"IM-9.2",0.00136747298635679,22.57469273265,4,0,22.57469273265
"Karpas-422.1",0.0375061987676385,NA,4,74.5512937447979,3.62878693995643
"Karpas-422.2",0.00145215583962476,22.2315831767862,4,0,22.2315831767862
"NCI-H3122.1",0.0489624217530384,NA,4,75.6073212329084,2.50203234524711
"NCI-H3122.2",0.0682530903911766,246.291930721406,0.439433862833902,0,246.291930721406
"NCI-H441.1",0.0973360893622957,1670.72710485191,0.273457580120987,0,1670.72710485191
"NCI-H441.2",0.126495877523562,NA,4,80.0008418335635,0.126655036265167
"NCI-H82.1",0.0968698943276947,NA,1.21141724517995,56.2765387527051,2.48849799277991
"NCI-H82.2",0.0504796401909182,NA,1.04013239278516,57.4341252128163,7.5110114251359
"OCI-AML-2.1",0.0765234915379651,NA,4,85.7042453390844,0.247889169126793
"OCI-AML-2.2",0.101057500102596,NA,4,88.642300756581,0.0211640605167186
"Reh.1",0.206788891922399,11.6821864401419,0.672105664499915,38.6319426369941,1.28945783950407
"Reh.2",0.186834163102215,NA,0.77997883648638,51.6514689739711,0.783685920827842
"SaOS-2.1",0.191012300867353,NA,1.15643844364033,63.2712947465258,0.273943415682088
"SaOS-2.2",0.135615759444858,51.204296654176,0.409680392399203,0,51.204296654176
"SBC-3.1",0.184386970777631,NA,0.335937937600781,56.6717182552681,0.851468753807544
"SBC-3.2",0.193244255012807,NA,4,79.591823378368,0.0135229114187602
"SK-MEL-1",0.0534697267313144,NA,0.1243473399797,91.0926961649884,0.0114364991910966
"SK-MEL-24.1",0.0504039406466354,NA,4,92.9217161842365,0.0730881183774928
"SK-MEL-24.2",0.0750718374938563,NA,4,91.7462627688144,0.0182915506367783
"SK-PN-DW.1",0.178097048959432,NA,1.31168556546218,58.7481167865748,0.512472476013262
"SK-PN-DW.2",0.207561702077084,32.8484227246749,0.384834841227188,25.2999256652375,5.25608148664442
"SUP-T1.1",0.090084926213142,NA,4,80.8539281037842,0.387762857051858
"SUP-T1.2",0.0864089733839759,246241702.557421,0.136634521698187,26.4386005462849,999555.658094928
"WIL2 NS.2",0.00288111012590647,18.6388487041341,4,0,18.6388487041341
"A2780.1",0.136891722158235,NA,1.56657942340034,56.1697455440615,1.18181374657569
"A2780.2",0.145375529270614,226.446021005388,0.329127620533222,20.8473079453312,43.9652043015804
"C-33 A.1",0.0276673108410117,NA,4,81.091794970116,3.65580155683141
"C-33 A.2",0.0759351479861474,NA,0.925400373196833,74.2778206071887,1.53577641917623
"Capan-2.1",0.0586950583484358,NA,4,90.3035648544845,0.152812203646538
"CCRF-CEM.1",0.0352124066194508,NA,4,81.3499465788701,2.7177916961807
"CCRF-CEM.2",0.00519897336149108,15.9510199571437,4,0,15.9510199571437
"DB.2",0.00118055794516028,23.4348245006341,4,0,23.4348245006341
"ECC10.1",0.130556312342162,NA,4,73.4030645279781,0.336901620997695
"ECC10.2",0.070458181874033,7.93902538878126,1.93342783114356,0,7.93902538878126
"NCI-H2795.1",0.164095152218166,23.1590219665183,0.435180336079795,0,23.1590219665183
"NCI-H2795.2",0.17735338136235,NA,0.392748829556028,73.6263405596382,0.0390406784845198
"NCI-H3118.1",0.066499308547565,NA,4,79.3499455164916,1.08143253158589
"NCI-H3118.2",0.00699121344705542,14.718588022254,4,0,14.718588022254
"KP-N-YN.1",0.165395914114611,NA,4,70.7204329431623,0.202056715647335
"KP-N-YN.2",0.210375222912789,NA,1.69481565574857,66.0234771606303,0.137975999721528
"LOX-IMVI.1",0.044681875312168,111.272445951352,0.631275474729447,0,111.272445951352
"LOX-IMVI.2",0.109970432440021,NA,4,87.9738334935955,0.0176283059364825
"MKN45.1",0.0271321832128878,NA,4,84.7442605222073,2.93287812444624
"MKN45.2",0,NA,0.975838762187764,100,891.649146666024
"SJNB-14.1",0.130551449741058,NA,1.32310040409929,76.2239857324822,0.223700511556775
"SJNB-14.2",0.109077790262681,NA,0.942944526253519,70.8978475570349,0.8122465319192
"NCI-H1299.1",0.031399512887485,NA,4,92.0320983566585,0.657456495914786
"NCI-H1299.2",0.0108159879522587,76.719872395854,1.17301825419552,0,76.719872395854
"NCI-H1651.1",0.0273112964131412,25.7067556467493,1.50835065997073,23.1363084337431,17.0283880044946
"NCI-H1651.2",0.14355663359572,6304042.82861611,0.112741997738343,9.37257068587783,1e+06
"Ramos.2G6.4C10.1",0,NA,0,100,5.92364800225378
"Ramos.2G6.4C10.2",0,NA,1,100,0.100035129252774
"SH-4.1",0.0234237773950845,NA,4,90.978635024813,1.66417577767529
"SH-4.2",0.045484016220881,NA,0.0724897576395608,91.2536177345672,0.104061086976391
"SNG-M.1",0.0427380818739197,NA,0,91.4523836252161,0.773964992900597
"SNG-M.2",0.126666607782114,NA,1.04786681213902,87.1987808032488,0.000888770345256175
"SW1990",0.0622789282364481,NA,4,93.7721071719218,0.000118486423921755
"SW1990.1",0.107313707522495,140131872491.314,0.107962760334191,36.0897264144952,1e+06
"T98G.1",0.0136083666657978,NA,4,91.726547132409,3.21921922423142
"T98G.2",0.01159166958833,NA,4,92.1797726584996,3.60725303049834
"TE-8.1",0.120547553667235,NA,4,76.5937737878224,0.285132944479762
"TE-8.2",0.152490064755337,NA,2.0890189834861,83.1221418320603,0.0169963638313002
"TK-10.1",0.0591119588836666,NA,0,88.1776082232667,0.0389944053203064
"TK-10.2",0.130669949751291,NA,0.383837709813089,82.9926422704208,0.00937940321450415
"COR-L32",0.321671430367441,0.607302842397458,1.88104098860191,36.3906138921906,0.304067375073225
"COR-L32.1",0.305926187062855,0.465086829478523,3.38223995817646,40.7711696891899,0.282208653738694
"VM-CUB-1.1",0.0542308205638548,18.8888959447999,1.08465100971138,0,18.8888959447999
"COLO 680N.2",0.0732435095877802,NA,4,89.4907665978711,0.0811523871375219
"EoL-1.1",0.172883214314445,103.64651233819,0.288525402022492,0,103.64651233819
"EoL-1.2",0.28096994822936,1.56188055595421,1.19667100065992,0,1.56188055595421
"Karpas-299",0.0973913322962888,NA,1.64133390379266,56.6566036511043,2.22581815687906
"LB831-BLC.2",0.0380941103549972,22.6048758546544,1.20658411402708,0,22.6048758546544
"ONS-76.2",0.099949908798755,9161929.25663753,0.138203468693731,13.1854010942674,1e+06
"Panc 10.05.2",0.0998537818290856,NA,1.15138306184367,70.5075810497327,1.02054547947596
"PSN1.1",0.185516678504432,9.91968334954494,0.543394172076256,7.50262132054367,7.35460307891964
"SF539.2",0.00435507156401369,NA,4,98.859749103295,0.714942205895893
"SNU-387.1",0.272475460989281,NA,0.929691752206037,62.1296715740535,0.0578117728414491
"SNU-387.2",0.314909041064069,165.61524255117,0.532794452624522,49.0292323734662,0.101420632082375
"SW1271.2",0.0290896120451889,NA,4,95.5886296284584,0.105165077238542
"VM-CUB-1.2",0.00556634372905312,NA,4,77.8125,10
"EN.1",0.0636929424023217,813.707271116611,0.371411894893662,0,813.707271116611
"EN.2",0.116755469389668,61.9843945612387,0.435107109103322,0,61.9843945612387
"GR-ST.1",0.158822168103665,8.9318822821628,0.655695900092446,0,8.9318822821628
"GR-ST.2",0.271372260700472,2.88356725979465,0.572188216303725,0,2.88356725979465
"KYAE-1.2",0.0184496226606416,NA,4,92.41367465429,1.86465933464569
"NCI-H1581.1",0.104351644349702,118427228037775088,0.0966352671615408,45.7451519602473,1e+06
"NCI-H1581.2",0.172323956992992,5.46157546914846,0.806966095870121,0,5.46157546914846
"OCUM-1.2",0.0772389559053644,NA,3.13627251334061,64.0019074566149,2.27871485199052
"OCUM-1.3",0.197142847172355,3.39513516566738,1.01469501880696,0,3.39513516566738
"RF-48.1",0,NA,0,100,11791.9513791178
"SAS.1",0.13194660896813,NA,2.22357497668649,67.4054495765248,0.610978620962814
"SAS.2",0.140195830707047,5.90457222681467,1.03324593007278,0,5.90457222681467
"SCC-4.1",0.0446380348691619,NA,4,93.4222709886818,0.0921019321825591
"SCC-4.2",0.06519182891518,43826.9289564265,0.232696772865347,0,43826.9289564265
"VL51.1",0,NA,0,100,0.410129138085562
"VL51.2",0.0390641268907614,NA,4,78.9545624812655,2.77864896490803
"SW900.1",0.0694364497473139,82.4733311234683,0.551956712250585,0,82.4733311234683
"SW900.2",0.104620679852409,58.5054202600317,0.474797070709171,0,58.5054202600317
"TE-15.1",0.1350946576882,NA,2.87135461825239,77.2293126033848,0.16605039172403
"LS180.2",0.0950540540096548,NA,1.02167796294207,75.3713204635797,0.733643935015229
"LS180.3",0.0171623848378339,11.3307262724824,4,0,11.3307262724824
"NCI-N87.1",0.0500865351612064,NA,3.14988855851705,84.2294689783794,1.11538046850692
"NCI-N87.2",0.0515640049632039,NA,4,66.834219205879,3.42850623104814
"Fu97",0.0094817201547297,13.5177832747247,4,0,13.5177832747247
"FU-OV-1",0.137331467266114,NA,0.00174976693923616,72.6332343674825,0.00495195955816181
"FU-OV-1.1",0.171037570718291,NA,0.511224948281948,66.9828987265609,0.265269788712166
"EW-3.1",0.386659589267949,0.540285716499042,1.00887060858537,28.6452313858117,0.232486106213716
"EW-3.2",0.393685198111421,0.639696359738046,0.791453651306278,36.7947298434342,0.11895719471542
"UACC-62.1",0.0346733742222797,NA,4,87.0262375824371,1.57890360436929
"UACC-62.2",0.198301027437742,8.75196125110967,0.508221744060672,0,8.75196125110967
"WIL2 NS.3",0.00124802694500451,23.1060538155363,4,0,23.1060538155363
"WIL2 NS.4",0.0430099706104647,NA,4,72.0679624848077,3.46454313682734
"A-673.1",0.264780181560283,NA,2.27046414737755,57.4819235296768,0.135330373240796
"A-673.2",0.349657428145548,1.51522203211463,0.479921797802874,0,1.51522203211463
"EFM-19.1",0.0358365857444492,246719665.851355,0.196323285203212,33.0450647466141,999665.01828869
"HCC1395",0.0630076910762609,153.096019985612,0.501388118119547,0,153.096019985612
"HCC70.1",0,NA,0.78687212145119,100,0.0761256711763744
"MDA-MB-175-VII.1",0.00851488592389057,58.8773951930028,1.38797813180193,0,58.8773951930028
"MDA-MB-468.3",0.0395618851948586,NA,4,74.9428880521655,3.35803410909007
"VCaP.1",0.304362263516014,1.0354264300416,1.65801155865416,47.0452994194527,0.188017241508823
"VMRC-RCZ.1",0,NA,0.759426179770816,100,0.00893024536025901
"VCaP.2",0.391135395732516,0.614847230784364,0.81555472535604,31.8886255177013,0.177014228656862
"LS123.1",0.00632795551055838,15.1256391888845,4,0,15.1256391888845
"LS123.2",0.129503899914909,13.1992952693932,0.666952044276376,0,13.1992952693932
"PSN1.2",0.166591400526062,426.271430153651,0.233277056992044,0,426.271430153651
"PSN1.3",0.152856579512867,NA,0.49963926930675,80.7168229490194,0.012497912678455
"CAL-72.2",0.0902541609781378,1541599.26685743,0.154520911244035,3.23461892373694,1e+06
"CAL-72.3",0.112234685557475,40020164.8550257,0.124164768373871,18.3755181062445,1e+06
"CGTH-W-1",0.102168314600328,NA,0.0110002558588946,80.1175206250733,0.00204330483763373
"D283 Med.1",0.148841881869834,NA,0.970923317936414,51.8408028882428,1.34486055361765
"D283 Med.2",0.161959880976742,NA,0.724271845217307,62.3674026767191,0.558814401037208
"HCC1395.1",0.0606364749609906,NA,4,79.6113500549921,1.28200022310666
"HCC1395.2",0.0756078704561517,NA,4,86.7933023725071,0.191708317211937
"HO-1-N-1.1",0.0699326111554923,NA,0.920133697344814,62.379545488709,4.09895978355511
"HO-1-N-1.2",0.141664522195849,NA,1.68963543065816,85.8335475689532,1e-06
"Karpas-299.1",0.0424236903947222,NA,4,84.5594336865209,1.49917878160277
"Karpas-299.2",0.0860296726619419,NA,0,82.7940654676116,0.00156498774390552
"MLMA.1",0.0908311080048925,NA,2.20709096233553,79.1237791697441,0.495498135082243
"MLMA.2",0,NA,0,100,12.3121371055528
"SNU-16",0.190264018952078,4.09442021051882,0.879728985461971,0,4.09442021051882
"SNU-16.1",0.217106421163318,3494.04729098398,0.140129274022117,0,3494.04729098398
"PCI-30",0.0905636584812442,79.1290000096322,0.481459248963578,0,79.1290000096322
"PCI-30.1",0.154422033653155,134837.459310155,0.133035727004228,0,134837.459310155
"RCM-1 [Human rectum adenocarcinoma].1",0.0465701255136473,NA,4,89.3907921524388,0.482194785398697
"RCM-1 [Human rectum adenocarcinoma].2",0.123728364709931,NA,0.62004443191753,85.2283229323874,0.0105482309168351
"SK-N-AS.2",0.0234191439331847,NA,4,80.3650385075773,4.42903180400182
"SK-N-AS.3",0.0795160797223,NA,0,84.09678405554,7.64814595114812
"SW1116.1",0.0460141575557821,NA,0.502321450155683,85.1056247551803,2.25518973854136
"SW1417.1",0.149132472958872,NA,1.67768651009456,76.9862433371949,0.112674989324853
"SW1417.2",0.211251960393749,NA,0.927549857382775,75.1531190102012,0.0168055248037446
"VMRC-RCZ.2",0,NA,0.19037630872342,100,14.1244067376767
"BT-20.2",0.0240993004661475,28.9719053016595,1.31754864109514,0,28.9719053016595
"A-375.28",0.143069145361203,8234.02709838929,0.283219580176597,40.3448736479259,24.7657488698145
"A-375.29",0.143889629781557,7399.26214798534,0.18187897885074,0,7399.26214798534
"A-375.30",0.126756059944971,NA,0.0162316789953368,75.3597571814446,0.00902086378448929
"A-549.18",0.0649508974257538,365.548547740806,0.688652632408496,44.4465552037647,15.0327853014384
"A-549.19",0.0870206723997017,NA,4,71.5312119930694,1.21082651821039
"A-549.20",0.0995400223577994,NA,4,85.485826526026,0.0876396924837899
"A-549.21",0.175143413175731,NA,0,64.9713173648538,0.00728568820950436
"A-549.22",0.0872606442409432,NA,4,88.0557680636128,0.0643282820901206
"C32 [Human melanoma].28",0.0895778799880269,NA,0,82.0844240023946,0.0015420392179412
"C32 [Human melanoma].29",0.107011474566711,NA,1.61394821480821,89.2988522075384,1e-06
"HCT 15.23",0.0996845581763125,673877327.616128,0.123950512176708,27.6968626009934,1e+06
"HCT 15.24",0.0473448256070583,NA,0,90.5310348785883,0.809988004635451
"HCT 15.25",0.127130875328175,NA,0.49213202942513,71.6136665486957,0.533492899017611
"HCT 15.26",0.0321562980047038,NA,0,93.5687403990593,19.329590471614
"HCT 15.27",0.0461951828062972,NA,4,89.0031759051116,0.5493695940294
"HCT 15.28",0.0338180038890773,NA,4,95.6788730270231,0.0448798313177152
"HT-29.28",0.233566322237985,NA,0.636001586715955,52.9829639587647,0.325259293883515
"HT-29.29",0.269175980163457,10.3753092530521,0.543277510829019,40.3741166944762,0.499965960012338
"HT-29.30",0.275433138872881,0.911994699864931,2.22572018345353,45.8603238797438,0.297752828099227
"HT-29.31",0.212006239842014,NA,0.504792198947104,75.6163441372883,0.00370494891187565
"HT-29.32",0.196739490156129,NA,1.03873831449575,76.6002961206545,0.0208065031101932
"HT-29.33",0.1872425521045,NA,0.880092475561016,76.4944191432862,0.0278645319098586
"MFM-223.18",0.1199560090703,NA,4,87.5,0.0119708503049573
"MFM-223.19",0.109888819528991,NA,1.88961389695388,89.0111179925867,1.56989916229534e-06
"MFM-223.20",0.0639149175203686,NA,4,92.9596163617848,0.0185289042786646
"MHH-ES-1.30",0.0938739404068556,NA,0.00660928504736761,81.1369741960884,1.30287139744585
"MHH-ES-1.31",0.117863475946049,NA,0,76.4273048107902,0.140186309915108
"MHH-ES-1.32",0.116307098409811,NA,0.411885973255526,75.6251920288845,0.4094742046396
"PC-14.29",0.0855775029652281,305.038554453715,0.377393384033449,0,305.038554453715
"PC-14.30",0.0615688688885803,NA,0.804125682748783,80.1294354561174,1.46270160028416
"PC-14.31",0.0940645328422454,NA,0.643985545690927,75.930624061498,0.815870150846984
"PC-14.32",0.0709655895458908,NA,0.288484015884016,85.1666505563776,0.437245309994094
"PC-14.33",0.0860631227463221,NA,0,82.7873754507356,0.0356674924917214
"PC-14.34",0.061743505873963,NA,4,87.6029178151276,0.320603225590571
"SNU-C2B.25",0.161410392351982,NA,0.813496930142327,79.5662487757462,0.0275976298172136
"SNU-C2B.26",0.0745566536306126,NA,0.767832076541834,79.8569313063298,0.901305381492655
"SNU-C2B.27",0.109168281462523,NA,0.00381026771308515,78.2606363575476,0.0324590902742496
"SNU-C2B.28",0.105534006823219,NA,0,78.8931986353562,0.0170745992052901
"SNU-C2B.29",0.151136059369957,NA,1.12846865296967,84.886334735228,1e-06
"SNU-C2B.30",0.085909113786365,NA,0,82.818177242727,1.27316096534173
"SW620.29",0.131848242230024,11081.0515672951,0.18484404381599,0,11081.0515672951
"SW620.30",0.115780877238853,NA,4,81.9138166020232,0.12013102623595
"SW620.31",0.0745950061600948,NA,1.86905850560602,85.7210017012018,0.270815087685365
"SW620.32",0.102214710366101,NA,0.593430998400314,88.4613512003766,0.00438474014929349
"SW620.33",0.0959296247481368,NA,1.28757148196836,90.4070264606882,1.3353102167382e-06
"SW620.34",0.0638425811811427,NA,0,87.2314837637715,0.341365063884493
"U2OS.29",0.131740191155397,NA,0.442298467900828,63.3629232188396,1.47864232664146
"U2OS.30",0.147939436555077,1013.26555179573,0.225601425302723,0,1013.26555179573
"U2OS.31",0.134575538521687,NA,0.322351638552626,64.6278627462669,1.66797704161287
"U2OS.32",0.151673189760958,NA,1.91157055099128,80.5384531275533,0.0446128590612
"U2OS.33",0.13189345533243,NA,4,78.7471505460111,0.137519205472064
"U2OS.34",0.137024362239699,NA,0.30234301564204,78.0371580654098,0.0512473851502399
"AU565.4",0.0815996452180876,14.739403014333,0.932538614186719,0,14.739403014333
"CAL-85-1.5",0.127864939138585,NA,0.149649300539325,79.9832442041039,0.00637368187450534
"HCC1937.5",0.0116620288998923,NA,4,96.3046640142238,1.12202702600497
"BT-474.4",0.0299608743736727,54.2606916952875,0.92005020085756,0,54.2606916952875
"MFM-223.21",0.0171153665494167,NA,4,93.8114705245296,1.47063279753561
"MDA-MB-330.1",0.0304433013322039,NA,4,81.7391370449808,3.15656931262227
"EFM-19.2",0.0235672716095454,NA,2.10504026980538,88.0122504754503,2.64512010756296
"EFM-19.3",0.062202336305351,NA,0,87.5595327389298,0.5855334130948
"IST-MEL1",0.0793744131625495,NA,0.00270538771954944,84.2704198759411,0.000342149478657108
"IST-MEL1.1",0.119623001000188,NA,0.063038855364713,57.4141892903946,999887.244144222
"IST-SL2.1",0.22290288582134,2.79160380025606,1.38719406209477,42.8639058852055,0.686030172293105
"IST-SL2.2",0.159090024639279,9.10243661571144,0.647989750284346,0,9.10243661571144
"NCI-H810.1",0.115009071014493,64042687.5856291,0.120843287681205,19.7541342179155,999918.749676189
"NCI-H810.2",0.118303953512288,NA,0.402842738907924,77.5439285197693,0.232407083367438
"SW1088.1",0.117478838904523,NA,0.564056874303771,86.5030441079279,0.00504590522626793
"SW1088.2",0.0789594505036555,NA,4,91.6911277479751,0.013109665669939
"SW1116.2",0.0717737737118032,NA,0,85.6452452576394,0.00403713859444189
"SW1116.3",0.137367376832445,NA,1.57130606541518,86.263261661023,1e-06
"SW837.1",0.088844651932901,NA,0.00663417572873693,82.3794985880109,0.0249552164653078
"SW837.2",0.110181833620445,NA,2.81192841995941,88.5057700511591,0.0107863721112873
"TC-YIK.1",0.225617131944469,NA,1.07114265182194,50.8114649728268,0.427036820689864
"TC-YIK.2",0.215430305255357,23.7960791233414,0.32628560243048,0,23.7960791233414
"TE-9.1",0.128766131437703,NA,0.71592224052126,77.7468090197542,0.165688188529758
"TE-9.2",0.136633641791237,58557.9427940801,0.154831462949747,0,58557.9427940801
"YAPC.1",0.140888178517195,NA,4,77.2841901710985,0.137872131295655
"YAPC.2",0.135578507269284,NA,0.621271950729296,76.6519257082908,0.155624375438423
"BT-20.3",0.062127510244719,301275.02834151,0.202123105683811,0,301275.02834151
"HCC38.3",0.0409996288399202,NA,0.0768033019261549,90.6276489850562,8.42101112259984
"CAMA-1.1",0.0437427188173086,NA,0,91.2514562365383,0.000885263512690264
"CGTH-W-1.1",0.0646168168564918,NA,0.0881032029223515,87.0826672281106,0.312950948741521
"CGTH-W-1.2",0,NA,0.71117325893715,100,0.0854933783933013
"EB2.1",0.00122767015572626,23.2028885113374,4,0,23.2028885113374
"EB2.2",0.0476919366793853,NA,4,65.7472356210008,3.84298436772632
"HCC70.2",0.00362712643841861,56.558230829056,3.1486423449215,48.7153083417301,17.6791720928068
"KNS-62.1",0.022089713599322,NA,4,97.5678231102316,0.0184740799551761
"NCI-H1755.1",0.171592802798071,18922.0434741144,0.217008707506831,37.2733029122453,34.5604075051591
"NCI-H1755.2",0.237508579399297,51.9655939441212,0.240272415211981,0,51.9655939441212
"RPMI-6666.1",0.0450228501057366,NA,4,75.8471414515887,2.76344050270814
"RPMI-6666.2",0.0614909820757747,NA,4,60.4574496752706,3.42772980022974
"SK-GT-4.1",0.09699650859537,NA,4,87.7081515383099,0.0429064511648405
"SK-GT-4.2",0.0609338124958436,NA,4,91.219225917913,0.0828511052852601
"SK-OV-3.1",0.0585823966032034,NA,4,89.2392455796259,0.232755815499477
"ST486.2",0,NA,1.023360699962,100,4.83238112583722
"ST486.3",0.067588843952784,NA,4,71.0546847198946,1.99392593722964
"SU-DHL-6.1",0.027641928872108,NA,4,84.3496944505048,2.95802342545439
"SU-DHL-6.2",0.0551690648026997,NA,1.55844831037407,52.1002818586695,5.61950907457878
"UM-UC-3",0.0458387425559012,NA,4,95.0304496468378,0.0165769706914326
"VMRC-LCD.1",0.0212365860651444,166.155402401832,1.14969645341861,44.4301796222704,24.6313364918237
"WSU-NHL.1",0.192171215991713,71.5110497079793,0.282538031060952,0,71.5110497079793
"WSU-NHL.2",0.160703219872674,NA,1.90484982253571,57.5962341364266,0.732208496089833
"YH-13.1",0.0934277148088969,738.839865715104,0.312757662193406,0,738.839865715104
"YH-13.2",0.0346693257405979,NA,0,93.0661348518804,0.0115084917331544
"WM115.1",0,NA,0.387456861623182,100,0.134150829863647
"U266B1.1",0.0239597426041595,10.1595942740259,4,0,10.1595942740259
"A-375.31",0.23076346907518,3976249487.8091,0.0607845273650079,19.788123466264,1e+06
"A-375.32",0.123357659425933,41851.5451783078,0.169921124132295,0,41851.5451783078
"A-375.33",0.191715597682863,12102.9541330178,0.13857882972519,0,12102.9541330178
"A-375.34",0.215008502243573,NA,0.586579495080458,73.1086687091455,0.0157284225861902
"A-549.23",0.099445809277888,32.4593545575561,0.581330972201671,0,32.4593545575561
"A-549.24",0.205741517040699,45.9995457928056,0.290680846864485,0,45.9995457928056
"A-549.25",0.157322670614915,NA,4,74.7144095334612,0.136015964150095
"A-549.26",0.186898022510532,78.0687046993263,0.284847717524383,0,78.0687046993263
"A-549.27",0.161493829043675,NA,4,70.5417601686391,0.226718404915176
"A-549.28",0.202453977725738,NA,4,68.5617651341474,0.117009282106282
"C32 [Human melanoma].30",0.0622251469265396,NA,4,91.830397135895,0.0518828750409213
"C32 [Human melanoma].31",0.0450778242327127,NA,0.332480751038931,89.6498798220821,0.750002638360232
"C32 [Human melanoma].32",0.0861280693140294,NA,0,82.7743861371941,0.00932409286690086
"C32 [Human melanoma].33",0.0926862645072932,NA,1.2874085997714,90.7313661701382,1e-06
"C32 [Human melanoma].34",0.0820003078999212,NA,0,83.5999384200157,0.0465846471447471
"HT-29.34",0.302206114453186,NA,1.1816419885121,54.6721598300062,0.0947487746690734
"HT-29.35",0.313012662083995,NA,2.42103123940424,59.0561808778144,0.0504855443326207
"HT-29.36",0.264708239204991,15.5486615510656,0.593591131672062,44.3678091718166,0.392772529045056
"HT-29.37",0.317858909124737,NA,4,50.4415973910906,0.119122535026293
"HT-29.38",0.285978195772254,0.490585245919885,3.92772523360199,46.5864562651198,0.247691150193848
"HT-29.39",0.195869049874048,8.73120118840515,0.827695873495886,39.9684724485944,1.25385929238178
"MFM-223.22",0.0209982135476582,NA,4,83.9611534606872,4.07589466601058
"MFM-223.23",0.0791788132180234,NA,1.7921929263364,90.9271943895246,0.0211804473421587
"MFM-223.24",0.0566914817151377,NA,0.768768009847452,90.9250947020166,0.115904903184691
"MFM-223.25",0.012089435267338,NA,4,97.033986176806,0.598822898326054
"MFM-223.26",0,NA,0,100,30.8479693562927
"MFM-223.27",0.00338566148707662,17.8702437914698,4,0,17.8702437914698
"MHH-ES-1.33",0.089046588243561,NA,4,88.491772360322,0.0477170585230014
"MHH-ES-1.34",0.0927047067717003,7611.40645377479,0.234798540765398,0,7611.40645377479
"MHH-ES-1.35",0.0809846294402324,1520.94487698933,0.304146996625861,0,1520.94487698933
"MHH-ES-1.36",0.128925022722001,NA,1.03328851175586,75.2338711328789,0.272153949879727
"MHH-ES-1.37",0.105975634453709,57.0598416530082,0.473874259251428,0,57.0598416530082
"MHH-ES-1.38",0.135996567499915,NA,0.798706834747655,76.9324709528882,0.156047910815999
"PC-14.35",0.0939819070202972,479133.579840394,0.162187866704804,0,479133.579840394
"PC-14.36",0.0664223307980786,815.727989855513,0.364362167296304,0,815.727989855513
"PC-14.37",0.00925081788415988,13.6126750396207,4,0,13.6126750396207
"PC-14.38",0.0241274415827777,NA,4,70.1222738354553,5.88969903411687
"PC-14.39",0.0759389586458155,NA,4,90.5703486331653,0.0383459347275034
"PC-14.40",0.0205106466197894,NA,4,85.1664520255534,3.86920821104665
"SNU-C2B.31",0.0980125087995366,NA,0.0369216754562905,81.4284136416602,0.0155278248271872
"SNU-C2B.32",0.0785422801063288,NA,4,90.5087692738398,0.0328614068820161
"SNU-C2B.33",0.0691925256895201,NA,0,86.161494862096,0.0938442108630799
"SNU-C2B.34",0.152151557128442,281234.41756352,0.127028698415846,0,281234.41756352
"SNU-C2B.35",0.0894715180447616,NA,0.067497474266641,83.3867723799662,0.0317205270172346
"SNU-C2B.36",0.084135397741054,834.811508267887,0.324394430901407,0,834.811508267887
"SW620.35",0.184348208406965,NA,4,76.1525609108439,0.0479597614907207
"SW620.36",0.139140675019495,NA,4,78.2469093425098,0.120568027944487
"SW620.37",0.191117693986767,NA,0.634116668497242,72.7243761897229,0.0519459427397912
"SW620.38",0.192327174569471,NA,0.830227134556844,75.729530927996,0.0274663252393457
"SW620.39",0.196541173231668,NA,0.833174058049007,77.633020328139,0.0102002715527776
"SW620.40",0.168859781708885,NA,4,74.8419446220183,0.0969514281477747
"U2OS.35",0.129903501526649,1389.97537623056,0.23636541378191,0,1389.97537623056
"U2OS.36",0.110938842084391,1456772.33516621,0.139084640600201,2.54906980038882,1e+06
"U2OS.37",0.130029556064415,NA,4,84.1392782235252,0.0346715879790116
"U2OS.38",0.13577900434916,NA,0.47070869527722,76.5220641598987,0.140501840523539
"U2OS.39",0.143870788167404,NA,0.306289431716445,59.1932042770115,2.74371801481672
"U2OS.40",0.118967893050004,3007.73084038093,0.226971994157367,0,3007.73084038093
"A-375.35",0.189818311128615,NA,0.91395206067694,78.0025822294486,0.0142544746844698
"A-375.36",0.172153526701838,NA,0.502452522527646,65.7020407755195,0.310329723694075
"BT-483.2",0.0716837436270575,2773421.22845444,0.168245805297045,7.91588780422356,995680.81658518
"CAMA-1.2",0.0616347035505104,NA,0,87.6730592898979,0.00958258289968727
"HCC1599",0.191695943305917,NA,4,50.9102080459804,0.66754130451834
"MDA-MB-415.1",0,NA,0.672465287523731,100,0.0179149473803523
"UACC-812",0,NA,0.752415851076869,100,0.0156695736114245
"EW-24.1",0.214055277705416,5.44015364013046,0.946522284500242,40.9794601924699,0.890949614635764
"COR-L88",0.118816357424126,NA,4,79.5968195066477,0.179103963425078
"Capan-2.2",0.225279295331325,NA,0.711076926702882,71.0201205603321,0.0270670995096412
"Capan-2.3",0.190454918512872,NA,0.820067800036798,72.4851993274152,0.0679796093789961
"SK-OV-3.2",0.0883187562501557,NA,0,82.3362487499689,0.00476870772332314
"SK-OV-3.3",0.080482179565138,NA,0.494013593230027,90.4614847522487,0.00553146792448078
"WM115.2",0,NA,0.351703319086698,100,0.00781306883482574
"WM115.3",0,NA,1.05309639806361,100,1.54922187273227
"YT",0,NA,0,100,0.0434593261720803
"YT.1",0,NA,3.48292501599503,100,1e+06
"VMRC-LCD.2",0.0336667655527657,NA,0,93.2666468894469,0.0113161492395276
"VMRC-LCD.3",0.0815348532873802,NA,0.250923027615427,73.7517425669672,9.13606561216851
"UM-UC-3.1",0.0935010982499747,NA,0,81.2997803500051,0.0203269401991821
"UM-UC-3.2",0.0816928191785204,140070995336.494,0.12648971253363,38.831289871709,999874.791406782
"KNS-62.2",0.0552718725085482,NA,0,88.9456254982904,0.157561389644728
"KNS-62.3",0.0702824504204083,NA,0.306697829774378,78.3370847823682,4.26380088874652
"HCC70.3",0.0331004696598887,NA,0,93.3799060680223,0.057127232874318
"HCC70.4",0.0716300874141731,NA,0,85.6739825171654,0.00877659721982201
"CAMA-1.3",0.100666006366065,NA,0,79.866798726787,0.00227380909143789
"CAMA-1.4",0.0782178395645269,468.840451075024,0.367577750175482,0,468.840451075024
"ZR-75-30.1",0.0732075432953971,29104.7618189535,0.229589117404433,0,29104.7618189535
"TGBC1TKB",0.0500238514956553,NA,0.974750576407196,93.7641699575381,0.0287751586669361
"TGBC1TKB.1",0.0244823512707061,NA,4,80.4743488001665,4.23959296841827
"OE33.1",0.0845320695044199,NA,4,90.1760727755336,0.026089130862059
"OE33.2",0.130426720815895,1320.29150810837,0.237334023892687,0,1320.29150810837
"NCI-H2342",0.166233939929758,10890.1414250605,0.157489705501686,0,10890.1414250605
"NCI-H2342.1",0.135813373500371,1205.7427238941,0.233864705946791,0,1205.7427238941
"KYM-1.1",0.141864047203718,NA,0.572908663274208,78.617904783756,0.0682850771018671
"KYM-1.2",0.146197585852319,NA,0.95978336044648,74.5710720998013,0.180970033312841
"EW-24.2",0.250208512103547,349.564455668179,0.160228557315608,0,349.564455668179
"HuCC-T1.1",0.00389099714034693,17.2288182958098,4,0,17.2288182958098
"MV4-11.1",0.0346497117874118,NA,4,81.6201150478425,2.7231989053206
"MV4-11.2",0.135645598113026,NA,0.666487278082211,77.0234643887754,0.146666561753064
"NCI-H1648",0.208093970455728,NA,2.18018066971292,59.3515382608715,0.291253715753878
"NCI-H1648.1",0.108057615989575,NA,4,88.3655134755523,0.0157601630883618
"NCI-H211.2",NA,NA,NA,NA,NA
"NCI-H211.3",0.315536953207616,2.5015735883964,0.440438951377632,0,2.5015735883964
"Panc 02.03.2",0.147628671568616,51102.8241569977,0.148768665853437,0,51102.8241569977
"Panc 02.03.3",0.238090580395211,103.154199047484,0.208744810693764,0,103.154199047484
"SK-MEL-2.1",0.0653328419052208,NA,1.2626332254041,89.5037195835146,0.132227127867687
"SK-MEL-2.2",0,NA,0,100,0.00703756770428217
"SK-MM-2.1",0.179666379925546,NA,4,67.5707944237938,0.21779450751021
"SK-MM-2.2",0.241460681022808,4.613266622216,0.860252714816585,40.8402889341534,0.641476869011475
"U-698-M.1",0,NA,0,100,1.37695529736209
"U-698-M.2",0.133730500416182,3.76827969909434,3.8363286197852,47.5320170552708,1.72008466473357
"NCI-H2085.1",0.0176983949012544,NA,0,96.4603210197491,0.0159010511816456
"NCI-H2085.2",0.054337540297869,NA,4,77.7999424117752,1.84455852099696
"SNU-449.1",0.117622240922643,NA,0.813395523104707,85.3086867964686,0.0247431881268061
"SNU-449.2",0.213385877305401,NA,0.147522304500195,54.8375455158581,0.678308710028579
"SK-MEL-1.1",0,NA,0.429121515875482,100,284.538963250494
"SK-MEL-1.2",0.0791754279310069,7.88283569061532,3.34693633123935,46.1750147223488,3.6571396990174
"HT-1376.1",0.123156117407194,NA,3.32666526839999,85.7305433118872,0.0254233516249273
"HT-1376.2",0.102678051417903,NA,0,79.4643897164195,0.0158885185394543
"Lu-139.1",0.0780143223762051,NA,4,87.642366944807,0.127710369122014
"MDA-MB-415.2",0.0625943327876652,NA,0.0549781343731478,84.3664770968206,500.975590699224
"MDA-MB-415.3",0.0438116649651126,NA,0,91.2376670069775,90.616630515684
"NCI-H2066",0.231792366344665,NA,0.477848412306332,51.0846327493539,0.412913237163592
"NCI-H2066.1",0.00285579763521138,18.6816683383073,4,0,18.6816683383073
"SK-CO-1.1",0.336830308256261,0.983518779644544,0.923508688488533,30.3856645659972,0.357047271238902
"SK-CO-1.2",0.227655845024214,1000.0658804511,0.15478364226753,0,1000.0658804511
"SW1463.1",0.150872575728731,312.554531591169,0.737569950354273,48.9034420429296,1.76088548211531
"SW1463.2",0.0312082085953868,NA,0,93.7583582809226,410.059665462666
"COR-L105.1",0.125754682095194,NA,0.623224773699746,70.4325420877435,0.608894706754953
"COR-L105.2",0.162475819806445,NA,1.42158380313354,81.9345730489642,0.0144497195925495
"EW-11.1",0.321684947362395,0.853853322721154,1.26018971539068,36.7860436407444,0.297010674505326
"EW-11.2",0.264709230243598,NA,0.760928983000659,61.6988032342013,0.0655695085143348
"NCI-H2029.1",0.170602600948238,NA,0.494222916884809,76.8007608644227,0.0258181740838831
"SW48.1",0.31805634444917,1.21949572978772,0.943682297630723,34.5632115659849,0.350999469957716
"SW48.2",0.29448966505664,NA,0.702762133513647,50.3632444235244,0.145740192038628
"ZR-75-30.2",0.0134795315703215,NA,4,95.1901471999101,1.44333211963618
"ZR-75-30.3",0.0340864667950543,NA,4,95.4858076840167,0.0542951323070726
"ME-180.1",0.0469878211533905,NA,0,90.6024357693219,0.00204415646143584
"ME-180.2",0.0191777811065231,NA,4,91.4118331873485,2.1397563619048
"MSTO-211H.1",0.2116564666207,NA,2.19884271929629,67.1807802899086,0.116013771510556
"MSTO-211H.2",0.142121675124807,NA,1.17160527570855,81.7881364803173,0.0389982214495828
"NCI-H835",0.147433704888124,NA,0.649411322375341,54.1861133814431,1.52067568514724
"NCI-H835.1",0.0405861486315226,NA,4,79.2538259604757,2.59201698950499
"SW872.1",0.148843093203994,1472.28371402511,0.213928159990887,0,1472.28371402511
"SW872.2",0.1539717670957,NA,1.75020232545386,83.4295078942691,0.0118954817100532
"HCC78.3",0.168882713612812,NA,0.222934108363353,78.6451286910102,0.000629027875891232
"HCC78.4",0.143624688768701,NA,0.38551166794875,78.8001843056482,0.035445827043831
"HuCC-T1.2",0.0572684746474173,1466326162.9967,0.159609768950311,34.382602205788,1e+06
"HuCC-T1.3",0.00164496925397664,21.9889540356645,4,7.56096671066669,21.105878855585
"AU565.5",0.0543744665604848,27.7047962608767,1.66091726447678,45.7617904567277,6.26983864667042
"BT-474.5",0.0133446912393454,30.0696265242095,1.64200351803499,0,30.0696265242095
"CAL-85-1.6",0.151520924821625,NA,0.673580651256593,76.2347719655788,0.0962115784012361
"MFM-223.28",0.00930134478607817,NA,2.56731859344493,84.4616502187565,7.78550011149518
"HCC1937.6",0.00492987145733819,16.1646027478461,4,0,16.1646027478461
"HCC1569.1",0.0161524733022672,NA,2.22584869563506,82.6803005607197,5.91677929472907
"HCC2218",0.0298272761762093,NA,4,84.8742059560621,2.55178425830875
"MCF-7.2",0.116964397926923,NA,4,58.992809379789,1.38488941914378
"Ca Ski.1",0.0783107306262198,NA,0.0600944293544291,72.9770023947218,1e+06
"Ca Ski.2",0.0888377940227121,NA,0.683349061728068,90.1367210886213,0.0048144815431832
"CCK-81.1",0.144238526577975,NA,0.551155313730138,68.2813340677606,0.482844788574421
"CCK-81.2",0.0717002190241153,NA,0.39455711698495,82.5620105290596,0.899651099283662
"COR-L88.1",0.060228650639193,NA,4,87.3828181243916,0.36986794522982
"COR-L88.2",0.0416188769384231,NA,4,82.8559277982125,1.87029273475565
"CS-1 [Human chondrosarcoma]",0.0495510656712635,NA,4,81.0985251613173,1.63558897140638
"CS-1 [Human chondrosarcoma].1",0.0404883284763203,NA,4,92.9747233860668,0.186706795561331
"G-292 clone A141B1.1",0.333535571489104,NA,0.742377864130704,55.3944597938059,0.0382078786340315
"G-292 clone A141B1.2",0.244411574098994,NA,0.407673522987082,56.8884575966142,0.147094195014176
"K-562.1",0.0231563910151479,NA,4,85.5368766881481,3.31915204883731
"K-562.2",0.0557536825076864,NA,0,88.8492634984627,0.0343993479356014
"KYSE-270.1",0.0194130355411041,7735.60501546619,0.419437920544739,0,7735.60501546619
"KYSE-270.2",0.0252980675594329,NA,0,94.9403864881134,0.0401653173647737
"NCI-H524.1",0.118747747592083,NA,1.39788561450912,73.3885107928621,0.461471358854882
"NCI-H524.2",0.045949112116775,NA,4,92.4883249060084,0.146227742826248
"U266B1.2",0.125219788406947,NA,4,57.1872390867582,1.32633531016389
"U266B1.3",0.0565398257327915,NA,0,88.6920348534417,0.0139610941443816
"Ca9-22.1",0.0505679736198828,NA,4,86.8543188620457,0.701567790553306
"Ca9-22.2",0.0169521035848096,NA,0,96.6095792830381,5.28328104543942
"HCC1599.1",0.330625049859924,0.508367392442475,2.04643834596165,37.617409148566,0.257025376425202
"KYSE-450.1",0.0445494943194066,NA,0,91.0901011361187,0.0444668133250054
"MFH-ino",0.155980669292321,NA,1.85100718625791,81.9558188249777,0.022975501703408
"TGBC11TKB.1",0.173866231396167,NA,1.84950490353481,80.3204674217317,0.019483623904685
"UACC-893.1",0.116446111050838,NA,4,87.6933577919982,0.0136067992781578
"MeWo.1",0,NA,0,100,320545.833450034
"UACC-812.1",0,NA,0,100,22.0812040923711
"8305C.1",0.145889292531316,NA,4,78.4765736985332,0.0926171458581654
"Caov-4",0.102252657202338,NA,4,83.7439418002749,0.129748466415116
"CW-2.3",0.083545126596914,NA,1.20230968509053,72.3455326796792,1.31787210923173
"SK-CO-1.3",0.385671653839912,0.77177038425896,0.736315276675545,36.6895937795718,0.127900777377019
"LS411N.2",0.0271863759662318,NA,4,74.6811016106999,4.81330342427355
"SW948.1",0.159320864508678,NA,4,62.0111219361882,0.546407604767946
"HT-55.2",0.391406582223255,0.350538483941435,1.35115361621091,42.5220256946955,0.0859030677510413
"HCT 116.3",0.0302420466428073,NA,3.24529472226907,76.1171806634402,4.2344998223724
"SNU-81.1",0.0397557222431449,NA,0.162270675908065,52.7608994230188,1e+06
"LS180.4",0.0204941722398697,NA,4,75.6107222738854,5.73010096162317
"SW1417.3",0.119293149133012,NA,0.484065754616417,73.4326060458221,0.524135343284517
"LS123.3",0.061722056997559,NA,1.07103491612248,74.1890989330927,2.25938615704706
"CAL-148.1",0.101580091365933,NA,0,79.6839817268134,0.00247011676132343
"CAL-148.2",0.0672821609264536,NA,0,86.5435678147093,0.000135497391915503
"SJNB-12",0.411842529117478,0.487867616093758,1.21440269889101,13.251628340525,0.378599855532767
"SJNB-12.1",0.274310920501282,NA,0.543906961511838,67.8083853395265,0.00625392943534684
"SHP-77.1",0.0920726799858384,49.2924333192294,0.538979201731806,0,49.2924333192294
"SHP-77.2",0.100745283833836,NA,1.14789436450937,88.9563831990579,0.0100571448678884
"SK-N-SH",0.225923549146493,NA,4,56.9039129978439,0.267561302486493
"SK-N-SH.1",0.144535534739414,NA,1.41362818573074,84.0701331992345,0.0131519377906391
"T84.1",0.168602252604951,1847.0944858064,0.18937581467956,0,1847.0944858064
"T84.2",0.0445696175064068,NA,1.88605431374537,95.5430382395975,1e-06
"KYSE-70.1",0.115625553745452,999839.213973026,0.137868935091941,0,999839.213973026
"KYSE-70.2",0.10663653782555,NA,0,78.67269243489,0.00134436086857962
"BT-549.2",0,NA,0.707425136849588,100,11.5919414125467
"Hs 578T.1",0.0280163016114794,NA,4,93.4440787968309,0.522478161748316
"NCI-H345.1",0.114337994457945,NA,4,77.6394509793975,0.292484455563719
"NCI-H526.1",0,NA,1.27888518679919,100,13.6569108494435
"SK-N-FI",0.258101661183573,NA,0.603381923882572,65.803993168992,0.0279548278872872
"Hs 766T",0.0804282931145364,81660.2353083484,0.20085651447837,0,81660.2353083484
"Hs 766T.1",0.0394535746350636,NA,4,92.7700790942155,0.230690022210527
"SJSA-1",0.138596934418148,NA,2.09486292688268,73.657414009651,0.264001694947732
"SJSA-1.1",0.01672101221024,NA,0,96.655797557952,119.517967597571
"MKN7",0.0595250215064424,NA,4,90.5066302747711,0.131549585753898
"KYSE-450.2",0.0660491312507014,682665.934802824,0.185658925299294,0,682665.934802824
"KYSE-450.3",0.0765531504006459,NA,0,84.6893699198708,0.00199601880367839
"BT-549.3",0.0965225136369083,1480171.82402524,0.149657826511937,2.85195782542801,999726.213326014
"BT-549.4",0.040765105068575,NA,0.532653899069138,66.3518094325368,27.389112731443
"UACC-812.2",0,NA,0.766483180168922,100,85.2189596676748
"MFH-ino.1",0.127887898592608,233.948888781935,0.311749548376146,0,233.948888781935
"MFH-ino.2",0.126152083774666,NA,0.444024861661398,85.9656357755029,0.00118816363855744
"HSC-39",0.207595502825812,3.15790779403109,1.0861890900588,25.2370838322132,1.65366038357519
"HSC-39.1",0.186670555950334,215898.136148011,0.110692919284157,0,215898.136148011
"NCI-H1703",0.0557000865749784,NA,4,90.9911180688877,0.139733188777197
"NCI-H1703.1",0.0697201329327951,NA,4,87.498357193124,0.212355630606698
"SW1783",0.135130566963775,NA,0.621763359581034,84.0863706503253,0.00899295821051955
"SW1783.1",0.0868388132175791,NA,0,82.6322373564842,345.518091233446
"KGN",0.0819355456957456,NA,0.481949026543764,56.8731686254096,11.2200881235678
"KGN.1",0.0873947969784176,459887.806286298,0.168575738465883,0,459887.806286298
"MeWo.2",0.0382198187664435,NA,0,92.3560362467113,0.923420562652473
"MeWo.3",0.0471264481976887,NA,0,90.5747103604623,0.00533620796625046
"8305C.2",0.214920962255172,NA,0.642920888621992,71.2960321898745,0.0323958921327284
"8305C.3",0.0573440614687015,NA,0,88.5311877062597,42.6831060525229
"KYSE-70.3",0.0619847360378831,NA,0,87.6030527924234,0.0330976000209474
"KYSE-70.4",0.0636933017890415,NA,0,87.2613396421917,0.00818096944703468
"SHP-77.3",0.0915697408405866,66.9521539014205,0.498451852454768,0,66.9521539014205
"SHP-77.4",0.0955325746404468,2216.31157210346,0.266471930863579,0,2216.31157210346
"SKG-IIIa.1",0.0703034131227335,NA,0,85.9393173754533,0.0271907039503686
"SKG-IIIa.2",0.0640260185879377,NA,4,93.2201739049561,0.0138310494316823
"SK-N-FI.1",0.198081374159787,NA,4,62.307128305287,0.265202507400534
"SK-N-FI.2",0.313181302466126,NA,0.796818869516518,54.5680737371278,0.068513486772868
"NCI-H64",0.113525434972321,NA,4,80.5943947005475,0.175829545130098
"NCI-H64.1",0.143923764476949,2113.86799024239,0.253890711853444,26.1674253080259,114.184498684453
"NCI-H526.2",0.088737644859567,NA,4,86.4932165752619,0.106950964036971
"NCI-H526.3",0.11424247854501,318.298941368477,0.317976860415218,0,318.298941368477
"TGBC11TKB.2",0.128833592905356,NA,1.2705506936446,80.0842511487804,0.110883400215837
"Fu97.1",0.140843063284994,NA,4,64.454766269843,0.647715270474272
"Fu97.2",0.214100955880579,54.0925297552321,0.638085093385306,46.7648732244242,0.740672330071957
"Hs 578T.2",0.129387004829727,NA,1.77417986659705,87.0612933677993,1.12124851370687e-05
"Hs 578T.3",0.11119011400612,NA,0,77.7619771987759,0.126312403803087
"MeWo.4",0.0510995433146104,NA,4,94.1589432562873,0.0235626957456853
"GP5d.3",0.042324567807679,NA,1.66850658391386,84.779019489381,1.49118066839472
"RKO.4",0.0109177499719263,NA,4,92.6243616566972,3.59922383312513
"KM12.2",0.0244349004425301,NA,1.93446198367008,68.0428964927061,7.40571788666846
"NCI-H508",0.166584963723107,NA,4,53.6875016787639,0.826432277481426
"SNU-407.2",0.0772458006970774,NA,1.99236072093637,62.6995844368121,2.45158137955554
"NCI-H747.2",0.161885236493235,NA,1.18319745784768,74.3189548370994,0.121995671860215
"SNU-175.2",0.127019883169608,94.0630334768194,0.37262368535658,0,94.0630334768194
"A-375.37",0.167582488215483,NA,0.85251557514563,77.2790806684771,0.0469836523324723
"A-375.38",0.138115350841894,NA,1.25997502697916,78.9280899082064,0.104070903033401
"A-375.39",0.121490490685912,315.559634743523,0.306388312588363,0,315.559634743523
"A-549.29",0.115403307627715,NA,0.321847222537303,60.3640679639241,6.5178832441397
"A-549.30",0.0878701835344732,NA,4,84.3701657500971,0.205845956123179
"A-549.31",0.0725796905703514,NA,4,75.8324037644839,1.25643828517423
"A-549.32",0.152970093491055,NA,4,83.5890154725434,0.015338643282937
"A-549.33",0.147950324291478,NA,4,79.519767319802,0.0680609712821569
"A-549.34",0.141107268214778,NA,0.442366327022786,76.868352982673,0.0955176846229696
"C32 [Human melanoma].35",0.0787368545248543,NA,0.0741007646040013,68.3880618375898,1e+06
"C32 [Human melanoma].36",0.0473654476773356,NA,4,90.6646686509326,0.300594532369362
"C32 [Human melanoma].37",0.102506987959846,NA,1.48575623058162,88.2130830903782,0.0200555392796272
"C32 [Human melanoma].38",0.0291460032600818,NA,0,94.1707993479836,0.258896143691528
"C32 [Human melanoma].39",0.0134533522551603,NA,0,97.309329548968,0.417452072084172
"C32 [Human melanoma].40",0.0709414553925464,NA,0,85.8117089214907,0.00762258112144514
"HCT 15.29",0.0731386436906434,NA,1.51937591766605,82.1012811229208,0.599228256055709
"HCT 15.30",0.0960041158453442,1102541010300623104,0.101649732101613,47.01555345971,1e+06
"HCT 15.31",0.0322811500450585,NA,2.89322103847544,86.9635191952229,1.81242604664456
"HCT 15.32",0.100932176391629,NA,0.388130754940535,80.8996380283132,0.226059851659266
"HCT 15.33",0.0944213311865378,NA,0.555759012837646,57.9656057327618,5.17504959828316
"HCT 15.34",0.18419625069719,NA,0.797570066681246,78.2274935492709,0.0145569330298563
"HT-29.40",0.195599982878317,NA,4,60.4887470992733,0.327315750203355
"HT-29.41",0.195734550256848,NA,1.65515097182226,51.584789006767,0.615951623401808
"HT-29.42",0.169011095832187,NA,2.4616801125718,55.2267575883948,0.73777308231112
"HT-29.43",0.198347439472311,NA,4,58.7152030248495,0.362075429499835
"HT-29.44",0.179048100942065,NA,1.23484425651643,57.0667260075932,0.571101835160376
"MHH-ES-1.39",0.110993844442392,NA,1.55784262106121,73.5614887471618,0.553550654033531
"MHH-ES-1.40",0.0873560195282049,NA,4,83.0181234363838,0.28634894712857
"MHH-ES-1.41",0.0763465403950641,NA,4,74.8836346917784,1.22512422517666
"MHH-ES-1.42",0.189141110688487,NA,0.91319754728192,69.5154086143049,0.126730539138256
"MHH-ES-1.43",0.161891015468748,NA,1.19124423314003,69.8476576117495,0.243026546771373
"MHH-ES-1.44",0.123542398790997,NA,1.2811991135481,71.6390630119157,0.499146059437734
"PC-14.41",0,NA,0.795187030080079,100,7.52709626596912
"PC-14.42",0,NA,1,100,0.316311078697272
"PC-14.43",0.0741010602630327,519054707098849152,0.121154211049922,48.0961944005655,1e+06
"PC-14.44",0.0309039618612377,NA,1.77730710211975,89.9981784409075,1.19849707833028
"PC-14.45",0.0125467550871687,23.3366139742499,2.54131450332158,35.8263902701868,14.210268179474
"PC-14.46",0.0674226797183978,NA,0.0583818069793463,77.1484633548827,1e+06
"SNU-C2B.37",0.108224336473829,296.904117221183,0.332450159109478,0,296.904117221183
"SNU-C2B.38",0.142669139335824,NA,0.957548310934362,83.3970884479649,0.0157188680872646
"SNU-C2B.39",0.0560454298449,183.082082336948,0.510550505895574,0,183.082082336948
"SNU-C2B.40",0.0951591350887348,NA,0.481287908270438,72.3042136507861,1.6149198772281
"SNU-C2B.41",0.0690686556813063,NA,0.652499795649284,80.7863878331824,1.0720513284853
"SW620.41",0.0530087517949196,NA,4,86.9966380823856,0.598593561181569
"SW620.42",0.0355476711245133,NA,4,93.8025478882664,0.190271909757446
"SW620.43",0.0813507105407841,NA,4,85.9782319006083,0.181806132943574
"SW620.44",0.0895101307862695,NA,4,85.8503775886356,0.126575186392459
"SW620.45",0.125943135039833,NA,2.10506690338014,84.2048774022666,0.0395357164219033
"U2OS.41",0.0313905643331961,NA,4,92.6981432626978,0.513338622465972
"U2OS.42",0.087649229670527,810.960643640393,0.319039260690223,0,810.960643640393
"U2OS.43",0.0677457144018231,14708005566032.2,0.133626448803403,44.4894462182075,1e+06
"U2OS.44",0.0226286704936628,NA,4,87.7719504953413,2.78953283892154
"MFM-223.29",0.0835693562274268,NA,2.48867897582392,85.0285809622581,0.211579655771055
"MFM-223.30",0.0751652430399284,NA,0,84.9669513920143,0.00300016302163208
"MFM-223.31",0.0276573495897696,NA,4,93.5317511397063,0.521602369843255
"A-375.40",0.183760031205759,NA,0.494923384546892,70.0353245466145,0.100783016883794
"A-375.41",0.142948286187481,44570.1859395202,0.153881357982187,0,44570.1859395202
"A-375.42",0.131858802121421,NA,1.05195847014194,78.750369186451,0.130640285251986
"Mono-Mac-6",0.113570413604353,27.8537321045723,0.556133698641356,0,27.8537321045723
"HT-29.45",0.282274640529544,4.74729630520887,0.750152442585103,43.4833676941164,0.313875248433973
"HCT 15.35",0.0677463431921349,25.4750522165352,0.813208062299221,0,25.4750522165352
"NCI-H2009",0.178054370012349,NA,4,70.2479634620798,0.160232990869295
"NCI-H2009.1",0.173745388875771,NA,2.83192190969925,68.0885680011092,0.232661056759151
"Mono-Mac-6.1",0.104035599591471,NA,0.651341995012714,65.3055280972656,1.86885936138179
"NCI-H727.1",0.209459684657229,NA,2.51599988939383,58.5475848176839,0.304933885311693
"NTERA-2",0.127813423505668,NA,4,80.4724695904659,0.108781202554237
"NTERA-2.1",0.138977816731493,NA,1.67536768559839,74.1441842113259,0.243711043604992
"UACC-812.3",0,NA,0.879201805089512,100,6.9800210868139
"UACC-812.4",0,NA,0,100,0.208646919062458
"CL-40.2",0.189481052254168,NA,0.609662741261152,73.9551582277067,0.0374050888714116
"COLO 205.2",0.334236995328763,0.630399116633722,1.45846257813024,38.7955589913019,0.226062701347723
"DiFi.2",0.13242171961819,33.8973299026039,0.464941942529871,0,33.8973299026039
"HCC2998.3",0.0841748839235569,NA,1.41871370403557,74.7435707969941,1.01873424902141
"LS513.2",0.206790372794367,NA,4,50.2585130328779,0.560439221797207
"MDST8.2",0.0902413474227441,NA,0.775439756520794,62.8528484635141,2.72935913877632
"SNU-C1.3",0.150059571105654,2.66556697920178,4,38.2633121801104,1.8553826321816
"SNU-C5.3",0.0806851289991361,NA,0.579168158833072,88.1630611169373,0.0566825852739064
"SW1463.3",0.181649483841209,21.580855773067,0.402024665050217,0,21.580855773067
"NCI-H727.2",0.234072673426467,NA,0.710996564821934,50.4528785024921,0.396668547988046
"NTERA-2.2",0.163819634828955,452.814633903415,0.234266775766024,0,452.814633903415
"NTERA-2.3",0.146716130754161,NA,4,76.0130134266088,0.14628203306725
"SW620.46",0.0208282878200043,NA,4,70.31508642443,6.39042926591332
"SK-CO-1.4",0.357644880740559,0.886127147849699,0.824018870931985,32.5587442161006,0.246843143465905
"LS1034.3",0.141147057528224,NA,4,63.3255463516349,0.694135199337572
"SW837.3",0.097005766587136,NA,1.24468475955425,76.9030731508831,0.553070715981928
"SNU-C2B.42",0.0748686594522989,NA,0.852282673457096,61.7579721366421,3.96915112605936
"COLO 320HSR.4",0.216171016291248,NA,1.15851694466251,55.7183304846881,0.340223342128639
"A101D.2",0.0451135915376,NA,4,85.8216284269215,1.11053270705594
"A3/Kawakami.4",0.0500322386075061,13.6092469628552,1.43573390245197,0,13.6092469628552
"ARH-77.3",0.00513309017123359,16.0056862813214,4,0,16.0056862813214
"AsPC-1.2",0.220044132544166,NA,0.515727786703345,64.7371867255865,0.0930627691909235
"BALL-1.3",0.0551590969909008,NA,4,66.2752278771599,3.24009419779659
"BB49-HNC.2",0.341930935753543,1.19068795731085,0.69766902476731,14.0144445317329,0.743115763885125
"SK-N-BE(2)-M17.2",0.347681983069999,2.03816840567596,0.465365004886542,24.7815847266778,0.468262508453278
"BT-474.6",0.0842725449380324,8167.95955135369,0.24435937084563,0,8167.95955135369
"CA46.2",0.0136065730745993,12.1667604341221,4,0,12.1667604341221
"CAL-51.3",0.0786496945459342,NA,4,91.3822515352544,0.0178683541410903
"DBTRG-05MG.2",0,NA,0.648953502927909,100,0.686452254964081
"DMS 53.2",0.304354790846609,1.89894133861582,0.611093313160891,0,1.89894133861582
"EC-GI-10.3",0.100431187379208,NA,4,82.5227027793168,0.188893366036757
"ESO-51.2",0.139604119269982,64604405.1753994,0.106852268005768,17.9712942323368,1e+06
"NCI-H2591.2",0.0795942193346141,2113780128.18322,0.136435649638564,32.4080772623416,1e+06
"HSC-3.2",0.0707606012035199,NA,4,90.7664097953859,0.0502328306602734
"HuO-3N1.2",0.0609350014177713,NA,2.35134692692276,84.2292936383115,0.693880873570758
"IGR-1.2",0.0506184807531944,NA,0.0621738323496376,88.3825228591173,20.5741381244607
"IM95.2",0.138958830810125,NA,4,85.9524150010609,0.00768275580933724
"SiMa.2",0.341273283136744,5.00355918352244,0.252546073538325,0,5.00355918352244
"HEY.2",0.10218943088851,NA,4,89.4344745321635,0.0110265692734005
"697.2",0.10568433026043,8.59628099179745,1.06305028894427,0,8.59628099179745
"A-375.43",0.0915820392739435,129.109491551713,0.428563174340758,0,129.109491551713
"A-549.35",0.29384820917877,NA,0.661207396952653,58.6434777463739,0.0490968443881079
"A-549.36",0.152860620189396,10.9876615179565,0.860441033831909,35.0396103225414,2.7032347480064
"C32 [Human melanoma].41",0,NA,0.427853785359142,100,235.56478580605
"C32 [Human melanoma].42",0.0250634369396567,NA,4,96.8290794206604,0.0425209589558222
"C32 [Human melanoma].43",0.0388784464523246,NA,4,95.0440470507424,0.0443055671432728
"MFM-223.32",0.116924841014289,NA,4,87.8543892581992,0.0115942352438535
"MFM-223.33",0.0735099771549417,NA,2.70309333403923,92.6490022666438,1.92140445343899e-05
"MFM-223.34",0.0851160993542043,NA,0.0154063816918892,83.2901173162983,0.0277046802266059
"MHH-ES-1.45",0.207334772197349,NA,1.16882980901834,68.5528292181638,0.0998850074689454
"MHH-ES-1.46",0.224870314505699,81.386375495455,0.342418599527196,34.7419045231724,2.54198497173
"PC-14.47",0.0651411752642803,1924.69675924743,0.326076733143253,0,1924.69675924743
"PC-14.48",0.0318754038972805,NA,4,78.6943783699251,3.57237783150861
"PC-14.49",0.143183076978931,1377.80351356581,0.221718188550153,0,1377.80351356581
"SW620.47",0.124731109022725,NA,0.59024696156079,80.2502032544879,0.0951577214340924
"SW620.48",0.0967700155035306,NA,4,84.4368622040003,0.136385906607785
"SW620.49",0.153868028478445,NA,1.4003605390123,82.6954377943502,0.0159502563089809
"SNU-C2B.43",0.123046530958257,NA,0.429542961576506,60.5828172630143,2.7084758820436
"SNU-C2B.44",0.142648061411399,NA,0.250266703308511,59.5456830112314,4.14267607219297
"SNU-C2B.45",0.109906998830047,669171.091660205,0.145862898005364,0,669171.091660205
"U2OS.45",0.041435454512841,NA,4,93.0197934890648,0.165688976350116
"U2OS.46",0.0865041870979927,NA,0.993784261980003,77.7004862856891,0.726666551763481
"U2OS.47",0.0932972940790909,NA,0.359865530378403,71.6716226315651,2.89393886949687
"HCT 15.36",0.0646592768667282,68.1585225128905,0.602013617228137,0,68.1585225128905
"HCT 15.37",0.0572002319184615,4674010.36480073,0.181734360855308,12.2197889230613,1e+06
"HCT 15.38",0.115183109620956,52710.5753952551,0.173359775115636,0,52710.5753952551
"HT-29.46",0.303264839928447,5.74134117505683,1.09495150488503,49.0155527099457,0.158911986508995
"HT-29.47",0.291695385077119,7.45310873227976,0.672381727165319,44.9563017109652,0.245871112899402
"A-375.44",0.100399510129176,726.368115184371,0.301474520979481,0,726.368115184371
"A-375.45",0.13664269588152,NA,0.0454421643307838,59.3973204557846,999961.664850984
"NCI-H727.3",0.0987634733853243,NA,3.05609287916696,65.1804042324332,1.4108859383945
"NCI-H2009.2",0.125299945908912,NA,1.39771830964498,72.8474322744319,0.414588919764027
"786-O.2",0.0639548294224427,NA,1.19620849621131,83.4947815221962,0.708626178314846
"ALL-PO.2",0.176073828562114,4.25528049043796,0.984142621840302,0,4.25528049043796
"ASH-3.3",0.00259541451521584,19.1509921777418,4,0,19.1509921777418
"ATN-1.2",0.308808620298223,1.89869858598615,1.20608911885277,47.2395823962828,0.17195678854167
"BICR 10.2",0.141120194195294,NA,2.88320513172532,83.4668795193754,0.0269855239820589
"CAL-27.2",0.0663316944818577,NA,4,93.0381828275564,0.0128075698818695
"CAS-1.2",0.0604793330663026,NA,0.0741870990502148,87.3977933056705,0.940489294560668
"CHSA8926.2",0.0679691790899691,NA,0,86.4061641820062,0.0187392839046071
"CTV-1.2",0.135035084071874,4566.15717457449,0.199890420949734,0,4566.15717457449
"ES-2.2",0.0457740779855937,NA,4,94.2870509111608,0.0394487861366848
"FaDu.2",0,NA,0.824283449855195,100,0.121752936151131
"GOTO.2",0.047406270358213,NA,0,90.5187459283574,0.314095665359657
"H9.2",0.0105803388509245,NA,4,92.4452207084046,3.82100177195617
"HeLa.2",0.0725859073421498,NA,4,88.5151277945168,0.127086923572142
"HuH-1.2",0.206827120589988,NA,4,67.3485008091175,0.125841974177606
"J82.2",0,NA,1.01697101157119,100,0.696628278031375
"NCI-H716.2",0.342557195149428,1.12296561986293,0.798132030334031,33.269578123661,0.284869915659011
"BT-20.4",0.0320805906614322,NA,0,93.5838818677136,4.41741807842508
"CL-40.3",0.151631378601113,NA,1.0487090462323,77.4293577638306,0.0886337818647231
"COLO 792.2",0.181787294506376,NA,4,71.979995118818,0.113190865540622
"HCC1419.3",0.00592603939829004,15.3977862015912,4,0,15.3977862015912
"HCC1428.3",0.0430723098148269,NA,1.76356235209719,88.6162499217721,0.736759019859485
"HCC1937.7",0.0485813112639852,NA,4,90.3165267895989,0.312633603304235
"HCC2998.4",0.139870144792071,NA,3.04408956785957,76.3979920766052,0.166820688780659
"HuP-T3.2",0.193049695062037,12548.5602996398,0.35641374121603,47.9228283086083,1.66911949510358
"IGROV-1.2",0,NA,0.00733922262928333,100,0.0906438431120795
"KLE.2",0.148718247740897,NA,0.0271079633839784,71.8524702296199,0.00478506452630859
"KY821.2",0.36492379818614,1.0365964155362,1.24464206381229,48.1784763041604,0.0724148230096868
"KYSE-150.1",0.0380076446194931,NA,4,82.4187337226096,2.24790749668854
"MCF-7.3",0.0962130202020023,NA,4,66.1349913151572,1.40535140088218
"SNU-C5.4",0.092685088252779,15685391.6638211,0.141409691390097,16.1221864613276,1e+06
"HT-1080.2",0.0459062434091382,187.373281094601,0.554051179625545,0,187.373281094601
"SAT [Human HNSCC].2",0.178090537013041,9.37467951952429,0.561036456767263,0,9.37467951952429
"HT-55.3",0.381344720595466,0.350199704268035,1.82256379929307,33.3882245594586,0.191312753635789
"COLO 205.3",0.301419427822177,0.91920199419232,1.47385351978086,38.6355926375401,0.336397303234625
"42-MG-BA.2",0,NA,0.713728115801983,100,0.58297056153366
"Caov-4.1",0.0236330313913623,NA,4,90.4805487236018,1.80048509325042
"MDA-MB-175-VII.2",0.0478513641322463,NA,0.132978563608238,61.1118304136809,1e+06
"MDA-MB-175-VII.3",0.0185916392276118,NA,0,96.2816721544776,6.41713815174346
"NCC-IT",0.056763849396523,51.8446035000166,0.696924921044986,0,51.8446035000166
"NCC-IT.1",0.116730911114132,NA,0,76.6538177771735,8.02457211532794e-05
"NCI-H1869.1",0.112595772545659,NA,4,81.8715792409948,0.137036585253011
"NCI-H1869.2",0.0765103340573563,NA,4,88.9777659401188,0.0827369139205929
"NCI-H2029.2",0.135155508293856,NA,0.546322491895018,75.99612500762,0.174722476664673
"NCI-H69",0.123192920887433,NA,1.52318092948217,80.6246936113271,0.122117663301993
"NCI-H69.1",0.131764386938735,15041.4038937221,0.17940444696637,0,15041.4038937221
"NCI-H847",0.189870058656945,32.9314532374392,0.554397748743818,39.7897824703878,1.87557452341638
"NCI-H847.1",0.165199089849367,NA,4,67.0598991403589,0.31302130833626
"OVKATE",0.0599007214281927,NA,4,89.6937040514652,0.180516357264764
"MDA-MB-175-VII.4",0.0155121641739732,NA,4,93.2603692826468,2.04056532736547
"MDA-MB-175-VII.5",0,NA,0,100,0.79089972775386
"NCI-H69.2",0.046149351940972,NA,4,84.9732373846905,1.19880760530704
"NCI-H69.3",0.00235647526310952,19.6353979315148,4,0,19.6353979315148
"NCI-H847.2",0.206942470456313,NA,1.46599078687848,55.7910563414733,0.395407221280249
"NCI-H847.3",0.250208640900555,8.22615465025617,0.379173428347668,0,8.22615465025617
"CHP-212.3",0.237080053825246,NA,4,71.0471791111414,0.0349066545524063
"COR-L23.2",0.122558175595408,28591.4065370241,0.176548480516016,0,28591.4065370241
"ES4.2",0.135456082036388,NA,0.526504827522925,78.5102281242282,0.0886876170450241
"HCC1954.4",0.0836032526286889,2.95190067945021e+21,0.109931106536208,49.0038503155551,1e+06
"HOP-92.2",0.127108793590885,692.483664266264,0.263632045719316,0,692.483664266264
"KMS-12-BM.2",0.357150542436663,1.09511742569793,0.83804725493187,41.2824725757933,0.136235083227437
"LC-1/sq.2",0.100490787702845,NA,0.10021791569815,81.2745502372272,0.0719929690662408
"LS411N.3",0.210470607922734,NA,0.966143550209455,57.8444138365623,0.318025936235521
"NB(TU)1.2",0.346624586894816,1.75678207746743,0.958376305219955,46.7494260403631,0.101427179521914
"NCI-H1341.1",0.00283829712343661,18.9473859147253,4,4.83297133341181,18.471925996619
"NCI-H747.3",0.200272795380756,NA,4,69.0000441750531,0.115349332788864
"P12-Ichikawa.4",0.0323893248677842,NA,4,76.266125703036,3.91882472490247
"WSU-DLCL2",0.0993553611003764,7924818.19124926,0.139265236113358,12.522376311087,1e+06
"WSU-DLCL2.1",0.0833725918950812,NA,4,72.7588393023325,1.20762442186845
"Hs 633.T",0.080885543686903,245745.587822363,0.183271155052835,0,245745.587822363
"Hs 633.T.1",0.10432121308168,NA,0.038328874917947,78.578783500877,1.23120212868742
"ES1",0.312839840463542,0.874477744877194,1.35731522040265,35.7583866834282,0.346671502547139
"ES1.1",0.392541792135524,0.560390211251272,0.958382087164935,22.834569060587,0.296504634685938
"MOG-G-CCM",0.0460821906114038,NA,0,90.7835618777192,87.3599171775973
"MOG-G-CCM.1",0.0722261984921725,2409504.90393034,0.168582951190323,6.88945767856156,1e+06
"MOG-G-UVW",0.00829447950945171,NA,1.29277393157913,95.5192361470695,3.28001128412254
"MOG-G-UVW.1",0.0700643474256702,NA,4,91.643172870206,0.0304585716991591
"OC 314",0.0435778863696994,NA,0,91.2844227260601,0.0328467284175618
"OC 314.1",0.0768215102080173,NA,4,87.4681704560362,0.144912016870226
"ES1.2",0.35682310099094,0.879031212866572,0.835936740540844,30.3296674995367,0.287957571787225
"ES1.3",0.341070961500942,0.488866800244503,2.0459636821444,34.2327028026323,0.278108445285491
"Hs 633.T.2",0.0564766650495211,41.04569398147,0.754331164678299,0,41.04569398147
"Hs 633.T.3",0.0620098675103564,NA,1.20700486900929,78.0656387480172,1.5375712899882
"MOG-G-CCM.2",0.113612280059466,NA,0.046238130974841,77.9916748412645,0.0774572187829047
"MOG-G-CCM.3",0.00891418053514121,NA,4,97.1064909108307,1.19087745648941
"MOG-G-UVW.2",0.0151950230530861,NA,4,90.0385026930134,3.49976616625667
"MOG-G-UVW.3",0.00170199490550674,NA,0.114088629748748,99.4901442150089,145.547799341836
"NCI-H2452",0.0776668402181445,NA,0,84.4666319563711,3.31420524033384
"OC 314.2",0.0410820440464506,NA,4,93.9088351071781,0.0947942209142707
"OC 314.3",0.0670837871885283,NA,0,86.5832425622943,1e+06
"WSU-DLCL2.2",0.154862670715075,1e+06,0.114582758844043,0,1e+06
"WSU-DLCL2.3",0.143408914576149,144.579897025819,0.313984347295822,0,144.579897025819
"BPH-1.2",0.128315679264205,NA,1.5015253100514,56.0536589238722,1.37493052698045
"A-172.2",0,NA,0,100,6.73785882954006
"CADO-ES1.2",0.053918754532183,1618.95764728548,0.361399416779625,0,1618.95764728548
"CAL-78.2",0.121985025201911,5886.9970284201,0.207238045158831,0,5886.9970284201
"COLO 678.3",0.118406514778765,2425.63251817688,0.233538978272808,0,2425.63251817688
"Daoy.3",0.101549655171451,NA,1.67871501785139,83.5855940860385,0.138429234769146
"Daudi.2",0.00232290931822513,19.7082585832446,4,0,19.7082585832446
"DG-75.2",0.119152192920949,67.5872987910357,0.420257234657345,0,67.5872987910357
"EBC-1.2",0.0506541308374776,NA,4,79.7337779138818,1.77965229044211
"EM-2.2",0.0586000115473957,35.1627630977333,0.78141732471727,0,35.1627630977333
"Evsa-T.4",0.128403091446681,NA,0.0629482019639568,54.3323451044087,1e+06
"G-402.2",0.0729804403623425,155.367939670904,0.465699576944959,0,155.367939670904
"HGC-27.2",0.017489377445637,NA,4,87.9330856563083,3.69165719943142
"IMR-5.2",0.17180888145648,NA,0.572175435183966,72.3645582321034,0.10240831732556
"JHH-1.2",0.0745183351339112,NA,0,85.0963329732178,0.00457959149686936
"JHH-6.2",0.15475604011358,NA,1.57947203803519,78.6884309751581,0.0642042424948745
"KE-37.2",0.118996341679524,NA,0.0148238850036267,75.5065267516996,14.5082776558797
"KMRC-20.2",0.0248119816810647,NA,0,95.0376036637871,8.32927231503348
"KYSE-140.2",0.143103526770067,NA,4,78.1938384341098,0.107493912426631
"BT-549.5",0.0635775528551717,355985.93430037,0.197707510393276,0,355985.93430037
"T.T",0.108955334344461,NA,4,77.8532353646955,0.334352071475463
"T.T.1",0.0900632939258445,NA,0.748597755313102,78.6443343982424,0.595003091584422
"T.T.2",0.129727196422904,NA,4,78.305112500773,0.160786289811035
"T.T.3",0.120193800429779,NA,4,81.376815399194,0.115863165346145
"PC-3 [Human lung carcinoma]",0.00854717438853912,NA,4,88.2513409173047,6.27169543579738
"PC-3 [Human lung carcinoma].1",0.0430029967205042,NA,0,91.3994006558992,0.00968766452452308
"RMG-I",0.0604783916919295,NA,0,87.9043216616141,0.00783745169844374
"RMG-I.1",0.0117553412237803,32.8900071585147,1.63798686952979,0,32.8900071585147
"RMG-I.2",0,NA,0.693393105018525,100,8.65114286801189
"ES6.1",0.0242287659851977,NA,4,95.4823059384497,0.246148788560015
"ES6.2",0.0264732363948974,262.223731780917,0.636278206712071,0,262.223731780917
"HCT 15.39",0.0714292196706742,13.9687647713927,1.21749142103553,20.8691666996629,8.96298491754617
"HT-29.48",0.256541336396901,6.7827936463008,0.569236096315976,34.7596918984066,0.841341498877351
"SK-CO-1.5",0.489655179521735,0.169067619384215,1.11156004870414,28.9441761019595,0.0776531318895358
"SW620.50",0.120503422611362,NA,0.498434380436334,66.4941701966165,1.29752170423808
"Caov-4.2",0.0740683188464674,NA,4,87.8561395092458,0.148035308907611
"NCI-H2452.1",0.120502164410083,NA,0.0712237879165551,53.1311388290979,999852.734453555
"NCI-H2452.2",0.13378400101904,9154040188.66871,0.0977661020032058,29.5044979171611,1e+06
"NCI-H2452.3",0.188612673457761,NA,0.430563684406785,75.2674341735562,0.0136843032090305
"OVKATE.1",0.0485787815247428,NA,1.43059476426206,88.8505175098194,0.496546001067681
"OVKATE.2",0.0822244102704719,NA,4,86.0515833268049,0.17047707728287
"23132/87.2",0.131593081468079,NA,0,73.6813837063842,0.0141503809271002
"8-MG-BA.2",0.0924341510574755,NA,1.05789783503347,87.0492072392214,0.0641357188082302
"A-498.2",0.0620539292283627,NA,0.478021742810365,78.7853259717905,2.92043902638254
"AGS.3",0.0871405302483783,NA,0,82.5718939503244,0.0289944589215479
"AU565.6",0.237148873071565,5.95687076661445,0.47376619587675,0,5.95687076661445
"CAL-120.3",0.171322855165735,NA,4,82.8106648565972,0.00556973064202262
"DEL.2",0.106718974995099,NA,0,78.6562050009801,631342.335907372
"Detroit 562.3",0.13188255933959,NA,0.115255812153844,77.14360887098,0.0206476793471934
"DiFi.3",0.208248539668095,1846.71630989718,0.157609779983533,0.371910632744143,1761.27653123871
"EFM-192A.3",0.0619894497676267,NA,4,88.3821845177884,0.250844646638791
"G-401.2",0.261100690897027,6.18382450376283,0.59351056813046,35.9645016851555,0.727163906571652
"GP5d.4",0.0565232175931853,NA,4,89.5742408875995,0.236414850022138
"NCI-H513.2",0.0731079369463683,NA,0.287880214363713,74.4767901064808,9.57724533674762
"Jurkat.2",0.0289859494271279,120.714837486286,0.735961257948354,0,120.714837486286
"LN-18.2",0,NA,1.0625354771695,100,408.864847750992
"NCI-H2052.2",0.0753249334872204,47859.8954011244,0.216796895089818,0,47859.8954011244
"HO-1-u-1",0.17026226081039,NA,4,75.6191924124667,0.0803706274127925
"PC-3 [Human lung carcinoma].2",0.120748605103759,NA,0,75.8502789792483,0.00124667727516211
"PC-3 [Human lung carcinoma].3",0.133622218291269,NA,0,73.2755563417462,0.00139438049940648
"PC-3 [Human lung carcinoma].4",0.149355166189357,102904.34169149,0.139177187370572,0,102904.34169149
"ES6.3",0.0793643486834797,16.364224408519,0.901680114524896,0,16.364224408519
"ES6.4",0.17208481611728,203908.643188377,0.118809721296767,0,203908.643188377
"HO-1-u-1.1",0.073735338293695,NA,4,82.3128048850233,0.561616920995107
"SW948.2",0,NA,0.239167455174168,100,219.225285091944
"SW948.3",0,NA,1,100,0.100035129252774
"SW948.4",0,NA,1,100,0.316311078697272
"SW948.5",0.00419819774498088,17.3256643017593,4,9.34828507101026,16.4519398161653
"Caov-4.3",0.0291238041287891,138.489357099672,0.709813508289797,0,138.489357099672
"CESS.2",0.180183476983185,NA,1.35683223260459,81.9816396724088,1.51598019120143e-06
"GDM-1.2",0.539807103818593,0.191134424731946,0.355492421705112,0,0.191134424731946
"HPAC.3",0.206039393405959,NA,1.20971120454853,79.3960249536137,1e-06
"HT-3.2",0.0863999454864096,NA,0.0612833113119197,83.1122157022327,0.147796239918401
"JSC-1.2",NA,NA,NA,NA,NA
"JURL-MK1.1",0.160230517089352,35.5773804330574,0.393122227800532,0,35.5773804330574
"KM12.3",0.0447749543107545,NA,4,73.1978548669714,3.16188428637463
"LB996-RCC.2",0.137240014401783,NA,2.4022501866557,84.3214210707222,0.0223755307273663
"LN-229.2",0.0456538535397719,NA,0,90.8692292920456,0.0304561924579219
"MOLT-16.2",0.11977918681223,258420882.992984,0.113771168317601,23.4223441061098,1e+06
"NCI-H1623.2",0.309195045333608,NA,1.18464753845608,53.3728470774578,0.0973522818075079
"SNU-5.2",0.132382232686338,NA,0,73.5235534627325,1.49407135603313
"SiSo.2",0.102898815952366,NA,0.587992461732143,83.9832016668078,0.085571211413137
"SUP-M2.2",NA,NA,NA,NA,NA
"SW780.2",0.122936575048785,NA,0.81465970984577,83.1890281213767,0.0481185761728202
"TUR.2",0.182678603499787,3014.95118176924,0.167354849146381,0,3014.95118176924
"VA-ES-BJ.3",0.117699956745694,NA,0.58533017277285,86.9325404018105,0.00313779549020997
"WM278.2",0.116904359192889,48588.6256032953,0.173108860390378,0,48588.6256032953
"WM793.2",0.0271812041534591,NA,4,94.5536046327657,0.31835441110426
"Panc 04.03",0.194336214677867,212438813964419040,0.144660001552535,49.7892160329899,8.10049039478367
"Panc 04.03.1",0.109656693989991,NA,0.634990252161796,75.0377966523738,0.535477306243875
"Panc 04.03.2",0.18448760150852,NA,0.339770030695451,53.239782043565,1.28223631578306
"Panc 04.03.3",0.170994896731392,NA,0.743643116011071,77.613179561909,0.0326858303840113
"KMRC-1",0.113518566622027,5.1512274517117e+43,0.0824164470418885,49.961015828306,1e+06
"KMRC-1.1",0.0468865634517071,NA,0,90.6226873096586,0.1561846089611
"KMRC-1.2",0,NA,1,100,0.316311078697272
"KMRC-1.3",0,NA,0.989222297271498,100,0.219938044294262
"COR-L279",0.123983445630741,7579.59403599066,0.199732605135569,0,7579.59403599066
"COR-L279.1",0.140033126899856,43.3765351109648,0.416980246291019,0,43.3765351109648
"COR-L279.2",0.131852933442032,NA,3.55550826710202,80.2246548842483,0.0999668570580297
"COR-L279.3",0.160569448694462,NA,0,67.8861102611077,0.306107677720666
"B-CPAP.2",0.173470923612793,58380917311262944,0.0616426440888822,39.1530260244041,1e+06
"CAL-29.2",0.0602274874686801,NA,0,87.954502506264,13.9492034394389
"C-4-I.2",0.15237462270322,NA,0.29448964848059,79.4214049063285,0.00682901114584645
"EGI-1.2",0.122918834616269,NA,0.0290056206977452,75.9016681386049,0.0787603514606373
"GB-1.2",0.20760231112817,NA,0.360261487424301,72.3960652726274,0.0102414868864862
"HC-1.2",NA,NA,NA,NA,NA
"HCC1806.3",0.0175900740687652,NA,4,89.3151781965417,3.21597492894739
"Hs 746.T.2",0.0606716800467474,NA,0.974285226567748,86.6733336419643,0.440636702351913
"HT-144.2",0.137888137703887,NA,2.03967530166361,85.4620783596759,0.0103270525365889
"HuO9.2",0.216530219101471,NA,0.72778251081667,52.9688747571101,0.436543534023978
"KCL-22.2",0.0905658195087764,137.928341711336,0.425382454075716,0,137.928341711336
"KOPN-8.2",0.307345360494503,NA,1.69287434061076,69.2654635061132,1e-06
"KYSE-180.3",0.0726353905349876,5617.5820891184,0.272911426589891,0,5617.5820891184
"LXF 289.2",0.212163346746828,170.059692326348,0.217146056108343,0,170.059692326348
"NCI-H1838.1",0.148744812236383,NA,4,70.2883518347197,0.314942102359085
"SNU-175.3",0.377250428773483,1.89748000460403,0.366832992758553,22.444300001963,0.373931480094992
"NCI-H1155.2",0.121871598394431,NA,0,75.6256803211138,0.000100641513413633
"NCI-H1944.2",0.0834932673269714,76.9684153670479,0.507990087789431,0,76.9684153670479
"Rh30.2",0.446577881991201,0.553516798477325,0.454847985684544,1.38540021058595,0.520357029224867
"5637.2",0.0957158092509702,1181.80762003021,0.288896152790426,0,1181.80762003021
"8505C.2",0.12354312521253,NA,1.63826139306763,86.3043118067017,0.0154108801305681
"A-253.2",0.131550127116977,NA,1.51938933056509,86.8449862406884,1e-06
"CAL-78.3",0.116134787619775,NA,0.0790957728502643,50.6967341216426,1e+06
"DU4475.3",0.105449960385249,10.1168052978626,0.942130694537257,0,10.1168052978626
"ESO-26.2",0.117016145227704,13265.632710961,0.195262631814792,0,13265.632710961
"NCI-H2373.3",0.298375638383385,2108.16986529532,0.626048614857096,49.8804418753111,0.136995203482749
"NCI-H2722.2",0.150407661691127,628866.550606251,0.120777157377545,0,628866.550606251
"HCC2157.3",0.0392619379933474,NA,4,78.2238767069621,2.88333278624796
"HT-55.4",0.355573750308098,0.61204947866442,1.40386476152967,45.777083769179,0.105247845673242
"JJN-3.2",NA,NA,NA,NA,NA
"KP-1N.2",0.114916085637001,NA,0.516276196587839,67.1212930920473,1.41150679023279
"LNCaP clone FGC.2",0.256849095189513,16083.2001522004,0.0989101187788276,0,16083.2001522004
"Lu-99A.4",0.307520797534091,53649.6570238521,0.0677038511366939,0,53649.6570238521
"MDA-MB-361.3",0.129311929877712,261701785.628814,0.10833028837021,22.644269986375,1e+06
"MES-SA.2",0.139397764083296,11660938622852988,0.0776978744690737,41.7433056534526,1e+06
"MHH-PREB-1.2",0.204251858644983,9407.55288008249,0.134070243104864,0,9407.55288008249
"NCI-H1693.2",0.150725958180669,115.870200010916,0.315643702775956,0,115.870200010916
"NCI-H1975.2",0.14249948052687,NA,0.802269663698727,80.3792997197133,0.0497771576550386
"NCI-H720.2",0.228085806551334,2162.54408498916,0.140471856580649,0,2162.54408498916
"NEC8.2",0.234554483080413,NA,1.04402205548027,67.7416778171021,0.05733362073532
"OE19.2",0.0246019145803826,NA,4,83.9762918979443,3.47539554345233
"BFTC-909.2",0.16593116711478,NA,1.02832235315978,67.0213936381484,0.309110416793955
"COLO 824.3",0.38688506659453,8.60807360271692,0.142102425049472,0,8.60807360271692
"EW-1.2",0.457095715896371,0.701465921346908,0.226926952161115,0,0.701465921346908
"EW-16.2",0.220350881461081,45.1204081498539,0.541807789236286,44.1313180363366,0.865176184912138
"KOPN-8.3",NA,NA,NA,NA,NA
"KYSE-50.2",0.146082584730339,386.06184698884,0.3125,24.6875000000001,43.7144481261109
"LB771-HNC.2",0.367296277596368,2.07291681265079,0.341905692886705,11.4107406510452,0.971702582599889
"LXF 289.3",0.12827857097859,NA,0.6459549111359,86.1068896756577,0.00256069127354256
"MOLM-13.2",0.254699452752354,NA,2.36309547188511,74.5300547040495,4.64416559225859e-06
"NCI-H1781.3",0.147011323277399,NA,4,81.6879183312941,0.0390196793229755
"OACP4 C.2",0.31937408852233,0.60430444453652,1.94566728828528,36.8110412925844,0.304645745980924
"OS-RC-2.2",0.0394865830853199,NA,4,82.9356096593351,2.0232149912707
"OVCAR-4.2",0.0763281769361568,NA,0,84.7343646127686,1.54780658927862
"OVTOKO.2",0.250770289270641,115.205077491106,0.332913236599911,39.8140652880246,0.968163065046337
"PC-3.2",0.0924532590252389,NA,0.0449365417092866,83.080281722451,0.0049737261339929
"PWR-1E.2",0.157628470694876,NA,4,75.2056921290717,0.123853154915555
"Raji.2",0.130925052310215,NA,1.44944585390945,86.9074926874512,1e-06
"RPMI-8226.2",0.268954739769533,2663.33598933761,0.275648543245508,45.7912132700143,0.335900316037152
"HT-1197.2",0.0401512937133365,NA,4,91.8481565923647,0.333031433976038
"HCC1187.3",0.190900144428175,NA,0.546989582236441,63.4359020114608,0.257138069672428
"TOV-112D.2",0.0188442526973069,NA,4,91.3325749815969,2.2288116102865
"TCCSUP.2",0.0145164815834956,14.289919556349,2.96805746043289,0,14.289919556349
"NUGC-4.2",0,NA,0,100,101.013749339178
"SNU-1.2",0.107057622158112,NA,0,78.5884755683776,1.1304984577668
"NCI-H23.2",0.0301149860959038,3596.34175584131,0.40243672771956,0,3596.34175584131
"NCI-H1048.2",0.123903431844152,NA,0,75.2193136311696,0.00406490760262066
"MS751.2",0.0571622100042792,NA,0,88.5675579991442,0.0146005582951833
"MC/CAR.2",0.0438998699804218,NA,0,91.2200260039156,0.578082564893628
"LOU-NH91.3",0.0848338524686709,NA,1.08191840261528,86.4997553699151,0.12384462558607
"KYSE-410.3",0.0629046386910247,18778.6793312356,0.295013753212888,25.7288204917472,1620.7559489824
"KMOE-2.2",0.162919325363348,NA,0.465524594531114,59.1057386491231,0.918066967999344
"KG-1.2",0.101924154241324,1840990.27330051,0.144343849544338,4.21624052174597,1e+06
"JIMT-1.3",0.0267202995429091,NA,4,95.9939927532329,0.0997985735748805
"HEC-1.2",0.103394888580988,NA,0.032619941332159,80.4297627202783,0.00973495549010423
"GI-ME-N.2",0.178473444892352,NA,0.185817860013441,61.3183292824678,0.748330610807731
"EW-18.2",0.402391576812377,1.17673157328273,0.432376342557026,30.6433668333167,0.131062845326967
"DAN-G.3",0.184159044365118,4178.3887031838,0.160236101311979,0,4178.3887031838
"Hep-G2/C3A.2",0.177087246773979,NA,1.05451181397439,75.1994979083789,0.0639001919869085
"647V.2",0.0451842887281973,NA,4,91.331151125257,0.27317522882164
"DMS 273.2",0.11728606501421,44053.4646363104,0.174276614274563,0,44053.4646363104
"NCI-H1793.2",0.111335318642512,NA,0.412506541070951,60.1875196008689,4.43917125934765
"OCI-M1.4",0.0126404020980783,12.4367943253282,4,0,12.4367943253282
"OE19.3",0.0875551484356556,NA,0.0651567112612197,68.1162597963226,1e+06
"OE21.2",0.0974414941845387,NA,4,77.7804978369938,0.48359266806943
"P30/OHK.2",0.100820698386783,NA,0.083051338812809,55.2356835647071,1e+06
"P32/ISH.2",0.0875712224138383,NA,4,89.476614492332,0.0318169875149403
"PaTu 8902.2",0.184133481148485,NA,1.52456110447588,62.4699278734626,0.337689298127491
"RCC10RGB.2",0.089018685785715,NA,0.902333658022451,67.7012389716778,1.8328891729719
"RS4;11.2",0.28424903733835,5.69435915547769,0.389627030577439,13.1077202843241,2.60958080868564
"SiHa.2",0.113486739227469,37128.8993013296,0.180334602250101,0,37128.8993013296
"SK-N-DZ.2",0.343524697406125,2.66603431321749,0.335982642756921,0,2.66603431321749
"SU-DHL-8.2",0.0669103810189998,NA,0,86.6179237962,0.00187128632464735
"SUIT-2.2",0.0847898978524592,NA,0.34828426388688,84.6752855345986,0.15922671188251
"SW756.2",0.0698442037807079,269.00540344382,0.427526072657326,0,269.00540344382
"T-47D.4",0.139114927611414,NA,0.39379167676153,66.7117190930732,0.831161653501467
"TE-6.2",0.137974137205533,NA,4,72.4713983545246,0.313693924982185
"TK [Human B-cell lymphoma].2",0.0284219995974609,NA,0,94.3156000805078,0.0797958008909456
"TT2609-C02.2",0.0322898059453799,NA,4,94.2753043978075,0.203233938824613
"U-118MG.2",0.0398408397343048,NA,0.102508207983476,77.7845524145464,1e+06
"UMC-11.2",0.141286699555193,166883.38562886,0.139044232307685,0,166883.38562886
"WM35.1",0.100239509565113,NA,0.456169030001076,72.9512725699755,1.26509653854226
"G-361.2",0.171898601062136,132899770469.743,0.0759119689073305,29.5810600357418,1e+06
"HCC1143.4",0.0930568808649298,NA,4,82.96553925114,0.229755817660395
"HuP-T4.2",0.0543666191866186,7260731.49750538,0.182955458478953,15.218383137182,998752.575045115
"MOLP-8.2",0.629358070962027,0.0441585779672739,0.960362682455549,23.8110998529606,0.0225201158852747
"NCI-H1092.2",0.180455205576817,5411.35213011186,0.158501818259449,0,5411.35213011186
"NCI-H2141.2",0.131065286225026,NA,0.307634281231217,61.9705856467393,3.07801031083837
"NCI-H596.2",0.12879601664183,1262.86810754887,0.240666780134546,0,1262.86810754887
"NH-12.2",0.303871884917388,2.9708070077461,0.747174740268713,41.7790790077648,0.2651686287173
"NOS-1 [Human osteosarcoma].2",0.240933712394461,23.0903729793664,0.789609546287866,47.8614576104029,0.426432115289458
"Rh1.2",0.340185597705787,4.94520000283295,0.255862491740433,0,4.94520000283295
"SK-MES-1.2",0.0594617301716981,NA,1.6068443563585,84.0153414956633,0.773110497046662
"SU-DHL-10.2",0.0104369882551135,13.1517954204068,4,0,13.1517954204068
"TC-71.3",0.317323553885739,25.7189003566252,0.321584724996701,38.7961853109863,0.245608416289209
"GA-10.2",0.149584974530224,162.701460052398,0.297647136222832,0,162.701460052398
"KU-19-19.2",0.0611869332563184,NA,0,87.7626133487363,1e-06
"MHH-CALL-2.2",0.0976857676385023,NA,0.048321043017934,81.4725387839832,0.0329052449988263
"MOLT-13.2",0.022614900922724,NA,4,85.017309644012,3.53919298563798
"KM-H2.2",0.093132906526638,5803.10965000675,0.241247238963138,0,5803.10965000675
"AM-38.2",0.141157411804595,NA,0.0429190080001831,59.081665138296,999859.15884996
"HL-60.2",0.316353101374648,NA,2.98877865020746,67.7917407193005,0.00762365757034554
"A2058.2",0.0617560212789869,NA,0.0376881621425747,87.6919416651877,0.262548585888364
"AN3-CA.3",0.134242775970998,73.8978979974429,0.378414907014858,0,73.8978979974429
"CAL-33.3",0.0478830714637074,NA,4,93.3195085508295,0.070768743555852
"Calu-6.3",0.119419190913465,42268.8055157897,0.173081452243562,0,42268.8055157897
"CFPAC-1.2",0.135979644207145,10332.0438086163,0.182490272069828,0,10332.0438086163
"COLO 829.4",0.0963212351292208,NA,4,87.0673779154515,0.0583039486069444
"EMC-BAC-2.2",0.192272865772691,NA,0.299869628927244,68.6903550882174,0.0587853430451219
"EPLC-272H.2",0.213336867849694,NA,0.580431944785744,60.9105792341201,0.208791062230711
"NCI-H2369.3",0.149340158911325,23837.761751961,0.157998752693425,0,23837.761751961
"HCC15.2",0.160167988722866,558.996106483822,0.231110811660503,0,558.996106483822
"JVM-2.4",0.0550437429499124,NA,4,62.2358236251319,3.67042824853242
"KYSE-520.4",0.220688926645788,44.1296283132864,0.363777921557071,30.3704573944622,3.37676069187398
"L-428.2",0.0594996546210434,686598.720656098,0.193636523223367,0,686598.720656098
"LCLC-97TM1.2",0.102005424311198,NA,4,74.8642038039021,0.606236715225238
"M14.2",0.191011427817027,NA,0.247193694183835,70.1282299718512,0.0272138678308599
"Mel JuSo.2",0.0373023787170494,NA,0.676893476620048,88.1508333180735,1.57147451825422
"NCI-H1568.3",0.0974945160893861,NA,0.97615668710177,86.1263748926285,0.0678391901607723
"OACM5.1 C.2",0.334608507863359,3.62299207971444,0.335009122611243,12.2703075944699,1.56329983070112
"OAW42.2",0.105853055597883,NA,4,84.0595179587618,0.101855966958923
"639V.2",0.127199992373724,NA,1.27867743094868,85.7509802549874,0.0143118399797381
"BV-173.2",0.241077927712799,1721870494.41432,0.058977515927428,17.780504619794,1e+06
"COR-L311.2",0.350108764146809,0.982291203496992,0.794067175664824,21.5287900612808,0.483338174172776
"EGI-1.3",0.0661814318357831,2379.58294768237,0.315109808426013,0,2379.58294768237
"EJM.2",0.368811882575758,20.781325671592,0.445772560664905,47.1050954563857,0.0348307115310233
"ETK-1.3",0.117696214788049,NA,0.416962643382999,76.8377517186491,0.288761780100124
"GCT.3",0.027322937853267,NA,4,78.3398540352173,4.21674067044061
"HTC-C3.2",0.100318320758534,NA,0.587934260802882,50.5614171585624,6.14085211060097
"JHH-4.2",0.0993471864641193,9066996906.05075,0.118147601077209,32.9625266587932,1e+06
"KP-2.2",0.147217210193596,NA,0.701429041824468,74.7408018550811,0.159057001389089
"NCI-H1417.4",0.418555478871614,1.01672197259739,0.307201639863886,0,1.01672197259739
"NUGC-3.4",0.0886201024591589,17814.4440040938,0.220194156654774,0,17814.4440040938
"OVCAR-3.2",0.023726821358394,NA,4,87.1710234932865,2.79163352256588
"PaTu 8988t.2",0.0633184589847813,186.657202199779,0.546829464029136,23.2727677646859,59.3748622586244
"SK-GT-2.2",0.092365084289808,NA,0,81.5269831420384,0.00298441027614832
"BHT-101.2",0.227584584893505,10.4861854895472,0.395630122181179,0,10.4861854895472
"CCK-81.3",0.197251659908513,59.9970850395965,0.62855624032503,46.1359167950293,1.02121725869078
"HT115.2",0.191960668156759,8.99061239448426,0.520876608305354,0,8.99061239448426
"LoVo.4",0.0292105861692121,40.1619354310753,1.0416069965122,0,40.1619354310753
"RCM-1 [Human rectum adenocarcinoma].3",0.117060889071141,56.5873607614042,0.44337489549689,0,56.5873607614042
"SW48.3",0.338697857573615,0.985066550757364,0.904163512227074,32.5608349888617,0.307280222291203
"TE-1.2",0.133651984450006,NA,1.64524386814164,72.1141919550119,0.365333075685058
"SNU-398.2",0.14656173727541,83.4602534424902,0.344999015260927,0,83.4602534424902
"SK-MG-1.2",0.153964418575364,NA,0.36788471397298,75.8819308580638,0.0554276921935707
"SCC-3.2",0.0815535516552757,22701.2681135138,0.223898454438633,0,22701.2681135138
"RPMI-7951.2",0.135743231184147,82067.652308875,0.151123298566833,0,82067.652308875
"RL95-2.2",0.170423558050035,NA,0.598756652864222,79.9840890133221,0.00799613940175463
"RERF-GC-1B.2",0.289250271917046,2.83323581645479,0.565767586842146,19.4842692746601,1.18371408804608
"PL4.2",0.0512244152473478,2820.11577770211,0.343110339765011,0,2820.11577770211
"OSC-20.2",0.167295735140395,1246.23274054923,0.200186800302259,0,1246.23274054923
"OAW28.2",0.075065523313845,NA,4,91.8243908748697,0.017130292809727
"NCI-H446.3",0.126467070081621,NA,0,74.7065859836757,2567.10139871286
"NCI-H322M.2",0.174055301060255,69.5557233683063,0.311421699872085,0,69.5557233683063
"NCI-H1915.2",0.0123753654633339,NA,0,97.5249269073332,27.5370900064297
"MM1.S.2",0.652303277590967,0.10645102347572,1.25732370246036,0,0.10645102347572
"Karpas-231.2",0.0944768625489915,NA,0,81.1046274902017,0.00229139840542595
"FTC-133.2",0.0142667965250559,NA,2.16801835680036,71.6010151143594,9.48338566189207
"A-204.2",0.076612826690341,119.826321530172,0.480152393185622,0,119.826321530172
"HSC-4.2",0.0426347750948101,NA,0,91.473044981038,0.0786775466840268
"NCI-H1650.2",0.118899700790465,37948162074857152512,0.0843458830687229,46.4221579049781,1e+06
"NCI-H2228.2",0.212973460097623,110.093416070143,0.233858728187407,0,110.093416070143
"OVCA420.1",0.0221942599386722,NA,0,95.5611480122655,165.163853822066
"RC-K8.2",0.00671291928528482,14.8835662648831,4,0,14.8835662648831
"RERF-LC-KJ.2",0.0215268294111065,NA,4,85.7637587386632,3.53246400730561
"RERF-LC-Sq1.2",0.15880716015181,NA,0.29275065921786,78.9454424241022,0.00513473918609232
"SBC-5.2",0.0869405050481325,NA,1.91973852245641,70.6857804049619,1.30250582499077
"SCC-15.2",0.0876736266941162,NA,0.7210683365795,89.5118871382455,0.0141511755721866
"UPCI-SCC-090.2",0.0659503307774231,NA,0,86.8099338445154,0.0136869359387819
"SF268.2",0.0136165107392257,NA,4,91.0201866499222,3.52199368250924
"SK-ES-1.2",0.319161846620586,1.4530660755523,1.11131810828768,45.3084598112449,0.172809864171238
"SKN-3.2",0.113051333975684,1920.32320200405,0.247045286730441,0,1920.32320200405
"SNU-182.2",0.0881954691750881,384011646.535644,0.133919054640268,27.4639890008442,1e+06
"SUP-B15.2",0,NA,0,100,1185.74833632029
"SUP-HD1.2",0.0970355263836951,340.50755688346,0.345966420861663,0,340.50755688346
"TE-4.3",0.147005232509663,795.343326109685,0.234242088495893,0,795.343326109685
"TE-6.3",0.103004989742256,NA,0,79.3990020515487,0.0283084131264414
"Granta-519.2",0.0477748812681904,NA,0,90.4450237463619,0.0837433661984536
"PaTu 8902.3",0.175373838930676,70.2713306677953,0.30866092148832,0,70.2713306677953
"OE19.4",0.117281521494765,NA,0,76.543695701047,0.000599181230655606
"OVCAR-8.2",0.0156072714685101,70.8704788646662,1.07187677155256,0,70.8704788646662
"U-251MG.2",0.0452416905206713,NA,0.752798089446976,92.2761644189202,0.158446465195217
"A-704.2",0.141499680692312,634.206651733777,0.319873126917087,30.7819666229353,31.9172353927833
"HCC827.3",0.074073083120214,NA,1.22440223064786,62.2815819207227,3.05651363106635
"Lu-135.2",0.185120345697063,943.019586295839,0.190897574343234,0,943.019586295839
"MFE-296.2",0.0840457800445936,NA,0.079330075768325,64.2253096599694,1e+06
"MFE-319.2",0,NA,1,100,3.16255534471853
"MOLM-13.3",0.108514075724535,NA,0.796589749728476,62.9702605357357,1.70183786495497
"NCI-H2405.2",0.0536880671409125,NA,0.0428559679394974,89.0612914231064,0.747192709438723
"NCI-H650.2",0.0420837963966044,NA,4,95.4804487949625,0.0154602373193644
"OVISE.2",0.114166007062082,NA,1.38455273367002,75.4745220001725,0.403078791096291
"PF-382.2",0.16633544017617,145.06249230022,0.279572582456532,0,145.06249230022
"TYK-nu.2",0,NA,0.302305441289838,100,13.70962047907
"UACC-257.2",0.142377097617314,174930.296977643,0.137829523119315,0,174930.296977643
"HCC1143.5",0.118822157287448,NA,0.623083065018625,76.6083788515766,0.291474985608601
"Rh41.2",0.421374846047915,0.41077010439109,1.04017636099644,22.1411006169599,0.234101206747985
"DK-MG.2",0.0366532873073309,NA,4,94.1463406898917,0.132330209006768
"T84.3",0.0278228985930844,NA,3.04476025692438,87.755045501838,2.07580217866035
"COLO 678.4",0.044318791784153,NA,4,86.8157347829101,0.972971324757286
"HOP-62.2",0.00888665010525875,NA,4,96.0322934585173,2.12985971677556
"U-87MG ATCC.2",0.0054107540589925,NA,0,98.9178491882015,11.3235563243966
"TOV-21G.2",0.00435339137855151,NA,0,99.1293217242897,1.46962498884877
"TGBC24TKB.2",0.300892919651988,NA,1.30153253886849,53.0694468779266,0.115941569901674
"SW626.2",0.147850742530885,1051.70490629515,0.224577197203596,0,1051.70490629515
"SW1573.2",0.120891346437994,NA,1.49017557648135,83.8014716696042,0.0548455913150618
"SU.86.86.2",0.0792753374192389,NA,0.0504232311522105,84.6183024999528,0.0929995245258395
"RPMI-8866.1",0.00622211172038561,15.1952719837867,4,0,15.1952719837867
"RD.2",0.22470941275465,NA,0.434597977647275,56.5470128073531,0.26254810099993
"PA-1.2",0.117358706976036,NA,4,77.8023081107612,0.259434304423546
"OCI-AML-5.1",0.249573709068205,4.84876293265697,0.484303714893669,0,4.84876293265697
"NCI-H209.2",0.0693717858990524,NA,1.69352035665837,72.998808681868,1.7469357630431
"NCI-H1876.2",0.175116654275769,NA,0.446194753052534,68.0584833078452,0.188775558420577
"LN-405.2",0.0597173829908968,721938696472242,0.139729832505782,47.1081668076172,1e+06
"Huh-7.2",0.113168219909475,NA,1.13750956904116,67.6838979790625,0.938357108760893
"NCI-H716.3",0.323801099514574,1.75865885337367,0.568951748215372,14.0052604762429,0.986995199502187
"SW620.51",0.13498553701448,NA,0.394652578301235,78.7982234920681,0.061201434520158
"SK-CO-1.6",0.212192209127228,43.48955088723,0.537881846935539,43.2411460262271,1.0534362293123
"HT-29.49",0.213421512995305,NA,0.767415861351784,60.5744199909861,0.224664439115028
"HCT 15.40",0.112766680482666,27.0462555870471,0.563243410267899,0,27.0462555870471
"PC-14.50",0.0774405388771856,NA,4,85.3583876335841,0.259059360263656
"PC-14.51",0.0443216926007332,NA,1.22891572608591,81.8805237373534,2.05588165616871
"PC-14.52",0.082129000830253,NA,0.513573159621724,89.5531756797802,0.0144921397719567
"MHH-ES-1.47",0.120093675684382,NA,0.874169668902767,70.2525488021605,0.661639375104747
"MHH-ES-1.48",0.23044633316455,322.56773430539,0.213371897604321,21.5522533372561,22.9485857722639
"MHH-ES-1.49",0.244942749586567,34.9513356670191,0.315642733297579,25.0583277331308,3.85962464262317
"SNU-C2B.46",0.117281367112583,NA,0.370073784497816,57.3546318077589,5.983454578298
"SNU-C2B.47",0.129015096811731,NA,0.895065255303023,87.0974532872678,2.04319298116923e-06
"SNU-C2B.48",0.0788657351939389,NA,0,84.2268529612122,0.0942794615023163
"HT-29.50",0.282366250321163,NA,4,55.6707333336595,0.122805159231558
"SW620.52",0.105194437433324,45881.2167320511,0.184579515962979,0,45881.2167320511
"SW620.53",0.119917080958339,NA,1.64672154542678,80.5306218216415,0.141006009540508
"SW620.54",0.0891708889476834,NA,4,85.2338197381794,0.154339962890507
"U2OS.48",0.178125574596257,NA,0.950666970358036,78.247912498331,0.0239763145274172
"U2OS.49",0.107904463802545,NA,4,83.4353254673118,0.111148229545689
"A-549.37",0.201270831458828,NA,4,77.9175774630224,0.0180308365961626
"C32 [Human melanoma].44",0.0777521205406634,NA,4,91.3228243114632,0.0202171653617592
"C32 [Human melanoma].45",0.0771331361123835,NA,4,87.194765763318,0.155979336593741
"A-375.46",0.206569448878275,666814.00982901,0.0931112415498843,0,666814.00982901
"A-375.47",0.239080665857059,NA,0.765682380229293,66.8225898952308,0.0505948646609161
"CaR-1.4",0.0705436665646894,690778.179881636,0.180277993138948,0,690778.179881636
"C2BBe1.2",0.124317974822507,2498.37530243506,0.225886122690599,0,2498.37530243506
"CHP-134.2",0.157253105025944,686.272866085934,0.227581370548323,0,686.272866085934
"CL-11.2",0.107526199690223,NA,4,80.0091849888189,0.243494268326982
"Karpas-45.2",0.114553223318829,22.5933510229541,0.801485576578432,34.0740832624003,5.42063155285875
"NCI-H1573.1",0.181278288220801,NA,0.333077267809428,51.4221405970464,1.76867730007149
"NCI-H1688.1",0.10784484793934,NA,0.763373515336169,76.4922938253551,0.43962930361513
"NCI-H196.2",0.0197404812482817,NA,2.92094868606284,90.3409912864523,2.4510504005893
"NCI-H196.3",0.011571779041772,NA,4,90.9911282816142,4.14811914918828
"NCI-H2122.2",0.224391015510658,1.08805299036659,4,47.0961054210291,0.534137116156168
"NCI-H2170.2",0.139211032832454,NA,4,68.3018989300993,0.481468142298507
"NCI-H661.3",0.181657145053641,NA,0.663545165095098,77.1832332567692,0.02006118717477
"PFSK-1.2",0.291228535069028,NA,1.58483182052064,51.3098759231991,0.15950071989852
"SU-DHL-5.2",0.0828211966428994,NA,0.748495361966542,82.559642546155,0.387072968758976
"CL-34.1",0.152063437137182,NA,1.7773274433296,59.6745232118284,0.736359351837542
"U2OS.50",0.149098276413724,NA,1.42039447910073,78.8242723349921,0.0742878243528164
"U2OS.51",0.0889572756472377,NA,1.45207242587798,87.4452059172386,0.0721476735508024
"U2OS.52",0.125443145266775,NA,4,87.1192237183926,0.010147128950885
"SW620.55",0.103819436140346,NA,4,82.9279160802609,0.14988737492819
"SW620.56",0.0910664353050883,NA,4,86.6495163065245,0.0899035448147927
"HCT 15.41",0.207947045289143,120.697236728591,0.235671558603835,0,120.697236728591
"HCT 15.42",0.139317411918976,2203.42040265525,0.213044461087291,0,2203.42040265525
"HCT 15.43",0.0725017885394032,347.879929346917,0.40105486253915,0,347.879929346917
"A-375.48",0.114987796211731,NA,4,79.3846436932396,0.212224217366467
"A-375.49",0.107238749707594,NA,4,80.9684168507922,0.204030390324335
"A-375.50",0.0153434218606422,11.7314943998066,4,0,11.7314943998066
"PC-14.53",0.0903550750392568,863352.39342612,0.158568412917576,0,863352.39342612
"PC-14.54",0.0898346465247313,NA,1.16871831065568,88.8609795211093,0.0311770396961278
"PC-14.55",0.0593030332607804,83982.3550787451,0.228498884419486,0,83982.3550787451
"C32 [Human melanoma].46",0.0800450250183267,NA,0.0865774278693268,76.4334715074398,722.769450227072
"SNU-C2B.49",0.127786417776733,NA,0.489279966042185,77.6281743668242,0.154239306513826
"SNU-C2B.50",0.159068740106911,NA,1.13421527540032,77.8605404629068,0.0632965690147828
"RT-4.2",0,NA,1,100,0.316311078697272
"NCI-H2347.1",0.0874018265805517,NA,0,82.5196346838896,0.0087512230056728
"NCI-H1563.2",0.105134198105307,NA,0.791020827428152,78.2033492679091,0.363477922212105
"NB1.2",0.106753187521627,15691.0645479195,0.202325932394731,0,15691.0645479195
"C2BBe1.3",0.0860898115830843,NA,4,80.7130330389205,0.453226245074035
"OV56.2",0.0475746069859714,13832.6451403555,0.294616363887704,0,13832.6451403555
"Hs 578T.4",0.0265282949519883,121.682836938844,0.757974643257554,0,121.682836938844
"Hs 578T.5",0.0045699133725037,NA,4,79.6875,10.366329284377
"HDQ-P1.3",0.249994013135531,NA,0.630106177079055,51.5012734856981,0.276587938732446
"HDQ-P1.4",0.188104469174758,NA,0.683067218777115,66.1008624595252,0.199779659121634
"Panc 08.13.2",0.185610717549871,NA,1.4906194182029,78.6787907182685,0.0199253776444549
"Hs 445.2",0.0490037130981023,NA,0,90.1992573803795,0.0309043131448122
"ALL-SIL.2",0.18645311492086,14.7149634354871,0.444646658618301,0,14.7149634354871
"ALL-SIL.3",0.178745257264458,19.6927846355406,0.421520223674,0,19.6927846355406
"ALL-SIL.4",0.174499496130078,15.312490813515,0.470147085381312,0,15.312490813515
"MHH-ES-1.50",0.223925642748947,NA,0.81847595222702,63.8477769279174,0.123765211704579
"MHH-ES-1.51",0.209246633057673,138.119283725637,0.301679549613034,29.7833487581569,6.86567237494426
"A-375.51",0.134602099536502,NA,4,72.8341338465136,0.326336794167334
"A-375.52",0.250404793589115,5871.50960516502,0.163957225577873,33.0891675960952,7.89293486455649
"A-375.53",0.229942378750037,8606.37304900998,0.119868072865674,0,8606.37304900998
"HT-29.51",0.235881512729495,742.72386664758,0.304266888824206,43.1441953512126,1.08340865451239
"HT-29.52",0.188578376293023,NA,1.32983866732198,62.928708319154,0.297515119955437
"C32 [Human melanoma].47",0.0381493977118044,NA,1.62460910000141,93.1366277576405,0.214433555742426
"C32 [Human melanoma].48",0.0991043292498607,NA,0.00181892190240199,80.1705983288505,0.507777946022501
"SW620.57",0.146542685486697,96077.8741728188,0.141799378355111,0,96077.8741728188
"SW620.58",0.133930615577338,NA,4,84.7083050901366,0.0233943320873116
"SW620.59",0.109522480294509,NA,0.760153844168415,86.534099593241,0.0199278248600393
"U2OS.53",0.11273981428527,437.887044045492,0.304401995249338,0,437.887044045492
"U2OS.54",0.161721702092328,NA,0.832917793103388,74.4919245460169,0.110714089176683
"SNU-1040.1",0.0673370131747484,NA,3.46166808363349,89.5480484015284,0.114968953190833
"SW1116.4",0.0666617568401812,NA,0.926688958864442,87.429409166165,0.248843923739268
"CL-11.3",0.0775319389985403,130.351902465995,0.467733687607574,0,130.351902465995
"CL-11.4",0.121315162388572,NA,0.295626676730408,58.1435785647862,8.26562713294021
"SNU-C2B.51",0.123824369344836,NA,4,80.2881170377447,0.13050477988256
"SNU-C2B.52",0.124844243283089,NA,1.29076960454078,86.0816289056066,0.0137412040435212
"SNU-C2B.53",0.0993914180774655,NA,0.443468091916388,81.5047174462304,0.211747801131872
"PC-14.56",0.0798805797012525,NA,1.47529734638734,75.6922222295896,1.05784801420966
"PC-14.57",0.038454901030063,NA,4,86.4989100274015,1.39837068779388
"PC-14.58",0.0341396019582219,NA,1.3189346423091,83.4924240060382,2.71424530805327
"SNU-C2B.54",0.0870386704596651,NA,0,82.592265908067,0.0320919091769202
"SNU-C2B.55",0.11218922588642,6336.36810996094,0.215996723743804,0,6336.36810996094
"SW620.60",0.155952386348636,NA,4,76.1992909135496,0.108246580086345
"SW620.61",0.14715393704906,NA,1.18701203732183,82.120914985813,0.027148835260177
"HT-29.53",0.31085154461597,NA,4,52.9098952585168,0.104659769564322
"HT-29.54",0.300554910627685,NA,4,53.9612449200834,0.1100655150566
"HT-29.55",0.204889752410404,NA,0.874669498920586,55.230230540642,0.436856361126051
"U2OS.55",0.105936548011083,NA,1.67806648703933,83.515142125141,0.117021220081888
"U2OS.56",0.0502664834054635,NA,4,92.0797560700288,0.124786012750394
"U2OS.57",0.175829915278849,NA,1.97213295873775,73.8164754951303,0.0961759440377716
"MHH-ES-1.52",0.263875729713577,17.3702863994554,0.273306772172369,0,17.3702863994554
"MHH-ES-1.53",0.263183814525091,NA,0.57373858609761,59.5673168976298,0.0773698165351808
"MHH-ES-1.54",0.243666442130351,NA,0.740206438876479,58.5043291962292,0.155816191101041
"PC-14.59",0.104946775821256,NA,4,85.8573170100984,0.0594170908704829
"PC-14.60",0.0825377141938444,NA,0,83.4924571612311,0.0114563544479047
"A-375.54",0.213449293752283,13.5836495987361,0.391595483689714,0,13.5836495987361
"A-375.55",0.134069173762702,NA,4,77.9781822145641,0.149187480103511
"PC-14.61",0.0424682835517811,NA,4,88.3667203052887,0.803363991607892
"C32 [Human melanoma].49",0.0418658250711716,290.692180946096,0.526469421473737,0,290.692180946096
"C32 [Human melanoma].50",0.103415381860098,NA,4,88.7162391997673,0.0173513020542601
