"","aac_recomputed","ic50_recomputed","HS","E_inf","EC50"
"A-204",0.0455267575134573,NA,4,84.9113075833295,1.24426274593538
"MES-SA",0.137663033344841,NA,4,73.1424656797362,0.290010847514865
"PL4",0.0831009782716646,NA,0.047513418205995,84.3299809968357,0.0244215860253903
"OS-RC-2",0.109540311336397,NA,1.20863100460447,61.4966643827602,1.51614578504269
"WM793",0.0883942741300021,18.2187425840794,0.788803608435137,0,18.2187425840794
"KYSE-50",0.00323060614550888,18.0907455180638,4,0,18.0907455180638
"KE-37",0.544378589941205,0.208364089639181,0.735801768500727,3.26653224442643,0.190083880648826
"Jurkat",0.623181371624529,0.113458888932212,1.28672086115989,4.83704473400357,0.104832812698934
"KM-H2",0.0807180647476437,NA,1.84793317231292,61.863307712243,2.40656747107671
"697",0.387991741661554,0.702628538901622,0.819304593774384,11.6435261012863,0.50839650326106
"8-MG-BA",0.127346837110932,6.07477344431251,1.81590002165564,41.2889344280606,2.32065887393375
"PaTu 8988t",0.018339479534538,NA,0,96.3321040930924,2.22652451225747
"FTC-133",0.0946934366798068,NA,0.707570155908268,76.9662418753662,0.660108633482475
"KMRC-20",0.0140034874787696,12.0620191913003,4,0,12.0620191913003
"NCI-H1975",0.223523619348532,21.2246460005982,0.322537103028945,0,21.2246460005982
"OVCA420",0.00878271603685388,13.813779531146,4,0,13.813779531146
"HCC1954",0.0888996344408304,10.7784131684555,1.38544773265143,31.8777921431562,5.181078838674
"ASH-3",0.0680213221186306,NA,4,83.609193768197,0.568991354523217
"NCI-H1568",0.00195321049323283,NA,4,50.5032097760726,17.1649887102873
"NCI-H1563",0.138840874686887,NA,1.77445227734381,74.7485309863871,0.223837194637814
"Daudi",0.0870021861562534,10.716499729657,1.62190550859439,38.4645772622243,4.33854597949815
"CTV-1",0.0934412074059644,7.67265915492855,1.38363400573684,0,7.67265915492854
"EM-2",0.0905249763552054,NA,4,74.7303535067986,0.842130427154281
"WM278",0.0510779781348332,NA,2.38378520476008,72.8038853902763,2.78654198282979
"GI-ME-N",0.0652378936486624,161.490194668729,0.48827535341755,0,161.490194668729
"EJM",0.0689024584241648,NA,1.38620165576522,66.6134940597705,2.67611794239227
"HT-3",0,NA,0.0566601971017887,100,0.125620424314375
"Hs 746.T",0.166342061882497,5.33794665993147,0.868918545064069,0,5.33794665993147
"EW-18",0.104757542934687,41.6319752342036,1.1180517140705,47.2096385704549,3.15101632673989
"RPMI-7951",0.055265134490138,NA,0.730840596285101,64.4459725205107,7.71548753196541
"CA46",0.168467617263901,NA,3.17142438418797,51.4698449205519,0.909342241394453
"RCC10RGB",0.0475915074335702,12.0964476419161,1.66467115217026,0,12.0964476419161
"U-251MG",0.0549864952377952,NA,0,89.002700952441,0.549236349190043
"Karpas-231",0,NA,0,100,0.0669358259788574
"BALL-1",0.124951814783354,8.74247694447085,1.40586904321826,41.2270615508447,2.53520657568049
"IGR-1",0.0698991395537765,6.4168675289471,4,0,6.4168675289471
"KP-1N",0.0997725132124823,NA,3.04060359369457,67.7789725254791,1.17851202696879
"OVCAR-8",0.105672084610403,334.937415796279,0.330399218362533,0,334.937415796279
"JJN-3",0.102167660009503,8.68304784837886,1.11827814912938,4.42608101460613,7.99237983580497
"ALL-SIL",0.139565317492773,4.35335863895442,1.67515516945282,0,4.35335863895442
"HEY",0.100363931919184,21274.7054485897,0.203114089055295,0,21274.7054485897
"HeLa",0.054298021673967,NA,0.0370858779202686,89.7905694760732,0.01010459310572
"SCC-15",0.00771112347151875,20.9266553036512,2.58873359792675,0,20.9266553036512
"CAL-33",0.0353474751337941,NA,4,79.4267957957086,3.05876462628437
"JHH-6",0.0975237322021934,NA,0.918092198770489,74.8003416273614,0.744357157317631
"ES4",0.0652347727134909,NA,0,86.9530454573018,1.25686313316841
"UACC-257",0.0720623239696657,NA,0.94967472265167,64.7032333000116,3.34234232666226
"KCL-22",0.10557377811645,8.01686245229292,1.81608431898766,41.2350181581816,3.07329055419692
"CHP-134",0.0788330517988095,6.38945821016742,4,43.5193198336517,3.83377552154972
"KMS-12-BM",0.263986562246463,2.36248378097979,0.737787287269349,1.76891151559643,2.24991612010946
"OE19",0.111037952327563,11.1823899972437,0.840392254764892,0,11.1823899972437
"MDST8",0.119270079238128,NA,0.744345662139634,59.5797243524628,1.75207363654678
"HCC2998",0.067206277464828,NA,4,61.7167331339316,2.98018502343846
"G-401",0.305148686030406,3.12159311549685,0.415760572339403,0,3.12159311549685
"OAW28",0.0513457861832684,429.924802905648,0.451371779506151,0,429.924802905648
"DMS 53",0,NA,0.114642834660648,100,0.0548995731581081
"TOV-112D",0.00357000432576249,17.6235443027074,4,0,17.6235443027074
"AsPC-1",0.186384245044609,NA,0.81807185366374,73.5389258991425,0.0611504163453932
"HSC-3",0.236344730044873,3.46226694829458,0.66608456918462,0,3.46226694829458
"Evsa-T",0.439292972599648,0.3201185823115,4,13.8684325009471,0.295148163029655
"VA-ES-BJ",0.133276107965648,319.627004716066,0.424190405233526,38.2808959124605,10.4540158167472
"GOTO",0.0501453154892101,NA,2.32411091836415,69.9560627227897,3.25536021451442
"SNU-175",0.133237613323182,110.579709292765,0.349007570818467,0,110.579709292765
"IM95",0.149010691641016,NA,1.99916328333506,60.385218535041,0.746118506617736
"OVCAR-3",0.162505067633683,268.254471884688,0.614014488818118,47.7051139556184,1.77461893389048
"LXF 289",0.0481536665665502,9.96352258107927,2.09550619467589,0,9.96352258107927
"AGS",0.26223079712388,1.18270459800706,1.83466247031515,36.2253134486847,0.585738705917214
"AU565",0.16504430370264,16.4952564567562,0.484204030669872,0,16.4952564567562
"LN-405",0.0491948525044682,NA,4,84.5500294377761,1.10878563022358
"TE-4",0.0394233279519771,NA,4,77.0286344438721,3.06289656289397
"42-MG-BA",0.231221371550501,9.48727099382354,0.409033527984746,3.07336227503848,8.1243014656297
"TUR",0.13174687360171,4.63391035553199,2.30159461019824,41.6743093529835,2.12658264765909
"EMC-BAC-2",0.0649377268435533,NA,4,79.9986467950716,1.06191092480888
"LC-1/sq",0.0281830594146879,23.6205060853997,1.37455157758946,0,23.6205060853997
"Hep-G2/C3A",0.054358192606803,511972939.732311,0.166019981908113,32.250714904929,1e+06
"Karpas-45",0.249080937030461,1.94165105218445,1.32147452401588,0,1.94165105218445
"A-375",0.0214690390455067,NA,4,90.7220239583018,2.02321065292166
"C32 [Human melanoma]",0.0736943668771309,NA,1.43311782938749,57.9002537623057,3.417978097656
"C32 [Human melanoma].1",0.0122237464862739,12.5605377330226,4,0,12.5605377330226
"C32 [Human melanoma].2",0.0358911131436797,NA,3.11211446075333,84.1235422968915,2.103502618921
"HT-29",0.15649386422563,8.07151861379992,0.848202216482265,25.4990131628316,3.4811934886282
"HT-29.1",0.107364898850429,5.77151536011711,1.71445101344419,0,5.77151536011711
"MHH-ES-1",0.0507597235674272,1571.27855685875,0.371796058972346,0,1571.27855685875
"MHH-ES-1.1",0.051444117843016,NA,1.76632059836819,70.9657154977309,3.15174582127264
"MHH-ES-1.2",0.0345091494744977,20.6224268310065,1.34459818228974,0,20.6224268310065
"SNU-C2B",0.0059422058203641,15.3864201059479,4,0,15.3864201059479
"SNU-C2B.1",0.0225080872696554,NA,4,94.4143861798059,0.618297918787154
"SNU-C2B.2",0.0455450791169461,15.3283072679965,1.39516983596396,0,15.3283072679965
"U2OS",0.0265348964822946,NA,2.38033604126687,86.5823152594002,2.59398412034363
"U2OS.1",0.0395547211795753,870.756710487616,0.445681312358395,0,870.756710487616
"U2OS.2",0.0292575282046695,NA,4,91.0491427861932,1.04588137776942
"PC-14",0.0736837386963461,NA,1.18052488098266,53.6608465562299,4.36662758798047
"PC-14.1",0.0500345490972998,NA,2.45883448271773,67.5189631088631,3.55886694266595
"PC-14.2",0.100331381147727,NA,2.86652146212834,71.1930829713398,0.902329344702091
"SW620",0.005854929322775,15.4482238282984,4,0,15.4482238282984
"SW620.1",0.0290526861344259,NA,4,92.6577784883978,0.650148047757579
"SW620.2",0,NA,0.773936345856247,100,0.540121638826704
"HCT 15",0.0865053382513754,16.5140135833753,0.840774779183589,0,16.5140135833753
"HCT 15.1",0.199241205988549,NA,0.473773372939947,50.2295023826168,0.888333198935633
"HCT 15.2",0.126143544100596,NA,0.971969640157186,54.6761910507517,1.72383976894998
"A-375.1",0.0101398415001812,NA,4,87.3628111757525,5.9132762678543
"HGC-27",0.450829593352339,0.349794569241587,1.11263128011878,15.0396346978304,0.253600149578899
"B-CPAP",0.0593314285610697,12.3643097857544,1.36359265742944,0,12.3643097857544
"SK-MG-1",0.192262156854019,92.0305900856159,0.330268022685285,25.5962300774573,10.4886413871094
"NCI-H1650",0.0654803528757807,61907.1908014759,0.225240622243675,0,61907.1908014759
"786-O",0.163531975733814,6.99402293120506,0.729097781706861,0,6.99402293120506
"TGBC24TKB",0.198164935237361,6.75936061837989,0.576701963720367,0,6.75936061837989
"KP-2",0.00232062353961379,19.7132671583081,4,0,19.7132671583081
"HDQ-P1",0.166468783485958,13.7039372098144,0.514264707482817,0,13.7039372098144
"NCI-H716",0.2703619972025,2064764.68575134,0.0644561033436373,2.2828304367921,1e+06
"MHH-PREB-1",0.247019874970379,2.95472586283025,0.69387162407301,0,2.95472586283025
"NCI-H513",0.00647581930182212,15.0306442850032,4,0,15.0306442850032
"Huh-7",0,NA,0.305216209466646,100,0.039613476547303
"HT-1197",0.178699082893367,588.926605942649,0.24621424847784,21.7986417656458,57.5394057005776
"J82",0.0290048526847871,NA,0,94.1990294630426,0.580873046381941
"NCI-H1568.1",0.0647405409437221,NA,0,87.0518918112556,0.00668169492216813
"SK-N-DZ",0.175757264214117,24.824012871014,0.39937554699819,0,24.824012871014
"NCI-H322M",0.151058410821753,NA,4,68.6302646279078,0.359322721905975
"LB996-RCC",0.193154236574873,NA,1.4673323044478,58.4389419756465,0.404791671305272
"NCI-H1944",0.121833463837856,NA,0.768438545878473,59.0236200493957,1.67873525429356
"MCF-7",0.0636887392949158,NA,0.760904078051449,65.1901120919626,5.2271105533201
"KYSE-180",0.062883057400438,NA,4,57.1497115132268,3.64486366495238
"NCI-H23",0.000689347224281948,26.8543074403047,4,0,26.8543074403047
"L-428",0.134659690556674,1007.61064358103,0.240904636815452,0,1007.61064358103
"IGROV-1",0.410872183195315,0.378429922096059,1.13777349716497,29.9553085557794,0.16946662829356
"LN-229",0,NA,0.872848101910298,100,0.235776551604639
"HSC-4",0.0726249146854246,NA,4,76.7508529009818,1.1560079213798
"Mel JuSo",0.00809372424380786,14.1337093747829,4,0,14.1337093747829
"639V",0.0356682331514034,NA,0.539148699084145,95.3719354496614,0.0194229538957923
"SK-GT-2",0.119383008360889,90.1391655023453,0.393047399836234,0,90.1391655023453
"NCI-H2373",0.219392481243072,3.54443742631542,0.759788899895088,0,3.54443742631542
"U-118MG",0.119698565558387,NA,4,74.0929820847326,0.411160793468371
"TE-1",0.0503804161930736,NA,4,80.458708365152,1.68539235400527
"SKN-3",0.0339033186944226,NA,4,79.8384507232891,3.13769607234579
"SiSo",0,NA,0.42210803108325,100,0.0336131126388179
"SNU-C5",0.0789049000581002,NA,1.48352666530173,57.8306800139042,3.05612694458296
"MFE-296",0.0249597691915171,NA,4,83.7415227164697,3.47578460232078
"NCI-H2170",0.0771207769684826,31.2065692119996,0.694971391379273,0,31.2065692119996
"NCI-H1694",0.201770271491808,NA,0.717337548648605,70.4708832690843,0.0675760370785931
"8505C",0,NA,0,100,0.0416298060835232
"JHH-4",0.117205753925014,2949418657.50133,0.109236359625506,29.1095099111159,1e+06
"TT2609-C02",0.0264374321937234,NA,0,94.7125135612553,8.13105382010619
"SW1573",0.0469560780515347,NA,4,89.126656603554,0.506479733327951
"LOU-NH91",0.0968427795209544,NA,0,80.6314440958091,0.0342295820212155
"NCI-H1048",0.0770097307851619,NA,4,82.7514954314518,0.457811634987563
"C-4-I",0.0559886157085548,NA,4,92.5349463917388,0.0562385628126763
"Jiyoye",0.325700327840448,2.12875166179637,0.453125,0,2.12875166179637
"SUP-M2",0.139044912826727,6.4049509789788,0.968361346320792,0,6.4049509789788
"CAL-120",0.065913522404919,598.387556024606,0.383430724205602,0,598.387556024606
"SW756",0.0520375125422012,NA,0,89.5924974915598,3.03613149154563
"G-402",0.218066196826125,4.50508397082818,0.636266937483453,0,4.50508397082818
"WM35",0.0889343170704275,5.94950326218012,2.51876534220868,0,5.94950326218012
"UMC-11",0.020910070979205,NA,4,88.7415187719092,2.77654050440208
"HCC827",0.10212051258299,NA,0.951681794838535,88.0416445660074,0.0165828614534333
"HOP-92",0.0649923485608826,NA,4,83.8691390661036,0.618547603424363
"SW780",0.0562691060470897,77.1953343421117,0.67888471565238,17.1118468868657,41.649198138488
"OVCAR-4",0.00866730598540404,NA,4,92.340324095719,4.62841760670326
"RERF-LC-KJ",0.173320466521624,NA,0.619988075278061,74.253310835912,0.0664566112975053
"RL95-2",0.0564646578462282,NA,4,51.6868067689667,4.5060578175224
"DEL",0.312327994734754,2.2542114802138,0.487826100160404,0,2.2542114802138
"KOPN-8",0.295933294421245,5.5055406503599,0.334357339305579,0,5.5055406503599
"ETK-1",0.201265241645962,5.23760632569627,0.655239067168904,0,5.23760632569627
"GB-1",0.0340498773279462,9.7093370459648,3.14924685391882,0,9.7093370459648
"Calu-6",0.115548827519145,NA,3.70647954820714,69.9154511826926,0.704454954987154
"BHT-101",0.162632748354808,24.3760590049624,0.431968280765227,0,24.3760590049624
"Daoy",0.0495063943245318,15.1907599381878,1.4241503929923,13.5820852307952,12.1596737158541
"CADO-ES1",0.0754113457519503,NA,2.15526861359964,66.643029439929,2.13261372805556
"ESO-26",0.0312253917747162,NA,4,92.1372939236848,0.643715635734764
"NCI-H1623",0.0499039446476262,NA,2.51752081636474,79.176609794734,1.92215416384416
"HTC-C3",0.0410168838994286,NA,4,92.7125737565799,0.204924759303002
"KM12",0.0955556245825951,NA,1.26635809690217,63.6158568399949,1.76996932550015
"LOU-NH91.1",0.0559288797405901,NA,0,88.814224051882,5511.94453172861
"PWR-1E",0.0411550160257754,NA,0,91.7689967948449,0.0238647365707223
"SNU-182",0.0385333446162574,NA,4,90.9485683445461,0.528386648730249
"SNU-398",0.0257350824164626,NA,4,80.6489499487029,4.01650256755489
"CHP-212",0.055720255582593,NA,4,88.7393211861868,0.327830127292416
"TYK-nu",0.180305998816053,81.8819532177846,0.291531210884344,0,81.8819532177846
"DBTRG-05MG",0.0751074280869833,NA,0,84.9785143826033,0.0458530012979793
"ESO-51",0.0727681472367436,NA,4,82.3411036526424,0.580585600925637
"RPMI-8226",0.156423240515134,12.9956317290799,0.559562404064534,0,12.9956317290799
"OVISE",0.159167958488167,NA,2.65964570783279,71.7461563046359,0.204188488224049
"DiFi",0.224838428292971,NA,4,54.416616655994,0.331416018112972
"KG-1",0,NA,1.06420722650002,100,3178.10628592445
"ARH-77",0.405544680108656,0.177884296783473,2.63133168414705,39.2856696882831,0.0990585194158567
"EBC-1",0.189525769918442,NA,1.00258168960316,59.8891416315948,0.387228965510911
"HuO9",0.299028762381876,2.15666762812642,0.570004849330557,0,2.15666762812642
"Raji",0.141174828439237,6.30705899518651,0.960719870320838,0,6.30705899518651
"Granta-519",0.0571693461057777,NA,4,89.0054810979184,0.27553550798551
"TC-71",0.160121319243801,119170.377209592,0.130875673208046,0,119170.377209592
"HuO-3N1",0.0603513270988335,NA,0.557530722601723,62.1703139842763,12.4956642499525
"BT-474",0.157217114148237,NA,1.17548312181486,67.2319826375722,0.365497174006356
"RERF-LC-Sq1",0.194545250460353,3.67672239862136,0.945194400791949,0,3.67672239862136
"RD",0.106126006869188,NA,2.6201304465666,73.842985713788,0.606759145681462
"CAL-51",0.151497540110569,7.80660061838164,0.748540624955119,0,7.80660061838164
"IMR-5",0.201733364975018,999612.417562432,0.0925847533628844,0,999612.417562432
"BPH-1",0.0464419877648712,15.968610740459,1.33594574252033,0,15.968610740459
"SNU-1",0.108763929355306,14.209390829245,0.752634837869498,0,14.209390829245
"JSC-1",0.250625282121687,2.45251523413613,0.949556539405378,30.9108644116611,0.889636766615331
"SAT [Human HNSCC]",0.0559292642183194,24.9755125535365,1.87767022387419,46.9330359754181,5.64799726200342
"P30/OHK",0.239717150793044,NA,2.44593698633703,59.8635417241816,0.161503109334448
"NCI-H2405",0.124946641405183,NA,0.0408157358401955,64.5122731736599,999997.272216821
"C2BBe1",0.202826443972486,570.360415438139,0.188084775961312,0,570.360415438139
"TCCSUP",0.0504320208859563,NA,0,89.9135958228087,5.65891872896777
"HuP-T4",0,NA,1.01135339201852,100,1.51644355173391
"A101D",0.0790782539999232,12.4631669274306,1.06583254386956,0,12.4631669274306
"GA-10",0.517689056198414,0.259910331760413,0.722037851408878,3.45782349370741,0.23535244707075
"CESS",0.287352105634285,0.53522144146336,4,40.7373046759911,0.351135991528533
"RT-4",0.0756852730082378,NA,4,80.8099465090153,0.655989523595372
"NCI-H1155",0.0909678457071718,NA,4,84.4406524223642,0.176270785494637
"COLO 678",0.000797802942973299,25.8813143554826,4,0,25.8813143554826
"A-172",0.0224293199698317,60.7066693268083,0.993647894979733,0,60.7066693268083
"647V",0,NA,0.751584620655318,100,0.0211448503815793
"EC-GI-10",0.151558261142035,NA,4,63.0462101011848,0.588447482815212
"LN-18",0.0991497331199855,8.54162824497763,1.14980823175446,0,8.54162824497763
"M14",0.144028504868947,10.941506014912,0.657400232943191,0,10.941506014912
"KYSE-140",0.0770019600791581,7.19512378386718,2.03756887290903,0,7.19512378386718
"COLO 829",0.103831953737999,1934.51025219876,0.259085849075245,0,1934.51025219876
"EPLC-272H",0.229546299987186,15.9824717152932,0.735882564407199,45.5402606122374,0.598752252281575
"G-361",0.108689350971215,5.07283954498914,2.433871692273,0,5.07283954498914
"GDM-1",0.475559422036814,0.42199792278345,0.388910653677741,0,0.42199792278345
"JHH-1",0.116175097901918,NA,4,86.0205284601682,0.0320659257816195
"MM1.S",0.497248642744496,0.283345722386129,1.2936036087358,6.17728826483047,0.255884747565216
"MOLT-16",0.465460693628999,0.30375143058276,1.29372701841129,14.1239244761666,0.235008954660354
"NCI-H1693",0.0624037275248914,15.586666505339,1.10685373688461,0,15.586666505339
"NCI-H1781",0.181632103171872,NA,0.793287878099399,61.3208793162506,0.401806248988057
"NCI-H2141",0.068566991516098,NA,0,86.2866016967804,0.439136859774421
"OE21",0.167151488107194,5.64372148505143,0.823484337792467,0,5.64372148505143
"Panc 08.13",0.0373231482073992,NA,4,95.1567352543646,0.0487669138943158
"UPCI-SCC-090",0.00628426705023899,15.2536230218913,3.96240833357575,0,15.2536230218913
"SU.86.86",0,NA,0.49014129635239,100,0.0716795829241992
"SU-DHL-10",0.432036985285737,0.497200203654752,1.1657279136129,2.46339560705958,0.476111700109765
"SUIT-2",0.038299406497036,NA,4,95.7446010614308,0.019636622294674
"SUP-HD1",0.25157375076611,5.37416399992957,0.453125199991314,0,5.37416399992957
"NOS-1 [Human osteosarcoma]",0.227867305212285,5.01190755791924,0.553265906602228,0,5.01190755791924
"CFPAC-1",0.107442097519076,120369244812278800,0.0945188632607816,45.5161526261653,999964.667975342
"A2058",0.0521539350640878,11.4329120332155,1.63655780423458,0,11.4329120332155
"CAL-27",0.00685359891155587,14.7991782176103,4,0,14.7991782176103
"COLO 205",0.218834466172567,2.84672571748321,0.98421607903754,0,2.84672571748321
"COR-L23",0.133104055144964,9.81338178004692,0.755750386672343,0,9.81338178004692
"DAN-G",0.188101552399526,5.32771991204427,0.71881926294419,0,5.32771991204427
"EW-1",0.239652654686164,5.48287875299506,0.485714623314791,0,5.48287875299506
"GP5d",0.157440687202109,7.34827703477089,0.741567403333938,0,7.34827703477089
"NCI-H2722",0.0477250344752978,NA,4,88.937908538287,0.507941151267726
"HCC15",0.0946266047826831,2963.57933979358,0.258475893133206,0,2963.57933979358
"MFE-319",0.00380776880169947,NA,0,99.2384462396601,0.0579222161609156
"NCI-H1876",0.0748118474483747,13.6655366639857,1.04919950145931,0,13.6655366639857
"NCI-H661",0.0165800437997779,NA,4,90.6807394987393,2.93160165359328
"T-47D",0.323831996219303,NA,0.466231381804863,54.6954599281803,0.0301673115347713
"U-87MG ATCC",0.171902467020797,613.940188014104,0.215566490529231,0,613.940188014104
"MC/CAR",0.143128187496007,9.89241013504454,0.696693541240969,0,9.89241013504454
"23132/87",0.352688414986922,2.67483611588602,0.564067055411483,41.0338591608702,0.127090554781049
"ATN-1",0.240415460031268,3.37559199713522,0.656533702582235,0,3.37559199713522
"BB49-HNC",0.257838970891902,3.40505122142925,0.580306842355282,5.43838199497748,2.79220136567594
"SK-N-BE(2)-M17",0.00492882525931448,16.1806751030823,4,0,16.1806751030823
"BFTC-909",0.287694416312812,3.35333215479872,0.454548797839011,0,3.35333215479872
"BICR 10",0.230976722054903,7.56444537019999,0.441572593661289,0,7.56444537019999
"BV-173",0.133639224719553,5.39522759366536,1.24435171798741,0,5.39522759366536
"CAL-29",0.200754350317457,6.00751671885794,0.604551008950622,0,6.00751671885794
"COLO 678.1",0,NA,1,100,0.0100052698506632
"COR-L311",0.163225664538581,6.03447957854368,0.809601006441586,0,6.03447957854368
"DG-75",0.0335279847201198,NA,4,70.77801648711,4.57592339531575
"EW-13",0.0129936752358862,NA,4,90.5608353274081,3.88605187759655
"GCT",0.0210710212021803,15.5710724424112,2.20024656725879,0,15.5710724424112
"Lu-135",0.101870602406062,9.93256085579216,0.988291696527372,0,9.93256085579216
"MOLP-8",0.237619975778084,2.65344268731587,0.951215191997717,25.5553393809925,1.25050229237135
"SF268",0.0914836187531221,NA,4,84.2081419055677,0.182896452515591
"SNU-61",0.0350715499564514,NA,0,92.9856900087097,0.69360524375472
"HC-1",0.210550173073619,NA,4,60.7823233014653,0.245185906791833
"A-704",0.209870050001658,20.2809169033622,0.35188707569241,0,20.2809169033622
"ALL-PO",0.232308268438797,2.16781230626362,1.41992477688205,0,2.16781230626362
"AM-38",0.0135715139868389,12.176176621892,4,0,12.176176621892
"P32/ISH",0.24721820703698,2.22430644631645,0.98222116464238,0,2.22430644631645
"SUP-B15",0.0505301164609706,53.0238430708897,1.27833359181734,45.299882876398,8.34046021831497
"MHH-CALL-2",0.174454416735494,6.67307087500272,0.689741978969202,0,6.67307087500272
"ES-2",0.0345261538435404,8.89714982354024,4,0,8.89714982354024
"NUGC-4",0,NA,0.8702740431691,100,5.35425359061702
"HCC1187",0.0834888318361657,NA,4,89.9359870423159,0.0323945882043062
"NEC8",0.00644795329740761,NA,4,96.5114270182482,2.79389308564403
"CAL-78",0.0444633183636644,NA,4,89.6165479984003,0.519348607493774
"AN3-CA",0.218599066078702,NA,2.05591368407918,53.8593876525833,0.379262492557932
"DU4475",0.0849174820961324,9.91325223725047,1.19014586385492,0,9.91325223725047
"PaTu 8902",0.0940799295291721,NA,0.0968048443708681,50.9874094280474,1e+06
"HT-1080",0.0138215182433547,NA,4,94.1431499629835,1.9599603258347
"HCC1806",0.0248813456469711,18.6788705881804,1.71431610747615,0,18.6788705881804
"HOP-62",0.0187398483338685,NA,4,97.4016964781638,0.068614192340065
"JIMT-1",0.00901590885691702,NA,4,64.0625,10
"Rh1",0.0520117503795544,21.7049965320975,1.39687395464848,35.668573703781,8.87285242640029
"RC-K8",0.170733414624457,4.13425257151145,1.08877094116264,0,4.13425257151145
"SU-DHL-5",0.574084042574854,0.185473331413169,1.2322322560533,0.254528042404994,0.18470674126641
"A3/Kawakami",0.0824384551072929,5.62907564270328,4,29.7268505963908,4.49184631538606
"A3/Kawakami.1",0.106120331598399,7.57829617317682,1.30176499287435,16.2491892380329,5.60341550516431
"CL-40",0.0188111174089081,NA,4,97.4566114165731,0.0604313455440143
"COLO 792",0.0741218972022304,NA,0.813461874042727,60.5443877836585,4.56258077691751
"COLO 824",0.20799162685078,3.8559195631503,0.834976211807315,13.7445398446929,2.62386608760966
"HCC1143",0.149940641608644,NA,1.61050608998889,75.3139667018704,0.14956805499103
"HCC1143.1",0.142048434887591,NA,0.750377347863082,81.0054337939502,0.0385596279094083
"HCC1143.2",0.167424357860608,NA,0.238036442640294,78.3367988561551,0.00143058854163716
"HEC-1",0.0598252377683117,NA,0,88.0349524463377,0.0842283975677401
"Hs 445",0.134699874825495,NA,4,72.5738495630809,0.336281129210414
"HT-55",0.19218623961152,35.0701342173953,0.332941964849491,0,35.0701342173953
"HuP-T3",0.112879759962685,NA,4,85.1896940168672,0.0517024594943594
"JVM-2",0.305801144222763,NA,4,53.0083811028659,0.111653301599683
"JVM-2.1",0.354949719943203,0.27366067310672,4,49.6956401827991,0.0764393030077139
"JVM-2.2",0.341888199535219,NA,4,50.4821398134903,0.0848857282671388
"NCI-H2228",0.180823419504955,NA,1.67235614836277,67.6424015156365,0.21011510898735
"SNU-5",0.0555076656101789,NA,4,89.3384333938489,0.27429576728503
"NUGC-3",0.0991460861249466,7929.47566308281,0.225745039719622,0,7929.47566308281
"OACP4 C",0.227936030330017,4.0606899967805,1.34423930276562,46.816408863565,0.523405260725862
"OCI-M1",0.175915777877346,3.55378735574259,1.39209662962578,26.6687521659563,2.05540577906366
"OCI-M1.1",0.158044930700068,5.18257475161482,0.971041127943754,0,5.18257475161482
"OCI-M1.2",0.139359696771927,5.84408554622751,1.05398225598978,0,5.84408554622751
"OV56",0.0259781824238175,NA,4,75.9092583033969,4.81043135643005
"RS4;11",0.175759732727646,NA,1.92146338655366,62.2603559261675,0.401085465642206
"SCC-3",0.0765972370569616,NA,1.78658453712691,62.9811345054961,2.50601930457154
"SK-ES-1",0.148776875247399,NA,4,80.826888663348,0.0469954630970391
"SU-DHL-8",0,NA,0.746042065337691,100,0.0219715122158929
"TK [Human B-cell lymphoma]",0.0683887532262808,NA,4,84.4656005180535,0.477946289537429
"A3/Kawakami.2",0.0782388676231852,7.37650585567302,1.89027662107967,0,7.37650585567302
"NCI-H747",0.162123383327761,28.3737275049818,0.41420754640745,0,28.3737275049818
"NB1",0.230675178134131,2.90622621980948,1.64508289059236,47.3602180318157,0.486219537915014
"HPAC",0.0226761590593507,NA,4,85.1932834915022,3.48482675761447
"EW-16",0.0916005353109263,157.22484279229,0.41156717065268,0,157.22484279229
"OSC-20",0.0235999353662699,NA,0,95.280012926746,2.28167462821551
"EGI-1",0.023427434911287,NA,0,95.3145130177426,0.00362374517931882
"SBC-5",0.093390066493494,17867963.1541639,0.140337801258674,16.6376568460599,1e+06
"NCI-H2369",0.00410336342468941,16.9887465022122,4,0,16.9887465022122
"H9",0.105503801276758,NA,2.21523337208344,71.5932079210628,0.770069762907758
"OACM5.1 C",0.26747754257602,1.65708845008998,1.23505387665919,38.6534270018977,0.498684298474242
"U2OS.3",0.0936957311639234,153.215684477232,0.408441676134431,0,153.215684477232
"A-375.2",0.052495153690994,26.3287562764788,0.935010057656108,0,26.3287562764788
"A-375.3",0.0831066412315636,17.8271651164994,0.834202428464484,0,17.8271651164994
"HT-29.2",0.192519541246204,6.23524534423613,0.627899877314254,0,6.23524534423613
"HT-29.3",0.22257121072299,5.76749955093262,0.530940226937689,0,5.76749955093262
"HT-29.4",0.193177594192901,5.33947420077427,0.689020278422972,0,5.33947420077427
"A-549",0.139303831988024,NA,1.68580764634483,57.295954123328,1.06460572177443
"HCT 15.3",0.27441968334839,6.15471748500141,0.367030454110319,0,6.15471748500141
"HCT 15.4",0.169334823468581,37.8996992353457,0.368182660555234,0,37.8996992353457
"HCT 15.5",0.133640997049377,9.22716236746244,0.780167136487632,0,9.22716236746244
"A-375.4",0.0150897171148431,11.7915455468021,4,0,11.7915455468021
"U2OS.4",0.120630919029961,NA,0.307541090194914,69.2726257779151,1.48735243709119
"C32 [Human melanoma].3",0.0641355154867955,NA,4,80.2010330645328,1.06730186125242
"C32 [Human melanoma].4",0.0890476571149708,584.071752620416,0.332343111262428,0,584.071752620416
"C32 [Human melanoma].5",0.0843428128296839,13843.3262597721,0.231281796847944,0,13843.3262597721
"PC-14.3",0.0350683723041437,17.6054745626198,1.4829756136709,0,17.6054745626198
"PC-14.4",0.0811064487628531,59.5216440070949,0.551957773926913,0,59.5216440070949
"PC-14.5",0.0906915696505569,NA,4,74.3802757842223,0.867188536229068
"A-549.1",0.116257173655742,NA,1.84518635392408,56.0772600584373,1.63753815004916
"A-549.2",0.119591415846422,NA,4,64.8634056290931,0.952801707137932
"MHH-ES-1.3",0.105619794502022,NA,4,87.5614121627749,0.0282559800629253
"MHH-ES-1.4",0.0756995110535614,NA,0.384146343632809,68.1091796976901,9.72086762695406
"MHH-ES-1.5",0.0643499177605717,909.450074521151,0.363671300209489,0,909.450074521151
"SNU-C2B.3",0.00619072183287205,15.2161938623121,4,0,15.2161938623121
"SNU-C2B.4",0.0744975319652015,NA,0.0718196977117085,70.8339280476382,1e+06
"SNU-C2B.5",0.0634430072320984,6125.91156550935,0.286782034989864,0,6125.91156550935
"SW620.3",0.0153941110887433,NA,4,92.0721939887327,2.61828778828091
"SW620.4",0,NA,0.0685615879502203,100,0.0269361920556027
"SW620.5",0.0121588095218177,NA,4,93.3171795099854,2.8505739201748
"HT-144",0.0623631165676058,NA,3.67439530720777,50.8839621451075,4.20652222235036
"HuH-1",0.0623555889876372,NA,4,85.5940862883824,0.502988694130749
"LB771-HNC",0.0693362115951412,NA,0.716274985687251,63.4991699636551,5.24142006077758
"LCLC-97TM1",0.149370101778776,14.7586525062316,0.555982547824961,0,14.7586525062316
"NCI-H196",0.0613154377139536,NA,0,87.7369124572093,0.0186459766061978
"NCI-H1963",0.0144002196080869,11.9605987264121,4,0,11.9605987264121
"NH-12",0.0090898850183968,13.6804529121243,4,0,13.6804529121243
"OAW42",0.204503985708597,NA,4,70.1590219032042,0.0879429009159609
"PFSK-1",0.133214272485021,NA,4,64.1394034081839,0.768518630815662
"RERF-GC-1B",0.111641466644705,333320.285416095,0.152117738347049,0,333320.285416095
"TE-6",0.239331815603428,5.0487578074912,0.50846735594276,0,5.0487578074912
"A-253",0.0269099067449265,NA,4,88.4313886935844,2.00629526006614
"DMS 273",0.268024972310267,0.934055325295465,2.86466669419974,32.2452737184387,0.650738255556992
"SK-MES-1",0.0276335550653606,NA,0,94.4732889869279,0.03485322228957
"TOV-21G",0.0928892753120513,NA,1.77963245527548,59.6409689883177,2.110658972787
"MS751",0.0423785553025395,NA,0,91.5242889394921,0.0291602046231783
"DK-MG",0.0893921952249644,NA,0.678459819388338,88.9710783717483,0.0175280212331657
"CHSA8926",0.0555336520338141,NA,0,88.8932695932372,164.520779182211
"HCC2157",0.279340269671582,1.32499718426067,1.94901366709439,9.97255406443915,1.18207546438981
"KY821",0.0193866788612008,10.8996000742004,4,0,10.8996000742004
"NCI-H1092",0.0169804713662463,NA,4,92.9868034807348,1.87856141964837
"NCI-H1793",0.0790572018751387,NA,2.70013270797923,86.5427676753321,0.172843854660908
"PC-3",0.0167092658971906,556.646053363816,0.636927740199071,0,556.646053363816
"NCI-H1915",0,NA,0,100,1e+06
"NCI-H650",0,NA,1.38192317423259,100,18.8106127159885
"Rh41",0.252271010418079,2.11467379438442,0.996101185876527,0,2.11467379438442
"KU-19-19",0.0562234736946228,11.8162107097809,1.48536067978696,0,11.8162107097809
"CAS-1",0.158700561960979,NA,1.90478868407334,77.512419277189,0.0755455376143972
"HPAC.1",0.0702977860942767,NA,0,85.9404427811447,0.27408863885618
"CL-11",0.0584410548713402,NA,0,88.311789025732,0.0181212209246749
"HCC1954.1",0.107966541857245,23.3217193437351,1.73624006883704,49.015596982934,2.42825577699288
"HCC1937",0.0630039240457447,NA,4,78.2303962874835,1.35477041996852
"PA-1",0.173020255192672,118.352334244416,0.280994635232251,0,118.352334244416
"EFM-192A",0.202032782184091,2280889571041109248,0.183918890014904,49.9745713665319,2.81808920668448
"MOLT-13",0.0102725003171342,13.211990821606,4,0,13.211990821606
"MHH-ES-1.6",0.00667920892526917,14.9040989229535,4,0,14.9040989229535
"U2OS.5",0.0154727640288306,NA,4,84.5318977963183,5.09335705766444
"HT-29.5",0.0968031823641598,8.01983517509704,1.25832364805075,0,8.01983517509704
"A-375.5",0.0369982351129546,NA,0.622117404976755,93.0763194368161,0.234223430449436
"PC-14.6",0.0286589435382381,21.1650460742516,1.45908115882145,0,21.1650460742516
"KYSE-150",0.107694790911573,10.7040130038242,0.8890464323333,0,10.7040130038242
"SiMa",0.0624991047007219,NA,4,73.4471891725465,1.96827997705281
"SW626",0.0978474210926332,NA,4,89.1679522229093,0.0191638564322578
"KMOE-2",0.0787734798554545,6.56996570218771,2.45691658255654,0,6.56996570218771
"NCI-H2591",0.0903392739018616,NA,1.34713169019488,89.9753558587924,0.013576538319827
"HCC1937.1",0.135109054246185,607.81399800858,0.258071467941861,0,607.81399800858
"KLE",0.195084243262096,NA,0.771026522048777,56.317945683363,0.483867152547678
"KYSE-410",0.0639077439052567,NA,0,87.2184512189487,0.44537176495226
"LNCaP clone FGC",0.516516867579734,0.16063375186291,1.43869357465666,20.2012488327104,0.112099438315713
"NB(TU)1",0.134295022728219,5.65538367463332,1.16136131097052,0,5.65538367463332
"NCI-H209",0.0404739236808917,11.0395818797597,2.12346810241478,0,11.0395818797597
"NCI-H720",0.328215944966893,1.12951712673599,1.0457792974759,0,1.12951712673599
"NB1.1",0.188498705218882,1.72474445217613,4,46.879809496558,0.862040228317279
"Lu-99A",0.0878670324799394,NA,0.769962980651864,78.9752419340778,0.609373708887306
"MOLM-13",0.331145404512232,1.5083805389298,0.588878867223358,0,1.5083805389298
"Lu-99A.1",0.0967883698752148,NA,4,82.0599422536918,0.240765221042829
"Lu-99A.2",0.0968865519607757,NA,4,72.1860219493296,0.901724746008173
"NCI-H2347",0,NA,0,100,54.0297354464817
"HCC1806.1",0.0392399131663537,25.0686364705813,1.12132731108312,0,25.0686364705813
"MDA-MB-436",0.0718889072285879,NA,0.648934759647342,79.625244628315,1.13122543690376
"HDQ-P1.1",0.0420760196361975,NA,2.04184945276403,77.45588790635,2.84368990433587
"CAL-51.1",0.0844218827410598,20.4743041642713,0.771815775530625,0,20.4743041642713
"MDA-MB-361",0.32261536549431,NA,1.02219368268562,52.1451341266804,0.08505781464798
"BT-474.1",0.206772034770367,NA,0.964720887290762,69.1733342205758,0.0857329703292619
"MDA-MB-157",0.0625803651295225,NA,0,87.4839269740955,4.57622974904307
"CAL-85-1",0.025602680346458,NA,1.51249257401952,73.9298671806711,6.77982079883644
"Evsa-T.1",0.457301273289459,0.428239730590921,1.00422817855911,0,0.428239730590921
"AU565.1",0.213386728441389,NA,0.536384745024784,56.1806210696235,0.353646803453878
"NCI-H1341",0.2341087439889,NA,1.27302765690722,76.5891040828676,1e-06
"NCI-H1573",0.142103172715246,9298.60444066043,0.21875,26.8750000000001,273.841963426436
"NCI-H1688",0.181171046735826,24.4443083245301,0.389453245926429,0,24.4443083245301
"A-498",0.264618025983611,1.21201225947452,1.80776035170224,43.3211703538976,0.39800331894505
"MFM-223",0.26273707076107,1.92508773428804,0.996980580283986,23.4612971149421,1.0198283630349
"MDA-MB-175-VII",0.355234655034868,1.38209336506324,0.490057615454426,0,1.38209336506324
"HCC1187.1",0.188177704315524,562.593070139578,0.31444387977461,38.3889641588532,5.41528572446364
"MFM-223.1",0.194073223786984,5.57795700424312,0.661493857247639,0,5.57795700424312
"DU4475.1",0.0745330186389731,8.50072708306648,1.61152665972405,0,8.50072708306648
"HCC1569",0.234370711315771,7.06360967470051,0.443671196318764,0,7.06360967470051
"CAL-120.1",0.0744053252132291,NA,0.655181830251752,80.7943932069115,0.825330315098337
"HCC1937.2",0.167300117638946,NA,0.595420968592327,52.7222191939401,1.18819512639312
"JIMT-1.1",0.0657295430151137,112.446909557767,0.52594978379432,0,112.446909557767
"CAMA-1",0.211277807371338,3.13150815364651,1.02969621625822,23.0288956529419,1.71954438111321
"HCC1419",0.231246203639793,NA,1.89885448924127,69.5576063104833,0.0505188227347956
"MDA-MB-361.1",0.214368464111187,NA,1.30977363649615,59.9452766581323,0.246716841790466
"LS411N",0.0754705673684869,10.5811818297209,1.2622051819476,0,10.5811818297209
"HL-60",0.0253281496658595,NA,4,84.1577281241397,3.32448031242829
"PF-382",0.207591193737025,2.7748441000672,1.23004196677721,0,2.7748441000672
"SNU-407",0.101175951706939,NA,1.04606419585602,63.2763619564065,1.70729495634483
"NCI-H1417",0.485251233650206,0.352381531110195,1.02431478283457,0,0.352381531110195
"NCI-H1417.1",0.406512329572479,0.658108702402893,0.815302938996766,0,0.658108702402893
"NCI-H1417.2",0.485163384704826,0.3533516795535,0.941864120236197,0,0.3533516795535
"P12-Ichikawa",0.35980360022465,1.03213953161399,0.693940759811037,0,1.03213953161399
"P12-Ichikawa.1",0.332049115479736,1.30259579915453,0.707891026230188,0,1.30259579915453
"P12-Ichikawa.2",0.261927319823129,1.85585981855894,1.1150288643924,0,1.85585981855894
"SiHa",0.123840368004508,NA,0.894842452160205,85.0321709016442,0.0207173460412913
"OVTOKO",0.184385724815266,239.590561909086,0.40145666300238,41.4929134061776,2.90719543720985
"FaDu",0.00274529280256033,18.8741859318882,4,0,18.8741859318882
"5637",0.00622979602231793,NA,0,98.7540407955364,1.44906257576771
"Detroit 562",0.136493057292816,5.15452239559867,1.27485328463566,0,5.15452239559867
"NCI-H2052",0.0381251375871341,NA,4,87.3807745314164,1.24089903127311
"Rh30",0.218444927743381,7.90281810819867,0.543087534155114,20.6690971399191,2.95971110678687
"T-47D.1",0.269736725116998,NA,0.867952577333821,63.9096496995697,0.0435923478471249
"KYSE-180.1",0.0161095438047992,11.5566253537367,4,0,11.5566253537367
"HCC827.1",0.0419843832304122,25.7601402418803,1.06889167831667,0,25.7601402418803
"A-375.6",0.043166707022296,11.3475882273987,1.93882250665904,0,11.3475882273987
"A-375.7",0.00871647497593965,13.8439673014985,4,0.0238950086122367,13.8423129964072
"A-375.8",0.0478649790312014,10.9041230232499,1.86254233364654,0,10.9041230232499
"A-549.3",0.0933030371913735,NA,4,76.5718466243073,0.638759822889192
"A-549.4",0.0726189040684171,NA,4,60.4033289790995,2.82188158542697
"C32 [Human melanoma].6",0.0255438133543717,NA,4,97.286630135965,0.0141914493571066
"C32 [Human melanoma].7",0,NA,0,100,0.0886650322771466
"C32 [Human melanoma].8",0.0359534719186447,NA,4,92.012750709283,0.446370894630569
"HT-29.6",0.0692555278756345,7.74953733448309,2.07385828809126,0,7.74953733448309
"HT-29.7",0.090136659278235,13.759249568042,0.897307770199104,0,13.759249568042
"HT-29.8",0.167525352801132,4.65322142116389,0.980421854786001,0,4.65322142116389
"MHH-ES-1.7",0.013062672704369,NA,3.63403997960643,78.6187331531597,7.01098420262262
"MHH-ES-1.8",0.0194632655729204,88.3140992885306,0.926494465729687,0,88.3140992885306
"MHH-ES-1.9",0.0284580669544747,NA,1.21659890670368,82.8304426711255,4.02156365599466
"SNU-C2B.6",0.0653492985373274,22.1012178807021,0.88783865905822,0,22.1012178807021
"SNU-C2B.7",0.084374999999999,NA,3.625,91.5625,3.5226946514731e-06
"SNU-C2B.8",0.0589269824240083,NA,3.66399549726102,82.9437072512326,0.919691298985842
"SW620.6",0.0408656892592174,NA,4,94.3168066337961,0.0696517485724262
"SW620.7",0.00897898360981248,NA,4,87.6160392293296,6.2839828882621
"SW620.8",0.0354163705131135,NA,0.379804712787678,79.1444899183658,33.3379929896085
"PC-14.7",0.113882900853627,291.132136431588,0.323412172636827,0,291.132136431588
"PC-14.8",0.0474303480274049,18.1580452992916,1.29713139731893,13.827336923913,14.1476447356757
"PC-14.9",0.0160139547625644,11.5779358152676,4,0,11.5779358152676
"HCT 15.6",0.10432038032135,33.3298124423431,0.657599515990579,24.630956215953,11.8778986886344
"HCT 15.7",0.166501586619142,20.0020277245743,0.449643337150997,0,20.0020277245743
"HCT 15.8",0.161379098589668,8.95594729218129,0.642917070004371,0,8.95594729218129
"U2OS.6",0.0601300876915365,10816859494260688896,0.136094975471078,49.1584239017266,999984.2607514
"U2OS.7",0.0285873825733999,NA,4,95.6887539946077,0.102535901140425
"U2OS.8",0.020841783705565,NA,0,95.831643258887,0.0688765839344749
"HCC1428",0.0135953242004368,NA,4,93.4745838310841,2.37333525442144
"HCC1500",0.0141043252637079,NA,4,97.8086806749468,0.117274995784517
"KYSE-520",0.0789447855820962,34.2565009385739,0.663010455022644,0,34.2565009385739
"KYSE-520.1",0.0661497372645513,17.4159664831865,0.994279514882843,0,17.4159664831865
"KYSE-520.2",0.111061703058213,14.345579347524,0.883238262131692,25.7457164444823,6.32415603121147
"MeWo",0.0734316376125896,NA,3.36342853159748,88.2204775931313,0.134887202181175
"NCI-H1838",0.158060507103856,NA,4,78.559327508242,0.0614460832162135
"NCI-H446",0.149995588422231,4.03099786228539,1.62006513232725,0,4.03099786228539
"NCI-H446.1",0.223827314179525,3.73342261869774,0.697957504395115,0,3.73342261869774
"NCI-H596",0.0530751266194192,11.9765069541198,1.53841524284665,0,11.9765069541198
"NCI-H2122",0.146191880883839,4.04612755953594,1.76162138428069,0,4.04612755953594
"BT-20",0.104782304669969,NA,4,64.0203054035099,1.33789722920427
"HCC1419.1",0.190639166116467,NA,4,67.7770858709709,0.16797929247906
"BT-483",0.116083107727847,81087.6077406136,0.166218948261252,0,81087.6077406136
"COLO 824.1",0.254871155448878,4.0787619514424,0.511819012374841,0,4.0787619514424
"EFM-192A.1",0.225054504229772,NA,0.492058102445846,62.7539134581879,0.108738624191619
"HCC1428.1",0.00674620964973267,25.182704821661,2.33722365999649,0,25.182704821661
"HCC1954.2",0.102439286781425,30.6480967280145,1.68807401898662,49.2130736518317,2.61999888074284
"EB3 [Human Burkitt lymphoma]",0.10289663032201,NA,1.04766911017284,57.8004088335561,2.21149710625696
"JHU-022",0.105364762827859,139.462803428511,0.3884421528127,0,139.462803428511
"IGR-37",0.0480341848865836,NA,4,72.0092676491694,3.06315215939111
"IGR-37.1",0.0877861788719449,NA,2.64176581241464,77.1488411449361,0.704269534818935
"HD-MY-Z",0.0394400846188736,NA,4,95.7111255148137,0.0169424917017735
"HD-MY-Z.1",0.134382912315888,145075523.35168,0.107238656476062,20.6892537492642,997069.637716895
"H4",0.128464023290191,NA,0.236082313777478,77.687673977912,0.0808782410507259
"H4.1",0.1346309715092,1937.77179073563,0.22141343791066,0,1937.77179073563
"Calu-3",0.0573751139479698,NA,4,76.0262417406542,1.91525583067371
"Calu-3.1",0.108816062318502,NA,4,67.4313675088959,0.994827607994315
"Becker",0.0202444465074935,NA,4,87.9758060998676,3.13319219961938
"Becker.1",0.113768712731361,898.151684662857,0.27215249824948,0,898.151684662857
"DU145",0,NA,0.657734798693747,100,0.0254380479920521
"DU145.1",0.102147248556975,NA,4,89.4843614275144,0.0104822631250676
"NCI-H2595",0.022354376800124,NA,4,91.8375536060432,1.50838805706906
"NCI-H2595.1",0.151333086292812,NA,4,84.748240957007,0.00699810995033166
"CaR-1",0.0561470893796086,16.3062766864639,1.15853412791936,0,16.3062766864639
"DOK",0.300106081163638,1.18536357461646,1.2236214508158,18.4954398414907,0.812671030700878
"DOK.1",0.307335549719615,1.48935557037582,0.796640957022845,13.3799204115651,1.00744683371877
"CW-2",0.0988695798126618,NA,2.45903790154954,63.3957115475533,1.55437564215086
"CW-2.1",0.104346557030098,NA,4,68.2607743623074,1.032288606492
"22Rv1",0.216933517056188,108.7091618824,0.229854261249394,0,108.7091618824
"22Rv1.1",0.264264991863662,14.9563579258463,0.284875561968907,0,14.9563579258463
"CAL-39",0.139977225921031,4.13567605402161,1.91250805917926,23.5862513986019,2.96235661512461
"CAL-39.1",0.162552161266157,4.09842730153147,1.33877933925606,21.4693190825519,2.69536270646391
"K5",0.191705128042668,NA,0.593994437912443,58.1805400087001,0.459139222714867
"K5.1",0.181199448645928,46.3592614005199,0.673742042557344,45.3856779780959,1.34941311778999
"COLO 679",0.00270677406090024,22.111717956002,4,32.0114820736728,17.1249310222858
"COLO 679.1",0.0258174853160646,NA,2.88057529104663,81.9779624332179,3.79531629412762
"769-P",0.130933029963776,817.652365340288,0.252571192533636,0,817.652365340288
"769-P.1",0.0402745948563216,NA,0.24117369295702,86.4499354448333,13.5846957959496
"GI-1",0.179546309912747,255.867119981786,0.237493230503571,0,255.867119981786
"DOV13",0.08527033450473,NA,3.45598308559015,52.5131030299543,2.90457981075043
"DOV13.1",0.0936960680780136,11.0539813053895,0.994499880519906,0,11.0539813053895
"DB",0.155703779212194,3.47027025935233,2.8350940971342,0,3.47027025935233
"A-375.9",0.0208627123961355,NA,0.0532125379830131,95.1752061851343,53.2818434471551
"A-375.10",0.0309433189912998,NA,4,95.4181908623876,0.0942076272749871
"A-375.11",0.07372498279005,NA,4,87.62067968192,0.163488115933858
"A-375.12",0.0821626414979481,131.231932244485,0.453554316242226,0,131.231932244485
"A-375.13",0.0823402238740139,NA,4,86.3892339845644,0.153195033101209
"A-549.5",0.0994883532245011,NA,1.72360776654143,59.7148075200109,1.87424963700282
"A-549.6",0.0349599248987943,13.8762358393279,1.81815825192891,0,13.8762358393279
"A-549.7",0.0815637992469726,NA,4,56.9189337760357,2.70798743022214
"A-549.8",0.2396553749824,NA,1.09030383716609,57.7744888998205,0.193815025467219
"A-549.9",0.186688576966552,NA,4,63.5443953627842,0.29095231969518
"A-549.10",0.197223121597069,NA,1.88046421370104,70.1927298546822,0.1028826756145
"C32 [Human melanoma].9",0.0514260762275973,NA,3.94244542403797,91.939592584822,0.121931248915359
"C32 [Human melanoma].10",0.0567730142583988,NA,4,89.2941528130139,0.256580559840892
"C32 [Human melanoma].11",0.0827931450934876,NA,0.648757587763054,77.3712978466785,1.01543616904718
"C32 [Human melanoma].12",0.114867844941768,NA,0.649896264682613,78.9978319178415,0.211642047818806
"C32 [Human melanoma].13",0.121105642832102,43.109168613901,0.561942884559263,26.3181224970032,11.4028380024047
"HCT 15.9",0.138213630373951,15.5582526727161,0.585213845484434,0,15.5582526727161
"HCT 15.10",0.211456648876284,8.08980235844131,0.484404402128321,0,8.08980235844131
"HCT 15.11",0.1687785207409,NA,4,65.4566449711117,0.34222723879257
"HCT 15.12",0.16654095665228,NA,3.96912157911337,70.2834183443658,0.208369621824178
"HCT 15.13",0.172374754137235,NA,0.982295016670678,56.3866486350235,0.689245664427382
"HCT 15.14",0.130657285497781,12.4799301676813,0.679110548436226,0,12.4799301676813
"HT-29.9",0.18927031906666,3.69958393740912,1.06540082079732,16.9869942680168,2.50573385406202
"HT-29.10",0.199920880965635,3.75729880863175,0.91306605085975,11.912904153043,2.78888364007553
"HT-29.11",0.189521856584815,5.62083507161082,0.68511108497626,0,5.62083507161082
"HT-29.12",0.247210228300775,NA,0.886838419538292,50.9700167845918,0.306388290950805
"HT-29.13",0.199936130011342,22.5909053823035,1.31918465356681,49.527246366983,0.659779102061497
"HT-29.14",0.30700226107537,4.12381012767443,0.383822610933938,12.1940683569406,1.99058399249647
"MHH-ES-1.10",0.0641813756126846,101.355264470598,0.546195883461075,0,101.355264470598
"MHH-ES-1.11",0.0396559159633912,NA,0.886432095564738,69.5636519134889,7.94276987185551
"MHH-ES-1.12",0.0815887570276053,96542.1255092184,0.356826062415125,46.3525169713484,62.8572887962922
"MHH-ES-1.13",0.0487958844313375,NA,3.46383059224271,79.3045306092818,1.96407529587362
"MHH-ES-1.14",0.0312315317765227,NA,4,85.2476017733226,2.31871568501773
"MHH-ES-1.15",0.0104302689094131,NA,4,94.0807865327646,2.96651641926758
"PC-14.10",0.101669737491224,NA,1.01399359276632,53.1934454017566,2.83254570067053
"PC-14.11",0.112198059530518,40.3243252183346,0.50090368856344,0,40.3243252183346
"PC-14.12",0.0824241251233536,NA,1.08649401399241,50.4696507164443,4.31674804216554
"PC-14.13",0.132727931170866,NA,1.21175313911343,61.88840479667,0.941316436713841
"PC-14.14",0.130509990755675,NA,4,75.7258174034656,0.24387912417079
"PC-14.15",0.186290704214795,6378.65177929524,0.679955698475313,49.8758948095806,0.940442257790538
"SNU-C2B.9",0.0749447529763081,NA,4,85.343572567495,0.292472555749125
"SNU-C2B.10",0.0699314354052691,NA,0.684305001672896,60.0852845571244,6.69700913652582
"SNU-C2B.11",0.120624282850721,207.682366035248,0.330863624490806,0,207.682366035248
"SNU-C2B.12",0.0876572967154312,NA,4,72.6895654034345,1.0894060229631
"SNU-C2B.13",0.0830717932628564,NA,4,72.9149252018573,1.20218734555449
"SNU-C2B.14",0.116820535487536,NA,0.456580336145084,62.1188897887732,2.58676499028382
"SW620.9",0.0282158670382644,NA,4,88.1862018495203,1.92171028081605
"SW620.10",0.00280127923023665,NA,0,99.4397441539527,6500.45999352162
"SW620.11",0.0174156212322706,NA,4,95.4616737049839,0.706080325021913
"SW620.12",0,NA,1.13979767592565,100,102.430386138496
"SW620.13",0,NA,0.468819060092683,100,6.3117077622689
"SW620.14",0.00293130785975885,18.563262657799,4,0.179037143513835,18.5466227297593
"U2OS.9",0.0806527885924586,20.8384409137401,1.03541040019573,32.8527570083805,7.41283894515127
"U2OS.10",0.0831295628748977,10828.6905229481,0.238802061462953,0,10828.6905229481
"U2OS.11",0.0384449859574164,134388.846602075,0.257589798429677,0,134388.846602075
"U2OS.12",0.120413471844993,NA,0.283002270672454,60.8544542888142,6.87929728584229
"U2OS.13",0.144708912043741,160.146609548368,0.305993162973814,0,160.146609548368
"U2OS.14",0.15131678305526,NA,0.719093580021993,68.9387423141636,0.351290038217971
"MFM-223.2",0.18307242599241,3.97449917272943,1.10475920003366,23.4284207053788,2.24266460927687
"MFM-223.3",0.178633020887972,4.16942339040182,1.48815131108822,41.8369860028789,1.23353549161534
"MFM-223.4",0.169114616492524,4.09013820651993,1.4816940522303,37.3180509863987,1.62047179756868
"MFM-223.5",0.265170760102804,3.298509685158,0.637398231511553,23.2370248514301,1.23728123923736
"MFM-223.6",0.211062840890851,3.52496581946948,1.04085607088018,32.9194396279443,1.25602126479761
"MFM-223.7",0.225101543071536,2.49308539245893,1.16776992477699,27.8437462788163,1.24178371078524
"A-375.14",0.0244745083188253,NA,4,88.2960810661072,2.36071285497973
"NY",0.0678258492919369,NA,4,92.4927788950744,0.0191410252020413
"BICR 78",0.154178605996007,NA,1.40058190864471,78.9268726268073,0.0604637092355091
"ES7",0.18618687101356,80.617330296637,0.926764507410482,49.2501432967605,0.867560596866308
"ES7.1",0.240930028939448,NA,1.57601536083444,61.4520672699775,0.132043586081976
"HLE",0,NA,1.34557040591032,100,12.8178814471326
"HLE.1",0.0767460169808528,NA,4,90.1377277494705,0.0462815243211751
"Kelly",0.0782689414811747,362.313627102434,0.383537002793577,0,362.313627102434
"Kelly.1",0.159141742457664,NA,1.92693228271069,55.9836673725877,0.826460173070032
"KINGS-1",0.148380046480031,1238.59374404411,0.219227463057367,0,1238.59374404411
"KINGS-1.1",0.219672562444279,NA,0.92794742244387,55.1586104092456,0.341205108351727
"KP-3",0.0712164091894034,NA,0,85.7567181621193,0.0160156448778394
"KP-3.1",0.0876252249384048,NA,0.17203772617796,78.0551879622855,3.6374187651023
"MKN1",0.0817726449279245,NA,1.35682850291819,77.0445977634075,0.875401921221184
"MKN1.1",0.133748148847229,96.4578968524677,0.453437237604113,29.8264165146786,13.0318776226407
"SJNB-13",0.0946754428433945,5.07607995714085,4,40.8425546245004,3.32069919955933
"SJNB-13.1",0.121630723328743,4.37791315085758,2.77156570857335,38.6707820181325,2.56229812296068
"SJNB-7",0.00561662100007425,NA,4,96.344421984011,3.4726990847065
"SJNB-7.1",0.08148404756165,NA,1.36346261383234,85.145944056947,0.224742938289168
"NCI-H1993",0.22126973592907,NA,3.65862341143336,57.7677780583817,0.268109338158573
"NCI-H1993.1",0.282543003990396,1.83240326966389,1.16487620900383,43.5828321716342,0.314481424672128
"NY.1",0.0652972868855543,NA,4,92.8949632122868,0.0170164056483109
"BxPC-3",0.00421258788302261,17.0889954783086,4,5.03610819515525,16.6414056593331
"BxPC-3.1",0.128676758042735,35.7160748510218,0.592086929331305,29.5707922893013,7.87664140015359
"CPC-N",0.177099400302579,4.37875167030689,0.942561803350426,0,4.37875167030689
"CPC-N.1",0.227348779323189,10.2447920884679,1.06429706109572,47.9907972709709,0.499907656651181
"GaMG",0.0854276017457517,12.9755104617173,0.97208319754013,0,12.9755104617173
"GaMG.1",0.180690244134887,NA,1.44158401308401,52.7746366523268,0.721694017043578
"L-540",0.069051759746161,15.2562613721841,1.04141605444996,0,15.2562613721841
"L-540.1",0.0694167302157007,NA,4,73.8762170737544,1.59574731992621
"LCLC-103H",0.0341319415629357,20.1030777911643,1.37486586672007,0,20.1030777911643
"LCLC-103H.1",0.13874679853541,NA,1.01151160289207,56.8537644959295,1.20107456375735
"Loucy",0.34332394634302,1.11314312686724,0.789009603332181,0,1.11314312686724
"Loucy.1",0.339323542802644,0.935812281651301,1.14204992372154,9.95198347362777,0.770528592024765
"MOLT-4",0.148125963760863,NA,1.57672494030545,50.4148411554794,1.30196383496483
"MOLT-4.1",0.135910086318338,NA,2.54268077712926,52.5564840582344,1.38606202039586
"Mo",0.0800037396566553,NA,3.6829526347115,51.2766011987139,3.23043773051378
"Mo.1",0.0809482780659695,NA,1.17331020700591,65.6299628226695,2.24978632301609
"NALM-6",0.394305380476066,0.586591685148979,0.837376960449584,26.9133492506804,0.233104025087353
"NALM-6.1",0.474889076405416,0.336523062361609,0.550991861564831,18.4939636764386,0.145541635368183
"Namalwa",0.209286134944651,3.16476015059852,0.958153241035379,0,3.16476015059852
"Namalwa.1",0.242834649087125,2.23957800405028,1.06065517282203,25.2043136607604,1.15608824400378
"NOMO-1",0.0506843241165741,27.1646654442757,0.940410584402954,0,27.1646654442757
"NOMO-1.1",0.172927168902494,NA,0.335889414158179,52.0443273937971,2.08762961870806
"OPM-2",0.114424995885816,5.07411347312451,2.02096666626154,0,5.07411347312451
"OPM-2.1",0.19052594160764,2.81122517765837,1.75272730623019,3.92930356034074,2.68296916267249
"OVCAR-5",0.142769638976976,NA,0.925799447823105,72.325439374723,0.280792497732457
"A4/Fukuda",0.411760090022158,0.580311491399398,0.807318018273494,10.220333154726,0.437169984853251
"A4/Fukuda.1",0.45747098082638,0.47471912902654,0.483261177604112,4.76107019592485,0.38593206399725
"ACHN",0.153083324471045,NA,0.802209362391817,77.0768000518735,0.082549231107335
"ACHN.1",0.235394005009976,11.3801374135458,0.367100981796228,0,11.3801374135458
"BE-13",0.106265207871664,4.68791148903065,4,12.3600131194672,4.36665889582212
"BE-13.1",0.104330117334893,7.1416731185608,1.45410623013498,19.5490165803782,5.0779599956571
"BT-483.1",0.0113247540504743,NA,4,95.431479522964,1.80514411927929
"BT-483.2",0.0639793329262201,131970870178.213,0.143193625722422,40.7583358340981,1e+06
"CAL-62",0.0972218390180695,NA,2.26708228901677,81.7204479620823,0.253780894389182
"CAL-62.1",0.0469053826168844,NA,4,93.8286041067648,0.0524681305711374
"CAL-85-1.1",0.0970835140849966,NA,1.78648257500286,81.3437669981916,0.274610215498682
"CAL-85-1.2",0.0382187479185968,NA,2.07699959628264,83.111521889654,2.13522814545476
"CHL-1",0.0456770940276003,NA,4,85.5745049769388,1.12244581557064
"CHL-1.1",0.099793471805477,NA,1.39731321556438,83.146246396664,0.165460678614204
"COLO 668",0.112017293639099,9.42101828425252,0.929977454155212,0,9.42101828425252
"COLO 668.1",0.109511491913725,26.8128932949612,0.677259666544777,23.6975712728574,10.3855043655263
"D-263MG",0.126298346308562,NA,0.0505588972668564,60.5025172951262,1e+06
"ES8",0.209598272349786,NA,1.0784105627253,59.9357199538668,0.267424897447598
"ES8.1",0.185688341282918,8.35229787077491,0.563590719411592,0,8.35229787077491
"EB3 [Human Burkitt lymphoma].1",0.0313412500818227,14.2390663738933,1.90425266183843,0,14.2390663738933
"JHU-022.1",0.0108542512620666,13.0038632376606,4,0,13.0038632376606
"JHU-022.2",0.153572658196056,19.1744406584455,0.49191332479099,0,19.1744406584455
"JVM-3",0.145843621165881,8.76894344608921,0.729750814996877,0,8.76894344608921
"JVM-3.1",0.282754345901099,10.2855656356661,0.333556133077294,18.5605679728521,2.55944622851922
"L-1236",0.101312431739219,NA,4,69.9375940254154,0.975137219157265
"L-1236.1",0.199128019672749,NA,4,61.9316005137009,0.269699928311841
"LAMA-84",0.0750460814920361,NA,2.20481697320826,62.2837028396875,2.58744546272109
"LAMA-84.1",0.101230259517939,26.6871554968905,1.13711626403704,44.952745263273,3.55203592336433
"LC4-1",0.0818838337323181,6.77716382160314,4,46.4935147542407,3.48757444447238
"LC4-1.1",0.120608446039327,10.6325848841282,0.79841236314417,0,10.6325848841282
"LoVo",0.262777386645088,5.32014621840012,0.422790074951764,0,5.32014621840012
"LoVo.1",0.318041075653264,0.328358147969557,4,48.0786960224916,0.145379883612385
"LS1034",0.0398689308929579,NA,4,74.9271525817568,3.34464103980381
"M059J",0.0773209203562625,NA,4,72.0832977474605,1.47640199580321
"M059J.1",0.169438562769423,NA,3.69876230755411,81.9848973074122,0.0141123848161973
"MFE-280",0.201590144949081,NA,1.39303071517695,52.6687616120676,0.532512946436855
"MFE-280.1",0.255553332669404,5.88840029768685,0.981741789637848,46.7147251483804,0.367797740152126
"MIA PaCa-2",0.124183952600468,NA,0.591998518243565,81.762041885575,0.0591688266700818
"MIA PaCa-2.1",0.0427656084937806,NA,4,93.5521824503017,0.102416642126919
"NKM-1",0.145388460374485,7.17002763901898,0.833731131434114,0,7.17002763901898
"OCUB-M",0.407688790130743,0.529503450482795,1.63246252702505,7.32839605876193,0.480512692457663
"OCUB-M.1",0.459169410933636,0.364974406934142,2.03824176566999,5.97343202082816,0.342888703807948
"COLO 320HSR",0.250800629738887,2.01724193464357,1.13189134119703,0,2.01724193464357
"COLO 320HSR.1",0.308582397858833,1.44667551861757,0.836080483611132,0,1.44667551861757
"CaR-1.1",0.102321336293219,NA,4,75.1410552746949,0.582468240850048
"CaR-1.2",0.112573058537898,17.8117025728149,1.02036141223053,39.9316120323143,3.70326099819194
"BICR 78.1",0.0955750674413302,NA,0.303036105685638,76.933497628661,1.09653509843155
"BICR 78.2",0.0269229630699536,30.7783567713665,1.21801096107985,0,30.7783567713665
"NCI-H1435",0,NA,0.772331963533087,100,0.185986057516386
"IHH-4",0.0478520569996071,NA,4,85.4039385355469,1.03886925374588
"IHH-4.1",0.149581521099716,NA,1.3693854335472,58.6041248395632,0.843075409641013
"EFO-21",0.135127260895359,NA,0.162118424910507,54.400027376563,74.7381827109031
"EFO-21.1",0.183271103387838,136.059880103924,0.260228976459862,0,136.059880103924
"IA-LM",0,NA,0.220210924401092,100,3.94207488841194
"IA-LM.1",0.106711046832103,416590.640211305,0.153382627540137,0,416590.640211305
"KALS-1",0.24407277583214,218.917584121299,0.213503305913128,21.7746131548705,15.0369587571171
"KALS-1.1",0.0869242348041872,NA,1.25673198310868,69.3628350795838,1.51001301579082
"KS-1 [Human glioblastoma]",0.00221460318731908,19.9524614099003,4,0,19.9524614099003
"KS-1 [Human glioblastoma].1",0.0773514566073364,NA,4,73.1431341168023,1.36792652349808
"NCI-H2818",0.0389822133549056,NA,4,92.697908832077,0.250364026909822
"NCI-H2818.1",0.201796439707352,NA,0.722362262805133,70.0684097208386,0.0736206664450062
"Kuramochi",0.0502526647559407,NA,4,86.631535533493,0.74537657407619
"Kuramochi.1",0.116640165264004,NA,3.53112147507925,84.7581613855881,0.0505805941785135
"KP-4",0.201374986012673,NA,2.390625,56.5625,0.406794432108305
"HOS",0.0650099546095653,NA,1.14717189868209,78.3217308184691,1.36724699538627
"HOS.1",0.095296460690486,NA,1.37034666416662,77.0631143666997,0.573710317693788
"WM1552C",0.0981343838041208,NA,0.779485786784808,51.3203120380787,4.1426279335847
"WM1552C.1",0.142201985875667,141.684910367843,0.395213297911253,28.3440358057906,17.054506441386
"JHH-2",0.185465648180799,11.3457217174169,0.913055068319876,43.7193542632723,1.16969514776126
"JHH-2.1",0.26330339252404,2.68088695898202,0.970428558463953,40.4855160766729,0.484993225735117
"NCI-H2461",0.0869475416076551,84.207144576148,0.69048201986296,38.187719327256,10.4187220604989
"NCI-H2461.1",0.131566198667939,NA,0.664699349239606,61.7315747799262,1.22097359476498
"VAL",0.122067523802861,12.137265509186,0.734311951555339,0,12.137265509186
"VAL.1",0.210226446995674,3.89961145026025,1.15121666154754,40.6516190802245,0.908749051238193
"BL-41",0.0400313015695467,8.38567598658787,4,0,8.38567598658787
"BL-41.1",0.0213562778727563,10.5602740043233,4,0,10.5602740043233
"TE-5",0.142290947633495,NA,0.872551628346478,71.1966445596917,0.331089824597984
"TE-5.1",0.15459468608384,NA,0.567500047856298,58.6242187192758,1.02724792600406
"GCIY",0.0208384813453194,10.6461289624079,4,0,10.6461289624079
"GCIY.1",0.136589258010025,42.3492335786958,0.427817203483515,0,42.3492335786958
"TGW",0.113256973361808,NA,1.79994493962008,70.4203184218361,0.713488614174567
"TGW.1",0.0916958023512368,NA,4,56.6190268348318,2.32404583291157
"HAL-01",0.373283415148992,0.597498331259198,1.19926155975762,22.0210733563687,0.368206561286129
"HAL-01.1",0.415247119917548,0.455886011911535,1.22302703531971,15.4394857868948,0.337065727446104
"L-363",0.15544946301459,4.3522991242816,1.26460124485487,4.52459477604651,4.03779712166005
"L-363.1",0.203832258633604,2.87843132335923,1.35146695138493,34.2706009626182,1.22325454105729
"BT-20.1",0.131283733113966,10.7687300767282,0.797975067590344,16.0359672779057,6.63274516604633
"CAL-148",0.426326199154729,0.542962160513837,0.945992793381497,0,0.542962160513837
"HCC2157.1",0.374514695142518,0.807333854000386,0.8599585213406,3.69906675862591,0.738307086087366
"T-47D.2",0.265829735975144,NA,0.804756685972956,64.2985380937786,0.041551959744515
"UACC-893",0.412412380162608,0.66256995058093,0.656165938021271,0,0.66256995058093
"D-263MG.1",0.0348994558580531,NA,0,93.0201088283894,0.111031537143716
"HCC38",0.0789417493986098,NA,0,84.211650120278,21.3750839781102
"HCC38.1",0.0413278750337374,NA,0.803307106122432,68.7886962411143,8.94436419089937
"HDLM-2",0.00601975119441897,15.3324078173158,4,0,15.3324078173158
"HDLM-2.1",0,NA,0.660252757694882,100,0.0245324275563405
"Lu-165",0.0574555215961706,NA,4,90.3386084191422,0.16445937216595
"Lu-165.1",0.0636573480767883,NA,4,89.1419947391047,0.174308931619664
"ME-1 [Human leukemia]",0.00401574936136215,17.0859271054546,4,0,17.0859271054546
"ME-1 [Human leukemia].1",0.026377099436379,NA,4,91.6471504089708,1.12910149329289
"MN-60",0.0810459401262751,10.7013542559548,1.16834667152412,0,10.7013542559548
"MN-60.1",0.169038903018143,NA,1.04163859194719,50.6063015161288,1.01590950372928
"NB69",0.124287183201772,NA,4,82.3971247363091,0.0761980385467681
"NB69.1",0.147588723836282,NA,4,75.4459275553796,0.157364474327828
"NCI-H1792",0.078984155035318,38.3627502801657,0.638345080120367,0,38.3627502801657
"NCI-H1792.1",0.112469642730978,NA,0.645121722690452,66.3734039268512,1.35801525919982
"NCI-H2023",0.159602579195559,16.7035665040245,0.498000678459751,0,16.7035665040245
"NCI-H2023.1",0.128703600153692,NA,1.9216781532673,61.454993260065,1.00238069674782
"NCI-H28",0.0401630847406138,165.704418327423,0.601160640899141,0,165.704418327423
"NCI-H28.1",0.0803596244650779,NA,4,74.7029537903409,1.11454408265868
"NCI-H841",0.0207273291685065,68.3045731732658,0.982887944480722,0,68.3045731732658
"NCI-H841.1",0.0506390404339861,111.525845262292,0.609760949009098,5.41900780478259,92.3997770882451
"OV-90",0.117218214436022,NA,4,82.1183425126645,0.108037802218558
"OV-90.1",0.124600500510237,NA,2.39164786417926,76.0783722028779,0.273827563917716
"OVCAR-5.1",0.118233133977334,34.9897053776257,0.502834795933933,0,34.9897053776257
"PL18 [Human pancreatic adenocarcinoma]",0.0440750525988917,NA,4,92.3235948367577,0.189514542880463
"PL18 [Human pancreatic adenocarcinoma].1",0.0474419424893431,NA,4,87.6790770245809,0.69973747776701
"SK-HEP-1",0.198825667592518,6.38751761193288,0.591976699176606,0,6.38751761193288
"SKN",0.0602261185790358,NA,4,71.14466496579,2.36720469128435
"SKN.1",0.117395630120601,NA,4,76.9860388614669,0.29498383481198
"SK-UT-1",0.110466607371488,112.9637562716,0.39389674715918,0,112.9637562716
"SK-UT-1.1",0.0289903464588014,NA,4,87.4015522915648,2.04131307825051
"SN12C",0.0563205284875555,NA,4,88.0036198417157,0.390543625214427
"SN12C.1",0.0816137827004011,NA,4,85.0006738144431,0.233225042560254
"SW1710",0.116992045816132,30.3391227138774,0.529278257343179,0,30.3391227138774
"SW1710.1",0.111185220997362,NA,0.862420682973515,64.0429946126901,1.41590072680842
"SW684",0.103497723109429,NA,0.820920611177608,56.8832860447353,2.68833591147844
"SW684.1",0.142681226131747,NA,1.75163423148182,69.2233074390632,0.407225314614886
"SW982",0.0545613888781041,11.2525206939051,1.60043985780405,0,11.2525206939051
"SW982.1",0.0601663935399905,NA,3.65122408720292,76.9040935167201,1.65465037593719
"MG-63",0.111659089837106,42.0502395616027,0.496651383127441,0,42.0502395616027
"MG-63.1",0.107051481851273,NA,4,80.9588064217062,0.205825058944787
"RKO",0.179083660492121,NA,1.02648862576274,67.4884818648105,0.217947049614418
"RKO.1",0.0604935328104441,NA,4,81.5660237347513,1.03656827937749
"AU565.2",0.263022333370448,NA,0.708005301738438,52.6405715400324,0.197830017515864
"BT-474.2",0.229949952665372,NA,0.518486377668407,55.8863266427526,0.254296029300116
"CAL-85-1.3",0.0473594833071563,1390766342161.86,0.160728586378081,44.8527715319509,1e+06
"HCC1937.3",0.155691769947194,29.153778624609,0.424955835617973,0,29.153778624609
"MFM-223.8",0.146558736577891,9.18131060211666,0.741658044277397,9.63790078447113,6.878836832436
"DMS 114",0.0750128791772243,87.5284496653375,0.522160302588752,0,87.5284496653375
"DMS 114.1",0.159558959753899,NA,0.972078317911395,66.3017053436322,0.384949306323839
"MDA-MB-157.1",0.00208907615152782,20.2545236366975,4,0,20.2545236366975
"MDA-MB-157.2",0.0192016448573648,13.7018486365852,2.68968320829549,0,13.7018486365852
"MDA-MB-436.1",0.00645908625545177,NA,0,98.7081827489096,2.33105736681995
"MDA-MB-436.2",0.09509533189931,NA,0,80.980933620138,0.0147621573995443
"NCI-H1666",0.118663778576159,NA,0.653976930766361,68.7701031969442,0.891475560861734
"NCI-H1666.1",0.237345055405691,NA,0.65318780000736,52.7505203739747,0.310108873208027
"OCI-AML-3",0.144690967058373,15.6571238078092,0.88470168455637,40.1515386704342,2.4954747415929
"OCI-AML-3.1",0.304687506455446,10.5943016980889,0.24843449067116,0,10.5943016980889
"RPMI-8402",0.366393649463397,0.850129902635068,1.01987747354117,0,0.850129902635068
"RPMI-8402.1",0.482950695931462,0.342347427557529,1.10411834597222,2.55906606915355,0.326438907783732
"SR",0.123129073477888,4.31450321379519,3.86267379856793,0,4.31450321379519
"SR.1",0.254514089831184,2.41792813554415,0.792786050277448,0,2.41792813554415
"SW13",0.0814666262246191,NA,0.532407000128106,61.5464468630905,6.5930839721761
"SW13.1",0.183166075137085,NA,4,66.0387368742378,0.241050718886943
"BC-1",0.492880706848073,0.338972354093966,0.514625360722782,0,0.338972354093966
"CAL-54",0.323016408390025,1.41515570560151,0.705477373989429,0,1.41515570560151
"CAL-54.1",0.4332659477615,0.335993245775069,1.07448791223041,26.0201514242896,0.169562548272867
"CML-T1",0.216651242935405,2.37183753463169,1.61674501289286,0,2.37183753463169
"CML-T1.1",0.267312652048754,1.58872438188681,1.6252814361387,3.3462754734987,1.52243489724171
"EW-7",0.191355347979734,2.37192222780728,2.66399362836175,46.9791422024312,0.827136017271589
"EW-7.1",0.284116384439928,1.30264023286044,1.23031161931725,30.6899296503514,0.60115418389851
"HMV-II",0.16827305011349,11.5330628994964,0.560579085676214,5.292103637735,9.44656644612083
"HMV-II.1",0.138647768217883,NA,1.25751201872708,72.684904516993,0.29974809838126
"IST-Mes1",0.0431939998656218,NA,4,91.5803876934107,0.289113132685665
"IST-Mes1.1",0.143986919522485,NA,0.471712720808825,67.8524553512989,0.541205282523712
"KP-4.1",0.0498313784076072,NA,4,87.5550671001839,0.629286340738503
"LS1034.1",0.00556092089663573,15.6647999508269,4,0,15.6647999508269
"MDA-MB-453",0.36866890598632,0.684559419129785,0.942078563503695,34.2217309647062,0.201234859898036
"MDA-MB-453.1",0.313359776246264,0.444013934231447,4,37.4418697579503,0.314329646536597
"MKN28",0.0171806783895469,NA,4,90.0243578771602,3.04997316413215
"MKN28.1",0.0534891885883154,NA,4,90.14906372306,0.235053331330618
"MPP 89",0.00427631716423839,16.8040683795463,4,0,16.8040683795463
"MPP 89.1",0.0885121674165633,NA,4,90.7795785763496,0.0119327066241013
"MRK-nu-1",0,NA,1,100,3.16255534471853
"MRK-nu-1.1",0,NA,1.08953757433577,100,0.721045268745008
"SJNB-10",0.0342939725173989,NA,2.27875296835286,68.9267843049224,5.07960363632457
"SJNB-10.1",0.0570983536728477,162.440277372251,0.519151203981262,0,162.440277372251
"NCI-H226",0.045573920708307,NA,4,92.3214023625493,0.16579749448094
"NCI-H226.1",0.0476390052147696,NA,0.297673519301116,71.1548311260645,107.666194118652
"NCI-H520",0.243287852951105,NA,1.52747146837561,59.5714437728723,0.155249109165369
"NCI-H520.1",0.371634196227511,0.302644081295079,2.00142713489596,41.0464826391652,0.128147560119291
"OVMIU",0.111652495471727,91.1207151422508,0.409766320148886,0,91.1207151422508
"OVMIU.1",0.0914656915975406,NA,1.08218442703037,70.1972809049825,1.31752664891298
"PEO1",0.0268003882280615,NA,4,80.7995565148579,3.83358942906695
"PEO1.1",0.113409344097948,NA,0.82489040770643,76.0850973085479,0.38636302691154
"RKN",0.00164217748729423,NA,4,70.2466617748149,15.6965585553011
"RKN.1",0.0619630643833237,NA,4,88.9198016887183,0.210115042213175
"RT-112",0.102825214482278,58.8156189443347,0.834239488355512,43.990017710733,4.64061771420265
"RT-112.1",0.229751490277879,NA,0.709799456109841,69.361976950125,0.03578472466442
"SK-HEP-1.1",0.104384153684246,11.6916075948263,0.873758365376501,1.56891242337646,11.2727011396483
"SK-LU-1",0.0346386860024846,NA,4,92.0687908683708,0.489647382559097
"SK-LU-1.1",0.0372390481459506,NA,3.39367892059767,86.3378104197396,1.52253423566485
"Ku812",0.103537316585263,7.18514309494775,1.3020061075615,0,7.18514309494775
"Ku812.1",0.147405712576962,519.487792920891,1.06767440820019,49.9055682433648,1.46007250841373
"BC-1.1",0.277676917575013,2.39709220202344,0.632067921051727,0,2.39709220202344
"D-392MG",0,NA,0.941697782235436,100,0.137661013833488
"D-392MG.1",0.125534040953277,NA,0.891829129568794,81.1669007557352,0.0874455419726865
"EB3 [Human Burkitt lymphoma].2",0.124260980966424,NA,4,63.119315086237,0.975676766234521
"GAK",0.0835807737129668,724.165643686702,0.332364559771428,0,724.165643686702
"GAK.1",0.116720838539661,272.338262833962,0.322150869379048,0,272.338262833962
"NCI-H2731",0.0570249838663592,7.86446442255085,2.7239958887547,0,7.86446442255085
"NCI-H2731.1",0.213647267716292,5.41151198937034,0.585665909290857,0,5.41151198937034
"HARA [Human squamous cell lung carcinoma]",0.226451503728819,5.04027103243221,0.58719845672618,9.60764184119347,3.50457503675943
"HARA [Human squamous cell lung carcinoma].1",0.378491373588762,1.07595233099356,0.518540965901951,16.2844509764632,0.503213230897336
"HCC44",0.124110547212302,21.9176199457936,0.563697142779047,0,21.9176199457936
"HCC44.1",0.190861988218101,NA,1.71054767867989,65.9913632795374,0.206722645717555
"H-EMC-SS",0.133001291733119,NA,0.754907495624171,74.4818077999341,0.266907459357558
"H-EMC-SS.1",0.182235856409089,NA,0.768035913796994,56.8689206076734,0.587548275422681
"HSC-2",0.0830989004221561,8.0189211942977,1.52552827713607,0,8.0189211942977
"HSC-2.1",0.0627578286313269,8.52658805889117,1.99480170679873,0,8.52658805889117
"KYSE-220",0.0359675368256378,NA,4,73.4788036631556,3.94247197837104
"KYSE-220.1",0.0250352752910209,18.3709796724165,1.73101921952626,0,18.3709796724165
"LK-2",0.0127512097698092,NA,4,96.3699779478205,0.883638038918306
"LK-2.1",0.128867726593634,NA,4,79.6949575300004,0.124785611328198
"Lu-65",0.165629183355981,NA,4,73.775660460628,0.127462735790833
"Lu-65.1",0.082092889894239,NA,1.55658416907475,76.1926317539174,0.938218085608684
"MDA-MB-231",0.0587656796698363,37.733237727411,0.760511992133,0,37.733237727411
"MDA-MB-231.1",0.143740204672336,NA,0.858782009728639,72.7837466747232,0.25496359141648
"MEG-01",0.00746958387307991,14.4523614234482,4,0,14.4523614234482
"MEG-01.1",0.077289113494564,25.6003054037636,0.748006113322221,0,25.6003054037636
"ML-2",0.104986403522055,18.7984249536184,1.01833906936708,38.811632934,4.32143066116651
"ML-2.1",0.234603634524671,5.18123623783762,1.48045743259245,48.7686172238551,0.424514876603352
"NCI-H1355",0.0731330520048828,NA,0,85.3733895990234,0.00874668431181549
"NCI-H1355.1",0.144886739059966,NA,4,79.0631765518271,0.0839615151171202
"NCI-H358",0.0654300186570741,NA,4,88.9297105321713,0.168658807818439
"NCI-H358.1",0.153525725948005,NA,1.31969620081615,74.1819520211266,0.161949742249089
"NKM-1.1",0.126001485980695,9.59812443559372,0.850546865968066,9.0858018644454,7.58204611642686
"SNU-423",0.0865450837899247,55.0941063656993,0.542676597392907,0,55.0941063656993
"SNU-423.1",0.184686181989048,NA,1.88824632490012,69.8766900240186,0.144354873691941
"DoTc2 4510",0,NA,0.600220336599443,100,0.0164229902711904
"DoTc2 4510.1",0.0103597202559812,23.8914666780876,2.09298133910672,0,23.8914666780876
"DSH1",0.152429745799946,5.09221773461116,1.06040887765952,1.75819556285061,4.92318491318914
"DSH1.1",0.271489879246013,7.65638442174301,0.768511935138518,45.6737726690304,0.316965840425553
"ESS-1",0.161447899370041,17.0646091171382,0.681811802648287,34.6926209442746,3.00691518308416
"ESS-1.1",0.147610635370686,NA,1.23946131035534,71.9165905725427,0.263694534992078
"HH [Human lymphoma]",0.0848685129265864,NA,2.11151536556218,57.7532154284981,2.56253439377908
"HH [Human lymphoma].1",0.166435294860133,9.27845809762409,1.67930888860223,48.6480816446683,1.08080347677713
"Karpas-1106P",0.0955613426512886,8.93121266515154,1.15129594876142,0,8.93121266515154
"Karpas-1106P.1",0.127526622947968,NA,1.33893104245411,57.0519217630777,1.34989181880427
"Karpas-620",0.241512388859173,2.45426626159073,0.943938914758727,17.902014562864,1.53460716771309
"Karpas-620.1",0.285841632165151,1.75008372724252,0.837669471583387,11.3557438802626,1.28674284463372
"KATO III",0.0700897818994655,NA,1.72297024847597,75.5294876730047,1.40999452006398
"KATO III.1",0.164606989953709,NA,1.46659588107287,71.1978337040064,0.191702503213506
"MDA-MB-468",0.0844556520660668,NA,2.10114624489233,70.9625124892002,1.35072041082274
"MDA-MB-468.1",0.11079712222423,NA,2.20044229510586,60.5521089876824,1.44621893182473
"MS-1 [Human lung carcinoma]",0.0544828990553087,NA,4,55.786870034754,4.30538985283099
"MS-1 [Human lung carcinoma].1",0.0636189212032999,NA,4,75.6737078743738,1.64274058275188
"NCI-H522",0,NA,0.6227999724514,100,140.263599877801
"NCI-H522.1",0.0305421139563942,NA,2.14055511625403,91.2260165226244,0.905637785480649
"NCI-H929",0.627410024506301,0.103863198211286,1.68787053132947,6.55773876335431,0.0955624694545221
"NCI-H929.1",0.575700485794742,0.146541408286782,2.30716816860002,7.32172640807124,0.136822090496861
"P31/FUJ",0.122872514085522,NA,4,74.9725039840688,0.336714732679601
"P31/FUJ.1",0.201935319062671,NA,2.32570875931185,62.3312257706286,0.246492601483236
"Panc 03.27",0.0117633005034754,13.8640007637351,3.45188984692549,0,13.8640007637351
"Panc 03.27.1",0.149815770843622,30.5411752189176,0.901211663977488,46.1068701631182,1.79756730061748
"KTCTL-195",0.114046438858236,5.70247061887498,1.54819199611077,0,5.70247061887498
"KTCTL-195.1",0.176271580825274,26.8942345773137,0.389157157297675,0,26.8942345773137
"WRO",0.0122385142642349,NA,4,97.9199802699275,0.171782849776795
"WRO.1",0.156096333577648,NA,1.31031430408155,76.390559524507,0.100391640296298
"SCC-9",0.029022845803604,NA,4,78.2867336067369,3.99738194612732
"SCC-9.1",0.130610888421459,NA,0.948342050632686,71.4187331665791,0.435968846404277
"SNU-C1",0.123779622339355,8.666914155993,1.3047069065085,38.1082043184015,2.8827620824906
"SNU-C1.1",0.202797262724504,2.30207793177567,1.84846945999491,39.066287489459,1.01148255709016
"HCT 116",0.0699219606873401,659.904815200418,1.88141500760785,49.9963392095666,4.18270664073608
"HCT 116.1",0.149967247073976,NA,3.13749453166868,63.1448877924504,0.601703217046913
"FLO-1",0.0869869771265636,54.6244300125889,0.542299186183841,0,54.6244300125889
"FLO-1.1",0.144872010803161,NA,1.22994894079211,60.8184051773397,0.80312111040972
"JHH-7",0.0370561429720218,NA,4,82.9973325645371,2.22067108285422
"JHH-7.1",0.0646418388597342,NA,1.5037940324909,84.985661043393,0.514084464163639
"TT",0.0802519679373328,NA,4,86.7980751753265,0.150139343581701
"TT.1",0.199794715572204,NA,1.38761351421836,65.5877347810701,0.179427281647802
"NCI-H2087",0.00854934955928612,13.9187565769809,4,0,13.9187565769809
"NCI-H2087.1",0.0506914230069469,NA,4,90.3209794606982,0.268500763642997
"SK-LMS-1",0.0336558701040854,53.909888443121,0.879119311437559,0,53.909888443121
"SK-LMS-1.1",0.0903657741668394,NA,0.996500679419479,69.093458408883,1.52085408287646
"HCC1500.1",0.0194818489426979,NA,0,96.1036302114604,0.0290732411955007
"HCC38.2",0.0695757458345455,374.64399868119,0.403318004536857,0,374.64399868119
"MDA-MB-231.2",0.0863080151205381,41960.7204244653,0.205686452335116,0,41960.7204244653
"MDA-MB-330",0.177857252143653,16.3712803088446,0.449012551489622,0,16.3712803088446
"MDA-MB-453.2",0.433928709936741,0.294645027874694,1.23256517000612,27.5834281589954,0.153686571748167
"MRK-nu-1.2",0,NA,1,100,10
"OCUB-M.2",0.451505178599589,0.43650441223419,1.28004341435974,0.618446368953767,0.432280779402806
"COLO 684",0.207825161001653,NA,4,54.2210933685027,0.434687155549015
"COLO 684.1",0.264555876767584,5.9340883939064,0.682427866727095,40.8667764786913,0.491376226181401
"CAL-72",0.0255456660568498,NA,0.183484780419458,59.8725211607621,1e+06
"COLO 680N",0.0250540999522309,NA,4,90.9472647722339,1.47857544623751
"KYAE-1",0.142030159307629,NA,4,68.8577620668917,0.428446942082811
"LB831-BLC",0.189014609708498,NA,0.86974710329098,73.4249327949062,0.0597709981240141
"NCI-H1435.1",0.0633234149454919,NA,4,88.6257322585385,0.213772226709326
"ONS-76",0.125047539877096,84.5553257586921,0.394297371548576,4.32557008138851,67.2168168265971
"Panc 10.05",0.167203706168604,NA,0.745408887688961,53.2230945280089,1.01564516292441
"SF539",0.232442338279655,13.0492399280281,0.356338575370254,0,13.0492399280281
"SK-N-AS",0.120704313846513,NA,0.717428567027192,70.8839622129098,0.638586866243819
"SW1271",0.0683202410844864,NA,2.50846286736486,85.7671318679122,0.363143957478962
"AMO1",0.143791834705945,4.6471885511108,1.34425846466719,0,4.6471885511108
"AMO1.1",0.212886042235088,3.19897811602471,0.905359764485618,0,3.19897811602471
"BFTC-905",0.0388842852127798,10.6131312916104,2.33143463565963,0,10.6131312916104
"BFTC-905.1",0.18835435662076,NA,0.907251744788556,61.1944219504111,0.353162766371798
"BICR 22",0.00571331985748838,15.5508769761314,4,0,15.5508769761314
"BICR 22.1",0.0594606791051298,NA,4,90.5703587373313,0.128358378690569
"Capan-1",0,NA,0,100,21.7777798776221
"Capan-1.1",0.10278917197116,NA,0.646347301937718,79.1307889861205,0.337189278160736
"DND-41",0.016525691515297,11.4654477234111,4,0,11.4654477234111
"DND-41.1",0.107385156027371,14.5052601507974,0.753238718056987,0,14.5052601507974
"EW-22",0.187161208588215,NA,0.845402501469246,50.2650521246205,0.827915336509828
"EW-22.1",0.224081595831868,NA,2.06521790927589,52.7831829727455,0.377131695074619
"HPAF-II",0.00937500000000002,NA,0,98.125,1e-06
"HPAF-II.1",0.0756020091301483,NA,4,84.7217876134144,0.327798483203791
"IM-9",0.0150141836463958,11.8096410595193,4,0,11.8096410595193
"IM-9.1",0.0713143244401215,NA,4,81.0297391886485,0.745261155471553
"Karpas-422",0.318861836755527,1.57722352310208,0.664989725945476,14.9721356915314,0.923579101829416
"Karpas-422.1",0.427231994207682,0.418429884971094,0.804819217336242,28.5716678742215,0.146015839763922
"NCI-H3122",0.127044238700122,36.5970550670015,0.675589034176816,37.0033849598603,4.98113427645907
"NCI-H3122.1",0.241505738172627,2.77035176709682,1.58304546242896,47.4946959149132,0.418084217536255
"NCI-H441",0.0556663110256373,NA,4,80.2662289235737,1.4251143500198
"NCI-H441.1",0.0574402533027272,NA,4,89.5365187338109,0.225552330723971
"NCI-H82",0.0637661338197754,NA,2.84224257333936,55.1950524017611,3.82578024217306
"NCI-H82.1",0.0527862711869094,25.8834101854543,1.52226473908486,42.8339726500258,7.22415501272449
"OCI-AML-2",0.0200701971075718,11.362193664675,4,20,10
"OCI-AML-2.1",0.133806348373599,27.8848561582316,0.489968898286149,0,27.8848561582316
"Reh",0.225365138209183,4.82140834202619,1.01718360018294,43.2160625325933,0.676613245237097
"Reh.1",0.313330707234948,0.915898723758408,1.29244668794436,37.4926489193459,0.31348398235933
"SaOS-2",0.0946251377376085,28.5519857105672,0.799764726996203,31.1552349913152,8.42861830339262
"SaOS-2.1",0.0837657257352938,33.8630743659049,0.641475494966357,0,33.8630743659049
"SBC-3",0.0711878829551032,45.7462950208609,0.64152567371643,0,45.7462950208609
"SBC-3.1",0.141191583765759,4.14960436808441,1.85992497572228,0,4.14960436808441
"SK-MEL-1",0,NA,0,100,0.0715859327050797
"SK-MEL-24",0.0652793695116968,NA,4,63.015453141841,2.96045075260774
"SK-MEL-24.1",0.101085671217262,16.6317740816859,0.741961726263106,0,16.6317740816859
"SK-PN-DW",0.120745435291746,11.9108818061378,1.31377660067376,43.2695143509559,2.58837895264199
"SK-PN-DW.1",0.179605560961577,11.8272672351453,0.502772168873068,0,11.8272672351453
"SUP-T1",0.228175197163204,3.86542520385018,0.654766423587768,0,3.86542520385018
"SUP-T1.1",0.268691777614551,2.22287891908352,0.748609527263523,0,2.22287891908352
"WIL2 NS",0.231961832666144,NA,4,57.2600393371746,0.235471941459912
"A2780",0.34996208918385,1.43423676414845,0.614331108355156,30.9925486700745,0.297081339120369
"A2780.1",0.384558441257697,0.325303498799418,1.69986367074623,36.8292733030721,0.148409343999364
"EFM-19",0.3537251671319,2.46645132440809,0.631536843304978,43.106306510263,0.107027362953861
"HCC202",0.287405726645367,44.7376217616387,0.763583932230265,49.2473499591666,0.183680506588451
"HCC70",0.395833487039066,0.843327154085749,0.568104032359766,28.5750792217917,0.189730878865606
"ZR-75-30",0.18824329882057,NA,1.31160066659119,77.6245699032812,0.0238981936316767
"MDA-MB-175-VII.1",0.347187154430402,1.52635229691871,0.490283536369376,3.62790417563978,1.30897574221536
"C-33 A",0.0647046397907242,NA,4,63.463869226131,2.94825279459823
"C-33 A.1",0.0816248142332213,NA,3.23480446463581,60.411158816622,2.41462759576818
"Capan-2",0.0528564314378619,39.21743171263,0.793729093843358,0,39.21743171263
"CCRF-CEM",0.179851661797566,4.83793708104175,0.949485666775537,22.0396115606782,2.62303360953931
"CCRF-CEM.1",0.248273018144334,2.67649216490869,0.88386519287805,28.645433460027,1.0222080178417
"DB.1",0.027932806147826,10.8066583679816,3.02078009974489,0,10.8066583679816
"ECC10",0.0812796728551074,NA,4,83.617396744016,0.324871336510046
"ECC10.1",0.0391439254081477,NA,4,88.4537764998532,0.961676430150468
"NCI-H2795",0.098638189604463,83.4490089840983,0.451780860642564,0,83.4490089840983
"NCI-H2795.1",0.184105145006874,NA,0.438245519861346,75.3066815489912,0.0180728723691764
"NCI-H3118",0.125853279730489,NA,2.22821396218285,63.7064243481435,0.91351763470356
"NCI-H3118.1",0.0181516877157453,NA,4,92.2898340304192,1.96761595069198
"KP-N-YN",0.0648848120920003,NA,3.96730615955391,56.6990960226473,3.5670829325965
"KP-N-YN.1",0.107710140593054,NA,1.62461966756587,68.2174869521098,0.975561176761283
"LOX-IMVI",0.0879394916449535,7.31424994161212,1.60591881697706,0,7.31424994161212
"LOX-IMVI.1",0.0788159304321072,9.74602800577604,2.40654913116344,44.4423834738052,3.91179031748044
"MKN45",0.229117752458619,10.0959529973345,1.62647780542733,49.7040129506021,0.43102479881966
"MKN45.1",0.268340637897506,NA,4,55.3592295617516,0.157326684482298
"SJNB-14",0.0955625917252856,5.66949520303469,2.42816636115171,0,5.66949520303469
"SJNB-14.1",0.0596464342335695,11.5312262283944,1.44528017524175,0,11.5312262283944
"NCI-H1299",0.131168106356967,NA,2.59707497859077,76.1090786179546,0.225421802578006
"NCI-H1299.1",0.0391718421924637,NA,4,93.0726494859216,0.201247003764624
"NCI-H1651",0.0050459478190625,16.079298610465,4,0,16.079298610465
"NCI-H1651.1",0.0635041312916777,1346.04555471772,0.345939158337494,0,1346.04555471772
"Ramos.2G6.4C10",0.0129003670209597,12.3619037689949,4,0,12.3619037689949
"Ramos.2G6.4C10.1",0.00856236619915977,13.9128136055655,4,0,13.9128136055655
"SH-4",0,NA,1.12881169024866,100,1.74683476325485
"SH-4.1",0.0476470939634176,NA,0,90.4705812073165,0.350981264691456
"SNG-M",0.00952607815634645,13.4998607020999,4,0,13.4998607020999
"SNG-M.1",0.0509168264487366,50.8655082920947,0.740519892277616,0,50.8655082920947
"SW1990",0.0142095796567405,NA,4,92.3046463509712,2.79737586220855
"SW1990.1",0.0539987273189457,NA,4,92.764186890142,0.0577114098349467
"T98G",0.0410227671454446,NA,4,81.3508202904894,2.1897119127688
"T98G.1",0.0199972302491303,NA,4,90.38367219355,2.37981330368892
"TE-8",0.0262842581608529,NA,4,88.6892549187167,2.00946666908936
"TE-8.1",0.118126606684726,NA,1.25851364627108,82.5685063234841,0.0884138003815238
"TK-10",0.0573329347986371,NA,4,80.9618444502768,1.24925979011248
"TK-10.1",0.12605507348667,NA,0.976820096036941,68.2155888917962,0.682927011061765
"COR-L32",0.210374182622225,3.00874291787856,1.01505924817751,0,3.00874291787856
"COR-L32.1",0.340108898757969,1.56016217344685,0.515581705997058,0,1.56016217344685
"VM-CUB-1",0.108173311243492,NA,4,81.4471223110241,0.178225599506703
"COLO 680N.1",0.0180421471347081,NA,3.58487152606199,90.0163180072953,2.87925626401677
"EoL-1",0.0720457110475098,7.28700059860549,2.22063326910683,0,7.28700059860549
"EoL-1.1",0.150643742344984,4.02681488959245,1.60053465508865,0,4.02681488959245
"Karpas-299",0.238403768248919,5.73840838114006,0.478618911616579,0,5.73840838114006
"LB831-BLC.1",0,NA,0.467855569736634,100,1.10152986779673
"ONS-76.1",0.00335183125240583,17.9172912227971,4,0,17.9172912227971
"Panc 10.05.1",0.0550790719883262,26.350577172705,0.909243359630222,0,26.350577172705
"PSN1",0.0332138994444897,NA,4,86.9476507903633,1.72485976080362
"SF539.1",0.0987012618747005,9.49745988537401,1.05614473460575,0,9.49745988537401
"SNU-387",0.211837300208115,611.481649064203,0.248917812858773,32.6795404324749,8.64439073944313
"SNU-387.1",0.222000113284798,8.78493341024405,0.438168113604759,0,8.78493341024405
"SW1271.1",0.0038764872416014,17.2457974566388,4,0,17.2457974566388
"VM-CUB-1.1",0.00291065036251642,18.5894542591453,4,0,18.5894542591453
"EN",0.152348286689802,NA,2.43980001081003,57.1013790817318,0.861230722474456
"EN.1",0.20647714192851,NA,1.06455775605093,62.4258763142364,0.220631233725872
"GR-ST",0.22712719792949,2.3990717666454,1.15392052103183,18.7845475246492,1.5949032650228
"GR-ST.1",0.278696215677764,1.41226575961541,1.22270785624283,22.2508843329026,0.872515948766138
"KYAE-1.1",0.20918403346432,NA,1.66798380037075,52.4821792735462,0.479357576772727
"NCI-H1581",0.0603712299972081,NA,4,93.407920805991,0.017442322476394
"NCI-H1581.1",0.0350173800075676,NA,1.80723760013909,78.0054637038597,3.61262139977283
"OCUM-1",0.153503485293225,NA,1.24913265980043,74.1404066700479,0.162485220805247
"OCUM-1.1",0.156760408339656,NA,1.714809896438,62.6891224971772,0.550992451071098
"RF-48",0.0806679122970292,NA,4,73.9403358077265,1.17879758034201
"SAS",0.124120825418612,31.6034288258361,0.708610737416513,36.4530971765009,5.00487850197105
"SAS.1",0.231096187306243,77.7255149316345,0.228402588558521,0,77.7255149316345
"SCC-4",0.0416436518909035,NA,4,90.7111329223776,0.452011378393899
"SCC-4.1",0.0719071068603795,NA,4,87.5492332555213,0.185155476990278
"VL51",0.0624636480503785,NA,4,69.5738531850233,2.42400392444651
"VL51.1",0.0829027160066341,NA,1.48039216850152,73.9912669004778,1.13511218262024
"SW900",0.0486102976386175,NA,1.44642724264195,79.7132640674019,2.04075673404787
"SW900.1",0.107518307221972,NA,1.69456359179779,81.0899310221016,0.196372553361792
"TE-15",0.0928766324062811,NA,4,68.5116637309944,1.30386269682536
"LS180",0.122902351505229,NA,1.07624966961695,56.3347136175271,1.61018728174929
"LS180.1",0.233473813613405,5.65576375647549,0.498265037278332,0,5.65576375647549
"NCI-N87",0.209959415839446,NA,2.80222796823985,52.755186727777,0.464413515874243
"NCI-N87.1",0.234489589171907,NA,0.953405410223675,51.4219179822336,0.359752637893595
"Fu97",0.248140332620947,NA,0.436086391857153,65.2970216460026,0.0268369503137448
"FU-OV-1",0.0801627127797908,NA,3.42209456220268,70.6717253386559,1.51451575263766
"FU-OV-1.1",0.0805338351132254,NA,4,51.8868488214224,3.15468219028356
"EW-3",0.17039012007647,10.5150994060342,1.30397131301411,47.3165576341622,1.11597017174799
"EW-3.1",0.21516130198388,3.7266494186304,0.893613995522978,26.751692429995,1.58177941380638
"UACC-62",0.181986440907035,NA,0.22191933304138,68.5629385661089,0.0703754746073682
"UACC-62.1",0.164758344336523,NA,4,77.5130671831661,0.0633936592214583
"WIL2 NS.1",0.134229796533206,3.30924071521193,4,31.8223091165084,2.56962965956346
"WIL2 NS.2",0.281639639455611,0.915066743252761,1.92426044165744,37.5199797889768,0.444849489677108
"A-673",0.0403149483728867,132.871108920306,0.631505934276971,0,132.871108920306
"A-673.1",0.118295493134001,NA,1.48798843797774,75.3471423798793,0.364160962728352
"VCaP",0.132954392191085,NA,1.61137868535016,66.8306688498279,0.63150008899199
"VMRC-RCZ",0.143929218425811,NA,4,77.5853802861511,0.118515518611721
"VCaP.1",0.180954036540538,NA,1.07891846511865,53.4526991705376,0.711909372641654
"LS123",0.136666946870418,NA,0.479658822029046,76.4426297899658,0.139272057953277
"LS123.1",0.1837845924645,NA,1.04513524571765,62.0154954346282,0.355869995439629
"PSN1.1",0.0225831741244688,NA,0,95.4833651751062,3.51481457615114
"PSN1.2",0.0853175196206236,NA,4,86.7912176249887,0.11545064760939
"CAL-72.1",0.00635028550440769,15.1111253537597,4,0,15.1111253537597
"CAL-72.2",0.0453209410384284,NA,4,82.882380957571,1.60637529750857
"CGTH-W-1",0.148245521752429,127.701139302112,0.681587785033323,46.8689781647601,2.19170356201824
"D283 Med",0.144456215656736,33.9080986228323,0.43472648218779,0,33.9080986228323
"D283 Med.1",0.26224499401908,1.67543007339288,1.67249863674368,46.5810357279648,0.336913643772318
"HCC1395",0.272108906986753,NA,1.6497269614227,57.4486840634234,0.119539272280221
"HCC1395.1",0.339764682137739,NA,2.01823242646835,53.7909148576496,0.0615043031050306
"HO-1-N-1",0.0112227678429204,12.878538524035,4,0,12.878538524035
"HO-1-N-1.1",0.16062358789081,NA,0.864511870850883,61.0155214135829,0.621803689153424
"Karpas-299.1",0.011224222143256,12.8780533231415,4,0,12.8780533231415
"Karpas-299.2",0.109831329006055,NA,1.3159908891313,65.879828754988,1.1268765678778
"MLMA",0.205617791874355,10.8622789822198,0.444388818660058,0,10.8622789822198
"MLMA.1",0.23958418654884,2.38910039062707,0.98572031013685,15.0308981122778,1.66226140492505
"SNU-16",0.0508631426680792,9.11198310937695,2.29251329657528,0,9.11198310937695
"SNU-16.1",0.147335242935009,NA,0.747332221849766,61.2310510448851,0.839206993464056
"PCI-30",0.0308477958191615,117.672013188906,0.723535383357828,0,117.672013188906
"PCI-30.1",0.124286276094325,NA,4,79.9678225281733,0.137670024096646
"RCM-1 [Human rectum adenocarcinoma]",0.010953099935029,12.9697738619419,4,0,12.9697738619419
"RCM-1 [Human rectum adenocarcinoma].1",0.130345727493326,5540.54636432805,0.200196827915612,0,5540.54636432805
"SK-N-AS.1",0.0253076805267096,NA,4,89.3156366741499,1.94809832525964
"SK-N-AS.2",0.0486121944000517,NA,2.89045958402233,86.6679314263574,0.805950625418408
"SW1116",0.00403045342764302,NA,0,99.1939093144714,0.232258802946089
"SW1417",0.123217196821211,NA,0.321747555899893,82.4074683699447,0.0175841676043876
"SW1417.1",0.136481438605679,NA,2.78605932358352,75.6954793226766,0.206754634532185
"VMRC-RCZ.1",0.0971195477809169,NA,0.713505305549499,88.9320554139568,0.00783842986274092
"AU565.3",0.263188086057559,8.64388189596359,0.510767947235524,35.3501008652805,0.781478571189098
"BT-474.3",0.305399641608703,23.7327341869551,0.304840854425978,34.5385028244478,0.504971933142712
"CAL-85-1.4",0.0744199284956703,NA,1.05486853352828,81.8252542271006,0.60674723533444
"HCC1937.4",0.213283840601834,16.7429118842367,0.3649896578794,0,16.7429118842367
"MFM-223.9",0.390846985171491,0.460946718755551,1.14072115063022,29.5475044318701,0.210532387242353
"MDA-MB-415",0.459597627541182,0.354218995106126,0.924688701852701,12.2469310635374,0.261406489429058
"A-375.15",0,NA,0,100,175.736248419331
"A-375.16",0.0662045512673611,NA,0,86.7590897465278,0.0135898400235847
"A-375.17",0.1048168510366,NA,1.3593724319419,87.8132284332513,0.0208932667072436
"A-549.11",0.096456773778013,NA,4,71.812083378538,0.940829732185564
"A-549.12",0.130122920584007,NA,0.526912515037244,67.0567448136531,0.875016262117229
"A-549.13",0.056397071958708,30.8100312620897,1.8484880809846,47.9067080390803,5.53531305284594
"A-549.14",0.192894251347782,NA,0.581684937507237,58.5771950675341,0.431668358925042
"A-549.15",0.210645107335183,NA,4,74.826585592796,0.0308079027290222
"C32 [Human melanoma].14",0.118575160306736,NA,4,87.7879882873876,0.0105368200474293
"C32 [Human melanoma].15",0.139807055681743,11666.9756833774,0.177008943122115,0,11666.9756833774
"HCT 15.15",0.137740176321557,NA,2.99818546111512,68.7856245222346,0.474570069648425
"HCT 15.16",0.223664616113398,26163.8709221419,0.339109893676027,48.5615457782669,0.746851566351964
"HCT 15.17",0.161582481383082,NA,3.26906332373732,51.5915441625801,0.997189736355335
"HCT 15.18",0.144690956576936,NA,4,71.9962978320867,0.281879061445262
"HCT 15.19",0.240109556154334,NA,1.81658089491034,69.4990476161516,0.0418189307754533
"HCT 15.20",0.122057305270772,NA,1.24386522503663,66.8575820522137,0.810541616430862
"HT-29.15",0.095146769062751,7.04210716937574,1.51030566064546,0,7.04210716937574
"HT-29.16",0.164784769768379,NA,1.61379234514146,52.7443277841638,0.910625028290907
"HT-29.17",0.201675410168732,3.99832961755474,0.804045235436371,0,3.99832961755474
"HT-29.18",0.192431540907654,10.7054875139545,0.639413135534064,31.1853341326836,2.32144223450488
"HT-29.19",0.185737551070072,6.34867521629274,0.819515338704445,28.9180534179933,2.21321306367999
"HT-29.20",0.162822073925398,5.44611323804652,0.883151596935932,0,5.44611323804652
"MFM-223.10",0.267630203660175,2.91703484955662,0.949264712416093,42.0488761651169,0.420455983502197
"MFM-223.11",0.246138358569048,1.97661669428514,1.38416508214567,41.3404494777311,0.556915915036011
"MFM-223.12",0.259427517281299,5.09746782484138,0.669304057786444,37.311472766396,0.656956339724053
"MHH-ES-1.16",0.0612281070290017,NA,0.720065750713493,85.1349935100275,0.652206251708535
"MHH-ES-1.17",0.116326474974374,13632.3340490608,0.195408337412666,0,13632.3340490608
"MHH-ES-1.18",0.100066866311678,285.292920299525,0.350421500445262,0,285.292920299525
"PC-14.16",0.0948098087173896,11.4768567840375,0.959127599210516,0,11.4768567840375
"PC-14.17",0.127439036944817,12.909239783238,0.684113476351849,0,12.909239783238
"PC-14.18",0.118151261710378,15.1001049645401,0.681055471065444,0,15.1001049645401
"PC-14.19",0.186962574146933,NA,0.989258489066164,67.357525397856,0.184651852358608
"PC-14.20",0.183075781981031,29.0285345881695,0.36722019269086,0,29.0285345881695
"PC-14.21",0.150198170385881,27.792403764154,0.445633173072931,0,27.792403764154
"SNU-C2B.15",0.0945100320445688,6948288617893860,0.105429809429572,45.4149863383837,999954.919946479
"SNU-C2B.16",0.119147477716951,NA,0.411591627675159,82.1340908930153,0.0449998888145931
"SNU-C2B.17",0.0187594585132924,NA,4,96.6698046186985,0.204261318215831
"SNU-C2B.18",0.11704582547068,NA,1.24602953582823,84.0895477760561,0.0570197895662646
"SNU-C2B.19",0.150765943026756,NA,0.641567973082898,71.6158927665955,0.241902402152868
"SNU-C2B.20",0.137745417590992,NA,1.42486189667378,81.2557715767984,0.0592227163553249
"SW620.15",0.0467803148808502,NA,0,90.64393702383,0.0145474614102222
"SW620.16",0,NA,0.216174194230304,100,9.39145415710928
"SW620.17",0,NA,0.818589844947719,100,0.0764662899672177
"SW620.18",0.0735176997091173,NA,4,90.7652176097084,0.0408795721701367
"SW620.19",0.0642409606478614,NA,0.965878666239525,91.9989271474618,0.0283804132672429
"SW620.20",0.0964282097309292,NA,4,88.8429318506835,0.0253966264358092
"U2OS.15",0.0649209559740769,71.372563383647,0.593344205365053,0,71.372563383647
"U2OS.16",0.0499983511408628,491.039261926967,0.446145949739897,0,491.039261926967
"U2OS.17",0.0867822062289861,54104.9069969305,0.200744033344175,0,54104.9069969305
"U2OS.18",0.156548561489402,208.83448316726,0.274956510270634,0,208.83448316726
"U2OS.19",0.126291778143247,NA,0.818161997371902,81.073057523936,0.0837324878169687
"U2OS.20",0.170827048273777,NA,0.214576328057729,59.9429008416832,1.33917808878586
"EFM-19.1",0.279683331590286,NA,1.18584147296451,54.0074474890644,0.145632680436072
"EFM-19.2",0.326174349554999,1.51497161656098,0.938525041549917,43.1638722160339,0.181819622243071
"IST-MEL1",0.10335281190252,126.585684937487,0.400850950363192,0,126.585684937487
"IST-MEL1.1",0.164695041700146,666.510159767081,0.341566859594515,39.0213543126491,7.87330599961956
"IST-SL2",0.209662837251529,3.2643653352878,0.916738828947521,0,3.2643653352878
"IST-SL2.1",0.242599368400542,2.85666291965022,0.747806502955777,0,2.85666291965022
"NCI-H810",0,NA,0,100,0.128251360201349
"NCI-H810.1",0.0602851219208155,NA,0,87.9429756158369,0.0276071676059484
"SW1088",0.22778206909302,183.53527412918,0.198492359176081,0,183.53527412918
"SW1088.1",0.228028642059344,18.5943582082913,0.552312101525437,40.2137237136631,0.970194912072273
"SW1116.1",0.00197405021711718,20.5515788623654,4,0,20.5515788623654
"SW1116.2",0.0722825800807742,NA,0.482218705989966,55.0638982049955,17.9146308174735
"SW837",0.048840530198563,158360.226066393,0.233556120389998,0,158360.226066393
"SW837.1",0.131838814400245,NA,0.612907392498067,79.2925797069493,0.0929666617602912
"TC-YIK",0.0942680703507444,34.8423028959081,0.621930942736362,10.8481149260869,23.5136734966697
"TC-YIK.1",0.192617232560442,17.4283233072623,0.405488411855566,0,17.4283233072623
"TE-9",0.00469813887401008,16.3890847351943,4,0,16.3890847351943
"TE-9.1",0.00611785334201613,15.2652520732122,4,0,15.2652520732122
"YAPC",0.105813098986033,51.2307600523015,0.56907129230195,23.6929968644384,16.5743476634403
"YAPC.1",0.127886703609619,NA,0.833079931883509,77.2610765029958,0.194973499079862
"HCC1395.2",0.307671380024736,NA,0.915440545059632,52.6704694567387,0.0991592450078925
"HCC2218",0.130531317781959,NA,4,83.1315065628224,0.0468136444423694
"MDA-MB-415.1",0.324787194775728,0.795667835587273,1.3215447925386,31.5927823377765,0.373544186918373
"MDA-MB-468.2",0.10183321883303,110.710402917948,0.415317928956579,0,110.710402917948
"CAMA-1.1",0.256190648638786,2.42133340356486,0.793546585634344,8.3579210146639,1.9228706585482
"CGTH-W-1.1",0.0559143837292478,NA,0.141348172483941,89.4581708477873,0.131396176311619
"CGTH-W-1.2",0.0198252835019571,NA,4,82.8490208437039,4.54774254592962
"EB2",0.2584093338069,NA,1.29190228819845,51.133945606968,0.258014913476518
"EB2.1",0.247574940280011,NA,4,55.7006596464951,0.2106311722739
"HCC70.1",0.366256076295625,0.638882758370827,1.06294867204546,28.740151021696,0.28576334863815
"KNS-62",0.0695401872784123,NA,1.12712268629678,78.0754080268358,1.20424556836837
"NCI-H1755",0.180188680950174,234.096736578306,0.240255584075855,0,234.096736578306
"NCI-H1755.1",0.259363472674026,8.34352772235139,0.356738617823096,0,8.34352772235139
"RPMI-6666",0.296571097359503,1.40794965551109,1.75692821808471,48.5774352874111,0.185652290442497
"RPMI-6666.1",0.335047935942944,0.505555868682557,1.87463842595613,44.9297674852401,0.149129802726787
"SK-GT-4",0.20626246201635,14.0612661789013,0.403156597686375,0,14.0612661789013
"SK-GT-4.1",0.22466022919987,NA,1.01879000430576,53.2697049945463,0.364225567387755
"SK-OV-3",0.198795569445433,1626778.52246085,0.359375,49.6874999999999,1.19708503049573
"ST486",0.0554090053473765,NA,4,67.801935258383,3.05291320769839
"ST486.1",0.0104875093975491,13.1335257865966,4,0,13.1335257865966
"SU-DHL-6",0.47146326987151,0.357604678105213,1.70569265219746,3.4681481250214,0.342846698552306
"SU-DHL-6.1",NA,NA,NA,NA,NA
"UM-UC-3",0.0899862343228827,NA,4,83.5474353159327,0.228714792597883
"VMRC-LCD",0.00292358093158296,18.5680251210094,4,0,18.5680251210094
"WSU-NHL",0.505763398392265,0.301074583307069,0.646649211089218,0,0.301074583307069
"WSU-NHL.1",0.52489249290381,0.150685325955447,1.40334210255405,20.0729253425584,0.104527788382391
"YH-13",0.195003354829455,20.9480334081925,0.429425174479984,18.4239714917852,7.18301459983753
"YH-13.1",0.239607796093038,12.8740553423812,0.492076008756447,33.8987761646877,1.28719405379865
"WM115",0.2084786778251,NA,0.710437191275327,54.8027796270248,0.434857334400509
"U266B1",0.103304674865333,NA,4,79.6297131350829,0.301101996310767
"A-375.18",0.0208459455164737,NA,0,95.8308108967053,0.4998281014452
"A-375.19",0.0810353825030192,NA,4,88.7231812400213,0.0698738145951126
"A-375.20",0.0889669944437684,NA,1.22737712214106,83.6463402447083,0.23126424286077
"A-375.21",0.0827219144135855,NA,4,88.9948581552104,0.0555981120466304
"A-549.16",0.166440176453764,12.7048338987092,1.1350205701723,46.3462202384893,1.26737610439355
"A-549.17",0.162187317177107,NA,4,66.678771030082,0.346653305852308
"A-549.18",0.153483860396224,NA,0.518231077679471,64.6308592156431,0.60111489472894
"A-549.19",0.24181751416235,20.423782963642,0.357503479123659,23.0405314432811,3.62885458947832
"A-549.20",0.17684158373087,11.331093716362,0.70426988857346,32.9101818499244,2.46753578027622
"A-549.21",0.20315153515258,9.73646947016218,0.471135681883067,0,9.73646947016218
"C32 [Human melanoma].16",0.0650294339811099,NA,0,86.994113203778,0.00591889555433059
"C32 [Human melanoma].17",0.069358190330714,731.07146503593,0.363163870796912,0,731.07146503593
"C32 [Human melanoma].18",0.0689037601596618,NA,0.0690265568537631,73.8360169648441,1e+06
"C32 [Human melanoma].19",0.133970196503146,40409222.0143288,0.111326526058303,16.8772709280186,1e+06
"C32 [Human melanoma].20",0.141354113100635,NA,1.50067402160264,82.3914447686985,0.0356338117425787
"HT-29.21",0.14581119523805,9.09157316729287,1.00698387937728,35.7737984304378,2.60941959107311
"HT-29.22",0.182327872325121,10.2597397772102,0.52440074141535,0,10.2597397772102
"HT-29.23",0.216576130884399,5.8422216169777,0.549417582841416,0,5.8422216169777
"HT-29.24",0.247570310132166,11.6467640311903,0.339454133947995,0,11.6467640311903
"HT-29.25",0.216737068557943,5.0551558172094,0.798854955232958,33.0657471226066,1.30357832021931
"HT-29.26",0.191650072200212,NA,1.35783258396106,51.0366081995326,0.680810725950468
"MFM-223.13",0.230550463066195,5.07236506734575,0.6778918838688,28.4364257786471,1.46692823059627
"MFM-223.14",0.206279434452366,9.08110775451834,0.475816171903364,0,9.08110775451834
"MFM-223.15",0.234188930343213,6.00985972619743,0.480976375640606,0,6.00985972619743
"MFM-223.16",0.256592605321677,1.9061273901124,1.09353935268464,27.1157381271828,0.932724343373741
"MFM-223.17",0.205837690636344,2.20176375057428,1.81587567653226,30.3290916958764,1.31721798213273
"MFM-223.18",0.23181627109103,2.48492989031008,1.08514541768325,27.2278368039699,1.20378579528102
"MHH-ES-1.19",0.00761834125753803,19.3460205444221,2.79301970287315,0,19.3460205444221
"MHH-ES-1.20",0.0735822899111939,35170.2054314104,0.225278684455978,0,35170.2054314104
"MHH-ES-1.21",0.0232548766005384,16603.519934892,0.366207994921614,0,16603.519934892
"MHH-ES-1.22",0.0740189721126391,NA,0.708647468095024,86.6168223383837,0.204314112625845
"MHH-ES-1.23",0.067534647506362,1238.50092056142,0.340530704123561,0,1238.50092056142
"MHH-ES-1.24",0.0808458899122109,NA,0.413907331583892,82.4377229902836,0.494704097550354
"PC-14.22",0.118978824448932,32.1549824509193,0.811193688793529,40.8021295055365,3.98866555658656
"PC-14.23",0.0945681397633602,15.3963490366803,0.812283413992879,0,15.3963490366803
"PC-14.24",0.104457051223852,25.6484941497148,0.730092444018731,26.1758804842925,9.29150381931322
"PC-14.25",0.129813821003131,NA,1.56562036131905,73.5717304801731,0.336334690657856
"PC-14.26",0.0505292409448536,11.4470621895092,1.67925919315548,0,11.4470621895092
"PC-14.27",0.103604034240326,NA,0.749671031785919,51.4156868583533,3.8339487327639
"SNU-C2B.21",0.0756441353651574,34.9101444654426,0.676117247261516,0,34.9101444654426
"SNU-C2B.22",0.0100372345882915,13.300045794824,4,0,13.300045794824
"SNU-C2B.23",0.0761670755129015,NA,0.0834274086006778,66.0364813751627,1e+06
"SNU-C2B.24",0.128303824320608,NA,4,85.7806269065848,0.0193060338318298
"SNU-C2B.25",0.102979025202708,1679409.84523266,0.372220843509582,49.2785336121308,19.047123068251
"SNU-C2B.26",0.0609743083218243,NA,0.814868775090556,64.1649069141302,5.52835878784273
"SW620.21",0.0250686024165945,157036.062449743,0.290940351724151,0,157036.062449743
"SW620.22",0.0119400247889944,NA,0,97.6119950422011,2.43148677805689
"SW620.23",0.0150518924930944,NA,0,96.9896215013811,0.265052043544355
"SW620.24",0.0692203182603196,NA,4,90.8115795227771,0.0549571622885039
"SW620.25",0.0887449887829489,NA,4,87.9968286140134,0.0605410117018722
"SW620.26",0.0760249980369248,NA,4,92.3141646753268,0.0076917133336479
"U2OS.21",0.108423193805949,NA,0.765876310040937,61.4491751280211,1.94398352169449
"U2OS.22",0.113806303523292,1077.12076145247,0.265365961886708,0,1077.12076145247
"U2OS.23",0.0952915626606558,NA,0.0117407614974193,80.8778938567699,0.558415272032238
"U2OS.24",0.124891670862233,NA,0.461200187738053,58.9274612913531,2.68379082289619
"U2OS.25",0.126572268228794,1681.269284931,0.234536434018696,0,1681.269284931
"U2OS.26",0.125796560191534,NA,0.697585784300562,70.5172878066261,0.581718981723322
"A-375.22",0.0639933941503837,NA,0.734350292287258,91.8301312748337,0.0264211577620224
"A-375.23",0.0607776886553548,NA,0,87.844462268929,0.631226811254898
"EW-24",0.225068910694454,NA,0.557263444228103,55.2634496869841,0.30735693724804
"COR-L88",0.0285958372744385,NA,0,94.2808325451123,85.11409378915
"Capan-2.1",0.125924383675871,589.942575256192,0.271504327352356,0,589.942575256192
"Capan-2.2",0.0265852673010361,58.963241898959,0.93982431408038,0,58.963241898959
"SK-OV-3.1",0.196763917305222,NA,1.73398002433475,64.3641933186948,0.220206641283343
"SK-OV-3.2",0.150055968497321,92.9158689926955,0.331196279010941,0,92.9158689926955
"WM115.1",0.181160154425404,33.0642641296853,0.358260385341853,0,33.0642641296853
"WM115.2",0.115532635273008,NA,1.50141240384443,69.4336042984767,0.743890821977965
"YT",0.167779589775429,5.69248136035192,0.81334646004911,0,5.69248136035192
"YT.1",0.117647932995186,7.85100768204557,1.0112484779887,0,7.85100768204557
"VMRC-LCD.1",0.0153897026990162,NA,1.55309178701758,91.8255396111517,2.9854691903972
"VMRC-LCD.2",0.0404960725277266,47.4230471714043,0.846023749468487,0,47.4230471714043
"UM-UC-3.1",0.107791563264537,112.968408249511,0.400007154010568,0,112.968408249511
"UM-UC-3.2",0.0577900025346929,406.169899674809,0.433383721134612,0,406.169899674809
"KNS-62.1",0.10948476516471,5997.4240950307,0.765078155639255,49.8300071317006,3.5599642240417
"KNS-62.2",0.12860731119303,309.17312065351,0.296236575348196,0,309.17312065351
"HCC70.2",0.360816239331435,0.865480342964497,0.811776840817412,21.9042003909383,0.425486707775944
"HCC70.3",0.35550559174145,1.03115868237131,0.719608228476759,26.3614910136518,0.364086517024235
"CAMA-1.2",0.311494779226494,1.141594897381,1.14370883190151,14.2027620818649,0.852366067911802
"CAMA-1.3",0.24910811644665,1.5568866958077,1.66419132353115,24.3537961578785,1.04238966280217
"TGBC1TKB",0.0967729342816679,NA,4,66.6155224656901,1.35045558577403
"TGBC1TKB.1",0.0755803938128696,NA,1.10121248821324,53.6752583903567,4.4102870536735
"OE33",0.108831620689716,NA,4,67.2754982685066,1.00549409721997
"OE33.1",0.160822240247048,16536.1910339207,0.155031161276571,0,16536.1910339207
"NCI-H2342",0.227204616297747,21.3772705995254,0.315543805383921,0,21.3772705995254
"NCI-H2342.1",0.129456802482706,130.774344711268,0.457962884304957,33.2204578895308,12.0528435163677
"KYM-1",0.190715836892469,4.64973890527788,0.779954264385767,0,4.64973890527788
"KYM-1.1",0.211061034140663,6.83844224223182,0.525504879114643,0,6.83844224223182
"EW-24.1",0.207631273334315,13.7705887374041,0.4028983737818,0,13.7705887374041
"HuCC-T1",0.102880920443923,NA,1.20181434989048,59.7129436642949,1.9028964733206
"MV4-11",0.116573160606068,4.98441103277962,2.01636073373226,0,4.98441103277962
"MV4-11.1",0.158922349722897,5.43051770088401,0.919987860549882,0,5.43051770088401
"NCI-H1648",0.246030226530676,NA,2.51679427174243,58.3614820707148,0.168805003646853
"NCI-H1648.1",0.264802386059051,1.96381552074307,1.03914556587883,34.3007231523572,0.644113210771966
"NCI-H211",0.0998786408790963,11.0222405942257,0.938039544446372,-2.77555756156289e-15,11.0222405942257
"NCI-H211.1",0.243362870121652,NA,1.37243379000087,52.8831380671181,0.281652741789474
"Panc 02.03",0.0368546952442438,12.3426863635339,1.98677462030386,0,12.3426863635339
"Panc 02.03.1",0.214531477069897,9.78187727929547,0.438960249784478,0,9.78187727929547
"SK-MEL-2",0.00036576877747263,NA,0,99.9268462445055,2.96923968394502
"SK-MEL-2.1",0.151664252977187,NA,0,69.6671494045626,0.306013498143075
"SK-MM-2",0.134238114081485,NA,2.62463763529048,67.1643368352962,0.593930708581708
"SK-MM-2.1",0.151634279158905,NA,0.935449638665479,61.3868120464237,0.709519470495824
"U-698-M",0.160647681854982,3.99659833328388,1.33595776074397,0,3.99659833328388
"U-698-M.1",0.132315300848159,NA,1.729763323711,51.8354406780637,1.53278742014154
"NCI-H2085",0.0659361180938542,30.8683829901068,0.767148130382047,0,30.8683829901068
"NCI-H2085.1",0.0903032412214057,NA,1.33126916928847,81.5057888397643,0.34355291392167
"SNU-449",0.0644153334373817,NA,0.697113703901321,87.877185313592,0.243975408438766
"SNU-449.1",0.130290784369341,NA,2.37966291353839,84.6792434598968,0.0270777446864144
"SK-MEL-1.1",0,NA,0.59572365523612,100,0.237290423698851
"SK-MEL-1.2",0.0702626870819974,NA,4,91.9933844262725,0.0231087948491982
"HT-1376",0.0568847398008948,NA,4,94.311525915325,0.00026710912182991
"HT-1376.1",0.130705329210176,155.714581810438,0.330737905873952,0,155.714581810438
"Lu-139",0.0243444865947906,12.0736005786055,2.77023517054587,0,12.0736005786055
"MDA-MB-415.2",0.418714182526121,0.67826834843256,0.551644049197434,0,0.67826834843256
"MDA-MB-415.3",0.435542631411134,0.535764778887982,0.70190921420976,0.843909493602707,0.522928040121908
"NCI-H2066",0.124601000019543,NA,0.914785906965879,60.1845534305261,1.33581838898279
"NCI-H2066.1",0.170780923480643,NA,1.76128651008347,62.6755887014858,0.424657393564007
"SK-CO-1",0.156678838423168,60.8684605752497,0.350876210294231,0,60.8684605752497
"SK-CO-1.1",0.275369879498006,NA,0.915350934752868,65.169752782996,0.0305345282711586
"SW1463",0.0778849522737173,NA,0.353321268720425,69.9690941706792,8.56060447515263
"SW1463.1",0.19827212776553,NA,0.998291421606247,52.2732678508212,0.590933701150342
"COR-L105",0.172402114433255,5.2036376760834,0.870779321915109,7.99903870114939,4.25952385931282
"COR-L105.1",0.203073095454654,29.0173393336571,0.541650535287159,39.8624689274562,1.5246321477921
"EW-11",0.188054634837345,4.35273862549759,0.847284957899574,0,4.35273862549759
"EW-11.1",0.400515318956331,0.884257705217791,0.475524771605288,0,0.884257705217791
"NCI-H2029",0.154531188425032,NA,0.700919663310017,68.2354320072177,0.353635929058816
"SW48",0.165361199190503,NA,4,70.2690381564591,0.214561152789685
"SW48.1",0.29881272896702,1.31708546500256,4,49.9887497445331,0.161310282597014
"ZR-75-30.1",0.222471593904223,NA,4,75.227114762018,0.0199240413765581
"ZR-75-30.2",0.184450094429212,NA,4,67.4581656670177,0.19938917192249
"AU565.4",0.301662572588822,3.44065571426817,0.703927926770598,41.6143966323884,0.272306052142918
"BT-474.4",0.285325947506432,NA,0.579957641227131,50.5918948190599,0.154032700774594
"CAL-85-1.5",0.0693225860346557,NA,3.62518997082558,86.4137583183467,0.291085844810421
"MFM-223.19",0.269710939590869,2.33315265263109,0.802525284653097,27.3914377101992,0.8678159792473
"HCC1937.5",0.169676347694674,29.0939363766915,0.393574155782871,0,29.0939363766915
"ME-180",0.184726135575365,64.4681213685088,0.449031808110185,37.0422880365498,3.18662778422109
"ME-180.1",0.222607392442195,NA,2.50091227890591,61.9744742226638,0.17529081878251
"MSTO-211H",0.172201972888291,NA,1.39723809652038,82.7797981174627,1e-06
"MSTO-211H.1",0.0824062284921692,NA,4,86.5806475911492,0.143841104352957
"NCI-H835",0.284613714437781,2.65559423547064,0.545373271914888,0,2.65559423547064
"NCI-H835.1",0.300648171873105,1.57256129413219,0.846942621284144,27.6868162904439,0.60656055825424
"SW872",0.0409227247026539,NA,0,91.8154550594692,0.0257806525140635
"SW872.1",0.143332696870002,664.816755209805,0.244589336474861,0,664.816755209805
"UACC-812",0.307050101688849,1.22935981934479,1.06120122113849,37.4845549183539,0.333308332705656
"HCC78",0.16771515982756,32.1268952177463,0.387997825748591,0,32.1268952177463
"HCC78.1",0.253795378604789,NA,1.58070751700337,55.9377349618817,0.18619582139511
"HuCC-T1.1",0.182137111752959,NA,0.420270904226566,59.24128822346,0.572567592284897
"HuCC-T1.2",0.127385372610981,NA,0.797601672214035,56.9140145967061,1.66204746024085
"Ca Ski",0.119574044355929,81.4439555602034,0.422067158631134,9.70273457872417,48.8505518774138
"Ca Ski.1",0.172575377873544,NA,0.639428153163061,50.7343664108986,1.18056481559499
"CCK-81",0.0700100259667235,NA,0,85.9979948066553,1e+06
"CCK-81.1",0.119697679379544,424.548668915362,0.294819447425006,0,424.548668915362
"COR-L88.1",0.0346867614482146,17.7972975218553,1.48075598544312,0,17.7972975218553
"COR-L88.2",0.176147979208434,NA,0.898696698814753,77.3754299545379,0.0336822759381262
"CS-1 [Human chondrosarcoma]",0.0970488219089864,9.40179523397668,1.08383209943045,0,9.40179523397668
"CS-1 [Human chondrosarcoma].1",0.0671513943242952,12.3636360914874,1.23086660804909,0,12.3636360914874
"G-292 clone A141B1",0.13649946785419,NA,0.0511692476520656,57.0477367599582,1e+06
"G-292 clone A141B1.1",0.260525578232244,151.51848858984,0.173653035165968,0,151.51848858984
"K-562",0.0479443749833777,NA,1.11565423248687,66.3962512682085,5.35980687707652
"K-562.1",0.010261676810729,15.2498263925569,3.22301355738679,0,15.2498263925569
"KYSE-270",0.028428428373806,NA,3.18241567057555,77.6946743046769,4.22885494446294
"KYSE-270.1",0.0958101424216558,NA,0.613758820724453,64.5914965120956,2.66552142857073
"NCI-H524",0.10272570523463,7.08562454139442,1.70746749598183,31.4648868644263,3.96252758450954
"NCI-H524.1",0.1316490810184,9.81264763584909,1.14888022131081,38.6354830505148,2.70237788511698
"U266B1.1",0.0235829335950654,NA,4,95.6786821343668,0.230632358318456
"U266B1.2",0.0247801640757461,123.852883416617,0.774290559712526,0,123.852883416617
"MCF-7.1",0.230937466896801,NA,0.514767099815831,56.0561509639082,0.243726923176674
"Ca9-22",0.0149578298700342,11.8232077821048,4,0,11.8232077821048
"Ca9-22.1",0.00956470330907719,NA,4,61.875,10
"HCC1599",0.226999115545765,NA,4,56.5173567491777,0.27163346127526
"KYSE-450",0.0486519499081627,NA,4,69.5219119759172,3.33024370033636
"MFH-ino",0.149757038789219,NA,1.59317859569571,81.0480767441239,0.0399125732615808
"TGBC11TKB",0.112994318326187,NA,4,81.0958807598241,0.161051718970232
"UACC-893.1",0.421161723470057,0.28451769732645,1.80646911206161,27.0640201069116,0.184821866839113
"MeWo.1",0,NA,0.719575836246929,100,313.683019745561
"UACC-812.1",0.172201387410863,42.3833639501186,0.439244874892355,27.257639999845,7.05148040733552
"8305C",0.167258207366155,17.1588892462431,0.501808876697708,10.8918859764417,10.5160387095455
"Caov-4",0.169385020742926,7.13678238590008,0.688140167948754,0,7.13678238590008
"CW-2.2",0.112505533194141,NA,1.86798508589932,72.0673615816551,0.6147421309239
"SK-CO-1.2",0.112619330565675,NA,0.52250633532997,50.6183807227064,5.4926973178866
"LS411N.1",0.0070491971118581,14.6710389995995,4,0,14.6710389995995
"SW948",0.277214293120686,3.00085075640638,0.583815555817427,17.5107034650866,1.43398403221192
"HCT 116.2",0.050069615563158,NA,1.41053693335706,69.6134910240161,3.73654216915803
"SNU-81",0.0900326886214592,NA,4,79.671374816415,0.464280006197492
"LS180.2",0.111581066549465,901.50940999143,0.274801733773826,0,901.50940999143
"SW1417.2",0.0651539889884305,NA,1.80331684846608,88.3707355298432,0.205438629210026
"LS123.2",0.134245254341726,133.733276674431,0.333673779447953,0,133.733276674431
"CAL-148.1",0.409433561216616,0.631671701525783,0.882535844632399,0,0.631671701525783
"CAL-148.2",0.427636039864057,0.550908928165799,0.865137821356858,0,0.550908928165799
"SJNB-12",0.315939427076919,1.17833854526643,1.04347549997018,9.67105790280979,0.958973019860298
"SJNB-12.1",0.391308497162095,0.83621517699022,0.606186451769414,0.230965940652335,0.829852538306396
"SHP-77",0.0777134478655847,7.72117679834304,1.76438353175258,0,7.72117679834304
"SHP-77.1",0.0883781632078491,NA,1.09636840849264,76.629616441915,0.767858079271288
"SK-N-SH",0.0844326782491031,28.7267645473576,0.675946484732671,0,28.7267645473576
"SK-N-SH.1",0.210596964745855,61.4478429652569,0.265925683609048,0,61.4478429652569
"T84",0.0791092846056948,NA,0,84.178143078861,0.0388020312007346
"T84.1",0.228788543352586,NA,1.05733304077366,71.8911012789045,0.0273820588543458
"KYSE-70",0.0551176718164116,2593.63427115334,0.336737287151377,0,2593.63427115334
"KYSE-70.1",0.110981571933211,64217.9060674415,0.174057358268221,0,64217.9060674415
"BT-549",0.147287623986167,8.54631124873798,1.53261169747424,46.3148500385812,1.55895758866591
"Hs 578T",0.263029937122686,8.53653602482894,0.468354378977249,30.680287357225,1.12082092207714
"NCI-H345",0.110710223043505,NA,4,78.9870425170997,0.262736871964006
"NCI-H526",0,NA,0.146670161280103,100,2.84506337572641
"SK-N-FI",0.190233288094113,NA,0.440492364059804,51.5553241010562,1.01988908659284
"Hs 766T",0.196018407140339,64.246763817404,0.283501547609854,0,64.246763817404
"Hs 766T.1",0.184965844641204,NA,3.84517666241878,66.3011159973744,0.225678498645218
"SJSA-1",0.0644844504277533,11.3768771580811,1.36683867029805,0,11.3768771580811
"SJSA-1.1",0.124225426704867,25.3192885722538,0.53605457228893,0,25.3192885722538
"MKN7",0.111463651173587,89.3770015461745,0.411978180564724,0,89.3770015461745
"KYSE-450.1",0.00792494538910984,14.2169575325232,4,0,14.2169575325232
"KYSE-450.2",0.0741485658770451,914.280778141514,0.340525326564591,0,914.280778141514
"BT-549.1",0.11475229708713,8.02186517636541,1.02346986521765,0,8.02186517636541
"BT-549.2",0.194960055714538,15.5533640086859,0.415457942330481,0,15.5533640086859
"UACC-812.2",0.239723963730711,NA,1.10943171430221,59.6531754383061,0.159936100638056
"MFH-ino.1",0.0969018175952725,NA,4,90.0145825622652,0.0106076534671934
"MFH-ino.2",0.162991732854682,NA,4,82.983620279921,0.0121912445744162
"HSC-39",0.262215983663631,1.67128724872883,1.20227028566091,21.3257733565276,1.0524444529511
"HSC-39.1",0.290110509694675,1.68537682988701,0.929528435746854,33.6139157437232,0.507540325713412
"NCI-H1703",0.238237661380024,30.618652716368,0.27056197032453,0,30.618652716368
"NCI-H1703.1",0.206885410399757,59.6694996384248,0.470316556178723,41.0984017402352,1.52103985895424
"SW1783",0.125156407200992,7.38960498471729,0.985265702528233,0,7.38960498471729
"SW1783.1",0.177453960387171,NA,1.20576882391984,55.2806567865477,0.661805082312967
"KGN",0.127488553894593,NA,0,74.5022892210814,0.00192056172811327
"KGN.1",0.170553244925479,NA,0.437363239319475,78.4180232600006,0.00941829339091884
"MeWo.2",0.101800603956358,1612851.95178194,0.145135970691525,3.35118946325757,1e+06
"MeWo.3",0.118682495009452,1142.4763054316,0.256698804852445,0,1142.4763054316
"8305C.1",0.15093041108642,6.74336981790605,0.830273203112993,0,6.74336981790605
"8305C.2",0.340601852072801,6.26095262889627,0.232639465514273,0,6.26095262889627
"KYSE-70.2",0.0362131628613489,52.4406565171552,0.859566527827923,0,52.4406565171552
"KYSE-70.3",0.0831669475143107,119.118130546676,0.460072104763202,0,119.118130546676
"SHP-77.2",0.11205862841927,15.5713266106539,0.702713062880419,0,15.5713266106539
"SHP-77.3",0.10844457530705,19.0832752611512,0.661334702810538,0,19.0832752611512
"SKG-IIIa",0.0611060588988362,33.3153847083008,0.778823575498325,0,33.3153847083008
"SKG-IIIa.1",0.062080738193317,NA,4,88.9973746574478,0.20296512967246
"SK-N-FI.1",0.0417511035359812,NA,0.845024791947221,55.2242754813654,14.5841048003013
"SK-N-FI.2",0.169419076194542,NA,2.27567282951946,81.2697898946898,0.0173179013747557
"NCI-H64",0.077703818741457,11.9950135016525,1.11184732378951,0,11.9950135016525
"NCI-H64.1",0.205879553229983,NA,3.11958518638237,63.9584059170972,0.19339036418014
"NCI-H526.1",0.101684581094165,45.3138175095548,0.517982729255962,0,45.3138175095548
"NCI-H526.2",0.121071380818631,320.696393081385,0.306245210785603,0,320.696393081385
"TGBC11TKB.1",0.0709758689020953,619897.922414362,0.18133620573218,0,619897.922414362
"Fu97.1",0.268211183425664,NA,1.45412899904308,59.1469490402256,0.105037068260229
"Fu97.2",0.252661548174876,NA,1.1028844381112,53.1568693666731,0.237983113355642
"Hs 578T.1",0.207197871014534,5.0068522240418,0.644820403800993,0,5.0068522240418
"Hs 578T.2",0.314020447448368,7.03758443150291,0.506241822248293,41.2391351581707,0.225543619311806
"MeWo.4",0.155596598707879,NA,4,82.0593807170592,0.0248614936393486
"GP5d.1",0.234269807364095,3.66953092711235,1.20373863285528,45.1754057233811,0.525994532718492
"RKO.2",0.161264492482044,157.792833296906,0.281819452283896,0,157.792833296906
"KM12.1",0.105369249373007,12.0079773581554,0.844017591044563,0,12.0079773581554
"NCI-H508",0.399320160370115,0.362511341406419,1.37832767366034,30.8905462429474,0.18040868005451
"SNU-407.1",0.130515179357303,24.9316667373425,0.865749524261379,42.1934669414934,2.91860243644299
"NCI-H747.1",0.156052977497435,16.800026055525,0.506314825525592,0,16.800026055525
"SNU-175.1",0.17652377632375,10.6435611204908,0.533676874573247,0,10.6435611204908
"A-375.24",0.124909331727679,391.114969813208,0.290670635537084,0,391.114969813208
"A-375.25",0.103123131452108,NA,4,82.7090586930352,0.162530789859034
"A-375.26",0.0977612076061131,NA,4,84.7045111890584,0.120973259293315
"A-549.22",0.127978842565322,NA,0.559621165589603,51.9557374214363,3.13958703603961
"A-549.23",0.135030536007624,34.5192239813295,0.456564391851561,0,34.5192239813295
"A-549.24",0.121142225222122,32.4381597048746,0.519764902616549,5.79698284695744,25.5911764322042
"A-549.25",0.223863017431762,NA,0.313032900539574,51.2774811618433,0.558532950860874
"A-549.26",0.183624516445197,17.9931292316826,0.422154506123381,0,17.9931292316826
"A-549.27",0.151634719804053,13.7234641164777,0.564264763328443,0,13.7234641164777
"C32 [Human melanoma].21",0.0778629813498006,NA,4,91.0746925074887,0.0239774994594468
"C32 [Human melanoma].22",0.0601532939413732,NA,0,87.9693412117254,0.00561852649442031
"C32 [Human melanoma].23",0.0999725032557715,NA,4,89.3508268419843,0.0145129880364604
"C32 [Human melanoma].24",0.140336298144479,327.032934208911,0.27653124082071,0,327.032934208911
"C32 [Human melanoma].25",0.133724242701526,NA,0.605203733751088,71.8103114496429,0.396961474739886
"C32 [Human melanoma].26",0.126202896333708,NA,4,84.0777953267819,0.0418757038881241
"HCT 15.21",0.123312503728526,NA,2.43769993057577,73.0858910053889,0.422331489625548
"HCT 15.22",0.122028433187578,20.7218009707866,0.58315061824773,0,20.7218009707866
"HCT 15.23",0.112881982278908,NA,1.34863133476034,60.3588047976035,1.47538982566951
"HCT 15.24",0.115185564246341,368.828822064916,0.5841560624813,45.6966410476842,5.53864910881462
"HCT 15.25",0.113976540242042,NA,1.08346490616375,70.8592709549775,0.699114867313401
"HCT 15.26",0.190477298172656,1315.49854265329,0.355842308639608,44.7071032267703,2.38965601125202
"HT-29.27",0.214869431489861,6.28980136310732,0.534502684291765,0,6.28980136310732
"HT-29.28",0.227088292674304,3.33682294859188,0.747271553859853,0,3.33682294859188
"HT-29.29",0.135222095464717,5.4210031839723,1.21009200498154,0,5.4210031839723
"HT-29.30",0.170758602743749,NA,1.16396050414157,56.6453960757265,0.678730430366071
"HT-29.31",0.218454304872498,6.84072502332304,0.500547307577732,0,6.84072502332304
"MHH-ES-1.25",0.10202296164617,224.663866017809,0.361520263651835,0,224.663866017809
"MHH-ES-1.26",0.0720625009257809,79.5577404656814,1.06640414083285,46.8078649844789,6.02835006419821
"MHH-ES-1.27",0.0889333454831974,30.8307247741406,0.63724899716045,0,30.8307247741406
"MHH-ES-1.28",0.0936211045559286,24.8881940684791,0.664684290448683,0,24.8881940684791
"MHH-ES-1.29",0.105009943552211,NA,1.04645760042858,66.5463825332365,1.26115071484145
"MHH-ES-1.30",0.0585659788131278,NA,4,69.262237529816,2.68536823912053
"PC-14.28",0.0835049620971994,NA,1.11127444719673,55.949836677081,3.42313767227044
"PC-14.29",0.081049841301885,NA,1.33586400073245,53.9205531702023,3.49669447886638
"PC-14.30",0.0759422982037022,26.8253707347501,0.742670992617311,0,26.8253707347501
"PC-14.31",0.0932414794753876,30.5795834606381,0.619299751494051,0,30.5795834606381
"PC-14.32",0.124479369132484,61.3593383834094,0.417208633660438,0,61.3593383834094
"PC-14.33",0.132922779401618,55.1395958450558,0.408328773215315,0,55.1395958450558
"SNU-C2B.27",0.0734351537553795,NA,0.0915033544838776,64.0544278894368,999935.060895428
"SNU-C2B.28",0.0556774014621031,NA,1.63285765695009,87.3049740463049,0.485059204590855
"SNU-C2B.29",0.0880790469180945,NA,2.09226003911931,78.83425809596,0.565118206455993
"SNU-C2B.30",0.11579032201565,NA,4,79.8999830259602,0.187033168339083
"SNU-C2B.31",0.114756623958512,NA,0.575206429360826,55.3720873995985,3.350178142228
"SW620.27",0.0715928823426258,NA,4,88.463138609782,0.13755165982912
"SW620.28",0.00400108346960932,17.1024448689262,4,0,17.1024448689262
"SW620.29",0,NA,1.07804543077847,100,0.5919768908981
"SW620.30",0,NA,1,100,0.316311078697272
"SW620.31",0,NA,0.347029066540269,100,1.74533525634097
"U2OS.27",0.099905238189991,NA,0.0712571682923784,61.1276953853968,1e+06
"U2OS.28",0.0414962252163583,NA,1.26728350672072,88.4576754008556,0.861659813959421
"U2OS.29",0.0705589078072763,396.704739446464,0.397278547919387,0,396.704739446464
"U2OS.30",0.0664185201803124,NA,0.545106914510396,52.355265574882,18.3449508411877
"MFM-223.20",0.185229869974293,5.48977531600065,0.833764079919364,22.5142016970477,2.67843859063528
"MFM-223.21",0.187163692503863,5.29340810451226,0.927875613522883,30.8486402598525,1.88178130282558
"MFM-223.22",0.272972309376582,2.61673020325331,0.610390889301489,0,2.61673020325331
"A-375.27",0.0135312989033851,12.1870113361264,4,0,12.1870113361264
"A-375.28",0.0326963638877801,NA,1.71026101250711,89.2020230654676,1.25545244622741
"A-375.29",0.0318866578641259,NA,1.95985109552098,77.6977088387766,4.03323316263584
"Mono-Mac-6",0.44569125280687,0.454830082303017,0.622410513454468,14.6567318375838,0.260486360807678
"HT-29.32",0.200570574206024,4.23562196293133,0.767185426660073,0,4.23562196293133
"HCT 15.27",0.0958438872100373,27.3824109453535,0.6301266291564,0,27.3824109453535
"NCI-H2009",0.159164040336736,NA,1.3010126236026,76.217239931929,0.0945600308427167
"NCI-H2009.1",0.207827355559635,NA,2.53443533375615,73.230968993656,0.0465166724972691
"Mono-Mac-6.1",0.416396115804411,0.510053178318392,0.91581681768169,13.9870639318695,0.356454520530142
"NCI-H727",0.195080362187008,NA,0.716288681407332,66.5431069185919,0.159707874921592
"NTERA-2",0.019366352655345,12.2412075252566,3.16553629226129,0,12.2412075252566
"NTERA-2.1",0.0778515610521929,45.8984247212099,0.608759948995202,0,45.8984247212099
"UACC-812.3",0.100525503065331,474.523104391911,0.70552181831428,47.9397829225795,5.16524049408815
"UACC-812.4",0.185571554735432,599.707355263327,0.202694851591689,0,599.707355263327
"CL-40.1",0.00317404435766182,18.1577880659238,4,0,18.1577880659238
"COLO 205.1",0.30990554866928,1.80819895707562,0.601358046178024,0,1.80819895707562
"DiFi.1",0.250621038095315,1.34054434428872,1.92111023320453,43.5783441420758,0.460594504894286
"HCC2998.1",0.157801314475348,9.99439610242681,0.621650862583806,0,9.99439610242681
"LS513",0.246799678082849,2.08803892902228,1.11127047201513,29.6511448929454,0.929826585414183
"MDST8.1",0.141294567948012,8.19341466171871,1.30816849439407,42.0053328736556,2.01767385470886
"RCM-1 [Human rectum adenocarcinoma].2",0.0402420357816747,NA,2.75453480687095,78.7719554212706,2.71406085605625
"SNU-C1.2",0.274574584916222,2.39162880894317,0.64697594001396,0,2.39162880894317
"SNU-C5.1",0.156424782726195,13.0030600292838,0.557680033984622,0,13.0030600292838
"SW1463.2",0.031099847971342,NA,1.82590769389061,79.6287245057344,3.78129815812426
"NCI-H727.1",0.166025520652228,NA,1.27830621181821,66.1996093846254,0.336649318999983
"NTERA-2.2",0.126398070482846,393343.38863971,0.139812203190056,0,393343.38863971
"NTERA-2.3",0.160917298824103,NA,0.988937473076404,76.7501943824891,0.0742183925619215
"SW620.32",0.00354641530578554,17.6380113169612,4,0,17.6380113169612
"SK-CO-1.3",0.156573377967857,NA,0.473366501211357,59.755424999127,0.991272600410498
"LS1034.2",0.120224039626421,15.9604081977812,0.652998759836258,0,15.9604081977812
"SW837.2",0.067756060176538,927.149924793811,0.882429102715228,49.2768218382672,7.62620710544269
"SNU-C2B.32",0.0952456449282004,NA,1.08488264976101,72.6292609262469,0.954648109587383
"COLO 320HSR.2",0.0608084092859007,69.8616955444087,1.45819344336153,48.7321675221431,5.62078707053269
"A101D.1",0.145290180668589,NA,0.697690526479997,53.1204425940075,1.60632915834895
"A3/Kawakami.3",0.0598279594156131,18.9380814762652,1.01622135078134,0,18.9380814762652
"ARH-77.1",0.448158712316774,0.303658632213948,0.958195842460511,26.8982759220749,0.135653323215908
"AsPC-1.1",0.228053858608645,NA,2.49053942803132,71.26954186495,0.0410938348544739
"BALL-1.1",0.110360508070199,11.7866106585448,1.08240219521805,32.6108860106867,4.44238498390933
"BB49-HNC.1",0.346212220202487,1.46909828577115,0.719394396479993,38.679893556749,0.186336220042408
"SK-N-BE(2)-M17.1",0.156640464382498,NA,1.77458123089985,66.2956808508417,0.403957858559141
"BT-474.5",0.237496174805965,NA,1.48141425726478,58.8504550599886,0.184319643815976
"CA46.1",0.192706538111747,4.82543178284332,1.0900363772112,38.5376960476224,1.24932891093203
"CAL-51.2",0.127463939768177,19.0741650914952,0.580218160466408,0,19.0741650914952
"DBTRG-05MG.1",0.0439635185975852,NA,1.56901233692725,88.1909078223161,0.772435883957345
"DMS 53.1",0.19352497741937,NA,0.888800558223444,64.8928212739391,0.214361154546985
"EC-GI-10.1",0.134696831529221,12.2571334288552,0.665270286875257,0,12.2571334288552
"ESO-51.1",0.112594826749693,NA,2.88811327317306,85.1610979123879,0.052796091719392
"NCI-H2591.1",0.0871398145894299,NA,0.693636183920272,83.2943161646942,0.264382167585741
"HSC-3.1",0.134404840444043,18.9229978991239,1.22406573625101,46.9600222325055,1.92086956487274
"HuO-3N1.1",0.157719718506618,NA,2.40893350057021,78.5272063123714,0.0622948431479651
"IGR-1.1",0.0661844346764134,32.5589057968545,0.750292661130904,0,32.5589057968545
"IM95.1",0.078349665962394,19.4698482330143,0.834350639860024,0,19.4698482330143
"SiMa.1",0.123338208354038,NA,4,71.5246517057244,0.501971296929939
"HEY.1",0.195881754365198,NA,1.11267965110155,74.4008220996686,0.0432055896160471
"697.1",0.377661749272911,1.05904242549268,0.526660626727739,13.777077990993,0.574266012361371
"A-375.30",0,NA,1.1906186646448,100,10.9484712246933
"A-549.28",0.130695392325902,NA,1.84986618480839,60.6692809387726,1.01512850756432
"A-549.29",0.149791652754345,NA,2.43656515907022,70.4001182456858,0.303349314547948
"C32 [Human melanoma].27",0.0609927251903138,NA,4,89.5964871246343,0.174309687670401
"C32 [Human melanoma].28",0.0444372554701787,NA,1.09685023118728,81.8226525043128,2.15250400101969
"C32 [Human melanoma].29",0.094127521894003,1413.11511078965,0.284557789225435,0,1413.11511078965
"MFM-223.23",0.17655361768125,2.49326547552243,2.50683664749092,39.8260907637504,1.32108265171104
"MFM-223.24",0.164105629093088,NA,1.88018278833476,50.3269552848192,1.02827234456699
"MFM-223.25",0.171225220896479,2.28573337033277,3.35281869332069,44.2646506458584,1.19823534709101
"MHH-ES-1.31",0.107687250239709,NA,4,80.1262616476771,0.236893176316284
"MHH-ES-1.32",0.0940803410305352,NA,2.00942687774459,80.3016635375649,0.369338941048299
"PC-14.34",0.0816180283869458,NA,4,74.1030529939627,1.13395557867707
"PC-14.35",0.0678900309922746,NA,1.8737418274396,70.8296149448589,2.05837080881433
"PC-14.36",0.10642973007404,NA,1.0412699868407,76.0582156257477,0.474409456236439
"SW620.33",0,NA,1.1194324404149,100,49.9560345361652
"SW620.34",0.00925390130365596,NA,4,97.6342895337317,0.670791920564502
"SW620.35",0,NA,1.5555593821578,100,3.81419299966954
"SNU-C2B.33",0.0576204301132116,NA,1.77416366479473,87.1484137416363,0.452656565123444
"SNU-C2B.34",0.048965459606609,NA,2.4394935444574,85.3523081014532,0.995058596278982
"SNU-C2B.35",0.0462124400161159,NA,1.24187823847259,82.1777567283456,1.82636625387689
"U2OS.31",0,NA,1,100,0.100035129252774
"U2OS.32",0.0123020386781415,NA,4,89.3498046117427,4.55045371320489
"U2OS.33",0.0246164611941495,NA,4,87.900026707662,2.45535121076292
"HCT 15.28",0.0504874196233009,NA,4,90.692000797578,0.23599183407253
"HCT 15.29",0.0119551587392213,NA,4,85.679347319091,5.76720438327489
"HCT 15.30",0.0963615160967544,18.3553899454655,0.736673029692334,0,18.3553899454655
"HT-29.33",0.135038219542728,23.4494081243148,0.774490044992641,38.6843413040703,3.44311221137421
"HT-29.34",0.175877768890259,NA,2.13291030878169,58.532818424127,0.534610092046874
"A-375.31",0,NA,1,100,3.16255534471853
"A-375.32",0,NA,1.13951085518779,100,7.70165728845014
"NCI-H727.2",0.0486896436527207,NA,4,85.2044668772199,1.03000020387591
"NCI-H2009.2",0.105547464353403,NA,1.86166419575416,71.7352193959675,0.761489419627639
"786-O.1",0.172367210929477,10.95608738732,0.58124392745322,11.7446840709938,6.91201802143976
"ALL-PO.1",0.22083245171238,3.12876412284914,0.98283625334694,27.5895276184702,1.38282579819096
"ASH-3.1",0.0631362373638598,NA,4,86.4716232217252,0.398127768779859
"ATN-1.1",0.294518701190075,0.58531772182634,2.67233220312445,43.6944511477848,0.269704959854632
"BICR 10.1",0.231177582229053,NA,0.858096876089498,53.0622342593392,0.334964808346673
"CAL-27.1",0.0415571479351426,NA,4,94.0027697961104,0.0834293860182464
"CAS-1.1",0.111399320512933,NA,4,85.3394692896426,0.0525357545721259
"CHSA8926.1",0.16882307882498,254.818048067178,0.250324628197463,0,254.818048067178
"CTV-1.1",0.0843305940700258,14.6187015867908,0.915261865002172,0,14.6187015867908
"ES-2.1",0.0177689725569575,11.2073742682551,4,0,11.2073742682551
"FaDu.1",0.00954595418541183,NA,4,90.5259708691008,5.06607421260549
"GOTO.1",0.0033717061290176,17.8895818231327,4,0,17.8895818231327
"H9.1",0.0112589271332613,12.8664959160376,4,0,12.8664959160376
"HeLa.1",0,NA,0.98510474745568,100,3.59542423852832
"HuH-1.1",0.0263731377343398,NA,4,92.1811577734858,0.973150241783736
"J82.1",0.0282596701027856,NA,4,93.1664480777633,0.574734196678379
"NCI-H716.1",0.265924185807719,NA,3.66086421320304,54.7475442728669,0.172660654787846
"BT-20.2",0.140649441546637,NA,0.586901591554858,63.5016995969665,0.899920801412604
"CL-40.2",0.0793449251037345,NA,2.03220333461484,91.1902306083849,0.017273294255153
"COLO 792.1",0.175159812616251,NA,0.397319978251834,63.4851677277752,0.400361930664335
"HCC1419.2",0.135792820531459,NA,4,77.9623785575433,0.141768314368872
"HCC1428.2",0.12152605159666,NA,0.292957185884032,68.6964324402296,1.69787072687492
"HCC1937.6",0.161484932168026,39.2488723305606,0.380527031982234,0,39.2488723305606
"HCC2998.2",0.0572232034375062,20.3692280042113,1.00585056416717,0,20.3692280042113
"HuP-T3.1",0.0587072892009352,NA,4,92.1926983799356,0.0554876583257565
"IGROV-1.1",0.391529255942247,0.254461837023916,2.4828976244978,34.8678361979544,0.157240681092912
"KLE.1",0.190178310790848,NA,0.859463987714325,69.6663385197686,0.118364399112821
"KY821.1",0.0342547992499804,NA,4,62.541901272394,5.42900999086129
"KYSE-150.1",0.105973584817517,15.6345391476213,0.734828395149794,0,15.6345391476213
"MCF-7.2",0.185839535831855,NA,2.44174303957486,66.1319693737283,0.225893879417447
"SNU-C5.2",0.194824011332027,18.0230654621804,0.596020446492782,37.1800975659657,1.83699870211865
"HT-1080.1",0.0665165389139232,100.553137783023,0.537545798099328,0,100.553137783023
"SAT [Human HNSCC].1",0.149171760483172,58.4637459832621,0.36851158816913,0,58.4637459832621
"HT-55.1",0.274137549084069,5.31357216531829,1.36240168810428,49.2732726002907,0.238008866371411
"COLO 205.2",0.222727888250249,3.07679199297792,0.949422548215896,24.0456225814976,1.54230086349531
"42-MG-BA.1",0.216248738308337,5.57935479842035,0.564896422440463,0,5.57935479842035
"Caov-4.1",0.163275283350332,3.86507623661675,1.36338999680023,0,3.86507623661675
"MDA-MB-175-VII.2",0.391614098644374,0.641803379323604,0.817245749398989,19.8636869336997,0.345423675882481
"MDA-MB-175-VII.3",0.382972037611631,0.973921283614519,0.536672472872534,0,0.973921283614519
"NCC-IT",0.207474653498388,NA,0.631689049053177,66.841230364963,0.104714715696543
"NCC-IT.1",0.175626135346667,25.0990892597342,0.443055031524102,16.4355203714571,10.2090176075362
"NCI-H1869",0.00932950568672283,NA,4,62.8125,10
"NCI-H1869.1",0.102259952027612,NA,0.467462096467175,72.84892674099,1.15748434735361
"NCI-H2029.1",0.0918667197161767,NA,1.22785962962316,69.0022168418884,1.38017832637109
"NCI-H69",0.318055746320841,1.39167096330856,0.776033598558248,0,1.39167096330856
"NCI-H69.1",0.283531369839927,1.55123253647585,1.00634615137622,20.5006507691054,0.918257394173532
"NCI-H847",0.294496818028791,2.0936507449161,0.611704425949692,0,2.0936507449161
"NCI-H847.1",0.295549389111727,2.10560032758822,0.602199923501928,0,2.10560032758822
"OVKATE",0.141850876704962,NA,0.722638934241755,61.6236565339524,0.929282722042566
"MDA-MB-175-VII.4",0.30257488084911,1.55400358432599,0.803220577567947,2.32955319478284,1.46438371620705
"MDA-MB-175-VII.5",0.366297602234318,1.20002308919902,0.52121553582678,10.1026808221674,0.778246434899384
"NCI-H69.2",0.286996622690896,1.84404579766864,0.766696006654139,0,1.84404579766864
"NCI-H69.3",0.224986885917042,2.23823778374522,1.32757362245415,28.1159798805952,1.20117535220988
"NCI-H847.2",0.23857939140391,2.67408984236965,0.83989465910568,0,2.67408984236965
"NCI-H847.3",0.236660699395019,3.74793962732469,0.625154530873028,0,3.74793962732469
"CHP-212.1",0.183895382412605,NA,2.29940782744871,78.5022944125118,0.0259363205320531
"COR-L23.1",0.196144283575016,NA,4,69.8047488783315,0.112559529083709
"ES4.1",0.0941416402095394,192888.048844782,0.173578887210769,0,192888.048844782
"HCC1954.3",0.179856033687061,5.13215758784464,0.892133337321164,19.9919896141555,2.89572796535463
"HOP-92.1",0.183587999053846,NA,4,71.3229892310128,0.12010594891768
"KMS-12-BM.1",0.336975090069927,1.70491620067088,0.489470926732439,0,1.70491620067088
"LC-1/sq.1",0.149668839147644,NA,0.887804567216699,62.9866441187334,0.656067078640191
"LS411N.2",0.216123547792747,34.8057309234648,0.294439562597928,0,34.8057309234648
"NB(TU)1.1",0.14020226144811,8.65710308199887,0.77231850859693,0.956164177039761,8.44335258666878
"NCI-H1341.1",0.176943727863269,NA,4,74.0149484151425,0.0906372628427374
"NCI-H747.2",0.141269123073275,NA,0.933645822552896,62.6521796876789,0.792982571737048
"P12-Ichikawa.3",0.347051818627507,1.0873085214766,0.86129375734248,39.1725294680324,0.184037023693571
"WSU-DLCL2",0.455210479805851,0.433093072442067,1.41525077026928,0,0.433093072442067
"WSU-DLCL2.1",0.50532485012574,0.304789906855816,1.57274003371339,0,0.304789906855816
"Hs 633.T",0.0412286884045407,13.3081180550893,1.6881177660599,0,13.3081180550893
"Hs 633.T.1",0.118556309786402,NA,0.364825066043389,65.314293485131,2.38258300945969
"ES1",0.327278610252587,2.24202711774462,0.430335441369844,0,2.24202711774462
"ES1.1",0.314557229473443,1.56922864858382,0.695434758163354,13.886417766272,0.982889712890305
"MOG-G-CCM",0.163288848925242,554.950470891466,0.227911724896819,0,554.950470891466
"MOG-G-CCM.1",0.189374597510302,NA,4,72.4660275388725,0.0864534217855069
"MOG-G-UVW",0.0604098316111462,8.97431547444691,1.92356255385954,0,8.97431547444691
"MOG-G-UVW.1",0.0965251676610747,18.8046592839321,1.70498573607713,47.8259984285294,2.98952237028433
"OC 314",0.155737734398282,NA,2.44253755595157,63.8683200752228,0.509478080526553
"OC 314.1",0.16913176925616,14.3072170019293,0.778745326696236,39.364355170648,1.9604866094744
"ES1.2",0.271368667100273,2.61222278573486,0.620137132999939,0,2.61222278573486
"ES1.3",0.294854718899768,1.97005204907619,0.648345840646063,0,1.97005204907619
"Hs 633.T.2",0.0406583881018476,11.1513718955217,2.08631472188125,0,11.1513718955217
"Hs 633.T.3",0.10421884859625,36.5229522737026,0.542635580973916,0,36.5229522737026
"MOG-G-CCM.2",0.182252255420845,NA,0.730077591646609,62.399467040687,0.358110855411952
"MOG-G-CCM.3",0.410654267190446,4.59516390855762,0.167331782081464,18.7601640271193,0.276442539284351
"MOG-G-UVW.2",0.0308601326603359,9.28439989512311,4,0,9.28439989512311
"MOG-G-UVW.3",0.124508206469714,24.2942723673952,0.899878067106027,42.0266590559837,3.15836268249444
"NCI-H2452",0.228224279134441,5.66388600731377,0.515840103104298,0,5.66388600731377
"OC 314.2",0.0971385249366854,NA,0.853034842874183,56.9613919973703,2.97865882717902
"OC 314.3",0.23437286906914,NA,0.980581983320331,62.035267964876,0.131963641016285
"WSU-DLCL2.2",0.473312217199779,0.380416563740074,2.18214623957189,0,0.380416563740074
"WSU-DLCL2.3",0.569173050680386,0.186203260949403,1.8135102140549,1.72488097826495,0.182633323720864
"BPH-1.1",0.171310376140899,673.458884323628,0.213364179624081,0,673.458884323628
"A-172.1",0.0928383158126816,121.429564767551,0.555933186749024,32.8295250307425,17.7563683555125
"CADO-ES1.1",0.0552235762274505,NA,4,73.7111539687357,2.34521148277721
"CAL-78.1",0.257448055113395,7.74526109773322,0.371501493931933,0,7.74526109773322
"COLO 678.2",0.118540478896274,NA,0.700983740131473,75.8834024870108,0.339216079599638
"Daoy.1",0.135364908636835,549.924641510035,0.261571136043,0,549.924641510035
"Daudi.1",0.170419932591539,3.61568474509372,1.39854439070334,16.0182175775859,2.74323565105158
"DG-75.1",0.250507350854548,3.59256685960794,0.577109922391737,0,3.59256685960794
"EBC-1.1",0.275166552919707,8.75064179295536,0.465492630877962,34.0649691883777,0.750198873564159
"EM-2.1",0.27748473800984,NA,0.780919356376236,54.8732344754263,0.12634179930903
"Evsa-T.2",0.561045409555174,0.194846223844306,0.778563123234358,0,0.194846223844306
"G-402.1",0.263762913248668,NA,0.847821496875906,52.9352541312018,0.198541308870288
"HGC-27.1",0.321719194209277,0.764884297267328,1.51636372956219,30.2647550239089,0.414332137705006
"IMR-5.1",0.181506003509809,15.8369080663192,0.445986350995695,0,15.8369080663192
"JHH-1.1",0.167056212086218,NA,1.7575501852847,80.1947083053034,0.0268960497770264
"JHH-6.1",0.0918221717466967,NA,0.780772451351965,80.30971976728,0.412872418398214
"KE-37.1",NA,NA,NA,NA,NA
"KMRC-20.1",0.147468982455636,NA,2.04702557608039,82.1989074505282,0.0312806829173114
"KYSE-140.1",0.137076605465896,NA,4,81.0479570574165,0.0676502326461934
"BT-549.3",0.202656860833784,5.80552732015359,0.605524448833024,0,5.80552732015359
"T.T",0.0839132798883878,8.0632177732299,2.64434369388269,43.8257776850604,3.65584127929254
"T.T.1",0.110339958621498,6.45245328177127,1.35612399175845,0,6.45245328177127
"T.T.2",0.229181153208421,9.17292763643505,0.412381820789276,0,9.17292763643505
"T.T.3",0.276702045986155,4.20307337238494,0.433161652387356,0,4.20307337238494
"PC-3 [Human lung carcinoma]",0.110245513016611,NA,2.09029787436879,88.5496804045692,0.00849685905799971
"PC-3 [Human lung carcinoma].1",0.0481446656190977,NA,0,90.3710668761805,0.209508735703159
"RMG-I",0.0950194396971866,NA,0.59683588131852,54.8004330969931,5.46524610037363
"RMG-I.1",0.135806188744905,NA,4,79.8774071864817,0.0945058136752726
"RMG-I.2",0.205297303615653,NA,4,77.2045252389097,0.0195518708215338
"ES6",0.24080205985747,NA,1.73803722760917,59.6514617152325,0.16141066793567
"ES6.1",0.210048991663456,NA,2.76470751774291,68.7065396429468,0.0968699666689374
"HCT 15.31",0.127358354284643,6.59626388210867,1.06167322058984,0,6.59626388210867
"HT-29.35",0.215434938210072,3.52785173156881,0.787074016607972,0,3.52785173156881
"SK-CO-1.4",0.174587929136679,NA,2.15273872749708,72.6886743654068,0.118781342891994
"SW620.36",0.0470587850860053,14470.471928906,0.294184476058802,0,14470.471928906
"Caov-4.2",0.214516019719121,2.70652284668125,1.14572001008704,0,2.70652284668125
"NCI-H2452.1",0.175045453275191,8.4365754584509,0.602586730395257,0,8.4365754584509
"NCI-H2452.2",0.148238379653464,9.30465706019894,0.693138466925484,0,9.30465706019894
"NCI-H2452.3",0.156232313494056,13.0274753697288,0.559681452471691,0,13.0274753697288
"OVKATE.1",0.0554690534002351,11.4534117323779,1.54913618792361,0,11.4534117323779
"OVKATE.2",0.0436786296573406,12.1633636212848,1.77199054037876,0,12.1633636212848
"23132/87.1",0.44950080759607,0.380078079085622,0.774516717633182,44.9473873693674,0.0197067302859419
"8-MG-BA.1",0.148323366330747,18.3300571577934,0.515851418730184,0,18.3300571577934
"A-498.1",0.305756576128049,1.60441694496032,0.844121525730656,33.5240417873897,0.430693238558287
"AGS.1",0.248030087407767,3.37744243508222,0.870423480337839,37.0900178540612,0.712859171987273
"AU565.5",0.55018767453495,0.0798483169717904,1.14828836320137,30.4747534855939,0.0352070041457478
"CAL-120.2",0.0715652260112706,NA,0.442469572803178,90.2725992907274,0.0210426704163681
"DEL.1",0.17186452365912,7.16183959083664,0.674010243730308,0,7.16183959083664
"Detroit 562.1",0.157856112054204,11.5992807280496,0.581990771260149,0,11.5992807280496
"DiFi.2",0.181842450775613,96.5060273139182,1.03166949703753,49.6051123559303,0.884298732399342
"EFM-192A.2",0.301495134185677,NA,0.939572085481005,54.9749485664575,0.0870424944674197
"G-401.1",0.31628758667232,1.90535303197835,0.840164523574981,41.5075052386286,0.230975542704346
"GP5d.2",0.206469873861833,NA,0.986815458512505,52.8373526133659,0.501142676362365
"NCI-H513.1",0.151801526725397,NA,4,83.286047418035,0.0184734869600413
"Jurkat.1",0.278502746660353,1.72587541504207,0.936485421284276,10.363034507075,1.34678611307555
"LN-18.1",0.081495023695696,NA,1.22508967800287,76.3677538574331,0.963479937962776
"NCI-H2052.1",0.11230892953841,NA,0.954218451217217,80.7381088546951,0.170088894311611
"HO-1-u-1",0.393069273484148,0.915488014351762,0.506254158626724,0,0.915488014351762
"PC-3 [Human lung carcinoma].2",0.152543156099831,NA,4,80.5647380630071,0.0441834396878511
"PC-3 [Human lung carcinoma].3",0.181136033664914,NA,0.726657955345892,80.3889851424867,0.00355650868361462
"PC-3 [Human lung carcinoma].4",0.150203249526895,NA,1.40286480052128,83.051358811842,0.0164685014703149
"ES6.2",0.136403640136417,87.0672419482578,0.36076966512805,0,87.0672419482578
"ES6.3",0.166519565558342,81.0639004873252,0.313195750940699,0,81.0639004873252
"HO-1-u-1.1",0.31713661192622,1.10252742911535,1.09215917870647,15.459443872584,0.78578547118499
"SW948.1",0.123994682389789,37.1816684104163,0.84375,43.75,3.16227766016838
"SW948.2",0.188423923845148,NA,1.23495523457555,54.4946164741385,0.583366859551435
"SW948.3",0.0954006929685466,NA,4,75.0772648969533,0.710776280355484
"SW948.4",0.153190775071802,NA,1.3485842377569,51.9638029866758,1.14745513241911
"Caov-4.3",0.245458298059937,2.15193200843154,1.07803395410453,0,2.15193200843154
"CESS.1",0.212237286640043,27.6808807160068,0.318584101323577,0,27.6808807160068
"GDM-1.1",0.355073194042727,1.67967935030482,1.75867055444981,49.7919734241562,0.0743785022918973
"HPAC.2",0.212647053689285,NA,4,77.897181889922,0.0116701936043984
"HT-3.1",0.0488792232115165,NA,0.00809030684494066,90.1997839106416,0.584954804300967
"JSC-1.1",0.0355460869978155,20.7476221364616,1.31799343346082,0,20.7476221364616
"JURL-MK1",0.128314052184139,10.376795941412,0.760592876207207,0,10.376795941412
"KM12.2",0.195497575046229,NA,1.46537848895866,70.513294027226,0.100359324259628
"LB996-RCC.1",0.250344455972432,NA,1.1658388562857,56.0363670913864,0.192235602111655
"LN-229.1",0.0585837995151021,NA,4,90.9317867294669,0.115355348605715
"MOLT-16.1",0.372317405423552,0.799123937385966,0.922995198626879,5.55225635208875,0.703443024794084
"NCI-H1623.1",0.16447501654764,29.9732947853107,0.402554817536675,0,29.9732947853107
"SNU-5.1",0.132625682676889,NA,4,78.0303478657328,0.154563151942972
"SiSo.1",0.0879344899044322,NA,0.368585025040674,82.0394573631963,0.359413232612606
"SUP-M2.1",0.0430371906996625,11.8993376215897,1.83711159308709,0,11.8993376215897
"SW780.1",0.0993024828959299,25511869.6224459,0.293124590057147,48.895046539348,57.3513019995558
"TUR.1",0.163726673441757,8.15416049734079,0.926328739086584,35.1248056542183,2.2029192521783
"VA-ES-BJ.1",0.156490688253623,3591.60477112591,0.532954666579217,49.0446633814885,2.13906155004972
"WM278.1",0.15507592315239,199.96416793361,0.27907379540295,0,199.96416793361
"WM793.1",0.128119162352551,43.2517257661193,0.446561856074898,0,43.2517257661193
"Panc 04.03",0.246413676939383,196.041753695763,0.178839646683239,0,196.041753695763
"Panc 04.03.1",0.151782532530974,8823.75908573299,0.172067750916364,0,8823.75908573299
"Panc 04.03.2",0.137881137733533,NA,0.852396097119897,69.501849479189,0.457130233937165
"Panc 04.03.3",0.13878079343589,NA,0.537955762163332,64.1383135044051,0.934583785321108
"KMRC-1",0.194329384662209,24.5603621419663,0.362152175872668,0,24.5603621419663
"KMRC-1.1",0.0836526627217539,NA,1.60902178324746,63.151478251055,2.19541913126241
"KMRC-1.2",0.0534001097246862,NA,4,74.9642920879719,2.2933024960429
"KMRC-1.3",0.0925869472331594,NA,1.92783461055948,68.3515256534978,1.339776808131
"COR-L279",0.264304951624278,7.31612203101899,0.579101517481936,38.0588617620945,0.617069445755098
"COR-L279.1",0.338008390931227,NA,2.82547532336531,62.8714003299444,0.017367033003114
"COR-L279.2",0.247231012489764,NA,1.1750580027585,62.6396766857455,0.0981970056215384
"COR-L279.3",0.23657671304704,16.2879245078163,0.324501117182189,0,16.2879245078163
"B-CPAP.1",0.111546836036349,52.9781524950383,0.466903059144659,0,52.9781524950383
"CAL-29.1",0.150829325151832,20.762028726044,0.486726524981798,0,20.762028726044
"C-4-I.1",0.134003544603301,NA,0.417731682373478,62.9050394797177,1.54606165666312
"EGI-1.1",0.0658386611590128,NA,0.507812200273318,86.5051848120534,0.35620345046964
"GB-1.1",0.162885704546497,NA,0.396336454640573,70.1615034111391,0.185328638807406
"HC-1.1",0.195340801513959,NA,4,70.5922471920729,0.101717066534322
"HCC1806.2",0.065774693469044,NA,1.81923308573019,73.4597474592988,1.85094500174263
"Hs 746.T.1",0.155886060153938,5.35804085452321,0.961200329441784,0,5.35804085452321
"HT-144.1",0.220372358840277,10.1832101376698,0.4173678999285,0,10.1832101376698
"HuO9.1",0.36625022318205,0.656302963901011,1.0476221695797,40.1674325688583,0.138965818221022
"KCL-22.1",0.0890372749885794,NA,3.17202512394973,66.3504712157285,1.60942673150525
"KOPN-8.1",0.0420222868479813,NA,4,72.0625036143957,3.55224964477239
"KYSE-180.2",0.0608247806906635,1e+06,0.186901301063662,0,1e+06
"LXF 289.1",0.248717493026794,2.79429451151223,0.719831882187322,0,2.79429451151223
"NCI-H1838.1",0.22409515546889,235.626694386918,0.193979310526297,0,235.626694386918
"SNU-175.2",0.323545357922869,3.34321353283783,0.347847917133667,0,3.34321353283783
"NCI-H1155.1",0.0236535874729496,NA,4,91.1633658277411,1.57434030615115
"NCI-H1944.1",0.15325840571718,17.3890056672334,0.800184201076313,39.7351243147896,2.40409830045091
"Rh30.1",0.320085985901201,1.9946147926452,0.501884063169671,0,1.9946147926452
"5637.1",0.0775292728726853,NA,0.442160190978792,73.8053055368894,3.16549910205439
"HT-55.2",0.347071940046591,1.47054085944086,0.502914512091059,0,1.47054085944086
"LoVo.2",0.440300293367152,0.251704940075487,1.5207423200707,27.101670148933,0.15061388201646
"8505C.1",0.181438399636364,NA,4,81.5996875997466,0.00828323262303584
"A-253.1",0.113003038567554,1128.58303203648,0.353971649430694,34.4707731503051,41.4856947004626
"CAL-78.2",0.130910523555998,115.820171769162,0.350059433429805,0,115.820171769162
"DU4475.2",0.0463285451079595,NA,1.47612178812496,65.7946856983795,4.7733641028266
"ESO-26.1",0.0735150201559886,NA,1.43124337476027,72.8603042045045,1.61736547772346
"NCI-H2373.1",0.316369599386215,4.91955674210825,0.31371914270842,4.41316377675567,3.66443694201783
"NCI-H2722.1",0.0788710895218914,NA,1.21862577283736,89.2204250861502,0.0584216661823285
"HCC2157.2",0.203917906574199,NA,2.17611739850001,62.6360180721573,0.230505483162229
"HT-55.3",0.258761118421476,6.25489978364019,0.402854535842645,0,6.25489978364019
"JJN-3.1",0.053311461061182,NA,4,69.5745537786142,2.98704024735053
"KP-1N.1",0.163073016262469,1049.13168037224,0.489864437922836,47.5179158579492,2.28326174182653
"LNCaP clone FGC.1",0.526421861655505,0.137258031627072,1.55744417299598,21.4749955410593,0.0957271269506909
"Lu-99A.3",0.159233543085276,NA,3.5715038520817,74.4447268622085,0.135159776096046
"MDA-MB-361.2",0.379158725096305,0.851053962884859,0.698972758274555,32.459185705811,0.190158577490813
"MES-SA.1",0.21911529452593,6.96399478624056,0.647019372676129,30.5451409224501,1.61909828207018
"MHH-PREB-1.1",0.0538474325323655,NA,4,66.5141102085712,3.30295279989376
"NCI-H1693.1",0.0919174600362636,563.487858978812,0.328620345289427,0,563.487858978812
"NCI-H1975.1",0.249048553283375,NA,1.01846722614736,51.6466553035939,0.283250060670095
"NCI-H720.1",0.297322783919043,1.26415733497152,1.39337386828685,7.12265932996827,1.1321434252476
"NEC8.1",0.218606036656805,NA,1.58800314136102,70.5719607197479,0.0568726973283925
"OE19.1",0.151920717063529,NA,4,51.8778396124099,1.12978499211105
"BFTC-909.1",0.333883265158587,1.04197763900067,0.969920574247637,38.2911380128527,0.233265891161622
"COLO 824.2",0.245728689771532,3.81521523019163,0.578125,1.25,3.65174127254838
"EW-1.1",0.153129768024227,530.775887550122,0.740368093189919,49.3035556726601,1.65172268164729
"EW-16.1",0.145177730492406,NA,0.903593705018564,74.1158083307846,0.199607507825978
"KOPN-8.2",0.0684780306654001,NA,1.33100809702206,57.736442774806,3.95525935116956
"KYSE-50.1",0.0374242635607562,NA,4,87.2292985891551,1.32116369208946
"LB771-HNC.1",0.222534824343041,23.5329489808512,0.315066681116408,0,23.5329489808512
"LXF 289.2",0.190500105676275,14.6450782325313,0.435083195455505,0,14.6450782325313
"MOLM-13.1",0.250678942809253,2.55269081982022,0.776078107358327,0,2.55269081982022
"NCI-H1781.1",0.267300997398295,NA,4,64.2080907815879,0.0574926734589262
"OACP4 C.1",0.264567780533992,2.73712245833674,1.14853319190142,45.1496564878492,0.359027510185055
"OS-RC-2.1",0.235647803217313,NA,0.997458895833461,68.190658155351,0.0501730612486528
"OVCAR-4.1",0.0809402272454002,784.471474847414,0.333762815048388,0,784.471474847414
"OVTOKO.1",0.230147437099691,NA,0.842437210602912,58.2252724528753,0.21351658720806
"PC-3.1",0.149513759553501,NA,4,76.0659421250634,0.133680591598129
"PWR-1E.1",0.159031490754428,165.431593515128,0.283023696544345,0,165.431593515128
"Raji.1",0.11549198185924,NA,0.996322669098907,66.8206063685948,0.98298021950767
"RPMI-8226.1",0.137176561228988,13.4650933774198,0.626275563731757,0,13.4650933774198
"HT-1197.1",0.0495924382057687,41.9287186116808,0.800843747723562,0,41.9287186116808
"HCC1187.2",0.076359191413755,NA,4,84.719269990025,0.316947386991368
"TOV-112D.1",0.0910180972568955,NA,4,86.8828164811327,0.0828862237195534
"TCCSUP.1",0.161928783896903,NA,2.96982025058707,82.2342083206043,0.0173723314725358
"NUGC-4.1",0.0889777648085903,NA,4,84.6606709599365,0.181946156562015
"SNU-1.1",0.00655177843600297,14.9828396402115,4,0,14.9828396402115
"NCI-H23.1",0.00191665979059273,20.7078653859161,4,0,20.7078653859161
"NCI-H1048.1",0.274648981163729,NA,1.10406795353898,52.7172040001801,0.176126346660032
"MS751.1",0.133357524779512,NA,4,80.1784186515785,0.0958898124493765
"MC/CAR.1",0.0518769394087609,NA,4,60.1922644643839,4.09335860211307
"LOU-NH91.2",0.138420241650806,52207.1204126753,0.155051206962074,0,52207.1204126753
"KYSE-410.1",0.0786159855972007,95.4279933015554,0.5,0.625,93.0572040929699
"KMOE-2.1",0.0797996561719752,NA,4,84.4594933393744,0.288160023148424
"KG-1.1",0.0694019843364375,NA,1.04122611941647,82.6225993236543,0.661683149532109
"JIMT-1.2",0.079143358809907,585.68515766267,0.352760802499089,0,585.68515766267
"HEC-1.1",0.0486519484137019,NA,1.0656456953294,84.1610168837393,1.32113893816461
"GI-ME-N.1",0.148680879091339,1210.95838011442,0.219555636879307,0,1210.95838011442
"EW-18.1",0.324326145580297,2.21406910965057,0.533687922775893,25.0935378733635,0.599907839249835
"DAN-G.1",0.302734267447818,3.99747009580936,0.36994664606308,0,3.99747009580936
"Hep-G2/C3A.1",0.190415296747995,NA,4,77.3358316153354,0.0300879374224934
"647V.1",0.181634245844519,NA,0.871596985619467,74.2363614416459,0.0630841677892284
"DMS 273.1",0.319291951331771,0.626203192698934,1.77600642026968,40.0352091822651,0.252516641241267
"NCI-H1793.1",0.0504243200559954,NA,4,91.7292667558385,0.148293511522582
"OCI-M1.3",0.0721904088132416,NA,3.88807946138378,66.5844990637834,2.2504606247153
"OE19.2",0.181328642447941,19.607828796645,0.416017432702221,0,19.607828796645
"OE21.1",0.250106501918357,16.1580559954414,0.301637116692865,0,16.1580559954414
"P30/OHK.1",0.21367472252936,2067.65814751642,0.312944379495424,44.694259128636,1.59363513248939
"P32/ISH.1",0.179835439344774,3.96723042998663,1.0724147619824,12.4814961440641,3.0351834801989
"PaTu 8902.1",0.110628189444531,NA,0.335575269680871,68.3014268396056,2.46823483014757
"RCC10RGB.1",0.19124043525536,8.34254752544577,0.543646952449959,0,8.34254752544577
"RS4;11.1",0.282868369916106,NA,1.38258549281263,51.9353296696244,0.16962587161283
"SiHa.1",0.189391312783494,NA,4,77.6570524810588,0.0285496488581983
"SK-N-DZ.1",0.162139992173844,NA,1.57671693575622,77.0544527579356,0.0739396468096082
"SU-DHL-8.1",0,NA,0.485377133620985,100,34.705810665948
"SUIT-2.1",0.0704257225004387,NA,4,90.806191616098,0.0503464118194115
"SW756.1",0.0830088748047634,NA,0.00195116037811166,83.4528975340673,0.0106967994413249
"T-47D.3",0.256846354331743,8594.58550649458,0.209462668291937,42.6783134409554,0.893089982875988
"TE-6.1",0.267113542463749,8.34321028472361,0.483843036910511,33.1221265024152,0.88415596566059
"TK [Human B-cell lymphoma].1",0.0208421035258828,NA,4,92.4452292290181,1.48756584731144
"TT2609-C02.1",0,NA,0.977237614251269,100,9.519777477549
"U-118MG.1",0.120904930668536,NA,1.24873251637309,70.4922329150405,0.601216670912093
"UMC-11.1",0.0512353945645252,NA,1.22235855860453,93.9553507227648,0.0220178529904682
"WM35.1",0.0826947990021261,NA,4,89.0330053657757,0.054695414678396
"G-361.1",0.109904310157402,41.3274935184202,0.504584530073326,0,41.3274935184202
"HCC1143.3",0.0733686429479633,NA,1.44433659441578,76.8072726530862,1.15825326395075
"HuP-T4.1",0.0964527554776632,NA,4,84.290223286101,0.143958945420289
"MOLP-8.1",0.422296322991909,0.243704416302261,2.46459393908968,27.8919232761835,0.17500850958866
"NCI-H1092.1",0.0918251854238358,NA,4,86.7773732869251,0.0825601811733199
"NCI-H2141.1",0.0271545188057355,NA,4,89.4962417776886,1.67717827238528
"NCI-H596.1",0.145064215832651,NA,0.835304311167645,69.4678115350878,0.383372094101095
"NH-12.1",0.0535390653916464,NA,4,93.1590402697925,0.0448782577997214
"NOS-1 [Human osteosarcoma].1",0.227181005138807,9.43814834072157,0.412723151351401,0,9.43814834072157
"Rh1.1",0.107681788686401,NA,1.12847148252386,74.5650143272537,0.549737962232735
"SK-MES-1.1",0.132404168587515,NA,2.27439439674153,82.7207179769846,0.0497141132235903
"SU-DHL-10.1",0.287748272878926,1.18368581304846,1.96959809321777,13.613288333674,1.00729709029224
"TC-71.1",0.0402030893705111,NA,4,84.4404440398644,1.6788016063275
"GA-10.1",0.35079913126532,1.03297875143643,0.779548657059217,4.97358642093877,0.903068895006933
"KU-19-19.1",0.0881569422239913,NA,0.0811559437530293,61.6927968148885,1e+06
"MHH-CALL-2.1",0,NA,1.04760707397922,100,5.65242924429156
"MOLT-13.1",0.00928173856373583,13.59980943419,4,0,13.59980943419
"KM-H2.1",0.0754787634261193,NA,1.36186595731979,79.8314512782365,0.769231510386496
"AM-38.1",0.0287578674793196,NA,4,87.7488520920856,1.97702033496734
"HL-60.1",0.0026483067548795,21.8295232538067,4,30.0241429406665,17.355139360304
"A2058.1",0.0813116361462361,72.4614097795858,0.523495331698128,0,72.4614097795858
"AN3-CA.1",0.250831569826553,2.08335217702647,1.13641969154341,35.059955734494,0.719650310649231
"CAL-33.1",0.056660057897863,NA,4,70.3396125276367,2.6761533599896
"Calu-6.1",0.106948175188989,558.774430096628,0.30243659815267,0,558.774430096628
"CFPAC-1.1",0.14563998458232,93.142000743768,0.33871367887003,0,93.142000743768
"COLO 829.1",0.131798234932883,NA,0.477819693170778,66.7636865034416,0.918993229891998
"EMC-BAC-2.1",0.189165634309485,NA,4,72.4833236599096,0.0866489977591697
"EPLC-272H.1",0.320309129909979,1.84144158962486,0.537292164435567,0,1.84144158962486
"NCI-H2369.1",0.0777568813194548,NA,0.843439779671719,83.5857551587769,0.387311160246552
"HCC15.1",0.106776092912732,NA,4,85.2483126655749,0.0673975578424822
"JVM-2.3",0.177028832414802,NA,1.07704737525773,53.575901514876,0.752295913803357
"KYSE-520.3",0.218738388873991,NA,0.659722514025619,59.2353567230438,0.231815732504799
"L-428.1",0.0323247690852503,NA,4,88.9436373833766,1.32742529626305
"LCLC-97TM1.1",0.00379588778813687,17.3415357134651,4,0,17.3415357134651
"M14.1",0.163233596832471,NA,0.581065840292635,69.8457852497559,0.217450629526412
"Mel JuSo.1",0.0198405812636603,NA,4,92.4765330547808,1.61803131893239
"NCI-H1568.2",0.129897241077983,NA,0.931098362093797,85.5507692585546,0.00912309447492327
"OACM5.1 C.1",0.312050992798779,1.40597838397382,1.08343215513306,43.3261558281503,0.219146629446389
"OAW42.1",0.223124354675385,NA,0.760060664583289,50.4385623819312,0.471172687100485
"639V.1",0.143957710642682,NA,0.374289189926883,54.8483214486147,3.12278062755275
"BV-173.1",0.204493059524927,5.32935148722863,0.833612120279221,32.3445263796606,1.5287872017024
"COR-L311.1",0.208620117430483,NA,1.93942734777862,53.2346033662686,0.459450991071449
"EGI-1.2",0.0300334534970374,NA,4,89.9574961140488,1.26737821571466
"EJM.1",0.258100854958377,NA,3.0885313399556,53.754180956043,0.211737733395784
"ETK-1.1",0.279525666525453,NA,1.34218429322183,55.8822323968311,0.122820025061163
"GCT.1",0.0951969177271553,NA,0.665450722661785,61.787186980179,3.03133011332936
"HTC-C3.1",0.0482854265275384,NA,4,94.6782275426258,0.0186004267826614
"JHH-4.1",0.11654746271926,NA,4,83.2638696920943,0.0814680830745665
"KP-2.1",0.117993961078568,10982.993091921,0.198027701494286,0,10982.993091921
"NCI-H1417.3",0.399112214860128,0.664463450918251,0.926156601104937,2.07197794790292,0.634782731583911
"NUGC-3.1",0.165010855059186,NA,0.271869664403306,61.4885335149124,0.984921206089986
"OVCAR-3.1",0.121200053516709,NA,1.64622715314767,66.6394309606751,0.820836299828364
"PaTu 8988t.1",0.160452205727934,NA,1.58664089268227,82.9726362798476,0.00924169906040351
"SK-GT-2.1",0.22479617272237,NA,1.90115425003414,65.2414188445093,0.114226880975587
"BHT-101.1",0.198726980319558,11.1547467316368,0.458289693260514,0,11.1547467316368
"CCK-81.2",0.208527491476094,19.6514221572913,0.356796949726274,0,19.6514221572913
"HT115",0.136245807590358,19.2346620105271,0.655808011150475,25.4932090663224,6.48436961865569
"SW48.2",0.243698372289005,NA,1.39670435063657,60.5837800742132,0.135452848432065
"TE-1.1",0.0802249866046177,NA,4,87.3959210721495,0.123208406229823
"SNU-398.1",0.036647829932002,1973.0949622906,0.407126522622019,0,1973.0949622906
"SK-MG-1.1",0.25067890579626,41.8449567434664,0.405384389796779,39.8041738368532,0.828331385272339
"SCC-3.1",0.0713030235339743,NA,4,75.3143335654743,1.36010287162041
"RPMI-7951.1",0.214357558231761,24.5335459937282,0.325418724392667,0,24.5335459937282
"RL95-2.1",0.0781085925780933,154.400572913716,0.450303216216791,0,154.400572913716
"RERF-GC-1B.1",0.184118254912013,55.4828114939762,0.466331507067903,37.133475965593,3.02007326807066
"PL4.1",0.0893957730951377,NA,0.0495407468559501,82.4838750733683,0.136710120499301
"OSC-20.1",0.120616590159483,65385.1620020696,0.165670404510387,0,65385.1620020696
"OAW28.1",0.118275882340218,NA,3.13429161880405,77.0977070647938,0.282361565927368
"NCI-H446.2",0.289754000547231,2.28299170476914,0.590450697431372,0,2.28299170476914
"NCI-H322M.1",0.162749482109617,NA,4,76.3932086941654,0.0854836774986481
"NCI-H1915.1",0.110175746236374,NA,0,77.9648507527252,0.0216724906112596
"MM1.S.1",0.569512508824907,0.170588012421357,1.7140074206972,4.58379257772782,0.161281686403851
"Karpas-231.1",0.0236063393874414,NA,4,88.2193903073356,2.50798859514065
"FTC-133.1",0.0191844184097749,18.0618370362816,2.0086875850163,0,18.0618370362816
"A-204.1",0.169630791358879,NA,4,72.3095901858898,0.145326519751259
"HSC-4.1",0.0790073549401305,NA,4,85.9492236254482,0.205698677071349
"NCI-H1650.1",0.160658039943795,596.336134848539,0.228418593456916,0,596.336134848539
"NCI-H2228.1",0.275813107676707,NA,1.056785975462,58.0818085458369,0.0986899809963121
"OVCA420.1",0.142450485317314,63.061624198738,0.375341645013304,0,63.061624198738
"RC-K8.1",0.102215645969172,NA,1.86704057079228,80.5246433556744,0.266281701338045
"RERF-LC-KJ.1",0.146860386890265,NA,0.757421223156411,62.3274982738194,0.769921095475006
"RERF-LC-Sq1.1",0.159444535683259,3.11205303418555,2.47983884061109,22.3560184266574,2.45054260428829
"SBC-5.1",0.080011294389629,49.7680237017788,0.584930904634631,0,49.7680237017788
"SCC-15.1",0.155076539388386,NA,0.409570047850043,76.1070047391412,0.0557656577347638
"UPCI-SCC-090.1",0.105658165514544,NA,0.546836333738497,50.3827409393066,6.17363940016444
"SF268.1",0.0352904914935287,NA,2.38471287891869,91.4277639922956,0.582423490833354
"SK-ES-1.1",0.168858059404135,NA,1.64433657842468,51.0752812221648,0.932826303212749
"SKN-3.1",0.0218064431539893,NA,4,75.9678591118664,5.45803540857959
"SNU-182.1",0.162058427418962,NA,1.61698623031331,74.1362708543323,0.130753027206752
"SUP-B15.1",0.155081129393383,NA,1.4323929194087,59.1934584284255,0.735278278708677
"SUP-HD1.1",0.139061192414367,18.9653103329784,1.22693395451777,47.274125444474,1.77086885456513
"TE-4.1",0.163710879698834,13.9947898582858,0.518835301347924,0,13.9947898582858
"TE-6.2",0.325295918659371,1.13247326173273,1.0097608545125,39.7276503452541,0.236249846253339
"Granta-519.1",0.0635649255926946,NA,4,89.3934224246418,0.159310261804581
"PaTu 8902.2",0.113224955908323,NA,0.793668081719389,67.8310340059267,1.03306002117481
"OE19.3",0.145529816410882,NA,4,76.2493150838784,0.145184215135981
"OVCAR-8.1",0.0982065219691988,69989.7143584338,0.184536791449427,0,69989.7143584338
"U-251MG.1",0.0996859517196196,7484582539233.98,0.107600385216333,40.894786493195,999640.757645498
"A-704.1",0.289473344202689,18.5024514682441,0.231579075211983,0,18.5024514682441
"HCC827.2",0.142366152603081,NA,0.996873083688304,66.1502056122015,0.568814516784007
"Lu-135.1",0.197778205236341,4.8753367224164,0.70779679402896,0,4.8753367224164
"MFE-296.1",0.0670079941053086,NA,1.33447778398613,56.6836707428495,4.21944361614323
"MFE-319.1",0.00329467190204458,28.0601693895283,3.94401322840506,45.1984097286368,15.4911197232528
"MOLM-13.2",0.247384768505464,6.15239484274858,0.868840010300306,44.5839795537457,0.476468797178131
"NCI-H2405.1",0.0852522033203552,NA,4,87.7626092893666,0.0813156611754537
"NCI-H650.1",0.0394747369229383,NA,4,94.4921354706185,0.0707990891439901
"OVISE.1",0.184797233398807,NA,1.06730635897592,65.7667538957998,0.236826694481944
"PF-382.1",0.313398347432179,1.50990072347834,0.727896095753684,0,1.50990072347834
"TYK-nu.1",0.127351947945211,NA,4,53.5580125149485,1.50475778528858
"UACC-257.1",0.127231478638827,675.290166340386,0.264425966061942,0,675.290166340386
"HCC1143.4",0.115095529377916,561.918597038673,0.288887244720574,0,561.918597038673
"Hs 578T.3",0.299370280853975,2.90775087876556,0.451349043678676,0,2.90775087876556
"Rh41.1",0.289021168706269,1.29316117315314,1.19100475988,35.2372774800053,0.464317640393276
"DK-MG.1",0.22939084221881,NA,4,66.4875670355415,0.0884411952630256
"T84.2",0.0660349114529525,NA,1.3841823005657,61.6217583948959,3.53812156260603
"COLO 678.3",0.0200529803031676,679.752295978465,0.621211998795033,17.5589185149858,338.780348950114
"HOP-62.1",0.0144714875053083,NA,4,92.5452081070999,2.6192948377359
"U-87MG ATCC.1",0.135145675340634,NA,0.761324621510948,73.5929688168236,0.287926671043015
"TOV-21G.1",0.0971396646697653,17.1310210975319,0.755292185788238,0,17.1310210975319
"TGBC24TKB.1",0.216981003138713,3.63686439408815,0.759078415488033,0,3.63686439408815
"SW626.1",0.135200622951354,NA,4,80.0592738621015,0.0924916784639971
"SW1573.1",0.122529066997091,NA,0.538176491375817,73.7628639053345,0.432306622901951
"SU.86.86.1",0,NA,0.616472084613944,100,0.0475243773654391
"RPMI-8866",0.102618209541164,NA,1.3826053377657,54.3385998092314,2.31582655008254
"RD.1",0.155311527122575,NA,0.555960675304374,60.8530292274961,0.833304142972176
"PA-1.1",0.189978820607937,4.96396036513092,0.94309456556315,30.6372592482844,1.81537039880134
"OCI-AML-5",0.0698768847596093,40.1179399705155,0.676078013171059,0,40.1179399705155
"NCI-H209.1",0.0318155352282433,NA,4,71.6591981247316,4.65843953552679
"NCI-H1876.1",0.176573585392768,15.9303834655471,0.932149691513654,45.4575569323641,1.21540988319043
"LN-405.1",0.147072449098769,NA,0.710535629222513,61.4984853055821,0.842791533018943
"Huh-7.1",0.0595014506474114,NA,1.09041918248653,83.4540002279685,0.882054297959367
"NCI-H716.2",0.284622575586563,4.58259896329836,0.390499076915012,0,4.58259896329836
"SW620.37",0.0501980012136891,2180.68016706693,0.366506677213699,6.99866954455322,1445.1404859297
"SK-CO-1.5",0.132213630730882,532.464161527691,0.266644940310916,0,532.464161527691
"HT-29.36",0.174461549005262,4.58234611141641,0.918791762872012,0,4.58234611141641
"HCT 15.32",0.212513917020344,37.8523802197331,0.744744727870539,47.5014478631832,0.677341672844375
"PC-14.37",0.0949561004041239,NA,2.12943231370752,75.472939053306,0.690726746814177
"PC-14.38",0.164204201843864,NA,4,78.3572411532312,0.0529574621829092
"PC-14.39",0.105441516187236,19.0490771013599,0.676513632915413,0,19.0490771013599
"MHH-ES-1.33",0.0830021562608537,NA,0.689109171541451,72.7471026476859,1.70402622789637
"MHH-ES-1.34",0.139514856390457,28.0233369365812,0.472912888336108,0,28.0233369365812
"MHH-ES-1.35",0.137614177753684,37.7090750128124,0.438842710716664,0,37.7090750128124
"SNU-C2B.36",0.163438105931234,NA,0.656448239840438,65.0005830327112,0.418992113391317
"SNU-C2B.37",0.0890742811399212,580.746335572535,0.332582818035718,0,580.746335572535
"SNU-C2B.38",0.0664654346311023,NA,4,91.165355017496,0.0553445319239784
"HT-29.37",0.238330716276089,4.88815676217314,0.549331273081845,9.38583699477392,3.34793563138179
"SW620.38",0.0806624139361118,NA,4,91.2111435135298,0.0171810277881576
"SW620.39",0.0759656695659604,NA,4,90.3382729163448,0.0437646190144458
"SW620.40",0,NA,0,100,1e+06
"U2OS.34",0.034549046463269,23.0149953899811,1.25833159487547,0,23.0149953899811
"U2OS.35",0.149702922076191,NA,1.66879460509259,79.9807927582818,0.0552340873650932
"A-549.30",0.232472081574125,14.4087496905381,0.532443520773905,37.2222340084531,1.11122985724517
"C32 [Human melanoma].30",0.117723318072303,187.342415542238,0.342459863487243,0,187.342415542238
"C32 [Human melanoma].31",0.123127646579197,NA,4,86.1737767389793,0.0210467204556515
"A-375.33",0.147068296396926,760.150258254292,0.235653387163103,0,760.150258254292
"A-375.34",0.0754708026713029,NA,4,89.8493655005572,0.0588240069457583
"CaR-1.3",0.103329839343984,1378.23160008563,0.74003555018215,49.3042511991027,4.27203929682504
"C2BBe1.1",0.180466941454361,NA,1.557234370648,81.953304732634,1.08396833502011e-06
"CHP-134.1",0.0852255945711861,NA,0.725394006014063,69.8220291234638,2.00810226500786
"CL-11.1",0.0846102143213287,NA,4,88.4160783824572,0.064397867157675
"Karpas-45.1",0.214310365242715,2.65446733902397,1.19822909589177,0,2.65446733902397
"NCI-H1573.1",0.0820236103879509,199.588385409892,0.417059962465135,0,199.588385409892
"NCI-H1688.1",0.0909455086572467,NA,4,86.24522474136,0.103887951315467
"NCI-H196.1",0.0223076251099075,NA,4,81.3739229221442,4.41340488620559
"NCI-H196.2",0.0482686168063753,NA,4,91.6848548158867,0.181409792135915
"NCI-H2122.1",0.0996717663674209,11.7001961116272,0.904857919424403,0,11.7001961116272
"NCI-H2170.1",0.17897988193326,171.441621545274,0.254912808627841,0,171.441621545274
"NCI-H661.1",0.13442251036513,931.667424530125,0.243773939852905,0,931.667424530125
"PFSK-1.1",0.209631503682974,NA,4,69.8460018947509,0.0821345950657474
"SU-DHL-5.1",0.259400827512301,1.70480578994986,1.47746039613417,4.51779537348663,1.59896007421655
"CL-34",0.163833904999286,NA,0.678662084500619,54.5392814635377,1.02922706506059
"U2OS.36",0.139043316707006,NA,1.09110665818122,83.7077211817058,0.019069843941272
"U2OS.37",0.130325605498732,NA,0.21875,76.875,0.0930572040929699
"U2OS.38",0.111868232805216,NA,0.0112849921453614,77.4635712578925,1.13800262215854
"SW620.41",0.0748483655277077,NA,4,87.4756060326591,0.161165901850938
"SW620.42",0,NA,1.08522844980896,100,54.4606124138563
"HCT 15.33",0.195608308918844,NA,0.623043305648171,57.841017643052,0.433284309740475
"HCT 15.34",0.130236767391862,40.6969963554847,0.448419200186984,0,40.6969963554847
"HCT 15.35",0.092336229799912,NA,0.691527615289926,74.0155163712216,1.07527005169732
"A-375.35",0.00227555489718062,19.8132748771277,4,0,19.8132748771277
"A-375.36",0.0315715292137094,196.77480511639,0.635143734757357,0,196.77480511639
"A-375.37",0,NA,1.39972304457083,100,4.97156020347205
"PC-14.40",0.0801811598183712,27.6242464092373,0.709191688794757,0,27.6242464092373
"PC-14.41",0.16288388629437,NA,0.767527077207084,66.4408566995017,0.355384647101944
"PC-14.42",0.0833574168316948,NA,2.09173620129947,77.1055856228599,0.810696022767075
"C32 [Human melanoma].32",0.0838690018188178,NA,0.989615390348546,81.9817029352888,0.408135859706708
"SNU-C2B.39",0.21065350357533,NA,1.61033965366497,75.191710709863,0.0249517673465449
"SNU-C2B.40",0.180263630729366,NA,4,76.3387088644595,0.0518170199139855
"RT-4.1",0,NA,1,100,3.16255534471853
"NCI-H2347.1",0.0736106034141886,NA,4,91.1440994927607,0.0320294233013421
"NCI-H1563.1",0.206836774996317,NA,1.3960394017543,78.3264919184671,0.00654852078542225
"NB1.2",0.240709376902957,NA,2.29202216603041,51.917916799868,0.314954536204709
"C2BBe1.2",0.161494568017342,NA,0.489068658884104,76.1746959595572,0.0490490478051786
"OV56.1",0.0322964571665588,NA,4,80.5641143780667,3.18153838742437
"HDQ-P1.2",0.13268064593871,25.9697702599779,0.574918279166236,20.2885869122106,10.5023753935696
"HDQ-P1.3",0.176557578545273,34.2828447326929,0.363653936241465,0,34.2828447326929
"Panc 08.13.1",0.115847820348484,NA,4,87.1658285435849,0.0192582802217308
"Hs 445.1",0.190405428224467,NA,4,63.4809849105666,0.272871328835297
"ALL-SIL.1",0.178482017647237,4.20752319383373,0.970016418059565,0,4.20752319383373
"ALL-SIL.2",0.210749319997436,4.51347337184483,0.673401272777011,0,4.51347337184483
"ALL-SIL.3",0.0342052547518526,9.47534165864441,3.33068028497238,0,9.47534165864441
"MHH-ES-1.36",0.190657067526974,151.625001305514,0.246876576660643,0.597871526065888,144.413919334608
"MHH-ES-1.37",0.176279555183422,NA,0.805352418300695,72.2552839575424,0.108135239701103
"A-375.38",0.0463576617645216,NA,4,93.1733915284864,0.0918165075031191
"A-375.39",0.0530966028789606,NA,4,92.30650113523,0.0850531148894331
"A-375.40",0.00563933830214479,15.6057212854305,4,0,15.6057212854305
"HT-29.38",0.149294772601708,17.858284090339,0.587248261723419,19.4057654938009,7.73692652217636
"HT-29.39",0.154174196938519,NA,1.20753302303179,61.7515849035138,0.632466086040274
"C32 [Human melanoma].33",0.0965654207345478,NA,4,86.5155956612062,0.0710789684413101
"C32 [Human melanoma].34",0.140562219092104,NA,2.03049177979489,82.0374477417974,0.0438751268988303
"SW620.43",0.0825845592678199,NA,0,83.483088146436,0.00478578287884849
"SW620.44",0.0548664307182642,NA,0,89.0267138563472,0.170409692537037
"SW620.45",0.0645174830179992,NA,4,91.946216304843,0.0394900930926683
"U2OS.39",0.174616482748945,NA,0.751931281558133,71.2536593448884,0.13256877044146
"U2OS.40",0.195921768005797,NA,0.673943314559997,73.864643072967,0.0339175170796421
"SNU-1040",0.165499242080297,NA,0.782439107793103,62.3217186571457,0.506237432395028
"SW1116.3",0.039392881122875,11469.3139076662,0.321355741651327,0,11469.3139076662
"SW1116.4",0.088328888891615,890.026279903849,0.313136645530888,0,890.026279903849
"CL-11.2",0.12556081012135,NA,0.563816777605352,76.5921205769515,0.223299997622431
"CL-11.3",0.0849624050480793,NA,4,81.2204759267878,0.434589405705991
"SNU-C2B.41",0.137660091050095,NA,3.51529288474629,80.6945349195763,0.0725869014639352
"SNU-C2B.42",0.149060601618877,NA,1.33995341283162,82.0394070224369,0.0272451741290828
"SNU-C2B.43",0.143275604584419,141.278367796856,0.331512019431055,9.17453823669847,76.6492528628641
"PC-14.43",0.113227001123459,NA,0.757380239979409,54.6885254862638,2.62940846909084
"PC-14.44",0.120184561191573,NA,0.930951946016484,60.8838551885153,1.38834865879014
"PC-14.45",0.120474217994741,NA,4,80.7274359732357,0.133296110629666
"SNU-C2B.44",0.107592173240344,19.4851536542777,0.659833174382581,0,19.4851536542777
"SNU-C2B.45",0.208005701593403,NA,4,72.5115018546544,0.053695730827961
"SW620.46",0.0892353530397988,NA,0,82.1529293920402,0.00375024261940161
"SW620.47",0,NA,0.313442013305406,100,0.995747484237336
"HT-29.40",0.328286884422011,20.96637806718,0.332825601701689,39.9300184241677,0.170025638098557
"HT-29.41",0.232294541277368,5.3849337579945,0.515381475389474,0,5.3849337579945
"HT-29.42",0.253337938645437,3.83446115051804,0.540739876076393,0,3.83446115051804
"U2OS.41",0.129122567451245,NA,4,78.530327771322,0.156993079577328
"U2OS.42",0.100209632599207,NA,1.05163416138347,75.231696484093,0.635744408809684
"U2OS.43",0.179756363488598,NA,0.860963987758391,72.7558791349335,0.0910494561559712
"MHH-ES-1.38",0.196729121498127,NA,1.64886861052194,72.8806875082145,0.0648879472212509
"MHH-ES-1.39",0.176823132400133,29.951153152001,0.376519091665046,0,29.951153152001
"MHH-ES-1.40",0.127465658457239,34.0154370293457,0.479396315294159,0,34.0154370293457
"PC-14.46",0.150984202904024,250.951450334809,0.273925151870147,0,250.951450334809
"PC-14.47",0.151417785221304,NA,4,78.700124689183,0.0737001611040494
"A-375.41",0.0354948463991942,13.4645329275695,1.85509982957084,0,13.4645329275695
"A-375.42",0.0671823842662299,438.121602844615,0.399805565800931,0,438.121602844615
"PC-14.48",0.102434622836602,106.796595670298,0.417759767085988,0,106.796595670298
"C32 [Human melanoma].35",0.166555683932261,NA,4,74.7162461328649,0.105658488152102
"C32 [Human melanoma].36",0.191992941118291,NA,4,73.8141715121622,0.0631709275456478
