"","aac_recomputed","ic50_recomputed","HS","E_inf","EC50"
"PC-14",0.00415591139413544,44.0343103268756,3.2946262506002,20.6806365481398,37.4480760312157
"A-549",0.141161570759851,11.0712701722885,1.31401400851485,27.8252007356863,5.96308511723495
"A-375",0.0703267396285639,98.6645845719053,0.631210936981772,0,98.6645845719053
"DEL",0.205050004899687,5.11371368065281,1.72617016101353,0,5.11371368065281
"EW-13",0.030913396632675,12.5860559906949,2.20685073969592,0,12.5860559906949
"EW-13.1",0.0206428817418265,21.3583106085939,4,0,21.3583106085939
"CL-40",0.106840359371635,NA,1.84767654450068,56.2413761833934,1.89768394521731
"CL-40.1",0.1131752983784,NA,4,66.600979405831,1.92549523778187
"MHH-ES-1",0.0883441996914993,NA,0,82.3311600617001,0.147152875279565
"C32 [Human melanoma]",0.049423967139811,NA,0,90.1152065720378,0.0147967903431912
"C32 [Human melanoma].1",0.00435643914125795,33.4430931256345,4,0,33.4430931256345
"U2OS",0.00760472312279088,NA,4,69.6875,10
"U2OS.1",0.00351239695587655,40.6056944936088,4,30.3027907603807,32.16959669734
"TC-71",0.0466686554434272,NA,0,90.6662689113145,0.0186052560959798
"TC-71.1",0,NA,1.34534448804723,100,53.8298874683579
"DiFi",0,NA,0,100,1e+06
"RKO",0.0225753233538679,10.3665879676428,4,0,10.3665879676428
"RKO.1",0.0294533038811267,36.810391035099,1.58447389237738,0,36.810391035099
"NCI-H747",0.0617411073631079,36.9688953335751,0.745508407152075,0,36.9688953335751
"CL-11",0.0103936596905944,13.1675452832333,4,0,13.1675452832333
"CL-11.1",0,NA,4,100,29789.9642329706
"COLO 320HSR",0.00790216956975809,NA,0,98.4195660860484,0.0551488946233827
"PC-14.1",0.00515553752873592,15.9869666771805,4,0,15.9869666771805
"PC-14.2",0.0221184960683218,NA,4,92.0334658170452,2.93911255479678
"A-549.1",0.013334687667438,12.2405087531396,4,0,12.2405087531396
"A-549.2",0.0919036298280773,1682566.32231156,0.160196191711982,4.00469722870162,999186.246988276
"A-375.1",0.0783262319502061,NA,2.04835917443642,64.7496117028919,2.20187944576276
"A-375.2",0.0310115519852209,39.0600543883431,1.47682848502741,0,39.0600543883431
"SW620",0.104449114409144,21.4455332977734,0.649861640330858,0,21.4455332977734
"SW620.1",0.0336043823721416,NA,4,74.2648813815918,8.17166517229343
"HT-29",0.0808973066169772,85.7806665919193,0.503576000371348,0,85.7806665919193
"HT-29.1",0.0468274444705565,NA,4,70.6055776086404,6.67550234764214
"HCT 15",0.0530860629729494,8.82812416463903,4,43.3006102154256,5.3411496129971
"HCT 15.1",0.075146213877239,18.870072115149,2.52028809735142,43.7216841481284,8.28370108476702
"SNU-C2B",0.171913468475558,NA,0.765269736059862,60.5790597998582,0.527082902580872
"SNU-C2B.1",0.0948011331989657,NA,4,64.7946764860106,3.11396241851496
"MHH-ES-1.1",0,NA,0,100,15.8104729750982
"MHH-ES-1.2",0,NA,1.12123897101014,100,4.06372293201799
"MFM-223",0.00738440147985016,14.498271258067,4,0,14.498271258067
"MFM-223.1",0,NA,1,100,2.00035126168155
"C32 [Human melanoma].2",0.0247021308872816,NA,4,83.3703181325951,3.59926442933843
"C32 [Human melanoma].3",0.0544765962232438,NA,4,83.7198272885656,1.98271007208041
"U2OS.2",0.00812560183627623,14.1182145243393,4,0,14.1182145243393
"U2OS.3",0.0790946274906917,NA,0.703142406063885,76.4290881914863,2.5360048866942
"DEL.1",0.246119853631174,2.4856038295087,0.843619925201412,0,2.4856038295087
"SR",0.280716220287846,3.17611588965888,1.1397694384031,0,3.17611588965888
"SKM-1",0.0452046966635501,15.9266341808307,4,0,15.9266341808307
"COLO 320HSR.1",0.0346123730704949,NA,0,93.077525385901,0.138026589390545
"COLO 320HSR.2",0.0171211700208698,NA,0,96.575765995826,373.431823493048
"DiFi.1",0.018506016300368,11.0635319088269,4,0,11.0635319088269
"DiFi.2",0.0808975756816645,NA,4,72.3925061074812,2.64269684432995
"CCK-81",0.118095316170867,NA,4,50.9379552190778,1.89704403616038
"CCK-81.1",0.136985371825108,8.45391612491195,3.49206768801622,48.3019759480747,3.20909641331407
"COLO 205",0.0403274579983408,27.2382391472811,1.67745918505312,0,27.2382391472811
"RKO.2",0.0102982244431898,13.2025040011782,4,0,13.2025040011782
"RKO.3",0.00726428181223677,29.1281638538617,4,0,29.1281638538617
"SK-CO-1",0.0914487492528007,5.99637513770232,4,46.544160476577,3.0745721258251
"SK-CO-1.1",0.0993830580979056,NA,2.6594149087012,60.4486755401105,3.53901736295549
"LS411N",0.128525442959739,11.5250961530257,0.717739449948868,0,11.5250961530257
"LS411N.1",0.119161962830717,NA,2.44357020598969,67.2982702978557,1.61554016440989
"LS123",0,NA,0.939717102275735,100,0.0424951982223501
"LS123.1",0.0415107106928228,NA,4,93.8452968387906,0.189585656519623
"LS1034",0,NA,0,100,22107.8678871628
"LS1034.1",0,NA,0.201399986803987,100,0.0500832216614101
"HCC2998",0.0146772037284428,NA,4,68.7387796110319,7.8310764548791
"HCC2998.1",0.0890831943152215,NA,4,77.1198214725636,1.35856876251335
"NCI-H929",0.00685199119890722,14.8001310081031,4,0,14.8001310081031
"NCI-H929.1",0.0159665836785247,NA,2.45313684941818,90.7987623569462,6.16740969989761
"CP66-MEL",0,NA,0.753212279827202,100,1e+06
"CP66-MEL.1",0.0227235073632451,NA,4,91.1568762427329,3.39071354883648
"Ku812",0.0604170951111543,7.89550992447528,2.45565215126185,0,7.89550992447528
"Ku812.1",0.0887941456316308,18.8292169473146,1.68059594451856,36.3285750547105,8.70440500103007
"VAL",0.148701279344162,3.32689448330921,4,12.6332636003841,3.09326991655864
"RF-48",0.0439055851468374,NA,4,68.166523378768,3.87876651629685
"RF-48.1",NA,NA,NA,NA,NA
"L-540",0.0892355874970179,NA,1.46390254321188,52.3882869413159,3.06203571527934
"DB",NA,NA,NA,NA,NA
"SR.1",0.421855002464858,0.595886979942307,0.741225083099532,0,0.595886979942307
"SR.2",0.31889040129543,1.82335266714713,2.53283247360205,12.0601035838572,1.63509386568225
"Lu-139",0.0682743239924967,NA,1.80023617530412,57.4803857343828,7.15405705807528
"MDST8",0.0105005746834094,13.1288175425864,4,0,13.1288175425864
"MDST8.1",0.00650689701131559,30.0220113096735,4,0,30.0220113096735
"HT-55",0.177382407284889,9.39961754949986,1.29478775210804,39.7078802467421,2.77290091823643
"Ca9-22",0,NA,0.246075786072377,100,23.2095191280987
"DOK",0.0850634706908493,158.828714024882,0.42785957101667,0,158.828714024882
"DOK.1",0.0342567741657877,NA,4,65.8929965430417,10.1560585204939
"KM12",0.0117185731191523,NA,0,97.6562853761695,171974.931699244
"CaR-1",0,NA,0.944654274703852,100,2.88670577497239
"HT115",0.0537436876420017,NA,0,89.2512624715997,8950.12032300423
"HT115.1",0.0545682420314474,NA,4,92.5981372025122,0.122872032875727
"GP5d",0.108901980250374,NA,4,71.6893346460956,0.701596790804173
"GP5d.1",0.0791781343846196,NA,4,66.797396385467,3.85323131299541
"SW620.2",0.0799193725408678,NA,4,69.8943735121928,3.19721534797808
"CW-2",0.0738841260875785,NA,4,81.195960215441,1.32548026636156
"HuTu 80",0.104794745324564,9.37804063047907,4,16.0469060415911,8.51313357506094
"HCT 116",0.124547890866832,8.89334638156048,2.38233398398845,33.1197767164452,5.63782396882212
"Ca9-22.1",0.037756110440579,NA,0,92.4487779118842,0.388528211938958
"TC-71.2",0.00471730734920182,16.3713029930801,4,0,16.3713029930801
"SW620.3",0.127780504400044,7.74397489174401,1.98916367908224,46.8205260430568,1.93819373243884
"HCT 116.1",0.169914144904945,2.16532866489757,4,37.3916362931077,1.53442620270908
"PC-14.3",0.00597673983200739,15.3622632511471,4,0,15.3622632511471
"PC-14.4",0.103918228864505,NA,0,79.216354227099,0.0261006325113131
"PC-14.5",0.0720196414078317,NA,4,88.7778451148566,0.1188098058982
"PC-14.6",0.0321414862207912,NA,0.430659237484932,95.0237273462118,0.123204339933804
"PC-14.7",0.102907468009845,NA,0,79.4185063980311,0.0672922136224692
"PC-14.8",0,NA,1.08193270496376,100,23.7433318274828
"A-375.3",0.11692856115086,1e+06,0.136989363634757,0,1e+06
"A-375.4",0.00956470330907719,NA,4,61.875,10
"A-375.5",0.0624695966460413,NA,0,87.5060806707917,2919.43178213308
"A-375.6",0.027205878827053,NA,4,82.9082201496305,6.68166827631211
"A-375.7",0.00596419382263471,30.7420400529354,4,0,30.7420400529354
"A-375.8",0.00545061582501822,31.4992180458142,4,0,31.4992180458142
"SW620.4",0.109376247634321,NA,4,65.5631758698868,1.11492797023179
"SW620.5",0.12716798174956,7.10266131795701,1.47267431668491,38.5001977171145,2.61821780778109
"SW620.6",0.18669388512316,20.3308439864317,0.399227989277964,0,20.3308439864317
"SW620.7",0.14219649563703,15.5447899653437,1.23471526367769,39.3120152360756,4.4554292537251
"SW620.8",0.119511098410774,NA,1.92277586199728,50.5596400494389,3.84762601038645
"SW620.9",0.144769473164356,NA,2.51343228802662,55.7353351204017,2.09186011416587
"HT-29.2",0.114559860629161,16.4174477661328,0.947625769321031,36.0501587335048,4.26838699113039
"HT-29.3",0.13140381605535,NA,4,58.8359309528908,1.10263049291041
"HT-29.4",0.0874242856778681,9.50045535178206,1.75419673166937,37.8315539100412,4.24500103955411
"HT-29.5",0.124985809169684,10.9576537812096,1.90781163433259,38.2296059957951,5.13394000381661
"HT-29.6",0.101816914310274,NA,4,61.2189716483022,3.26240299734515
"HT-29.7",0.120893308366542,NA,4,56.8203038533583,2.8920772531472
"SNU-C2B.2",0.0368872923853977,NA,4,93.9764043285901,0.291090365356928
"SNU-C2B.3",0.0763137152568667,NA,1.19384864750161,69.0701651127767,4.08439625588453
"SNU-C2B.4",0.0388792935606098,157.636977604413,0.734206415204393,0,157.636977604413
"MHH-ES-1.3",0.0350780457100067,22.7479812122693,1.25665217422233,0,22.7479812122693
"MHH-ES-1.4",0.0354698748501137,NA,0,92.9060250299773,0.296465885881638
"MHH-ES-1.5",0,NA,0.352068464552697,100,88.1901130393017
"MHH-ES-1.6",0,NA,1.03120030074491,100,0.265653176038355
"MHH-ES-1.7",0,NA,1,100,0.0200105397013264
"MHH-ES-1.8",0.0258189979834598,NA,2.73831197386932,89.2672844659688,3.81135299617708
"MFM-223.2",0.0133124822007714,NA,0,97.3375035598457,0.518050176115979
"MFM-223.3",0,NA,1,100,2.00035126168155
"MFM-223.4",0,NA,0,100,94642.4367899199
"C32 [Human melanoma].4",0,NA,0.661821483468049,100,0.00621834000735882
"C32 [Human melanoma].5",0.113179217625893,NA,4,84.4246703927214,0.0660903957019156
"C32 [Human melanoma].6",0.0717182146082244,NA,4,86.0341346683547,0.288099373925719
"C32 [Human melanoma].7",0.0977425110498586,12897490.0679303,0.144766012650955,15.4692036480036,1e+06
"C32 [Human melanoma].8",0.0151023296725834,NA,4,93.3669063441515,4.15182386537343
"C32 [Human melanoma].9",0.080335123833973,41960.3728245246,0.227201478208807,0,41960.3728245246
"U2OS.4",0,NA,0.708304365151106,100,1.15996361482061
"U2OS.5",0,NA,0.259882907184691,100,0.0427088050537031
"U2OS.6",0,NA,0,100,0.000534232863865767
"U2OS.7",0,NA,1,100,0.632622157394545
"U2OS.8",0,NA,1.18516455309348,100,26.9405835052251
"SNU-C5",0.0364815968104331,NA,1.25371917703522,85.2816847955916,1.99071937500846
"SNU-C5.1",0.00206796084543752,40.615050050857,4,0,40.615050050857
"SW48",0.118998104562148,NA,1.25014696355536,52.6647733456524,3.87654116280016
"NCI-H747.1",0.0784517214650729,NA,4,73.1372942764614,2.66066300823424
"C2BBe1",0.10894816067216,NA,4,62.8587819258189,2.63709137349384
"COLO 205.1",0.00547662962003975,15.7294243329833,4,0,15.7294243329833
"COLO 205.2",0.0782008163690639,NA,2.14902408020132,77.3817595140473,1.84105490710452
"EM-2",0.0332617042907074,NA,4,80.2313921621663,6.27115418218962
"KCL-22",0.13147178554591,6550.34883162142,0.195545564540852,0,6550.34883162142
"KCL-22.1",0.0244460081420084,29.8604196560106,2.42359238104608,23.0279278266411,23.146923538835
"BICR 10",0.0583820343584808,NA,0,88.3235931283038,55.7079509095784
"CS-1 [Human chondrosarcoma]",0.0278562256013484,922.196088691116,0.560839828356817,0,922.196088691116
"SKN",0,NA,0,100,31.8189480937881
"SKN.1",0.0155419436728538,NA,4,92.107475357315,5.13792205705188
"PEO1",0.0154493274458102,NA,4,90.407968398291,3.29700579160974
"PEO1.1",0.0463905865387612,NA,4,86.1372937593886,1.98238414362258
"TE-12",0,NA,0,100,0.0869351869972705
"TE-12.1",0.0434307642960836,NA,0,91.3138471407833,0.0813644783779284
"LP-1",0.00420139865852277,16.8829372430796,4,0,16.8829372430796
"LP-1.1",0.042117999641199,NA,4,92.961136569203,0.160340909199857
"LP-1.2",0,NA,0,100,0.434718744686897
"CW-2.1",0.13026490433614,NA,1.06879769496706,56.3726150235075,2.82194080455942
"SKM-1.1",0.163979183375774,3.35520578630036,1.82954790948025,18.1829621087879,2.62071194772497
"SKM-1.2",0.0814218634373188,11.7475838094789,4,39.6459517161995,7.9247139961156
"HSC-3",0.0252077036070528,11.6151516789521,2.87637576079339,0,11.6151516789521
"HSC-3.1",0.0168197702292711,22.8050527115965,4,0,22.8050527115965
"Ca9-22.2",0.00470704685381235,32.7616207282496,4,0,32.7616207282496
"PCI-04B",0.0907359071157491,NA,4,53.7292117851557,2.58365653126332
"PCI-04B.1",0.0112142898394792,27.6385168144644,4,21.8023630957373,23.9510970689247
"DiFi.3",0.0459743642572628,NA,2.40052234916753,81.4702927236902,3.62854337498352
"LS513",0.230409402306033,NA,4,54.2822547956929,0.30772870304438
"LS513.1",0.179594332513575,5.48742858645242,2.63011252380481,46.6976239656393,1.95282947847179
"SNU-407",0.0723479598883435,29.146412589298,0.870293645942723,25.053507521645,13.1105577545371
"SNU-1040",0.0522505115842597,23645.065275942,0.269482102021729,0,23645.065275942
"OACP4 C",0.00520677415829583,31.8892045608119,4,0,31.8892045608119
"SK-GT-4",0.0277861099889321,NA,4,75.6307459190084,9.19912311406431
"NCI-H841",0.0738645465755194,NA,4,86.7619637877131,0.423878016064025
"SNU-175",0.0687695555349598,22.8703140410636,1.28535302265122,0,22.8703140410636
"COLO 678",0.0304556489522168,NA,4,95.063900180915,0.281951040690594
"SNU-1040.1",0.0528338774868994,NA,4,92.5820449074274,0.146024326511002
"SNU-407.1",0.0310584872348654,56.3467956355371,1.19103848184966,0,56.3467956355371
"T84",0.0359705443149382,NA,4,84.5111772935122,4.02303909079393
"NCI-H2135",0,NA,0,100,98.9442956031635
"ABC-1",0.00326609376505849,36.0783176744267,4,0,36.0783176744267
"SK-MEL-5",0.00648096088463099,NA,4,97.3371316375822,3.72450094149985
"CL-34",0.00250289527787341,38.6636351710954,4,0,38.6636351710954
"A-427",0.00136147641218107,22.5999801163925,4,0,22.5999801163925
"SK-GT-4.1",0.0487015626176206,237.950064417482,0.51468581744203,0,237.950064417482
"RCM-1 [Human rectum adenocarcinoma]",0.107036858267217,4181.38303946205,0.232285282812105,0,4181.38303946205
"COLO 678.1",0,NA,1.4448817698286,100,28.0659525459134
"LoVo",0.0124446622571258,12.494342472617,4,0,12.494342472617
"SNU-175.1",0.0926560781783927,11.4414991315931,0.981631456661236,0,11.4414991315931
"LS180",0.169118505413446,NA,4,51.205064328485,0.9126746458179
"OACP4 C.1",0.108462695785021,NA,0,78.3074608429959,0.355266934173536
"NCI-H2135.1",0,NA,0,100,10.5131987798521
"CL-34.1",0.01921094486441,10.9316603684423,4,0,10.9316603684423
"ABC-1.1",0.00879533579051545,NA,0,98.2409328418969,0.460743670824411
"SK-MEL-5.1",0.0436815451755879,19.8998640873977,1.20198884349238,0,19.8998640873977
"T84.1",0.00623963218771767,15.1836487846101,4,0,15.1836487846101
"NCI-H841.1",0.0260680725316446,NA,4,88.6827544191093,4.07616494286997
"NCI-H1876",0.111218027343048,9.59856422254389,2.77249888311653,34.9225498728155,6.22899876724203
"EM-2.1",0.26961440882746,45.7259269790354,0.416646627962772,42.8050032492492,0.435923989426364
"LP-1.3",0.0813858751011133,NA,3.62139963495131,91.8614124313125,0.000137336684721638
"OVK18",0.20894785491036,228.104165876022,0.820780428887064,49.6102847044744,0.61599148639771
"A-427.1",0.208783540803913,NA,2.07818801728036,77.5042778880003,0.0132999641329084
"NCI-H841.2",0.0464257483685175,NA,0,90.7148503262965,0.0457609219391913
"Lu-139.1",0.0454762478723723,17.2189293221235,1.28508771732636,0,17.2189293221235
"OVK18.1",0.114383984292997,NA,2.74942144973649,58.5072493194183,2.98483075047285
"A-427.2",0.081280714504239,NA,4,80.301993992871,1.15670586568994
"LP-1.4",0,NA,0.64550836891158,100,3.17990140644251
"EM-2.2",0.00763719434290879,28.7275981237921,4,0,28.7275981237921
"Lu-139.2",0.0573623908463397,NA,4,72.8789286882803,4.64385726094672
"MRK-nu-1",0.0471978010791344,NA,4,60.6374235970083,4.40898698892643
"MRK-nu-1.1",0.0736282256531204,29.1175804097349,4,49.8031807520135,7.29339398293489
"NCC010",0.0504810509284251,NA,0,89.903789814315,1.20315462815268
"NCC010.1",0.0143438085497925,NA,4,77.6318091096483,13.4555803919937
"RKN",0.0728229221993152,NA,4,91.8458292409723,0.0206616679066991
"RKN.1",0.0362457724460548,NA,4,95.0848315630143,0.122699093542562
"SW1417",0,NA,0.283864098684905,100,1e+06
"TE-15",0.0791613157610282,18.4386896765782,0.850129452951517,0,18.4386896765782
"TE-15.1",0.0401655894245969,NA,4,82.7946471316533,3.98942690964549
"5637",0.0293617264499522,NA,0.911798645952356,56.3756476106754,40.1771228752077
"697",0.219609243519248,5.02118840155549,1.2324630131403,0,5.02118840155549
"OSC-20",0,NA,0.882313657892038,100,249.784751452905
"CaR-1.1",0.000945558510360146,NA,4,55.1293148706169,40.4186289252485
"HuTu 80.1",0.0525519464942837,NA,4,73.514622557181,2.5423885207453
"OSC-20.1",0.0575714809253268,NA,4,85.7722902606718,0.611172845664874
"5637.1",0.138758079474265,10992.7137144683,0.178959450187585,0,10992.7137144683
"CaR-1.2",0,NA,0,100,651.224866770434
"8505C",0,NA,0.664579147844826,100,0.0543317480951046
"786-O",0.0761271515964838,NA,3.93996975534441,59.0336246873983,5.54997523984504
"647V",0,NA,0,100,1504.68832005254
"42-MG-BA",0.0153682788689884,28.3873596475875,2.90625,0,28.3873596475875
"SW837",0,NA,0.791000514666631,100,3.97297522145331
"A101D",0,NA,0,100,1e+06
"VMRC-RCZ",0.00596108747980423,NA,0,98.8077825040392,0.306528797446353
"639V",0.0341080494975401,NA,4,69.9139019477494,9.24259453116786
"B-CPAP",0.00316719690218053,36.3693220225505,4,0,36.3693220225505
"A-172",0.0583035277100144,NA,4,61.6025714669457,7.03373934200843
"8-MG-BA",0.0316171027969984,NA,1.47891818577007,69.9764030787558,12.8110418367442
"BHT-101",0.0193651473451457,NA,4,79.8509720017014,10.486584819989
"H-EMC-SS",0.0585567623529761,NA,4,80.7986560010616,1.21676918674696
"H-EMC-SS.1",0.0545502752218409,NA,4,86.3355376907075,1.26906788285025
"A2058",0.0384172804163416,NA,0,92.3165439167317,0.0307328891900839
"SW1116",0.022739374910641,NA,4,89.0517354472767,2.38397847362752
"LS180.1",0.120445158868159,NA,2.00263695227011,59.0821633408133,1.3204072584739
"SW1116.1",0.0343856964095251,NA,4,93.9688614230348,0.389718928578345
"LS180.2",0.152059100584517,13.9550039528047,0.802330190645347,0,13.9550039528047
"A2058.1",0,NA,0.0800725000049628,100,2.52219008664889
"786-O.1",0.0828983139180264,65.6346227251534,0.531100347789118,0,65.6346227251534
"8505C.1",0.00946096184932571,13.5262039431524,4,0,13.5262039431524
"42-MG-BA.1",0.0704353840464109,NA,4,79.28207175427,0.955361013664869
"VMRC-RCZ.1",0.0316053481018387,NA,0,93.6789303796322,403203.230034884
"639V.1",0.0239553177625278,NA,4,60.8925380329371,6.89185500525685
"BHT-101.1",0.00652414841730674,15.0001520972573,4,0,15.0001520972573
"BPH-1",0.0122934088068258,25.0790371308919,4,0,25.0790371308919
"Jiyoye",0.00971931557510602,26.8457928967236,4,0,26.8457928967236
"697.1",0.167085077517063,5.75457349512549,3.67482955816194,13.3998488090284,5.28620725325029
"BPH-1.1",0.105491583967009,1155.96902935929,0.274657081213312,0,1155.96902935929
"SUIT-2",0.0355393696934275,NA,4,77.3643690200794,6.78382607482404
"C2BBe1.1",0.0621896396478621,NA,4,68.595676607434,5.09854385774912
"UACC-257",0,NA,0,100,7314.35553486715
"LoVo.1",0.0831218927335661,NA,4,51.6670224708592,6.11052491570661
"23132/87",0.0551541160457396,NA,4,84.7254741741229,1.65143241056681
"WM793",0.0300564267201784,29.6199106374117,1.8810071584036,0,29.6199106374117
"647V.1",0,NA,0.817477218265508,100,0.287098327972905
"A101D.1",0,NA,0.694802433266643,100,1e+06
"A-172.1",0.158236542820588,NA,0.511747059324691,53.0770073646566,3.24189413139294
"BFTC-909",0.062488026591925,NA,4,91.5190750763847,0.12322615089541
"8-MG-BA.1",0,NA,0,100,20795.3982402703
"SW948",0.0036097646857685,35.1447202910135,4,0,35.1447202910135
"UACC-257.1",0,NA,0,100,1.68797471012217
"LoVo.2",0.155299957829203,25.3309568455637,0.445087919716168,0,25.3309568455637
"23132/87.1",0.0466204085292256,NA,4,85.0878690636417,1.15395384481107
"WM793.1",0.0387508006742249,NA,2.86057332972874,63.0096346163937,5.08425597701369
"Panc 02.03",0.0514842493046376,NA,4,87.2148215596682,0.619487832398489
"C2BBe1.2",0.13397336169084,NA,4,84.6500111237245,0.0239081444224406
"SW837.1",0.0193439549182438,NA,4,87.9012573849697,3.32431746414527
"AGS",0.185795836539558,1.92297668037754,4,48.1744417477288,0.840582686236799
"647V.2",0,NA,0.787508808759528,100,10.51122650294
"BFTC-909.1",NA,NA,NA,NA,NA
"QGP-1",0,NA,1.476146057105,100,113529.45554936
"A-172.2",0.118819457864279,5.00156412972253,2.30907166360803,37.3826516898017,2.75503091861096
"A101D.2",0,NA,0,100,122.942347166892
"8-MG-BA.2",0.0712287797296387,NA,2.15103277635293,57.1954129254329,3.30082603137911
"SW948.1",0.0449260412165934,NA,0,91.0147917566813,0.0292908674333761
"NCI-H345",0,NA,0.40118897080789,100,9.51528468349394
"RERF-LC-KJ",0,NA,0.56358112357596,100,501.635113714385
"CHP-134",0.142094712558507,9.466970793674,1.44585585062792,19.3741487051095,6.74489469532537
"HuTu 80.2",0.0442147951529184,NA,4,61.5968087054962,9.12565206932509
"HuTu 80.3",0.0647751880891372,148.880940372643,0.498463390176733,0,148.880940372643
"RERF-LC-KJ.1",0.056883719904187,NA,0,88.6232560191626,1.8752777554992
"SU.86.86",0.0314173285540319,NA,0.0268246323523193,93.8511519843088,0.0617429997552948
"NCI-H345.1",0.05,NA,0,90,1e-06
"C-4-I",0.0144326216489107,NA,0.72422282015135,96.2958486548479,0.783995274851615
"CHP-134.1",0.15560395333911,3.2086570195365,2.52100519949179,22.3156827952155,2.53795828577313
"C-4-I.1",0.0448963274418443,NA,4,90.4691770748971,0.772581567876221
"SU.86.86.1",0.0570742726796934,NA,0.874180615319254,88.4742907544381,0.656224244712218
"BT-474",0.0212096797043583,NA,4,93.5938443887221,2.03174357708399
"CAL-120",0.0184918117412836,40.1152882616376,1.25761887154438,0,40.1152882616376
"HCC1806",0.104511581169256,9.04770186262816,1.03236715321211,0,9.04770186262816
"EW-18",0.0889695907167308,NA,4,50.959702476768,2.86089711703499
"EW-18.1",0,NA,0.738685054563191,100,13.3765266004372
"SK-N-BE(2)-M17",0.0669109840554693,NA,4,89.6638757931807,0.228622676893729
"A3/Kawakami",0.151130373103074,6.553350448763,3.66384610858623,13.2193336995896,6.02652692579451
"HCC1806.1",0.0899536030000232,NA,3.02655303938049,53.1818699033519,5.33679019939517
"CAL-120.1",0.00403604766761137,34.1263714411007,4,0,34.1263714411007
"GOTO",0.0849842962136111,281.208446121215,0.438900173491469,0,281.208446121215
"G-402",0.166438902466126,4.58541872885931,4,46.8224742151249,2.30228333704334
"Hep-G2/C3A",0,NA,1.66341331190523,100,147001.052445669
"BT-474.1",0.0327085294310668,NA,0,93.4582941137866,0.605959387831527
"SUIT-2.1",0.0218177218420964,NA,4,82.0456872729634,8.71670440680801
"CADO-ES1",0.0674310702459367,43.3957780408637,0.877594789582884,0,43.3957780408637
"Panc 02.03.1",0.0849037887037964,NA,4,54.4874424821407,5.52142007621085
"B-CPAP.1",0.0233943964039216,NA,4,86.4896397463168,6.06044320399931
"FaDu",0.014279097345716,23.9824551132225,4,0,23.9824551132225
"FaDu.1",0.0785191763788319,25.2231205353292,1.24604748320699,43.0726147204723,5.16297447979121
"B-CPAP.2",0.0244469555297538,NA,0,95.1106088940492,0.0969953664509061
"BALL-1",0.417343405472108,0.622113121250795,0.725023988326878,0,0.622113121250795
"Jiyoye.1",0.123036991404691,5.04028919901436,1.93975809698146,30.7473352524821,3.08162481547604
"Panc 02.03.2",0.143054360341129,NA,0.482260874070197,56.1711635799978,1.95091857722513
"SUIT-2.2",0.0497857899724885,NA,2.89780306259931,64.8564113725201,3.83799938508174
"NCI-H2227",0.127938965778092,259.657264625757,0.306108374667838,0,259.657264625757
"G-402.1",0.219338550482088,1.28012856032868,4,36.3487318212039,0.925346391135411
"GOTO.1",0.083186638013407,5.66915226184399,4,37.2525928310084,4.02838606344256
"CADO-ES1.1",0.0229984206917268,10.7487278415748,3.59855719425257,0,10.7487278415748
"CADO-ES1.2",0.0135712430013671,24.352499019485,4,0,24.352499019485
"BT-549",0,NA,0,100,245.493989202918
"SiHa",0.00164979374566278,43.0375686778227,4,0,43.0375686778227
"SiHa.1",0.0709742182044019,NA,0,85.8051563591196,0.0312044005162811
"Hep-G2/C3A.1",0.0586026888850427,NA,4,84.7123230973212,1.41619107820175
"Hep-G2/C3A.2",0.00795786689156778,14.2005571924484,4,0,14.2005571924484
"SNU-81",0.069854514109953,345.512423018162,0.465725435916074,0,345.512423018162
"SNU-81.1",0.038393571541019,NA,0,92.3212856917962,0.736034321796791
"BT-474.2",0.100844724062478,NA,4,87.344376384374,0.0813398903387387
"BB49-HNC",0.00508328204264335,32.095151551736,4,0,32.095151551736
"BB49-HNC.1",0.0964414982806077,NA,0.532604008710156,74.6061365444135,1.01055448031691
"ZR-75-30",0.0518732355420124,NA,2.96090362115008,94.8126762415071,8.75155681697402e-05
"ZR-75-30.1",0,NA,0.397396643275667,100,18.991505518236
"HC-1",0.122586869654582,7.37702455741387,4,34.1976739774145,5.53119516421044
"TK [Human B-cell lymphoma]",0.133608168540204,10.2334627938361,1.34626100203655,0,10.2334627938361
"BT-549.1",0.0883726312346285,NA,0,82.3254737530743,0.00844094727000528
"Evsa-T",0.0901471878706365,NA,0,81.9705624258727,0.328307008599182
"NEC8",0.327483503668109,0.970998081936078,4,3.82323793057622,0.951878987834696
"SF268",0.0567382444624088,NA,4,83.1591165644679,0.975806318124682
"PaTu 8902",0.0701248226438137,NA,0.109699872700137,57.345761255328,1e+06
"HEY",0.016960696569701,NA,4,87.5182579453237,3.93506181862631
"NCI-H1781",0.0700468752718733,24.3590821522829,0.813294930084872,0,24.3590821522829
"DAN-G",0.00751406419148061,14.4286326109071,4,0,14.4286326109071
"HCC78",0.00407888406197221,NA,0,99.1842231876056,5.92661850578594
"NUGC-3",0.135980069832824,21.9389872228387,0.522723917588005,0,21.9389872228387
"KYSE-410",0.0333625348393283,NA,0,93.3274930321343,6.84174359953541
"HCC78.1",0.170003337228101,NA,4,81.2241175387416,0.0188640192734785
"DAN-G.1",0,NA,1.15429706953762,100,26.4534921834945
"DAN-G.2",0.0384732224102786,NA,1.96778896819833,84.5514342602416,1.82193724347798
"CAL-27",0.0300911799250329,24.0703985696792,1.31620601435735,0,24.0703985696792
"CAL-27.1",0.0288022699902522,386.121129646125,0.659551937691648,0,386.121129646125
"NCI-H1781.1",0.108274576703782,37.4213620477007,0.915399571748434,34.9756626636787,10.0620387421644
"NCI-H1781.2",0.197400585734716,27.1701804487426,0.744561440169627,45.862116614469,0.956380090252736
"ASH-3",0.0571075367882367,NA,0.101597622849128,86.2381922466361,9.61915962427045
"NUGC-3.1",0.0791862246307029,6.20197133387359,4,42.0913549577889,3.91122476784595
"TE-4",0,NA,0.232747818431393,100,1.22181588317302
"NCI-H661",0.0419625778938054,NA,0,91.6074844212389,0.0149201583593901
"VA-ES-BJ",0.124839447556578,7.77784763537778,0.972801205237146,5.37921167041744,6.91901962720377
"CAL-51",0.0499694087974111,NA,4,59.3282533685905,8.6334296913651
"CAL-51.1",0.0773063820192785,6.12495389388001,3.60449820740306,0,6.12495389388001
"CAL-33",0.0350342181108754,NA,4,80.5236795594084,2.89170783555371
"Daoy",0.0984536909226439,9.44600037716873,1.06350398012366,0,9.44600037716873
"Detroit 562",0,NA,0,100,1e+06
"AN3-CA",0.00401917966689783,17.0820741819327,4,0,17.0820741819327
"EBC-1",0.0131233032334726,NA,2.80331483362318,98.6876695728456,8.43249059693136e-05
"EBC-1.1",0.01957043318437,NA,4,94.9812690765896,1.35293815741042
"EC-GI-10",0.0384377281129387,NA,4,74.2616176990395,3.5791602259067
"Calu-6",0.0926770579609828,138.049421197852,0.419789118754774,0,138.049421197852
"ES-2",0.0091412442440789,13.6586721806956,4,0,13.6586721806956
"ES-2.1",0.0501174933122821,NA,4,87.5900648263977,1.22906446488716
"ES4",0.101458628817529,NA,0,79.7082742364941,0.000953467216224592
"ES4.1",0.100148416495849,NA,0.969120995051374,80.3794800571694,0.585574600337339
"CHP-212",0.13732491247522,4.86658955256423,1.85789913098126,38.4782493902556,2.20862155320485
"ETK-1",0.0270526444093744,NA,4,91.7160647974028,1.04805762638407
"COLO 829",0.0111241752856217,NA,4,90.197889057258,4.61731389068982
"COR-L23",0.0852789322665975,69105.5286499734,0.21074055041145,0,69105.5286499734
"GCT",0.0081849796362985,14.0895414367259,4,0,14.0895414367259
"NCI-H2373",0.0101374393624282,13.2622533380726,4,0,13.2622533380726
"KYSE-410.1",0.0843533137731663,NA,0,83.1293372453667,0.0589936197431957
"KYSE-410.2",0.00701916392494825,29.4048971883133,4,0,29.4048971883133
"NCI-H2369",0,NA,0.246093762299456,100,0.125610536214264
"RD",0.00413314099258835,33.9125746395231,4,0,33.9125746395231
"RC-K8",0.111046295495207,NA,2.63573431873362,58.2627299705061,3.19310245605665
"NUGC-3.2",0.0625883803965039,NA,2.79003178159541,71.7754110097921,4.34521292151343
"NUGC-3.3",0.103492471158521,14.58367660005,4,49.9634302767528,2.3983079242492
"VA-ES-BJ.1",0.017499181465551,NA,1.97075900755258,87.1133653155882,8.53965769608344
"VA-ES-BJ.2",0.0314643568962108,NA,1.62832807628385,55.4835722424405,8.87554049164556
"CAL-78",0,NA,0.27106161040752,100,6812.61578557049
"CAL-78.1",0.0163737799466196,NA,4,95.874722222953,0.644692340058404
"EW-1",0.0197096773922908,NA,4,95.8921063565906,0.727343622412492
"EW-1.1",0.0825095511998362,NA,0,83.4980897600328,0.023105567892676
"CAL-29",0.0612968903151619,NA,4,88.3395304441891,0.264896771559517
"CAL-29.1",0.00272335531478715,41.4924329873194,4,24.1015249846684,35.2001851809586
"OE19",0.0453836552384956,NA,4,73.320679033436,3.0953309755455
"OE19.1",0.0764491467326433,NA,4,86.55076368201,0.394345689746041
"Jurkat",0.00879912808330904,13.8065194524533,4,0,13.8065194524533
"Jurkat.1",7.73102756152794e-19,NA,2.80462160070083,99.9773661295586,1e+06
"PL4",0.1459105915032,NA,4,76.0496942929911,0.29750921393219
"PL4.1",0.145712192359063,142.782719623532,0.311037076048964,0,142.782719623532
"RD.1",0.0725948339511005,NA,0.317304916894817,81.5016830959496,1.43238544994731
"OVTOKO",0.0598198283954331,37.4366368038517,0.755268657376844,0,37.4366368038517
"OVTOKO.1",0.0891764103725254,NA,3.83642120472386,69.0456304696507,2.73451931942298
"NH-12",0.0354106218639255,NA,0,92.9178756272149,852.276683627724
"NH-12.1",0,NA,0,100,4275.06032674784
"A-498",0.0166356906007447,NA,4,92.5068163344079,4.31800855476296
"IGROV-1",0.251381488418888,15.5289423634272,0.45011366488893,35.0004577198707,1.07017078305892
"IGROV-1.1",0.0777918127011577,NA,2.54059045779421,65.1193707488144,4.31975950049729
"AsPC-1",0,NA,0.993258079032294,100,0.752081955009862
"AsPC-1.1",0.0308792342611519,NA,4,92.0300311268184,0.68826632231803
"Rh30",0,NA,0.574578248641103,100,35.3240792551074
"Rh30.1",0.0897260877781054,NA,0,82.0547824443789,0.105363467366684
"NCI-H661.1",0,NA,0.954640039932818,100,0.216126019967588
"NCI-H661.2",0.0261735817418104,NA,4,86.9717354429906,2.49904026559796
"COR-L23.1",0.028765299092612,99.3217886989506,0.967256680600054,0,99.3217886989506
"COR-L23.2",0.0396731515794344,26.8585680817483,1.07908085865467,0,26.8585680817483
"Daoy.1",0.0912623674599933,NA,4,59.0422259446452,4.29387640655874
"Daoy.2",0.12613896004071,NA,2.63669615652695,52.0871651795494,1.62789228802417
"G-401",0.145255146246813,7.39404179005709,2.73548255893893,44.5934132368834,3.27889734751245
"G-401.1",0.240062027995071,4.15465227933881,0.567468064943906,0,4.15465227933881
"Evsa-T.1",0.051647187167094,NA,4,66.9267619473024,6.82412990843853
"Evsa-T.2",0.218623625292076,NA,0.331147851541552,62.1310284925948,0.111683161562506
"Calu-6.1",0.0814357770622677,NA,1.26569230357703,78.3233558522123,1.53355317229881
"Calu-6.2",0.0864622192204654,NA,4,51.5151649862285,2.92311221767365
"EC-GI-10.1",0.00470601179816364,32.7635416608629,4,0,32.7635416608629
"EC-GI-10.2",0.0561676523760609,50.0193468547222,0.708625231977004,0,50.0193468547222
"HCC78.2",0.0419891557059013,NA,4,94.3028048583213,0.123049299637392
"HCC78.3",0.114835100902843,NA,2.15763218715647,54.5887656115732,1.76246635689832
"AN3-CA.1",0.0913170611256978,NA,4,84.2801125999558,0.361790714444179
"AN3-CA.2",0.111301698065227,NA,0,77.7396603869546,0.00350107934970474
"HuH-1",0,NA,0,100,1272.40863952751
"HuH-1.1",0.0636534280935825,NA,4,79.3113913809102,1.19418353373312
"CAL-33.1",0.0604916760165966,NA,4,91.3346442043308,0.161029126871346
"CAL-33.2",0.0808159487252779,NA,4,76.4957378117943,0.930209821500823
"ASH-3.1",0,NA,0.363817462712386,100,448.533668749118
"ASH-3.2",0.0686350868433293,NA,4,81.9170228234456,0.726809913431302
"GCT.1",0,NA,1,100,0.200070258505549
"GCT.2",0.0308165515214405,NA,4,73.7870440680506,4.4837554868372
"Detroit 562.1",0.0239594458440537,NA,0,95.2081108311893,40.5271894544398
"ALL-PO",0.25564870258105,NA,1.12607523150785,72.8289314426902,0.00620702792663415
"ALL-PO.1",0,NA,0.416451255055347,100,0.702104937719425
"TE-4.1",0.0241199913040898,NA,0,95.176001739182,10.3440761261708
"TE-4.2",0.040546645392544,NA,0,91.8906709214912,51.8816127914838
"COLO 792",0.130062451077026,NA,0.254599598641649,78.329256783829,0.0580455308220781
"COLO 792.1",0,NA,1.56212266366629,100,147370.584221086
"EPLC-272H",0.159108978655219,NA,1.65437976915599,84.0891017988539,1e-06
"EPLC-272H.1",0.0872302945099051,303.386804298184,0.425971198753578,0,303.386804298184
"ESO-51",0,NA,0,100,0.0726742739260035
"ESO-51.1",0,NA,0.154244457465352,100,0.0355364010634915
"CFPAC-1",0.073509010082433,NA,4,91.8852769765688,0.0376051543310911
"CFPAC-1.1",0.02983456896049,NA,0,94.033086207902,164.894253345474
"Raji",0,NA,0,100,294.05757431296
"Detroit 562.2",0,NA,1,100,2.00035126168155
"Daudi",0.206845338416985,4.22584258882811,2.45071532357495,18.0012864834899,3.52224099492915
"NCI-H2591",0,NA,0.932236501104305,100,12.9525544271042
"NCI-H2591.1",0.0240762558172568,NA,0,95.1847488365486,4.83464725833208
"ARH-77",0.213110585501168,2.73849647748817,1.14611763458395,0,2.73849647748817
"Daudi.1",0.314191486205364,1.35307862486208,0.869741512906174,0,1.35307862486208
"ME-180",0.100855964896883,6.02173141203451,2.47055253460135,38.8262329182151,3.28329958432644
"CA46",0.0386962050608794,NA,3.890625,53.75,11.5478198468946
"ALL-SIL",0.110538578464032,NA,2.1514253515498,50.9319834208087,4.29019731092426
"ALL-SIL.1",0.184428928723851,9.55217361854681,0.533897372406087,0,9.55217361854681
"CA46.1",0.0862165603341673,NA,4,51.1939610227968,2.95742388617135
"COLO 829.1",0.0426438715484006,NA,4,91.4463402268328,0.319505311199311
"Granta-519",0.0969609940261046,7.3012450749647,1.3992646195639,0,7.3012450749647
"NCI-H2369.1",0.0278979814450938,NA,0,94.4204037109812,1.80369116482405
"DBTRG-05MG",0.0283082674688845,NA,4,92.8341062298788,0.653081382272831
"EGI-1",0,NA,0.534152776689208,100,26.0291080797822
"LXF 289",0.0119535355703605,12.6433751909255,4,0,12.6433751909255
"NCI-H513",0.119311482267298,NA,4,75.1028308091299,0.365139317246089
"Granta-519.1",0.110624326969886,23.7881805780317,2.1806146521476,48.6069132825306,4.6053566626684
"NCI-H2369.2",0,NA,0.975537820903287,100,6.03396786228027
"DBTRG-05MG.1",0.054890669616627,NA,4,89.8291153446443,0.480950335502206
"EGI-1.1",0.00638632452519333,30.175656829086,4,0,30.175656829086
"LXF 289.1",0,NA,0.210861797372511,100,0.0908006990321273
"NCI-H513.1",0.077587784761703,NA,1.55645390141781,72.8167735203049,2.87060783940699
"ME-180.1",0.0797291314257244,19.2417015754984,3.1884010269324,47.9995642199073,7.01177018922541
"NCI-H2373.1",0.00402407555865088,17.0765819947874,4,0,17.0765819947874
"NCI-H2373.2",0,NA,0.365163294428447,100,158.21952337175
"CHP-212.1",0.0252067348415126,13.5893237792483,2.30342919534818,0,13.5893237792483
"CHP-212.2",0.0217806865933736,31.0266468271703,2.25926042172164,9.12160858216339,28.3802283458494
"HC-1.1",0.0174537746653348,22.5417723171058,4,0,22.5417723171058
"GB-1",0.00116239432151954,NA,0,99.7675211356961,0.0330798810812405
"GB-1.1",0.00734575590396842,29.0386115397693,4,0,29.0386115397693
"DK-MG",0,NA,0.133627668180145,100,403047.93998922
"DK-MG.1",0,NA,1,100,0.0632733265355942
"GI-ME-N",0.0273417744737035,NA,4,85.7776362367398,2.65366591385958
"GI-ME-N.1",0.0559152363510397,NA,4,72.5008647743817,4.91437193141176
"AU565",0.00926941015963097,NA,4,96.465346379495,1.63457957417373
"AU565.1",0,NA,1.09847216613461,100,2.77439432602716
"G-361",0.11365885601006,NA,0,77.268228797988,4.79552819323188
"G-361.1",0.00705161974520411,29.3676052665105,4,0,29.3676052665105
"EW-16",0,NA,-2.1000563326148e-17,82.598758154929,0.0040728071525436
"EW-16.1",0.00338181826882506,35.7511193618059,4,0,35.7511193618059
"LN-18",0.00447963026190121,16.5981728218689,4,0,16.5981728218689
"LN-18.1",0.0269402591436893,NA,4,89.359153971551,3.48059979597394
"ETK-1.1",0,NA,0.765561648113363,100,1.96023971144728
"BT-474.3",0.0423468316669663,NA,0,91.5306336666067,0.753537443035215
"BT-474.4",0.00112127834191056,47.4869803051904,4,0,47.4869803051904
"SNU-61",0.0551908496330552,NA,4,80.2619722678536,1.44964409906208
"SNU-61.1",0.00757451167572445,28.7932988349249,4,0,28.7932988349249
"AM-38",0.19200283196185,NA,4,79.694684381598,0.0136828828754081
"AM-38.1",0.014948485289937,23.6509258232245,4,0,23.6509258232245
"DMS 53",0.0214718271651517,NA,3.65124905342775,81.7092237367223,4.51000652169725
"NB(TU)1",0.0393250959148611,NA,2.6505042862627,80.3716332939547,5.06137371178212
"HeLa",0,NA,0.371467226755308,100,589.864542511943
"NCI-H1623",0.0294693132543748,NA,4,89.8843411798196,2.67399252794631
"SW1463",0.0996226941493114,NA,1.04995181864317,73.4568861844648,1.58049017712576
"NCI-H2122",0.107284853038881,NA,4,65.7372264681219,2.30011541876596
"LN-405",0,NA,0,100,371.916355532047
"NCI-H2228",0,NA,0,100,259.993772853847
"MOLT-16",0.154792032881592,7.35394798045713,1.88175606941183,4.47556823717045,6.99645885814347
"RC-K8.1",0.207088261664114,3.1533075949382,4,31.9536900315482,2.44411107478153
"SNU-C1",0.00687195590543009,31.6227766016838,3.640625,0,31.6227766016838
"P12-Ichikawa",0.0634112227053114,15.4741211317415,2.3870965996828,0,15.4741211317415
"DMS 53.1",0.0517233895280228,124.100799230967,0.69121002446338,0,124.100799230967
"SK-MM-2",0.0584615672177146,14.2973848430602,3.71096782831447,0,14.2973848430602
"NCI-H1563",0,NA,0.75386351278528,100,241.81954848102
"HeLa.1",0,NA,0,100,169.544692935958
"SW1463.1",0.0437773525979915,NA,2.12037128309225,76.7106501415587,2.81589124373386
"NCI-H2122.1",0.0676825104317912,NA,4,52.236916388234,3.77663528400983
"LN-405.1",0,NA,0,100,18809.0942433814
"MOLT-16.1",0.185604175841972,3.61115001357127,1.08210521590041,0,3.61115001357127
"RC-K8.2",0.235985795345531,2.0375352056658,1.32039746990214,16.787389318632,1.49468416569574
"SK-MM-2.1",0.122632661721544,5.11715133197881,1.6319289606135,0,5.11715133197881
"P12-Ichikawa.1",0.274727833050924,14.2897144223816,0.271825143888071,0,14.2897144223816
"GA-10",0.354430396766764,1.53913965275435,1.62492645526934,9.23715313939328,1.35733659495948
"GA-10.1",0.301096863133482,1.16115734174296,1.62332002582734,9.45580619229511,1.02048741855936
"CESS",0.12692960781506,8.05838148375867,2.8137916060279,24.9423420539601,6.30404965484532
"CESS.1",0.136401982610654,4.39201174446452,1.79330946005408,18.915903003677,3.36939028827016
"HTC-C3",0.0842990389945195,NA,0,83.1401922010961,0.00336316556876152
"HTC-C3.1",0.0473992855924061,NA,0,90.5201428815188,83.597993532195
"KMRC-20",0.0803839370288129,NA,2.22772973266119,61.8049646299839,4.75892583371112
"KMRC-20.1",0.0771995549470513,NA,4,61.1426265450507,2.53788830324717
"HT-1080",0,NA,0.889958638502791,100,17.5340496265316
"HT-1080.1",0,NA,0.194682528311409,100,8.80785174801335
"HT-3",0.0259263184580801,NA,4,94.5423533496649,0.751625665619583
"HT-3.1",0.0173914311960259,NA,4,92.5343193247668,2.00157690503052
"SK-N-BE(2)-M17.1",0,NA,0,100,147.88367357125
"SK-N-BE(2)-M17.2",0.0671772416612668,119.292529049765,0.514097596071069,0,119.292529049765
"EJM",0.00143853435571187,44.570160736677,4,0,44.570160736677
"HCC15",0.0451775797626708,7533.80645229435,0.347394797051061,0,7533.80645229435
"KP-1N",0.0288234820590876,NA,0,94.2353035881825,0.146067844946954
"KP-1N.1",0.0134949561252911,NA,4,94.0202390793143,4.20981492381492
"JHH-1",0.0370259733636696,NA,4,94.1723003853635,0.124195847307389
"JHH-1.1",0.0508716500971003,NA,4,85.656550717173,1.72628556531435
"BT-549.2",0.038546632012704,NA,4,88.5119945727175,1.97016578589562
"HEY.1",0.0775231881988953,NA,4,68.650735274478,3.62524723946731
"TK [Human B-cell lymphoma].1",0.197129266879002,3.04560747600128,1.21738981756241,0,3.04560747600128
"HOP-62",0.0707438673350782,NA,1.79840516422278,73.0572514632242,1.66632021847906
"HOP-62.1",0.0408679225003614,NA,2.55728391609902,80.2806147286398,4.82790561968794
"EJM.1",0.0077827757287997,14.2887109475394,4,0,14.2887109475394
"KM-H2",0.112224619840983,4.13019728418522,4,32.8053740094766,3.16283458532852
"KM-H2.1",0.124044292688479,8.02477500950358,3.18331617847616,40.7113199996508,4.7292589291126
"KOPN-8",0.329531558727712,1.0285604587979,2.40855057013345,0,1.0285604587979
"KOPN-8.1",0.277037891788707,2.20534717506926,4,17.1606812946742,1.985331353218
"HC-1.2",0.0953125,NA,0,80.9375,1e-06
"HC-1.3",0.067751355290091,NA,4,90.8744357975204,0.118524352244119
"JJN-3",0.0060872852204291,15.286039211305,4,0,15.286039211305
"JJN-3.1",0.0100679303030723,30.5052789026703,3.25,0,30.5052789026703
"A-204",0.0782727871877711,NA,3.02280715106799,74.2005866059083,1.23070810645479
"A-204.1",0.105990616275862,NA,4,66.1174610990452,2.30498069138614
"JIMT-1",0.0069710550787709,14.7302754461032,4,0,14.7302754461032
"JIMT-1.1",0,NA,0,100,1e+06
"HCC15.1",0.0649568567170814,NA,4,79.9290786533365,1.06949390656356
"ATN-1",6.17182784343394e-12,NA,3.1834994924181,99.6530274011606,4245.47376226271
"DG-75",0.0261802325352876,NA,2.02813737849703,71.6369572539209,12.3831585461147
"OCI-M1",0.0142978118362963,23.9729523896901,4,0,23.9729523896901
"KYSE-520",0,NA,0,100,1.03124999808674
"HuP-T4",0,NA,0.871496405876145,100,1.448555104342
"KMOE-2",0.00683468273765032,29.6208108507906,4,0,29.6208108507906
"JSC-1",0.117984480776278,13.6179323403382,1.43656312307796,29.8189267392574,7.24148347574821
"EFM-192A",0,NA,1,100,0.0200105397013264
"RT-4",0.0876005733056895,NA,4,84.1633439195458,0.438231938207037
"KYSE-50",0.0184653214535986,NA,4,96.8908460918253,0.330718885561341
"U-251MG",0.00548439481476874,50.2043359960758,2.50622826772768,0,50.2043359960758
"IGR-1",0.0338076026721129,NA,4,92.3962890854985,0.927412336595178
"NCI-H1563.1",0.085654813826476,NA,4,85.639710901467,0.324903934569745
"FTC-133",0.0583880580716181,NA,0.94568043946647,51.3625093541631,16.5753839956249
"NCI-H2228.1",0.0306544787999897,NA,4,86.2517449106958,4.28944018122657
"CAS-1",0.0497023093447833,NA,4,88.4383473301184,1.02674158868082
"HEC-1",0.0204744329591884,NA,4,85.9478490511791,7.34360907707464
"MFE-296",0.0384986073544535,NA,0,92.3002785291093,5.80305456499545
"M14",0.0808838901373074,NA,4,78.3009636103071,1.5235573856948
"MM1.S",0.0570799320928155,18.0608772923433,2.03488738344256,0,18.0608772923433
"HT-144",0,NA,0.728265784090896,100,12.3895184952147
"LB996-RCC",0.058735651857171,NA,4,57.7340318340852,7.70055004042909
"IMR-5",0.0593080659499671,15.0212635447758,2.91911382901696,0,15.0212635447758
"HuO9",0,NA,0,100,82.2552337454418
"OV56",0.0202679127395908,NA,0,95.9464174520818,2.81415355139434
"NCI-H446",0.0435368986970314,NA,4,82.4239362327135,3.6148110182471
"NCI-H1417",0.0289416815365075,NA,4,81.5389985523986,6.79496024056716
"OAW28",0.00352717570907491,35.358916595133,4,0,35.358916595133
"OVCAR-4",0.0364667701587894,NA,0.944023849694493,86.4667895227178,3.76618794031574
"SK-N-DZ",0.00311521016310801,36.526767088245,4,0,36.526767088245
"NCI-H2405",0,NA,0.834592208971058,100,25.5616763339005
"SW872",0.0318359420038793,NA,4,95.2299958812389,0.199027385589515
"SW1573",0.0409326832559395,NA,2.6815279479258,82.0696362125998,4.15527203100699
"RL95-2",0.063585653519074,NA,4,91.6040084017383,0.106922669462457
"TCCSUP",0.0034507623155826,35.562592565411,4,0,35.562592565411
"SK-ES-1",0.0943189236631938,NA,3.00440987339095,66.5969704248405,2.84713652499232
"TT2609-C02",0.0294885073193259,NA,3.17074671595011,88.2968956817574,3.51336494684304
"WM35",0.0726753184596753,NA,0,85.4649363080649,0.00394072625671432
"SU-DHL-8",0,NA,0.295244538680713,100,0.0895320962847248
"RCC10RGB",0,NA,0,100,1e+06
"SiSo",0.0152971449053849,29.4272717620928,2.78125,0,29.4272717620928
"UMC-11",0,NA,1.38115156866158,100,286.550406134011
"SK-MG-1",0,NA,1,100,0.0632733265355942
"SKN-3",0.0379212609744271,61.2944341140436,1.0379246651214,0,61.2944341140436
"LNCaP clone FGC",0.170585901126662,4.13854838146542,4,42.8125,2.54829674797935
"NCI-H1944",0.0109936087538934,25.9118110897,4,0,25.9118110897
"SW780",0.0411862513853625,NA,4,78.3946570685303,5.36717122935971
"OVCA420",0,NA,1,100,20
"OAW42",0.0464620687703267,NA,4,74.0947663937248,5.80465950006153
"WM278",0.00799120614952722,28.3680592397825,4,0,28.3680592397825
"OACM5.1 C",0.0614717419066105,NA,4,51.2988699411904,8.42876047666827
"Karpas-231",0.0740058276672343,15.9226867783376,2.10664428763385,24.3590963673139,11.5968289431756
"A-704",0,NA,1,100,0.632622157394545
"MC/CAR",0.0813530753643676,NA,4,50.7801584946419,6.40245784033631
"JHH-6",0.00494596786801398,32.3313150588966,4,0,32.3313150588966
"MHH-CALL-2",0.267996459068164,2.38345875216948,4,17.0432731403297,2.14758893437956
"JHH-4",0.0212228010634442,NA,0.0317327986843222,95.4587783126884,39.2278468103944
"ESO-26",0.0319204199330764,NA,4,81.3608272763216,6.14139128111206
"OE21",0.0267469977048314,NA,4,87.4565323130437,4.58855306886685
"NCI-H1693",0,NA,0,100,0.150559183182224
"HCC1187",0.0256358366440805,19.8502614598364,4,0,19.8502614598364
"HSC-4",0,NA,1.53364647495436,100,162.495203148605
"Lu-99A",0.0380049470755397,NA,4,86.2005666484185,2.98482195965085
"MOLP-8",0.106665314681637,8.77989208548265,4,31.3655446860894,6.86002743563751
"MHH-PREB-1",0.057781760014997,NA,4,56.2751382696763,8.08110377893281
"MOLT-13",0.0131296869331484,24.5944862417408,4,0,24.5944862417408
"MDA-MB-231",0.0169362351319596,NA,4,94.2490546464826,2.61604222217995
"NCI-H2722",0.00892723234789455,NA,0,98.2145535304211,0.0599006094033747
"OS-RC-2",0,NA,0.706689689925273,100,0.150904869239874
"OVCAR-3",0.0205015061934548,NA,4,91.1746059505843,4.02120762332933
"KY821",0.14931742256511,6.11939372981893,4,23.0067469504355,5.2454131732508
"Hs 445",0.157655972133055,5.57960678236241,3.09979693094748,33.263027339365,3.91988382040543
"SNU-1",0.0411943021412815,NA,4,68.5798774570375,8.14097425697749
"HCC1143",0.0248767191124867,NA,4,90.1617454618289,3.48832681096309
"NCI-H1650",0,NA,0.431539631968479,100,69.7684784026915
"NCI-H1048",0.00326769766013456,36.0736869219275,4,0,36.0736869219275
"Hs 746.T",0,NA,0,100,144.751978111448
"Karpas-45",0.0461656500806585,NA,4,86.8912740862275,1.75627352016944
"YAPC",0.00601412733204888,30.6725940911941,4,0,30.6725940911941
"SUP-M2",0.200100800293338,6.55445329393366,1.05777744704197,11.9490381690759,5.06302955433766
"SCC-3",0.103069063880247,9.3974495491848,4,20.1007823629091,8.26385061508234
"P32/ISH",0.118107882233934,10.2610903416702,1.78618172991836,0,10.2610903416702
"RERF-LC-Sq1",0.0184438139443916,NA,4,91.9109274513722,4.14242615858054
"MSTO-211H",0.0564001723876699,NA,4,63.9427542472,6.81179863688659
"MOLM-13",0.34092998976702,1.68960127033545,4,5.90530956330052,1.63733784761063
"MFE-319",0.0129480507433734,NA,4,94.6917731293434,3.71057935042152
"LN-229",0.00248161820126733,38.7491242653216,4,0,38.7491242653216
"J82",0.00323979655152101,36.1546398119992,4,0,36.1546398119992
"IA-LM",0,NA,0,100,12808.4766201505
"OVISE",0.0218210807501767,NA,4,94.0875879697943,1.5627924270588
"HCC827",0.0221889570070993,NA,4,95.36367583329,0.733451450515973
"HCC2157",0.010717891112516,26.1029558900083,4,0,26.1029558900083
"NCI-H1155",0.0246890605802052,20.1110732944092,4,0,20.1110732944092
"RPMI-8866",0.0629134679209045,15.8996681687176,2.27219618230527,0,15.8996681687176
"SNU-1.1",0.0694888890576616,NA,4,63.822158359796,2.65678284879111
"NCI-H1650.1",0.0471370078711866,NA,0,90.5725984257627,297.716558397358
"NCI-H1693.1",0.0250845936118556,NA,0,94.9830812776289,0.00166614506703756
"Lu-99A.1",0.0120347618467459,12.6182520607368,4,0,12.6182520607368
"Hs 445.1",0.174265154042281,2.79382014050274,2.55308478232596,16.5819499125668,2.38593309149791
"OVCAR-3.1",0.0272560222680729,NA,0,94.5487955463854,0.520327068036614
"OS-RC-2.1",0.129597794329535,50.611553391801,0.42503260323621,0,50.611553391801
"SW780.1",0.0755791075771921,NA,4,80.5566286157873,0.682258999817107
"OE21.1",0,NA,4,100,154951.960668937
"OACM5.1 C.1",NA,NA,NA,NA,NA
"OAW42.1",0.0821211834934946,8342.19467435281,0.246865060648217,0,8342.19467435281
"MHH-CALL-2.1",0.334766014468495,1.04631754517044,1.17100058881311,0,1.04631754517044
"Karpas-231.1",0.129781933861863,5.31800914195054,1.34387379107802,0,5.31800914195054
"JHH-4.1",0.034047473915404,NA,0,93.1905052169192,0.0612686241175399
"ESO-26.1",0.0255808302993981,9.93256926909037,4,0,9.93256926909037
"MC/CAR.1",0.00778941868029631,NA,0,98.4421162639407,1e+06
"A-704.1",0.163592390261444,NA,0.292740997865309,57.2921027043467,1.84199844945993
"NCI-H446.1",0.0258944298653936,NA,2.34052939546814,86.0761801093586,2.8283847350044
"NCI-H2405.1",0,NA,0,100,0.0228280063418385
"NCI-H1417.1",0.0175911746093497,11.2430475253789,4,0,11.2430475253789
"SW872.1",0.0422131876839872,NA,0,91.5573624632026,0.0149362704704514
"SK-MG-1.1",0.0388379292530688,NA,0,92.2324141493862,0.0859776378173571
"RL95-2.1",0,NA,0.519819996045538,100,0.00742141513445456
"OVCAR-4.1",0.0227490183586567,NA,0,95.4501963282687,0.783243176897841
"LB996-RCC.1",0.0582961812439671,NA,4,64.0408326979813,3.27282325422154
"IMR-5.1",0.0820762416736307,5.8298694389889,4,0,5.8298694389889
"HT-144.1",0.0103254769473149,13.1924832562841,4,0,13.1924832562841
"OV56.1",0.0214473960312959,NA,0,95.7105207937408,0.00387218747905088
"UMC-11.1",0,NA,0,100,1068.83846993957
"TT2609-C02.1",0.0311927002245471,NA,0,93.7614599550906,0.0324999840043957
"SU-DHL-8.1",0.00888902249855256,NA,0,98.2221955002895,7.82414571037127
"SKN-3.1",0.114246203861261,82.3305090456193,0.412955480338403,0,82.3305090456193
"SiSo.1",0.00931033314474949,NA,0,98.1379333710501,22004.807427938
"HCC827.1",0.0395733293791749,NA,1.14035453898223,66.5070423910614,6.85702026368134
"HEC-1.1",0.0234708452169395,NA,4,93.8464362023435,0.717519880394354
"Hs 746.T.1",0.00226895604058358,19.8281216458169,4,0,19.8281216458169
"J82.1",0.067382932251661,NA,0,86.5234135496678,1.4232391181
"JHH-6.1",0.00588114493609188,17.4461314370005,4,29.0185323587474,14.0415679156277
"Karpas-45.1",0.061170639052378,NA,4,81.2830102020186,1.0462402510388
"LN-229.1",0.091463885586898,387.985550234097,0.349694878869966,0,387.985550234097
"MHH-PREB-1.1",0.0580016475844394,NA,4,54.0637229887176,4.21308812529486
"MOLM-13.1",0.336007226161776,0.930483354924405,4,2.86876172431381,0.916839509287399
"MOLT-13.1",0.0421639811882481,NA,1.03553505865883,91.0638797717896,0.388592210045425
"NCI-H1048.1",0.0323705172303476,NA,1.69208569926865,79.3432776871066,3.75580357996647
"NCI-H1944.1",0.0334738281417901,NA,4,76.8786735251539,3.69586552570321
"NCI-H2228.2",0.0695489775003235,NA,0,86.0902044999353,3.33819620313955
"OVISE.1",0,NA,0.51722302920367,100,3.74615657897203
"P32/ISH.1",0.0770063889646719,5.95302495683729,4,19.4455941852101,5.26336711590649
"RERF-LC-Sq1.1",0.0545683586571363,NA,0,89.0863282685727,0.0028765256122112
"RPMI-8866.1",NA,NA,NA,NA,NA
"SCC-3.1",0.0595726514516918,6.9950019955995,4,11.1494935283847,6.56741579075783
"SK-ES-1.1",0.0153482142320865,11.7303706936878,4,0,11.7303706936878
"SUP-M2.1",0.0917105608048238,5.6367941692414,2.89410122496398,0,5.6367941692414
"TCCSUP.1",0.0033219422368189,17.959340679816,4,0,17.959340679816
"WM278.1",0.0503044426433761,NA,0,89.9391114713248,0.521329111490455
"YAPC.1",0.0159562162545627,NA,1.2075585920322,67.9300951903785,17.3368824038901
"HCC1143.1",0,NA,0,100,0.606789843778889
"MDA-MB-231.1",0,NA,0.143449563954599,100,0.902583378913913
"MFE-319.1",0.00786960000436035,14.2447095747585,4,0,14.2447095747585
"MOLP-8.1",0.11335633441509,5.28787306062708,2.31470654130917,36.8894856118075,2.96569138492941
"MSTO-211H.1",0.00522093123012237,NA,4,76.875,10.366329284377
"NCI-H1155.1",0.00863182355192166,13.8812788767555,4,0,13.8812788767555
"NCI-H1623.1",0.034553263788932,NA,4,83.8845792824528,2.27565436049083
"SK-N-DZ.1",0.0160839337866255,11.5623210908033,4,0,11.5623210908033
"SW1573.1",0.0641563902744632,NA,0.117233178560866,57.195606099991,1e+06
"BT-20",0.0512522005891303,NA,4,91.5535648392803,0.302547826909118
"BT-20.1",0,NA,0,100,1e+06
"COLO 824",0.00473813602027773,NA,4,91.4468362941032,14.4988242647184
"COLO 824.1",0.00462555323963569,NA,4,81.5625,10
"DU4475",0.140250308691814,8.8554822451651,1.83426841534369,33.353774585647,4.86190381458007
"DU4475.1",0.0728324939024964,7.42163483052965,4,45.9071355640395,3.96975697762677
"HOP-92",0.026430474452616,NA,4,77.5429410688167,8.95906686257917
"HOP-92.1",0,NA,0.780255479053586,100,0.0122970425122199
"HuP-T3",0.0608267919093701,NA,4,81.4016667416153,2.0890678234152
"HuP-T3.1",0.0741434847712287,NA,4,74.4510304799169,1.34740381907702
"KG-1",0.0110323473667804,25.8853958384167,4,0,25.8853958384167
"KG-1.1",0.0102633473098997,13.2153729688873,4,0,13.2153729688873
"Mel JuSo",0.0318283285333325,NA,2.2616903185655,80.6483800764487,6.65188637576268
"Mel JuSo.1",0.0386821034833074,NA,4,89.4781525505437,0.789187505609735
"MES-SA",0.106202481335286,NA,1.36678463455318,58.7850710401466,3.60547857999168
"MES-SA.1",0.0962153975455072,NA,2.35862455955037,64.0158508464417,1.585948994475
"NCI-H1568",0.0250135014441069,737.686359149489,0.606093127344914,0,737.686359149489
"NCI-H1568.1",0.00808440092798232,14.1382547049102,4,0,14.1382547049102
"OVCAR-8",0.0749592926544667,NA,4,86.1873795821744,0.471078089171265
"OVCAR-8.1",0.0469142000866137,NA,4,88.7898055120242,0.555404238103933
"P30/OHK",0.169507742752694,5.69235661042993,2.30347487797399,27.2125238796057,4.04702635737727
"P30/OHK.1",0.118976624418173,4.6013040207684,2.42776606694141,12.480311795801,4.08801419611213
"SW756",0,NA,0,100,6.06941270836797
"SW756.1",0,NA,0,100,0.688974944954373
"A2780",0.234240719314511,2.45149134102505,4,30.8121106167456,1.92949947193489
"A2780.1",0.195009864534768,1.62419593906915,4,38.1304351729346,1.13371689428761
"Becker",0.0272001722907209,NA,4,95.2369317535,0.387228784339508
"Becker.1",0.0569040652678181,NA,0.960458709505845,67.4810943094551,4.396102139093
"ES7",0.129075718075358,11.7343759860485,1.20406732865243,3.48892959591928,11.0502059042944
"ES7.1",0.0758545998426366,14.6785093844834,0.992471204962191,0,14.6785093844834
"A-253",0.0118493382971557,25.351778100237,4,0,25.351778100237
"A-253.1",0.0103803446277262,13.1724004694453,4,0,13.1724004694453
"NCI-H716",0.0945669290164155,NA,4,70.0611282682519,2.25693859945419
"NCI-H716.1",0.0121678924780548,NA,2.93248908171122,80.3484666730937,7.31149676096363
"HCC2157.1",0.0536853558063901,NA,0,89.262928838722,0.632775341686554
"A-375.9",0.015809812271114,23.2478426657298,4,0,23.2478426657298
"A-375.10",0.0518772106629349,NA,2.73980912991717,73.7058300432284,5.16444576470189
"A-375.11",0.00908520025514677,27.3648935405994,4,0,27.3648935405994
"A-375.12",0.0240059564749809,10.1529029075573,4,0,10.1529029075573
"A-375.13",0.0207681164914868,10.6579715221582,4,0,10.6579715221582
"A-375.14",0.0263707032988552,9.82730890945584,4,0,9.82730890945584
"A-549.3",0.172185597153112,10.0592362442071,2.36564587905749,48.971406440702,1.947853369451
"A-549.4",0.122164840781614,7.33169047623506,4,39.6422557399486,4.94627111040249
"A-549.5",0.166131996837038,5.2327554064595,2.90302057208379,33.3898993604859,3.57987982523566
"A-549.6",0.115524785831462,3.950648076233,4,37.6393582788546,2.78571124924026
"A-549.7",0.139538409443294,4.12147447679299,1.92518335001663,18.5103566046155,3.24152731772827
"A-549.8",0.0933382777730866,5.61047936277021,2.79235874441258,24.6335417925031,4.40005708931713
"C32 [Human melanoma].10",0.0157972632647732,NA,4,68.0890962063123,15.2912402256677
"C32 [Human melanoma].11",0.0697488369708013,NA,4,90.5672019670837,0.12101278719127
"C32 [Human melanoma].12",0.0813830031721231,NA,0.487714429150749,86.3781531685128,0.235101027320818
"C32 [Human melanoma].13",0.0418898583420328,NA,4,88.7830726417604,0.758110529887938
"C32 [Human melanoma].14",0.0152612610923134,NA,4,83.9028886367449,5.2943323917257
"C32 [Human melanoma].15",0.00867120486317308,13.8635303580035,4,0,13.8635303580035
"HCT 15.2",0.0643294559350537,NA,1.67467969356185,63.5307432640775,6.42654825343085
"HCT 15.3",0.0741930860513583,22.1778281152373,1.23193534638456,0,22.1778281152373
"HCT 15.4",0.1021792770941,9.51871548770235,4,43.1709462951943,5.78663350082866
"HCT 15.5",0.0857891063718712,NA,1.97902132576284,58.4232182147973,2.4803029867639
"HCT 15.6",0.081327761998289,9.50363465064191,1.29322327438731,0,9.50363465064191
"HCT 15.7",0.164049085556631,56.4114089633765,0.343580957891179,0,56.4114089633765
"HT-29.8",0.109150217342996,NA,3.67552015076111,72.6096700964609,1.27534777402498
"HT-29.9",0.094805710990582,NA,1.98366825699285,61.6675221393957,3.68656401686558
"HT-29.10",0.0561913051223908,NA,4,69.568713737682,5.59481516963906
"HT-29.11",0.0594931566493724,NA,4,76.5292128846679,1.73669806606224
"HT-29.12",0.111096623892678,NA,4,64.0403581085673,1.18371665260941
"HT-29.13",0.143332228938967,NA,1.15952825179959,73.571482130604,0.233503194479133
"MFM-223.5",0.014846973044572,2848.44094069187,0.56437645324974,0,2848.44094069187
"MFM-223.6",0.00366963898380878,34.9931202771691,4,0,34.9931202771691
"MFM-223.7",0,NA,1,100,20
"MFM-223.8",0.0440619777745678,NA,4,79.0048316696024,2.3484216372928
"MFM-223.9",0.00765800820157699,14.3529611014944,4,0,14.3529611014944
"MFM-223.10",0.00547527580638852,15.7304719573261,4,0,15.7304719573261
"MHH-ES-1.9",0.0639087073639394,NA,2.5951992850792,91.5152153797797,0.109531199171319
"MHH-ES-1.10",0.027349456588781,NA,4,96.2843594794715,0.123861219577287
"MHH-ES-1.11",0.0166166756064574,NA,4,90.5216588964379,5.97025168248635
"MHH-ES-1.12",0.00985105045592943,NA,0,98.0297899088141,0.108760314490793
"MHH-ES-1.13",0.00437299496037572,16.9279074110057,4,5.20509234286814,16.4690267618714
"MHH-ES-1.14",0.10661713482935,NA,0,78.67657303413,0.00225857051628707
"PC-14.9",0.0162753438449158,NA,3.84421160627325,92.6068996011537,4.37502647146768
"PC-14.10",0.0200352002119913,NA,3.86719602387989,89.4841992714877,5.37271320862508
"PC-14.11",0.0049486664725785,32.3265982878101,4,0,32.3265982878101
"PC-14.12",0.00585271224134432,15.4498920950698,4,0.00237143428014657,15.4497088997928
"PC-14.13",0,NA,0,100,74.1903878932496
"PC-14.14",0.0084998923573581,NA,0,98.3000215285284,2.88447417222603
"SNU-C2B.5",0.0167955623969357,NA,4,88.9651446724277,7.01588864372
"SNU-C2B.6",0.0638825416333941,NA,4,85.3725156721936,0.979359131343354
"SNU-C2B.7",0,NA,0.816246697921027,100,2.90246172238945
"SNU-C2B.8",0.00934471205177984,NA,4,95.6563608346608,2.26426672451786
"SNU-C2B.9",0,NA,0,100,42.9898511347384
"SNU-C2B.10",0.0690887228918623,NA,1.42087078318747,73.679982639335,1.72399475329677
"SW620.10",0.115588681848969,NA,4,67.4250233307217,1.72425123519545
"SW620.11",0.090194855953294,NA,3.0141829034279,73.694492741445,1.87326601204302
"SW620.12",0.101098887625328,NA,4,62.4569406165038,3.11380859287667
"SW620.13",0.0120042037476248,12.6276809341489,4,0,12.6276809341489
"SW620.14",0.0560504559347657,27.2450097224006,1.34978337580069,40.9090097692391,7.70521954409739
"SW620.15",0.054397389841824,NA,1.46534367654021,61.3606259250523,4.56224159116425
"U2OS.9",0.0412279348744417,454.645437673157,0.556108172062519,0,454.645437673157
"U2OS.10",0.0473347513558643,NA,4,91.4210707754794,0.442474249008396
"U2OS.11",0.00953536827225103,NA,4,96.0836946565069,3.72202977035607
"U2OS.12",0,NA,0,100,2347.82046909038
"U2OS.13",0.00312475632505543,18.2488085370415,4,0,18.2488085370415
"U2OS.14",0,NA,1.00103970235689,100,3.17085566497976
"A3/Kawakami.1",0.111323055412361,5.03911633275378,2.27860989548754,0,5.03911633275378
"AGS.1",0.189214327495621,4.10189564796169,3.0782791617692,46.3807748389817,1.74796485160711
"AGS.2",0.139910682124467,NA,3.78695032185891,58.0826771590131,0.997152888811218
"ARH-77.1",0.103704113343123,10.2860345625154,2.69132205340216,27.1655986936491,7.68731507682384
"ARH-77.2",0.0889904798351156,5.33103591659086,4,20.1390581606943,4.68646073632978
"BALL-1.1",0.202637544737002,4.67738475314557,2.21232555169087,12.0163370888492,4.13090179066817
"BALL-1.2",0.14435086048564,3.9801474970286,1.94083426150274,3.43799823444468,3.83670504022862
"COLO 829.2",0.0286378697407539,529970.998326967,0.268000775081364,0,529970.998326967
"COLO 829.3",0,NA,0.508759866304584,100,0.0975671578064467
"DG-75.1",0.022128989094817,10.4361871761356,4,0,10.4361871761356
"FTC-133.1",5.34296682058435e-11,NA,3.1514353928472,95.7947485472832,2502.27379024162
"NCI-H2722.1",0.00585127573602933,33.3532750290908,3.81401821801424,13.5996997339653,30.6896232938485
"NCI-H2722.2",0,NA,0,100,168.899963720846
"HCC1428",0,NA,1.12776059141649,100,4.15568059914342
"HCC1428.1",0.017018007211214,NA,0,96.5963985577572,0.0153194620049137
"HGC-27",0.0400906903143205,NA,2.52652847007775,72.1720615059702,7.64488411961238
"HGC-27.1",0.0301515930161473,NA,4,81.8605959301878,3.18037725478259
"IA-LM.1",0.00904332714868398,NA,4,97.81844662165,0.570804743244559
"IGR-1.1",0.0234974494994782,NA,0,95.3005101001043,771.475928430442
"JSC-1.1",0.0806382034230078,5.90155291678484,4,39.0839070452027,4.03404381429023
"KMOE-2.1",0.0144213026683522,11.955296764914,4,0,11.955296764914
"KYSE-50.1",0.00386634025333774,17.2577170333564,4,0,17.2577170333564
"M14.1",0.00856459948355955,15.8292629932881,3.57062235036025,16.1341168678972,14.192923741792
"U-251MG.1",0.00615750731198356,NA,4,96.0851795488041,3.3852545223404
"RCC10RGB.1",0.000336529322442105,32.1660826150745,4,0,32.1660826150745
"OAW28.1",0,NA,0.849152577004143,100,18.7375732771084
"OCI-M1.1",0.00762905497515436,14.3680467499107,4,0,14.3680467499107
"HSC-4.1",0,NA,0.247821889580722,100,0.0434137690122122
"PaTu 8902.1",0.00131520547150259,45.5997025952848,4,0,45.5997025952848
"Kasumi-1",0.00200347163170222,40.9472183575832,4,0,40.9472183575832
"Kasumi-1.1",0.0404041838745232,NA,1.44301623216206,62.3864070589893,6.36869286339915
"Huh-7",0,NA,0.494775533135467,100,1.31767490180372
"Huh-7.1",0,NA,1,100,0.0100052698506632
"HuO-3N1",0.0370097259839374,NA,4,90.4622720918016,1.37093247010026
"HuO-3N1.1",0,NA,0,100,7.95367026621669
"KYSE-520.1",0,NA,1.13089896684027,100,8.8955629586314
"MFE-296.1",0.00398457175895163,17.1211294071162,4,0,17.1211294071162
"NCI-H196",0,NA,0,100,5.14768649315348
"NCI-H196.1",0.00675178729463255,NA,0,98.6496425410735,3.11545390110612
"ATN-1.1",0.0102857759447044,13.2070914800447,4,0,13.2070914800447
"HT-55.1",0.0794450354078927,NA,4,56.1669154465973,2.86441919607526
"NCI-H2141",0.00419680375884147,36.5148371670111,4,21.875,31.6227766016838
"NCI-H2141.1",0.0117428472046605,NA,4,92.0311899403695,3.62928370975568
"A-498.1",0.00303726935175611,18.3844570609384,4,0,18.3844570609384
"BL-41",0.0593577762587894,NA,4,53.4375,8.35362546957826
"CAL-39",0.0160799860086628,11.5631999777047,4,0,11.5631999777047
"ETK-1.2",0,NA,0.774826556122578,100,0.0122725149752511
"EW-3",0.114103685029502,8.02833523992469,4,37.3035421241493,5.69906541620052
"EW-3.1",0.111488488329416,7.12271818651385,1.18729598889043,0,7.12271818651385
"HPAC",0.0197901908127068,NA,4,84.11090029632,8.52975345578443
"HPAC.1",0.0151408933840111,17.4041664618252,2.32662685726631,0,17.4041664618252
"IM95",0.170750954188989,36.6218501285632,0.451734564603037,0,36.6218501285632
"IM95.1",0.175782174143245,NA,2.11352613361655,52.494252849498,0.777899384851642
"JURL-MK1",0.123230782237593,12.8208589718729,1.35688418777706,25.1822357508918,7.6510600010497
"LNCaP clone FGC.1",0.159346981731995,5.63134771317486,0.887007117209384,0,5.63134771317486
"NCI-H1694",0.0154234424758618,23.4255643248554,4,0,23.4255643248554
"NCI-H1694.1",0.0537624817552107,9.65527853384882,1.96076395248093,0,9.65527853384882
"NCI-H2170",0.0507040235452969,NA,1.46029650567997,77.450710350956,4.55914477694494
"NCI-H2170.1",0.0673317435839422,NA,4,70.0767624738728,2.114577669945
"NEC8.1",0.303916924575254,1.95029866805008,4,12.527675812408,1.81462245499661
"NOS-1 [Human osteosarcoma]",0.015706745178475,NA,0,96.858650964305,3.58348759403872
"NOS-1 [Human osteosarcoma].1",0,NA,0,100,0.357709449224602
"RERF-GC-1B",0.0294198117813792,NA,4,87.1398554265149,4.12074536918047
"RERF-GC-1B.1",0.00704177187662553,NA,4,95.8463204095151,3.10780762249035
"TE-6",0.0138587987894321,NA,0,97.2282402421136,126.31274700721
"TE-6.1",0.00538887386993249,15.7979808032007,4,0,15.7979808032007
"TYK-nu",0.011181545873099,NA,4,91.6332475066939,7.99598233239201
"TYK-nu.1",0.00622995431444408,15.1900643498173,4,0,15.1900643498173
"OCI-AML-5",0.0985660376188877,9.52700212006713,4,32.3959324651097,7.33866422389702
"OCI-AML-5.1",0.120334378158872,3.92391161697754,4,25.7142547695727,3.27577884779298
"CHL-1",0.0116493461108979,NA,4,94.4926022392156,4.64331361350271
"CHL-1.1",0.0384172105011188,38.8479588221413,1.26426661853129,37.293154891268,13.1459870875421
"HCC1954",0,NA,1.75283523398541,100,236.687677688489
"HCC1954.1",0,NA,0,100,1.87346628854734
"KM12.1",0.0489835734353726,NA,4,76.5335692277087,4.73370512583785
"KY821.1",0.0483853866270768,7.923451215786,3.56668443881873,0,7.923451215786
"NCI-H1563.2",0.00373155873185215,17.4197325876,4,0,17.4197325876
"NCI-H1975",0.00529694896640085,31.7424835170051,4,0,31.7424835170051
"NCI-H1975.1",0.00655744642734773,14.9792988811354,4,0,14.9792988811354
"NCI-H2052",0.0391626400265111,NA,4,94.8271825811364,0.107106329182316
"NCI-H2052.1",0.00157794577109982,NA,4,58.0460373708484,17.383577341012
"NCI-H322M",0.00636510143229181,30.20305768476,4,0,30.20305768476
"NCI-H322M.1",0.0102702961761403,NA,4,59.0625,10
"NCI-H596",0,NA,0,100,3.39651226077513
"NCI-H596.1",0.0393808040220666,NA,4,91.0138813809144,0.484595737497878
"SF268.1",0.0344706014678795,NA,4,84.5506153357362,4.28500027797103
"SNU-C1.1",0.0204435837737111,NA,0,95.9112832452578,57.8174441330421
"Rh1",0.0374303026516385,NA,2.68458153988619,78.5205624765042,6.09266206626035
"Rh1.1",0.0770206775494414,14.7394368595881,0.978348710097807,0,14.7394368595881
"697.2",0.295815138689243,1.06495125665552,4,11.3082583823746,0.998830508339992
"A-673",0.0480880618306798,60.7792027208621,0.921654196519348,0,60.7792027208621
"A-673.1",0.059679849202141,NA,0,88.0640301595718,0.939757580084755
"BxPC-3",0.0154880597539402,NA,4,92.117152666787,5.15369431197733
"BxPC-3.1",0.0115415881028511,NA,4,97.1255925017546,0.624461456401639
"DB.1",0.112789659795252,4.15841179249172,4,29.0471206550746,3.34576875174234
"HuO9.1",0,NA,0.335756725524004,100,1.33307612837672
"KE-37",0.1304275120328,8.33739938972142,2.31961946839426,23.9627201837198,6.29312608680523
"KE-37.1",0.124301738539738,3.99009154782486,3.33851036404598,21.8400054347314,3.35967774997469
"NB(TU)1.1",0.0201707055607876,10.7602812149642,4,0,10.7602812149642
"PC-3",0.00167009451838457,42.903151775824,4,0,42.903151775824
"PC-3.1",0,NA,0.985493213276826,100,0.0365781494351361
"SCC-15",0,NA,1.19356727115975,100,2.19905360188964
"SCC-15.1",0.0365061849201463,NA,4,83.3980668366654,2.19092083354785
"UPCI-SCC-090",0.00896642102044125,27.4668059515565,4,0,27.4668059515565
"UPCI-SCC-090.1",0.00934151975604357,13.5750758934644,4,0,13.5750758934644
"PWR-1E",0.026360016093347,NA,4,80.9652455297435,7.72686243605901
"PWR-1E.1",0.00621343719706678,15.2010411298282,4,0,15.2010411298282
"SAT [Human HNSCC]",0.106770882425261,NA,4,86.6146045707716,0.0808733278819068
"SAT [Human HNSCC].1",0.0205592822833837,NA,4,95.0813809747215,0.557352470877338
"SiMa",0.0775614449380738,13.6267259954616,4,45.2876227987947,7.55021004435971
"SiMa.1",0.0486412024818389,7.88606023514643,3.59898467276021,0,7.88606023514643
"TE-1",0.010899872868202,NA,4,94.4331648613068,5.17798740576514
"TE-1.1",0.000814353280275216,25.7473245834672,4,0,25.7473245834672
"LCLC-97TM1",0.00793715792813031,42.7759875893671,1.63047490318896,0,42.7759875893671
"LOU-NH91",0,NA,3.10136889542227,100,1e+06
"LOU-NH91.1",0.00446875482473279,NA,4,82.1875,10
"NCI-H1092",0.0240645127572885,NA,4,90.1006606159558,3.73199323359965
"NCI-H1092.1",0.0380152059623238,NA,4,61.4537106316046,5.14656881688231
"NCI-H720",0,NA,2.04712163247789,100,240.827354479693
"NCI-H720.1",0,NA,0.423801911781939,100,0.662420593730358
"KYSE-180",0.0209376159471333,24.525059127463,2.99735833575269,0,24.525059127463
"KYSE-180.1",0.0469003265448494,39.5119435414544,0.841560416374467,0,39.5119435414544
"LC-1/sq",0,NA,0.0328196067116271,100,0.491457127117159
"LC-1/sq.1",0.0136066155961215,NA,3.5502802099607,90.2299434882722,3.85757651272613
"769-P",0.0725564929182117,NA,4,70.7187002253942,3.6126719687323
"769-P.1",0.103808005421423,64.4904479940089,0.465604606378498,0,64.4904479940089
"BICR 10.1",0.0416311376721896,NA,4,81.5744931671063,4.20207834652247
"CAL-39.1",0.0457657480445076,NA,4,80.7544731824233,3.87113643355248
"HT-1197",0.0243961015348744,NA,0,95.1207796930251,1e+06
"HT-1197.1",0.0411598903068029,NA,4,84.7865235166826,1.54339415597584
"HuP-T4.1",0.00456731519303231,16.5128228816846,4,0,16.5128228816846
"KLE",0,NA,0.658035318191031,100,2.13291208720611
"KLE.1",0,NA,0,100,0.108224818293984
"L-428",0,NA,1,100,0.632622157394545
"L-428.1",0,NA,0,100,442.553536678962
"SNU-5",0.055938218969649,NA,4,54.5861661015502,8.61406979702756
"PaTu 8988t",0.0011944725493881,46.7302926102275,4,0,46.7302926102275
"PaTu 8988t.1",0,NA,0.115900976885331,100,9.48532929410421
"PFSK-1",0.00538532187449419,31.6015675274684,4,0,31.6015675274684
"PFSK-1.1",0.0354110913188377,NA,4,72.1257433719698,4.18994877778635
"RPMI-7951",0.010717786461827,27.3841963426436,3.6875,0,27.3841963426436
"RPMI-7951.1",0.00772358481029024,14.319039812837,4,0,14.319039812837
"SK-GT-2",0.0665528577696513,NA,4,69.8979815588774,4.3455951539498
"SK-GT-2.1",0.0035395809773954,17.6631784031841,4,0,17.6631784031841
"SNU-182",0.0398964105904503,NA,4,82.462596576758,4.15723684220143
"SNU-182.1",0.0179557590841314,NA,0,96.4088481831737,77.901153236071
"SUP-HD1",0.0113389471796732,25.6800045162389,4,0,25.6800045162389
"SUP-HD1.1",0.0350368569190552,8.84646649596213,4,0,8.84646649596213
"22Rv1",0.0939856290406182,11.2370166726087,4,45.7976157638492,6.05037738126508
"22Rv1.1",0.0773197317776659,8.85832476096173,1.47233361521259,0,8.85832476096173
"8305C",0,NA,0,100,0.365770811203127
"8305C.1",0.0391023679910455,NA,4,94.1995147903397,0.0950109811032924
"ACHN",0.0506435402381619,30.1160972368314,1.41580705460864,14.0795222313543,23.8425518029004
"ACHN.1",0.0796554698540503,13.5356163577779,1.00334501944406,0,13.5356163577779
"Capan-2",0.0308748201801362,NA,4,88.5519096283824,3.10507842155625
"Capan-2.1",0.0922113867724012,NA,4,89.2126448926183,0.0271507414746885
"Ca Ski",0,NA,0.410080963960673,100,23.9058415665578
"Ca Ski.1",0.00526252014466289,15.8990730863245,4,0,15.8990730863245
"FLO-1",0.0163896761872727,NA,0.0243903566194459,96.7022621286827,1.03542897085049
"FLO-1.1",0.0784332443037716,753769248855786752,0.116799168843288,47.9501672420563,1e+06
"GR-ST",0.194369480437676,24.5629936631802,0.777873802137396,41.714780335757,2.43608142405815
"GR-ST.1",0.0985393951395297,43.3596409758164,0.535407308999876,0,43.3596409758164
"KALS-1",0.0322264136186182,NA,4,87.6733785224585,3.28742972492465
"KALS-1.1",0.0841819795487953,36786.989439721,0.210843346600497,0,36786.989439721
"Karpas-422",0.163214477947122,82.6517239878619,0.372079328974423,0,82.6517239878619
"Karpas-422.1",0.0887532519947668,5.77005343930503,4,44.4928914755288,3.32405532141552
"Kelly",0.0826346494277963,NA,1.53387361623866,52.5579812468823,6.71681275723368
"Kelly.1",0.0317328937258131,11.018562449497,2.61948382294431,0,11.018562449497
"KP-2",0,NA,1.06420772441817,100,9.79179312571387
"KP-2.1",0,NA,0.635847869025767,100,0.177086652695747
"KP-3",0.0170084259999561,NA,4,90.2235179284524,6.0261846746453
"KP-3.1",0.0173570012979462,NA,4,95.7486673422985,0.59604458482032
"LB771-HNC",0,NA,0,100,1697.76354137436
"LB771-HNC.1",0.00431452301170321,16.7644875326257,4,0,16.7644875326257
"Panc 08.13",0.0092222428488704,NA,4,91.8759830182668,9.23257986393502
"Panc 08.13.1",0,NA,0,100,180.96584954297
"SK-HEP-1",0.0207106092034266,NA,0.625226331481046,96.2132694563292,0.420036717048834
"SK-HEP-1.1",0.0273423795812776,NA,4,92.3514542294449,0.8465123908794
"SN12C",0,NA,0,100,1634.0180125112
"SN12C.1",0,NA,0,100,3.35878754473004
"T-47D",0.0124881211592503,NA,4,86.4211287292349,10.8158236425651
"T-47D.1",0.0151253535271991,NA,0,96.9749292945602,0.197902629585608
"TGBC24TKB",0.0619623150847942,NA,4,92.0132423827168,0.0940905915841523
"TGBC24TKB.1",0,NA,0,100,0.803694236888734
"TOV-112D",0.0173250568531528,82.2850414074568,1.27465534627677,0,82.2850414074568
"TOV-112D.1",0.010971932351702,12.963319229429,4,0,12.963319229429
"TUR",0.0155418629420859,NA,0,96.8916274115828,2.3434226104591
"TUR.1",0.0346185362047862,NA,0,93.0762927590428,0.0384091521470845
"U-118MG",0.0124616615133654,24.978608221398,4,0,24.978608221398
"U-118MG.1",0.0065406781193362,14.9897844711561,4,0,14.9897844711561
"U-87MG ATCC",0,NA,0.948060455684298,100,25.293042295255
"U-87MG ATCC.1",0.00707032948387546,14.6730998270732,4,0,14.6730998270732
"HD-MY-Z",0,NA,0.984114989709412,100,0.0665118985097045
"HD-MY-Z.1",0.00879278736251699,NA,0,98.2414425274966,0.168578612747801
"MM1.S.1",0.0736643567426033,NA,1.4884100661397,58.0299336815514,3.35655559299255
"NCI-H1963",0,NA,0,100,1e+06
"NCI-H1963.1",0.0175144445970696,11.2585643895433,4,0,11.2585643895433
"NCI-H209",0.285940735775793,1.48068100923343,4,30.3867724609496,1.17180749613979
"NCI-H209.1",0.379820208415602,0.833709602768779,0.763632363574876,0,0.833709602768779
"NCI-H250",0,NA,0.964664892556424,100,627.794681676804
"NCI-H250.1",0.11243233849036,NA,0,77.513532301928,1e-06
"NUGC-4",0.0448644743746827,NA,4,81.8479881759446,3.62848004065331
"NUGC-4.1",0.0328083546559576,NA,1.74865276498508,78.3087451482748,3.88906115296745
"SBC-5",0.0131047868607179,NA,1.890625,51.25,31.6227766016838
"SBC-5.1",0.00333081682522564,17.9468075538472,4,0,17.9468075538472
"SUP-B15",0.253080693396759,2.67076107839367,2.24903479268558,24.4882634713392,1.98015554390581
"SUP-B15.1",0.219134805955509,2.46567271037653,1.30600367452277,0,2.46567271037653
"COLO 679",0.0737252391352282,NA,2.36665211389485,85.5396802271852,0.591009503273948
"COLO 679.1",0.0631483635701696,81.7179582697922,0.580808140821013,0,81.7179582697922
"HPAF-II",0,NA,0,100,57.419980753305
"HPAF-II.1",0.0673900028030361,NA,1.58493387649372,73.0243460695329,1.85744769673906
"NCI-H2595",0,NA,2.7776219643544,100,113.825137254832
"NCI-H2595.1",0.0477372215943006,NA,0.100351360992168,85.4466356067188,430.131651407272
"C-33 A",0.0347001877675652,NA,4,74.7265887407438,7.79178023244693
"C-33 A.1",0.0452557437994205,NA,4,62.4549708475911,4.38906511932184
"HDQ-P1",0.129730075369575,NA,1.38264889355596,75.495090588379,0.514536834380373
"HDQ-P1.1",0.00667312307568403,NA,4,94.4596341963019,4.3919497761029
"CAS-1.1",NA,NA,NA,NA,NA
"SNU-5.1",0.0270052089743055,9.74508328428824,4,0,9.74508328428824
"CCRF-CEM",0.0526038823738689,9.86877233463016,1.9432183497541,0,9.86877233463016
"CPC-N",0.0451082447459578,NA,2.69924161505251,65.7112130770874,8.33445186438893
"CPC-N.1",0.0132215524828918,12.2716966013547,4,0,12.2716966013547
"D-263MG",0,NA,0.753567746313195,100,121.319343902304
"D-263MG.1",0,NA,0,100,2736.5326678383
"EB2",0.147740624354891,7.24763769660499,2.3507987628048,12.3339032232049,6.42488838437372
"EB2.1",0.0484478874871284,9.19400620611958,2.38587215134823,0,9.19400620611958
"ES8",0.07144332520056,18.5934233151116,1.51998101819314,0,18.5934233151116
"ES8.1",0.0902367957657526,11.0464628928714,1.03073069920409,0,11.0464628928714
"EW-11",0.0441394290986093,NA,4,73.2522979086208,6.41425485534807
"EW-11.1",0.0142781244173068,11.9914747606558,4,0,11.9914747606558
"HL-60",0.0326150938044999,18.1872290107113,4,0,18.1872290107113
"HL-60.1",0.0496877471147269,7.63264273686212,4,0,7.63264273686212
"BICR 78",0,NA,0,100,1635.22297239348
"BICR 78.1",0,NA,0,100,177.506789060474
"GaMG",0,NA,0,100,0.249863977391411
"GaMG.1",0.014162315118901,NA,4,98.0401320280158,0.0679621373526944
"JHH-2",2.07097129596188e-13,NA,1.85456725268506,99.8625079535199,1e+06
"JHH-2.1",0.00532449041145222,18.7599769625648,3.55356715578891,19.7911048301255,16.2798527527836
"CAMA-1",0,NA,2.16202572609287,100,425.014136474532
"CAMA-1.1",0,NA,0.867326034219273,100,3.17872625204545
"LCLC-97TM1.1",0.0456863491576813,NA,4,93.5071586970766,0.154965577191319
"BFTC-905",0.059989135718917,NA,4,67.4291946675711,5.61308454738525
"BFTC-905.1",0.0444150763476815,14.6612912261191,1.46990043485732,0,14.6612912261191
"CAL-62",0,NA,0,100,13.3730286602026
"CAL-62.1",0,NA,0.895003029740419,100,0.013034810623723
"BL-41.1",0.0855372346678954,6.14967590084498,2.49132151936085,0,6.14967590084498
"D283 Med",0.0756056753544571,NA,4,51.9114219581693,6.77360856877482
"D283 Med.1",0.0676773507331158,6.5673832963859,4,30.1504331657929,5.21299875744485
"JURL-MK1.1",0.0465697653048684,7.85950102994668,4,0,7.85950102994668
"JVM-2",0.0951660664890604,13.0108651764182,1.74855079749219,4.65149779215812,12.3042030272231
"JVM-2.1",0.107094467760659,5.52296558236123,2.13155897848631,26.5347370798253,3.87292304705311
"SNU-398",3.71399585192316e-15,NA,2.30969289225127,99.5774491168277,1e+06
"SNU-398.1",0.0807172412105188,NA,4,85.856889553801,0.194078127404351
"BE-13",0.136235437287611,NA,1.87251057535994,60.7136503967024,1.83384694972564
"BE-13.1",0.206454565583198,530.931108757749,0.25,30.6250000000001,11.9708503049573
"AMO1",0.341616502800968,1.42676718674341,1.56847738492136,21.3256851087802,1.00091414302162
"BC-1",0.20460039980644,9.95285035229684,0.660610692292027,0,9.95285035229684
"BC-1.1",0.236521975340965,2.40136839207339,1.00847905694046,0,2.40136839207339
"DND-41",0.0665874092733368,NA,4,81.2110436523097,1.72952786809378
"DND-41.1",0.0730751498415919,13.8356820924363,1.06048161403854,0,13.8356820924363
"DoTc2 4510",0,NA,1,100,20
"DoTc2 4510.1",0.0854864906408035,NA,4,70.5035703371003,1.35096189824551
"DOV13",0,NA,0,100,0.048890332512299
"DOV13.1",0.0146205524756746,40.2888190931004,1.36945046075135,0,40.2888190931004
"EB3 [Human Burkitt lymphoma]",0.0684346322232495,NA,4,77.483970672831,2.45082240991781
"EB3 [Human Burkitt lymphoma].1",0.0274576804937101,9.68765167300848,4,0,9.68765167300848
"EFM-19",0.0192265262819051,21.8576099623039,4,0,21.8576099623039
"EFM-19.1",0.0419717414695141,NA,4,90.705426672181,0.441963158611715
"GAK",0.0800260133893258,NA,4,60.5566142660238,4.92959816502447
"GAK.1",0.144999611170594,20.1281765505595,0.922842037589513,43.7760533525895,2.10495152138496
"GCIY",0.00833533266798319,28.0360249714114,4,0,28.0360249714114
"GCIY.1",0.0971013206937953,31.6984657627458,1.18687646226137,46.2639131566866,3.56339199446574
"HCC1419",0,NA,0.0219987911714898,100,1e+06
"PA-1",0.256905905713403,1.91808151392292,2.62436151405842,40.0279513297514,1.03768320472724
"PA-1.1",0.191547663617304,3.79751541179786,0.96875,8.125,3.16227766016838
"RS4;11",0.228327484665478,3.61145456048652,2.64176384925283,14.4638517334864,3.17355150369328
"RS4;11.1",0.19461396883793,2.72504458289471,1.88148551239723,0,2.72504458289471
"CML-T1",0.175560029386354,3.48313250523248,1.35587235139753,0,3.48313250523248
"EN",0.0979836337352529,NA,4,89.9377438776364,0.0101614036375364
"ESS-1",0.0356675890785182,101.177319499606,0.876152411374928,0,101.177319499606
"ESS-1.1",0.139478482928805,2647.08012523353,0.208253677220019,0,2647.08012523353
"EW-24",0.0223673610661214,NA,1.46624078891916,79.7975968139389,12.1804622232757
"EW-24.1",0.0510100496413189,NA,4,87.1894431671442,0.63904301518412
"HCC70",0,NA,0,100,362.759136032852
"HCC70.1",0,NA,0.727030953588348,100,0.0996706164168201
"RT-4.1",0.112458448924914,167807.737689028,0.159680458977253,0,167807.737689028
"SU-DHL-10",0.0858077126129975,11.1247821618737,4,39.204792482156,7.58327426427871
"SU-DHL-10.1",0.182429968953839,11.9938344280997,0.491428192229441,0,11.9938344280997
"COLO 668",0.101672650567018,14.1256601769624,2.8608764638154,46.8400086723716,5.38030767048051
"COLO 668.1",0.103735721808367,4.50548842711063,4,37.5119956802649,3.18509681265397
"ES6",0.0380807809270081,487.30024250575,1.0382187237084,47.3302984804199,28.9822864786901
"EW-22",0.212304927742278,3.96201576341479,1.96296973983335,29.8444097773728,2.49406202761194
"EW-22.1",0.231440895320429,5.69812096318738,0.50317586254969,0,5.69812096318738
"GDM-1",0.091671472460924,14.6559999090449,2.01699400030073,34.4370604567307,8.21696799802782
"GDM-1.1",0.186816190056611,7.33776949542878,0.597169305547226,0,7.33776949542878
"GI-1",0.00167790979886508,42.8519407181281,4,0,42.8519407181281
"GI-1.1",0.00398415489536484,17.1216023389334,4,0,17.1216023389334
"G-mel",0.150419226063418,NA,4,61.8550975409718,1.31254167532759
"G-mel.1",0.160015461065715,9.63422373644783,0.757372616210047,25.7954773860129,3.69664868670984
"NCI-H2803",0.0947961133011187,NA,4,81.4735287897938,0.583591797513409
"NCI-H2803.1",0.123505911749777,NA,0.464020940079584,80.7011530960985,0.0715221591105627
"NCI-H2804",0.0666833056793305,NA,4,70.0737306829476,4.29373678518891
"NCI-H2804.1",0.0389415836236498,NA,4,71.7805152385246,3.87677548887717
"NCI-H3118",0.00450024843981865,33.1558475191184,4,0,33.1558475191184
"NCI-H3118.1",0.00211633730629245,20.1870609809399,4,0,20.1870609809399
"HEL",0.0828822233041006,11.2129263012941,4,26.2242577284931,9.31129288895862
"HEL.1",0.0435008412078088,8.35554855891512,3.52476206851595,0,8.35554855891512
"HMV-II",0.0615266285543538,NA,4,76.5097301646818,3.276396277536
"HO-1-N-1",0.0227901020884566,42.615839824976,1.92699036117228,27.6594497981038,28.0546557288208
"HO-1-N-1.1",0.0410526291915131,NA,4,90.0262586319445,0.582470682579463
"Lu-135",0.0410767823882201,NA,4,80.9394229146217,4.51691492188345
"Lu-135.1",0.0078649221461764,14.2470656999425,4,0,14.2470656999425
"HARA [Human squamous cell lung carcinoma]",0.0141098786691036,24.0690176312224,4,0,24.0690176312224
"HARA [Human squamous cell lung carcinoma].1",0.0484123091743094,NA,2.93426284872232,64.7164393196685,3.96163225129588
"CAL-72",0.0259848973828054,NA,4,87.4087376871998,4.81197170096064
"CAL-72.1",0.0823622653903548,NA,4,79.5397359523934,0.620085303365076
"CML-T1.1",0.124764878605646,7.8361371681544,3.25145407102238,27.6390347995698,6.11811981050928
"AMO1.1",0.44179896982126,0.379012768801499,1.44745594153116,11.7440112794767,0.315011422916883
"CCRF-CEM.1",0.0451929118997295,19.5086342811194,2.31402875186957,0,19.5086342811194
"D-392MG",0.0331024969070359,79.4126338378575,0.991534510664343,0,79.4126338378575
"D-392MG.1",0.0587252135658993,NA,4,79.4761469122095,1.38583312127977
"DoHH2",0.216090855084242,4.41416166398145,2.35605684688322,4.34415408489772,4.24711612173086
"DoHH2.1",0.210429195875495,2.43781898934344,1.80144681700692,0,2.43781898934344
"DSH1",0.111630595916776,26.9124319395467,0.755994567813646,0,26.9124319395467
"EFO-21",0.0018546059536996,41.7669301648284,4,0,41.7669301648284
"EFO-21.1",0.00366487889525275,17.5025312669969,4,0,17.5025312669969
"EMC-BAC-2",0.105641886100545,22.9872996647733,2.37491727558026,48.7342123055617,4.88886520408841
"EMC-BAC-2.1",0.116622848897775,5.06308781439205,2.109375,28.4375,3.39820832894256
"EN.1",0.0384946545120899,NA,4,92.5148216594791,0.573208225312302
"EoL-1",0.189537311189707,5.11096098905193,4,6.48879346969828,4.9364000327575
"EoL-1.1",0.214300679027757,2.27107381252525,2.82662697110584,0.939464080085323,2.25588482151242
"ES6.1",0.073269672838831,NA,0,85.3460654322338,149992.771401861
"NCI-H2810",0,NA,1.15251230106727,100,116.875787169161
"NCI-H2810.1",0.00491994157090389,16.1884822453934,4,0,16.1884822453934
"NCI-H2818",0,NA,1.18122171157131,100,40.1030917430224
"NCI-H2818.1",0.0277813592838028,NA,0,94.4437281432394,0.56891043199572
"NCI-H2869",0.0779848223891855,NA,0.0637983119950896,82.771291932915,12.580056943955
"NCI-H2869.1",0.024274272391839,NA,4,90.190681680771,1.81046082064368
"HAL-01",0.304592861863145,2.19526098359308,2.66661379815858,7.29538001307331,2.0691880946299
"HAL-01.1",0.336674274770791,0.954041818007416,2.73029291718622,1.52852299558677,0.943254397035785
"HCC44",0.00477712816948102,32.6327276694579,4,0,32.6327276694579
"HCC44.1",0.077481395251597,NA,0.069777029535888,70.3371863556339,1e+06
"HMV-II.1",0.0084021518114778,13.9867066395223,4,0,13.9867066395223
"IM-9",0.183049027914815,5.19860706555715,4,9.91387802563793,4.91918326455002
"IM-9.1",0.186918343567458,2.8657674367908,1.97266513447214,0,2.8657674367908
"NOMO-1",0.0327675554992467,NA,4,59.8245023064367,11.7061544082556
"NOMO-1.1",0.0911513459242773,NA,1.71916573333297,50.3270781719309,3.01892012755139
"OCI-AML-2",0.146741203852135,7.01272699507425,3.44550899536173,8.65000719652838,6.63657943066158
"OCI-AML-2.1",0.163275672816776,3.20805489507394,2.75038368398475,5.4558169106224,3.07607857964696
"Ramos.2G6.4C10",0,NA,0,100,7.52144781095081
"Ramos.2G6.4C10.1",0.00663458370571068,14.9314692909473,4,0,14.9314692909473
"Reh",0.0809957360209799,11.4759954616991,4,33.4284348574986,8.70740507908074
"Reh.1",0.132457489966294,4.95673676866305,1.44863749218072,0,4.95673676866305
"TC-YIK",0.180428286815186,3.76169556721622,1.09341065171915,0,3.76169556721622
"VM-CUB-1",0.0623717983502614,60.0827539744581,0.800911679916804,0,60.0827539744581
"VM-CUB-1.1",0.0483868746105714,13.5150382305341,1.48048203390239,0,13.5150382305341
"DMS 114",1.55656694013832e-11,NA,2.23838257112734,99.702157864804,29488.2058719972
"DMS 114.1",0,NA,0,100,1763.39852792561
"DMS 273",0.13263489130653,NA,4,66.6257585178165,1.28490770076413
"DMS 273.1",0.0823816550013004,5.75839470969603,4,38.4446461870682,3.99259024332374
"NCI-H1793",0.0302628178925289,NA,0,93.9474364214942,5576.78737176998
"NCI-H1793.1",0.013060229068463,NA,0.041531701333562,97.1864814158817,10.0662386049434
"NCI-H2795",0.0734297567209837,NA,0.967792374603489,52.5202106117533,10.7831657095605
"NCI-H2795.1",0.0933209140026147,NA,4,71.4672134359049,1.04445832897471
"KTCTL-195",0.034410406791054,NA,4,91.9302702376,1.05169125259174
"KTCTL-195.1",0.0282099377777638,NA,4,87.8980429284866,1.99949305688715
"BICR 22",0.168119652430723,7.77492895433958,0.660991657042681,0,7.77492895433958
"GMS-10",0.0497976088299385,NA,4,61.5203099568877,4.11978904002001
"Calu-3",0.0293724797003078,NA,0,94.1255040599385,6.1070226418056
"Calu-3.1",0.0640641073171883,NA,0,87.1871785365623,4771.41631512845
"COR-L105",0.0314169831593634,NA,0,93.7166033681273,6.5599344983704
"COR-L105.1",0.0231134489338511,NA,4,89.1485462221193,2.29802731946225
"TGW",0.0419350544336956,2527.0434233684,0.412596306021653,0,2527.0434233684
"TGW.1",0.0118382803251693,NA,4,52.8125,10
"H4",0.114850620655635,14.6838380584176,2.42297762729845,47.1390383229977,4.50877063853535
"HCC38",0.00834826992202886,NA,4,97.8221946824251,1.41617915558438
"HCC38.1",0,NA,0.486429212250329,100,10.2458060652384
"SW13",0.0662498985024315,22.3565515824828,1.3557879975654,0,22.3565515824828
"SW13.1",0.0357667460177737,12.4149191129132,2.01791875206134,0,12.4149191129132
"SW900",0.0638362374748175,NA,4,84.6273331285995,1.13593103013011
"SW900.1",0.104063174865369,886.360312822437,0.287140389168909,0,886.360312822437
"NCI-H23",0,NA,0.774062257709592,100,149.383973362504
"NCI-H23.1",0.0441381217053868,NA,1.60364229798962,66.3879418149219,4.76519411919221
"PL18 [Human pancreatic adenocarcinoma]",0.0351037563859752,NA,1.06550713111122,59.6632919412653,22.1133793758846
"PL18 [Human pancreatic adenocarcinoma].1",0.017706788184356,14.7987526341533,2.58549420801994,2.79154583466615,14.473548854682
"CAL-85-1",0,NA,0,100,9.99381044155961
"COLO 680N",0.0412780353931289,569.500248447622,0.531522639000284,0,569.500248447622
"COLO 680N.1",0.00857561382162322,13.9067759919598,4,0,13.9067759919598
"DU145",0,NA,0.514849304932588,100,1053.83668587158
"DU145.1",0,NA,0,100,3.96959370971663
"EKVX",0,NA,0.782357795784291,100,0.720650171092947
"EKVX.1",0,NA,0.512257226028799,100,0.0253098845863194
"NCI-H2461",0.0294740622094972,707.270529912948,0.577715156420654,0,707.270529912948
"NCI-H2461.1",0.0209940704214249,24.6692767775853,1.5368179838356,0,24.6692767775853
"HCC1937",0,NA,1.02302414209044,100,0.169234494626271
"HCC1937.1",0.019963293938577,NA,4,90.2003404092093,2.45072787662266
"HOS",0.0224535663841207,NA,4,93.9144080551628,1.56397668122041
"HOS.1",0.00929859073898226,13.5928184384354,4,0,13.5928184384354
"K5",0.0492943587828376,NA,4,54.3981967289697,9.60249344973855
"K5.1",0.0792517894298075,8.56918414200397,4,48.6807018742727,3.45368489130759
"KP-4",0.0259814073258121,NA,3.70135639627043,81.6483126547853,7.57746946585675
"KP-4.1",0.0310154972779595,NA,4,76.6263307627269,4.02495080111152
"KS-1 [Human glioblastoma]",0.0943602614681322,NA,1.56663811744094,53.575911467379,5.29454462590765
"KS-1 [Human glioblastoma].1",0.0640927416161411,NA,4,51.8970378167069,4.00939007951208
"LC4-1",0.145849049374581,6.04658570412051,3.55828280939066,32.5329494537255,4.49932758788142
"LC4-1.1",0.157352983700448,3.50810026042092,1.93795026957699,13.8937909320549,2.96561276716727
"Lu-65",0.111364933959863,NA,4,72.6355673350043,1.20286142016829
"MG-63",0.0140090755763586,NA,4,87.7878063802905,9.15327558762409
"MG-63.1",0.0418294120621291,NA,0,91.6341175875742,0.425770019398228
"SJNB-7",0,NA,0.493417484136176,100,0.305152143650827
"SJNB-7.1",0,NA,0.517693468389656,100,4.16665136217994
"NCI-H810",0.0129138339402508,NA,4,76.169883616293,14.6543884012718
"NCI-H810.1",0.0668000879049537,17.3284443253667,0.99027726291519,0,17.3284443253667
"OPM-2",0.0585018612172568,NA,4,82.1382985642244,2.08227102755533
"OPM-2.1",0.131192956211996,46471.7192671292,0.162106079814575,0,46471.7192671292
"PSN1",0.0616078386053688,NA,2.00981963555648,77.3581379736928,3.08883416018167
"PSN1.1",0.0283595649180352,11.793016275223,2.57032518563883,0,11.793016275223
"SH-4",0.0754507107076884,NA,1.67353061905129,71.3768011027298,3.33324312298956
"SH-4.1",0.0343601453796699,26.2310651917466,1.17542995175105,0,26.2310651917466
"VL51",0.0677264090957024,13.0275392786142,1.17483132075579,0,13.0275392786142
"TK-10",0.0180564805414224,NA,2.4918035547676,53.8373828896133,20.3256747834493
"TK-10.1",0.0545362369130548,NA,4,76.4257867335336,2.02404158351491
"YH-13",0.0716270874820158,NA,1.12045380119299,84.5243822148121,0.826879947595504
"YH-13.1",0.0459066740026019,NA,1.36522427762119,60.2798547819819,6.07586955779089
"HH [Human lymphoma]",0,NA,0.575824992447796,100,31164.1485688994
"HH [Human lymphoma].1",0.00559910129867497,NA,0,98.880179740265,6.7792192624543
"TC-YIK.1",0.13135447357446,9.61860697521395,1.62598651123464,13.5219236914015,7.92307416762583
"TE-9",0.0640895867437926,NA,4,87.6889637971717,0.548769061334225
"TE-9.1",0,NA,0.113161301130139,100,381055.290883762
"SNG-M",0.0558497582791172,NA,4,81.404922275479,2.51237663737861
"SNG-M.1",0.0434033525191875,NA,4,77.6588842521553,2.61652651963125
"KNS-62",0.0433677648048047,NA,4,82.7756695503647,3.51435028573391
"KNS-62.1",0.0391785474777561,NA,4,84.1217004333718,1.81947979103692
"COLO 684",0.0360648610257325,NA,2.21710709604146,57.0489744571961,6.47873398618161
"ECC10",0.00624582324399172,30.3591017335065,4,0,30.3591017335065
"ECC10.1",0.0126658795635786,12.4293781379296,4,0,12.4293781379296
"EFO-27",0.0563052708633262,NA,4,63.6899770505374,6.87650748756597
"EFO-27.1",0.0300005894332983,NA,4,87.8546064233366,1.81609397591618
"NCI-H3255",0.0347719780859398,NA,4,87.2218184075272,3.05345453584609
"KATO III",0.0381073533704716,189.348575627321,1.00539674969148,40.7468375583518,35.3602306697743
"KATO III.1",0.0920623025470351,NA,1.96823094142588,76.1910901752019,0.693703343197359
"NCI-H1666",0.0631844118908909,NA,0.94044076980126,68.3260605054316,7.04259786346416
"NCI-H1666.1",0.0631127099118131,116.383214756297,1.56578036882773,49.6275679784917,5.09181722606432
"Rh41",0.00381069781302806,39.3107468584929,4,29.0625,31.6227766016838
"Rh41.1",0.00512834039779792,16.0096598579962,4,0,16.0096598579962
"RT-112",0.0497720809979838,NA,4,87.4379051033477,1.29567839890967
"RT-112.1",0.037738719100683,66655.6673155863,0.275253714499528,0,66655.6673155863
"SHP-77",0.044088702075079,NA,4,73.6234443586301,6.31963436258163
"SHP-77.1",0.0788040288112893,NA,1.68769384065594,61.7145545657203,2.55276067303508
"ST486",0.0272268700007929,20.8928594064812,3.31474722391228,0,20.8928594064812
"ST486.1",0.0694960232242369,7.77294615160418,2.05095433212605,0,7.77294615160418
"SW684",0,NA,1.30596750460531,100,41.9707391993699
"SW684.1",0,NA,0,100,0.311987190509048
"WM115",0.0375205945407285,NA,4,87.9626546058011,2.32282428676309
"WM115.1",0,NA,0.870597119866008,100,0.585127640600901
"HLE",0.00429752704905367,35.9304111963084,4,20,31.6227766016838
"HLE.1",0.0113509939814637,22.141629090457,2.13921621734727,0,22.141629090457
"NCI-H2731",0.00863234501939338,27.7620864864184,4,0,27.7620864864184
"NCI-H2731.1",0.00370640097284133,17.4507595185548,4,0,17.4507595185548
"RPMI-8226",0.186408215054627,4.76576422814896,2.41069253017998,26.7769819902316,3.4671822783333
"RPMI-8226.1",0.187163484141127,2.88676548296317,1.59159570157077,17.5909102341913,2.1983689020184
"HA7-RCC",0.0231673706789816,NA,4,90.6292215122052,3.62672025002902
"HA7-RCC.1",0.0534550953280276,NA,4,72.3392326820543,2.63517418983279
"G-292 clone A141B1",0,NA,0.026437259492721,100,0.0841860699405775
"SW1088",0.00471128322725104,32.7537638466706,4,0,32.7537638466706
"SW1088.1",0.0126374002040333,32.9897538784794,1.96191439265079,33.6821883763916,18.6425282536606
"COLO 684.1",0.0594545503918709,NA,4,66.2296343225313,5.93943728933877
"OCUB-M",0.0109021216974138,12.9873101854221,4,0,12.9873101854221
"GMS-10.1",0.00853580810122326,27.8499007649914,4,0,27.8499007649914
"BICR 22.1",0.0364739327115061,23.3251632638053,1.21363665979377,0,23.3251632638053
"COR-L311",0.0062496622614423,30.3540244185808,4,0,30.3540244185808
"COR-L311.1",0.00750880329917032,14.431430496455,4,0,14.431430496455
"U266B1",0,NA,3.16428139744807,100,134612.620761542
"U266B1.1",0.153246879442374,NA,1.43041364807938,84.6753091139044,1e-06
"H4.1",0.103697608895508,8.08172158230523,1.21689642232122,11.1753661938586,6.56482081059295
"HDLM-2",1.06895232010598e-13,NA,4,97.7468848564195,5910.78803316542
"HDLM-2.1",0,NA,4,100,713161.550157082
"ES5",0.00773814019854767,28.6231130402379,4,0,28.6231130402379
"ES5.1",0.168586725389797,12335.6544037518,0.153876069940572,0,12335.6544037518
"EW-7",0,NA,4,100,1e+06
"EW-7.1",0.174206874133835,162.435819564207,0.263453940813723,0,162.435819564207
"Farage",0.189590149820938,4.34850663239309,3.01098395030456,26.1595406566176,3.40026530174428
"IHH-4",0.0447873522629337,18.8836715089529,4,41.301376139709,12.1956955414869
"IHH-4.1",0.0616421937754347,11.7359837485072,2.19182654327412,40.8379737548133,5.41103178821643
"KYSE-270",0.00798857822696888,28.3706588929423,4,0,28.3706588929423
"KYSE-270.1",0.0199261832093872,11.4400111237304,3.51825825489997,0,11.4400111237304
"MDA-MB-436",0.00930460745949084,27.1806520188035,4,0,27.1806520188035
"MDA-MB-436.1",0.0446974290172712,NA,4,89.025719866806,0.600090624737399
"MN-60",0.123944829121423,10.5723153960974,2.99633139871721,47.4086086506074,3.93700980462969
"MN-60.1",0.168933097250722,2.44142878162624,4,48.3153886144231,1.04598749362127
"MS-1 [Human lung carcinoma]",0.0616883169236983,NA,4,56.5937852231266,7.5312677216504
"MS-1 [Human lung carcinoma].1",0.105421163113823,5.52430161036001,2.79307866417047,41.7722823938378,2.89530484553655
"SJNB-10",0.0693580686641681,NA,4,75.1105539634029,2.91842979532685
"SJNB-10.1",0.0800619536055993,7.75446009780428,1.68089121670742,0,7.75446009780428
"OVMIU",0.0336457386965837,NA,4,84.8501755516561,4.31574718290819
"OVMIU.1",0.0410968570344391,NA,0.564802133719681,92.5383222411087,0.198062443117343
"PF-382",0.0206612839486956,38.6267448979602,2.23518722273504,30.1697310410447,25.5386443110305
"PF-382.1",0.0371645350895602,NA,4,77.1401967484086,3.26236376362687
"SBC-3",0.150238926741116,7.23898008566968,2.38327867389601,41.9077843022693,3.37149519976923
"SBC-3.1",0.197016584947869,2.40573630343617,1.81892552617654,32.5091585929389,1.35040173282368
"SUP-T1",0.0385239241878549,NA,4,69.0035311860172,8.54602926124458
"SUP-T1.1",0.0245820307208545,10.0706049506155,4,0,10.0706049506155
"SW1710",0,NA,1.00578603500745,100,309.04984961029
"SW1710.1",0.0215936235278951,NA,0,95.681275294421,344.279441096679
"UACC-62",0,NA,0.757801892684479,100,151808.910881338
"UACC-62.1",0.0486784343796828,13.9104067176323,1.43843962519464,0,13.9104067176323
"NCI-H3255.1",0.0448178540876248,NA,0,91.036429182475,4.7782737206926
"HA7-RCC.2",0.0658410653252627,NA,4,74.0523697759542,3.46695453488436
"G-292 clone A141B1.1",0,NA,1,100,20
"HLE.2",0,NA,0.55715920975394,100,19.0426470641921
"HLE.3",0,NA,0,100,0.547072858009421
"ST486.2",0.0923962499452488,16.4541276858446,1.91439222983235,38.4151936236462,7.6653938378964
"ST486.3",0.12590550541273,3.59194344678393,4,32.3810338869426,2.76746472737626
"CAL-54",0.113302333974634,NA,4,61.670497637725,2.59612684485653
"CAL-54.1",0.125407583978838,7.90739823848454,1.69732006046781,44.2642413029877,2.20798445782414
"CAL-85-1.1",0.0598400656671631,NA,4,70.2179535363087,4.99710363677816
"Capan-1",0.0170818261959342,41.2544395287808,1.90418269283329,0,41.2544395287808
"Capan-1.1",0.0207720171314414,18.5715225493528,1.88702406193314,0,18.5715225493528
"HCC1569",0,NA,1.27269239150851,100,1.14842278642735
"HCC1569.1",0.0343462031844453,NA,0,93.1307593631109,0.0823088313996713
"IGR-37",0.0322355729326657,NA,3.93376524315967,79.6897761131019,6.70513720143303
"IGR-37.1",0.0126412046310794,12.4365604595722,4,0,12.4365604595722
"MEG-01",0.065881146318594,NA,4,53.3267713591116,3.79132158295669
"MKN1",0.0825125294470307,NA,2.3791659307623,79.9343041625941,1.16866261118715
"MKN1.1",0.141453519303927,24.9727080857866,0.484579284244023,0,24.9727080857866
"ML-2",0.240524796417201,2.84584804553673,4,20.053262887155,2.50355181132502
"ML-2.1",0.318245735374744,1.07619684581898,1.60128827599433,4.65788652832378,1.01244261300995
"MS751",0,NA,1,100,0.0200105397013264
"MS751.1",0.00212061577005306,20.1765700876014,4,0,20.1765700876014
"OV-90",0.0019753929051783,41.095979118925,4,0,41.095979118925
"OV-90.1",0.0619730424313882,41668.283192488,0.238742915297318,0,41668.283192488
"OE33",0.0899300095586941,41.9294385978758,0.732095605617261,0,41.9294385978758
"OE33.1",0.0270780749265779,12.4751087051999,2.45096615303678,0,12.4751087051999
"SCC-4",0,NA,0.842260884248651,100,0.435309114100029
"SCC-4.1",0.00306824959624685,18.3358836362216,4,0,18.3358836362216
"TE-8",0.0629817765178586,NA,3.83546428160505,80.4240404849344,2.16738205201496
"TE-8.1",0.0376206512406004,NA,4,77.4238529682302,3.17112781544023
"VCaP",0.0356737827281462,68.4513327858254,1.01852092658754,0,68.4513327858254
"VCaP.1",0.0732518581563131,31.9829619323675,0.710955590847392,0,31.9829619323675
"WSU-NHL",0.163062489960745,3.15097345175834,2.69529317944766,9.83426696131755,2.90506400150381
"HCC366",0,NA,0.924410768881215,100,1.71066963092169
"HCC366.1",0.0377939332423203,NA,0.855731715769298,77.7379219652938,5.23279983108971
"EFM-192A.1",0,NA,0.141349997809718,100,58.4535723832222
"Hep 3B2.1-7",0.0374244410393482,NA,4,90.9747580851617,1.14060065321317
"Hep 3B2.1-7.1",0.022328463843421,16.4448952753548,2.02149649740419,0,16.4448952753548
"JVM-3",0.16657192552311,6.05851617137663,2.12025692259505,27.7997942098887,4.13104130552865
"JVM-3.1",0.286477848092959,2.91881588725655,0.501584925546747,0,2.91881588725655
"KYSE-140",0.0627087569178013,NA,4,69.8797675733224,4.75158602100601
"KYSE-140.1",0.0690191731658459,NA,4,61.1740588283929,2.93458076248658
"KYSE-220",0.142542707730177,NA,4,53.6458503373476,2.39110476301469
"KYSE-220.1",0.167130651567939,5.29680936248866,1.02569492828284,25.5062257189034,2.64158011320138
"Lu-65.1",0.262934952968401,NA,1.19392164062803,62.5264970617958,0.0730866424935003
"M059J",0.00845299648425597,27.9261587553417,4,0,27.9261587553417
"M059J.1",0.0811473937682834,NA,1.71911819142229,82.0245866473206,0.443212254510513
"MLMA",0.129753982891574,7.63879108695378,4,15.1782073173912,6.97822411021914
"MLMA.1",0.192506513406552,3.22369583630042,1.17799314340215,0,3.22369583630042
"MPP 89",0,NA,1,100,20
"MPP 89.1",0.0849087497166423,NA,4,85.4507826926719,0.177558879450954
"Namalwa",0.194170523093745,4.64246506052373,2.71348274271068,17.2756061381838,3.97102708393842
"Namalwa.1",0.414233076823874,0.718627350184845,0.534596509954718,0,0.718627350184845
"NB69",0.0997555562795241,16.7567109010777,4,49.5687833328125,5.10646265974393
"NB69.1",0.0550190109094668,8.29541040280525,2.51402908706898,0,8.29541040280525
"NCI-H1915",0.0477319331199144,NA,4,76.4043164263158,4.95005566080533
"NCI-H1915.1",0.0980214143681056,NA,0.15601136441582,85.339677830739,0.00316904096812759
"NCI-H358",0.0131528364592217,NA,4,90.3327245383468,7.86059983478676
"NCI-H358.1",0.0292330248836997,NA,1.44154199146512,64.0840404408207,8.570588801271
"OCUB-M.1",0.0121348744418207,NA,4,98.0239178957945,0.287677089322979
"OCUM-1",0.0674219705174303,NA,4,68.8794791158693,4.48135191848427
"OCUM-1.1",0.156594705750322,37.9857215365652,0.394072301590762,0,37.9857215365652
"ONS-76",0.0909614634656158,NA,1.44499824105987,53.8151567754927,5.694694975357
"ONS-76.1",0.126316903894822,15.8189807861669,0.629797600956472,0,15.8189807861669
"QGP-1.1",0.0130910308475288,24.6161062877183,4,0,24.6161062877183
"SAS",0.0476289091210505,131.868974390934,1.23755933004096,45.6580340855007,18.3054680722342
"SAS.1",0.0668450870323217,32.8954788266406,0.743131970272312,0,32.8954788266406
"SNU-423",0.0299713991321758,58.3729581924326,1.19015272739492,0,58.3729581924326
"SNU-423.1",0.0278509535392166,NA,0,94.4298092921567,252.562322450235
"SW982",0.0479143917434009,NA,4,66.4064165413634,7.50420527720405
"SW982.1",0.0363920331698676,13.1778326299634,1.86434780545395,0,13.1778326299634
"TE-5",0.0526702399101908,NA,2.18025206733261,74.0148448229177,5.04236649210664
"TE-5.1",0.087697586136263,5606.44486362724,0.249643876355819,0,5606.44486362724
"IST-SL2",0,NA,1,100,20
"IST-SL2.1",0.186924408268306,NA,4,79.5301796391573,0.0177975632042534
"A-375.15",0.0156017080256383,23.3429605278799,4,0,23.3429605278799
"A-375.16",0.0162686103310494,23.0429415421944,4,0,23.0429415421944
"A-375.17",0.0228413404597124,10.325794778654,4,0,10.325794778654
"A-375.18",0.0623703882573511,9.35250842204118,1.7487777484485,0,9.35250842204118
"A-375.19",0.0942601062032201,191.017033750326,0.389899925260852,0,191.017033750326
"C32 [Human melanoma].16",0.0223366939957546,NA,0,95.5326612008491,1.38211392385482
"C32 [Human melanoma].17",0,NA,0,100,0.483319771913363
"C32 [Human melanoma].18",0,NA,0.616597714365194,100,0.0264885184928718
"C32 [Human melanoma].19",0.117823827271982,NA,0.744493695279986,87.1870783645428,0.00412275766505772
"C32 [Human melanoma].20",0.0853040498662164,NA,0.0403898207303844,82.7525009095114,0.541097129408378
"C32 [Human melanoma].21",0.0611082412929076,NA,0,87.7783517414185,0.982288936586944
"HCT 15.8",0.133673777670718,25.6962021716031,0.655519404835343,0,25.6962021716031
"HCT 15.9",0.132679941888197,18.5394971474832,0.784126553052399,0,18.5394971474832
"HCT 15.10",0.0109741007785778,25.9251536735883,4,0,25.9251536735883
"HCT 15.11",0.0234066696199049,10.2407407092072,4,0,10.2407407092072
"HT-29.14",0.059676217035337,NA,4,71.9398141875304,4.60645829381757
"HT-29.15",0.0528494945641681,NA,4,74.105027545394,4.88864410159286
"HT-29.16",0.0345122298747261,81.8162685883548,0.961575188034672,0,81.8162685883548
"HT-29.17",0.135111093248089,12.6771172129702,0.65291114851551,0,12.6771172129702
"HT-29.18",0.0618202590230132,NA,4,65.4580240366897,2.91006438839038
"HT-29.19",0.0948769367702785,NA,2.9722343284733,57.2698403122496,2.16509911321849
"MFM-223.11",0.00161415788233372,43.2785289481324,4,0,43.2785289481324
"MFM-223.12",0,NA,0.71103758741162,100,0.0515741139260759
"MFM-223.13",0,NA,1,100,0.0632733265355942
"MFM-223.14",0.0628164578006452,NA,4,85.3297639932491,0.519432686022252
"MFM-223.15",0.11010473799433,108450467.277834,0.122260544174731,21.8069862937845,1e+06
"MFM-223.16",0.147023059463188,NA,1.45106546206154,85.2976894164656,1.62117351217706e-06
"MHH-ES-1.15",0.00187901640626224,41.6270752339267,4,0,41.6270752339267
"MHH-ES-1.16",0,NA,1.01908587917399,100,7.04036517811191
"MHH-ES-1.17",0,NA,1.62350671073027,100,15.9680152222324
"MHH-ES-1.18",0.0222409459589303,NA,0,95.5518108082139,0.0133792087714608
"MHH-ES-1.19",0.032838336471243,NA,0,93.4323327057514,0.0173644085686703
"MHH-ES-1.20",0.0701350544395372,NA,1.78997435269971,92.9864930559529,7.65897782011802e-06
"PC-14.15",0.00264920934031562,38.0988816069336,4,0,38.0988816069336
"PC-14.16",0,NA,1.34831280378621,100,45.8217547328409
"PC-14.17",0.0111404313407313,NA,4,94.5808161837228,4.83867504627135
"PC-14.18",0.105767630854717,185.784256596982,0.366529111974501,0,185.784256596982
"PC-14.19",0.0436503977339984,25.5580720635957,1.0507164458736,0,25.5580720635957
"PC-14.20",0.100378927099763,15122.8823169022,0.209936743504112,0,15122.8823169022
"SNU-C2B.11",0,NA,1.54483859476964,100,51.7120095533982
"SNU-C2B.12",0.0855568689422124,1843440.49424344,0.165291952218589,4.80778290677275,1e+06
"SNU-C2B.13",0.0856694105498281,NA,4,89.3868093337805,0.0756995538240851
"SNU-C2B.14",0.106918047667079,2884.97563731909,0.242697006870776,0,2884.97563731909
"SNU-C2B.15",0.0822663798425688,18184881073.2947,0.12957037925716,35.972603899056,998922.894708744
"SNU-C2B.16",0.0613781058322446,NA,0,87.7243788335511,0.152821379723764
"SW620.16",0.0887270407319758,NA,4,64.0235503426779,3.64191429864189
"SW620.17",0.0729142812227419,NA,4,70.3024720287158,3.66977956777024
"SW620.18",0.0920556445431394,NA,2.65595305949682,65.6637631558402,3.14767054145326
"SW620.19",0.195526966113534,12.8360389682896,0.44296180930784,0,12.8360389682896
"SW620.20",0.240164178656727,8.2473351989963,0.402591489580289,0,8.2473351989963
"SW620.21",0.201283478115503,53.8175914180536,0.286958398077371,0,53.8175914180536
"U2OS.15",0.0131510742925303,NA,4,89.8211607372158,8.25203500412256
"U2OS.16",0.0201515831054568,NA,1.71102151436177,60.2346353574071,22.4571612227862
"U2OS.17",0.0184492162112454,NA,4,90.7301061692379,5.0635120392248
"U2OS.18",0.0944617186832156,NA,0,81.1076562633569,0.00421028980054945
"U2OS.19",0.089449794288125,NA,0,82.110041142375,0.116822192098068
"U2OS.20",0.0739661361312662,NA,0.0127551187266791,85.6510863809925,0.00245736143422692
"DSH1.1",0.0493710084888348,NA,4,83.3519559767687,1.289512733742
"HCC1419.1",0,NA,0.779656672896847,100,0.0785460632822654
"MEG-01.1",0.0594038279731842,NA,4,57.3062441868215,7.69117347481041
"NCI-H2227.1",0.0112497242142971,25.7391133720565,4,0,25.7391133720565
"DMS 79",0.10025986893741,9.59926398003335,4,41.970180349329,6.07675716394316
"DMS 79.1",0.127555319612508,3.50491085563505,4,33.904767529374,2.64002955559428
"HCC1500",0.00718216983926006,NA,4,99.2817830157079,0.00021799002030215
"HCC1500.1",0,NA,0.088145406929555,100,131.660444747847
"Karpas-299",0.0619807727516355,NA,4,81.4537266979324,1.98852559699515
"Loucy",0.0314782856944592,163.410102838756,1.30306789576906,45.2208501911929,26.9651536495535
"Loucy.1",0.0753719608140976,NA,4,78.5385727397789,0.884086947993502
"ME-1 [Human leukemia]",0.0192755955400899,NA,4,91.7027105952995,4.0209114416831
"ME-1 [Human leukemia].1",0.00470466744145282,16.3830186880589,4,0,16.3830186880589
"MFE-280",0.0238007953138094,NA,4,90.2803494045574,3.68631465787168
"MFE-280.1",0.0321977075373471,NA,4,90.9657546017194,0.852901112658939
"SK-MES-1",0,NA,0.408083284925747,100,1.34039206154514
"SK-MES-1.1",0.0120578722762537,NA,0,97.5884255447493,0.0327707574712779
"SW626",0.0567531785003306,NA,1.05121307358109,61.5124640405973,10.7459139180045
"SW626.1",0.00834495554732244,14.0134859652028,4,0,14.0134859652028
"NCI-H2023",0.056998289726163,39225.7912052535,0.265248620237155,0,39225.7912052535
"NCI-H2023.1",0.0196058520336687,NA,2.53921251917239,53.4394400812848,9.65631999583393
"SCC-9",0,NA,0,100,37.8878646407061
"SCC-9.1",0.0557869922404206,NA,0,88.8426015519159,12.6904305562421
"OCUM-1.2",0.0656407395386298,NA,4,70.4575435339822,4.31262505974676
"OCUM-1.3",0.0767107058985622,NA,4,57.8204837641112,2.85204262046787
"HT-1376",0.0287776680019786,NA,1.50980983189066,97.1222315614517,3.45616874499325e-06
"KU-19-19",0.101630857389337,NA,2.16159945876063,54.2376123428968,4.38790248241284
"KU-19-19.1",0.172262447844774,8.86646638212171,0.599092467261304,0,8.86646638212171
"SNU-449",0.0018712321618409,45.9001251631322,4,24.6084126785051,38.7475128959171
"SNU-449.1",0.076798493214319,NA,0,84.6403013571362,0.0128184937987505
"KYSE-450",0.109697965786703,58.7700798584206,0.5605004736507,0,58.7700798584206
"KYSE-450.1",0.162274007585634,84.2827618279967,0.317438756522436,0,84.2827618279967
"WM1552C",0.0175354330164727,162.934950849367,0.984502907474795,0,162.934950849367
"WM1552C.1",0.0509483171662821,916.07512214738,0.401052035308106,0,916.07512214738
"KYM-1",0.22487716668893,4.12048382078946,1.49954623014024,25.4861308421325,2.56161389475737
"KYM-1.1",0.243234715699714,2.1133786878364,1.12364233497626,9.72868802622502,1.74318607562563
"T98G",0.0128960393801702,NA,4,87.7737629154714,9.78755483183854
"T98G.1",0.0261258731301433,NA,4,72.0828930618164,5.34288460262361
"CW-2.2",0.0820591922096421,NA,2.4515139475276,65.7720455553213,1.92268617949677
"Farage.1",0.144035431793474,3.32645138262237,4,18.1314580731837,2.97220819853566
"MCF-7",0.0106451599496227,39.5593000061372,2.40714523255946,0,39.5593000061372
"MCF-7.1",0.0192409439375685,NA,0,96.1518112124863,0.00866638556995323
"SU-DHL-6",0,NA,0.620418234294424,100,0.0589783469027745
"SU-DHL-6.1",0.0338354220966194,13.1793678415063,1.96205910987549,0,13.1793678415063
"SW48.1",0.117317957533065,NA,2.23856136963942,54.4145446550521,1.70468374428893
"K-562",0.00411728446131912,33.9470729849661,4,0,33.9470729849661
"K-562.1",0.0303675464012629,NA,4,83.8860359003179,2.72442656860903
"KP-N-YN",0.0236344813894282,NA,4,90.0871632996611,3.85447530087261
"KP-N-YN.1",0.152747486543774,1663410776003522,0.0730322748031299,39.3942976578922,1e+06
"KYAE-1",0,NA,1,100,0.0200105397013264
"KYAE-1.1",0,NA,0.380321535263824,100,0.0312883641940064
"H9",0.0817945664951202,NA,4,55.3971101522457,5.64425283949824
"H9.1",0.124576809928264,4.82240556297212,2.07982346391261,33.2329945218236,2.85175621999363
"HCC1187.1",0.0938453040839776,5.07548159439157,4,22.5909718640951,4.36725112411029
"JHU-022",0.0168608459265462,6342.79269286001,0.486879455272946,0,6342.79269286001
"JHU-022.1",0.0161660452996863,NA,4,88.6649098323242,3.75237028444954
"Karpas-1106P",0.187585287983757,7.4753315891375,1.00588110169484,0,7.4753315891375
"Karpas-1106P.1",0.196471653138733,2.94398953335386,1.30573231023833,11.377859732274,2.41578494621661
"Kuramochi",0.00867548507576358,NA,4,95.2317275783596,5.70112379453936
"Kuramochi.1",0.0756705194194438,NA,4,91.9959359801957,0.0137045086532955
"KYSE-70",0,NA,1.06924125105188,100,0.57404989307617
"KYSE-70.1",0.0969378995492187,NA,1.34712959286364,89.6090170760217,0.00900051460126209
"LB831-BLC",0,NA,1,100,20
"LB831-BLC.1",0.0109358867342829,12.9756846586109,4,0,12.9756846586109
"Lu-165",0,NA,0,100,0.210009109204091
"Lu-165.1",0.0380943629405339,NA,0,92.3811274118932,42.8859025458893
"MDA-MB-361",0.0263610309495857,NA,4,96.2187933535657,0.1620640184343
"MDA-MB-361.1",0.105661826974398,NA,4,85.3185045966482,0.0693483185324935
"SK-MEL-24",0.0262656029060503,NA,4,89.9428299378519,3.2936747098119
"SK-MEL-24.1",0.0485792169134093,NA,0,90.2841566173181,0.0933308553625088
"SK-UT-1",0,NA,0.545889023672808,100,164.503105719853
"SK-UT-1.1",0.0748982123728256,432.93878481835,0.380423053402661,0,432.93878481835
"VL51.1",0,NA,0,100,1e+06
"U-698-M",0.0991942167549906,22.4216646643642,2.33106845616604,48.156023671268,5.44297330218481
"Mo",0.00491472018475263,NA,4,97.5853078104984,4.90758011745728
"Mo.1",0.0668150069983984,NA,4,68.5777217648893,2.30381037002915
"ECC12",0.0741048268692007,NA,2.49727616381816,69.7685019852863,1.85027364664599
"IST-Mes1",0.0957127376663991,NA,3.13691534686297,78.0833747314672,0.979492641611765
"IST-Mes1.1",0.149134094745382,1081.19045065094,0.222371609393023,0,1081.19045065094
"KYSE-510",0.0780946308329769,19.0638523193492,1.34556478718674,0,19.0638523193492
"LCLC-103H",0.0299807363009273,NA,2.67494954600277,83.8987314081016,5.5944662333453
"LOX-IMVI",0.0881612610789597,NA,2.36569326455785,52.3845436079829,5.6852271867093
"MDA-MB-453",0.0889204838580612,NA,4,72.6920783232619,2.10985800944232
"MDA-MB-453.1",0.218805870763176,72.4250728150803,0.246528807530086,0,72.4250728150803
"NCI-H1651",0.0606140065220613,NA,2.87564685359942,75.5235346703894,3.62466856059937
"NCI-H1651.1",0.0755962829125057,NA,4,76.1276752991219,1.12223106138767
"NCI-H82",0.104394055416654,NA,4,67.8125,2.12875166179637
"NCI-H82.1",0.101434321013571,4.7573505117097,4,42.4490689372559,2.96566967072128
"OVCAR-5",0.101515720861932,NA,4,71.4910790691664,1.70948426087032
"OVCAR-5.1",0.161377228580634,22.0143427271905,0.449031183645373,0,22.0143427271905
"SKG-IIIa",0,NA,0.998781247350756,100,1.99342911849764
"SKG-IIIa.1",0.0974930305651954,NA,1.13487780810868,85.9382738208818,0.0768467568464022
"SK-LMS-1",0.0194303182668784,NA,4,92.2936561859855,3.50580645417178
"SK-LMS-1.1",0.119060985171235,103694899.612088,0.116857273634169,20.9320709962471,1e+06
"SK-N-AS",0.0399814849313824,NA,0,92.0037030137235,0.605114570430919
"SK-N-AS.1",0.0968293611825718,NA,4,89.6076004225965,0.0153871827493767
"SNU-387",0.0322315970605931,NA,4,92.0656795992504,1.20902173831047
"SNU-387.1",0.0384300321155382,27.4274246828057,1.08589514507774,0,27.4274246828057
"SW1417.1",0.108287293531183,NA,0,78.3425412937635,0.00179090633621949
"VMRC-LCD",0.0351337895478935,912.959158725632,0.517796368096535,0,912.959158725632
"NCI-H226",0,NA,0.40164936623732,100,0.128325582283603
"NCI-H226.1",0.116980833880268,NA,4,88.1449122919163,0.00815718680971652
"MIA PaCa-2",0.0447742609911155,NA,4,77.5965100899513,2.51720681306318
"MDA-MB-415",0.0383212778839794,NA,4,81.9180251982876,4.63017555255155
"MDA-MB-415.1",0.113380924372664,NA,0,77.3238151254672,0.0261501211497487
"NCI-H520",0.0588137684378789,NA,4,84.212634136204,1.52583689971786
"NCI-H520.1",0.0249846890561168,NA,4,82.2129592883147,3.80976856055676
"L-540.1",0.06968032177199,NA,4,59.7829395170476,6.05615310006708
"SU-DHL-5",0.289775108267627,2.45613743739603,4,5.99114660913371,2.3790040268647
"SU-DHL-5.1",0.254766162467684,1.72129407622661,4,0,1.72129407622661
"MKN45",0.218875918133429,NA,4,56.9727564486627,0.595760797189536
"MKN45.1",0.177896042860598,1.99471388888225,4,47.0732446695331,0.98114843401692
"BICR 22.2",0.144675785232017,9.8250063097846,1.6548550542108,37.7827855800204,4.19288792198098
"LAMA-84",0.0923813807290013,9.60187277175549,2.28955012085839,46.0882359106667,3.155227748806
"NALM-6",0.268301364814106,2.70691202257971,3.12563898952658,10.8437210709464,2.50326678783036
"NALM-6.1",0.245142300019853,1.86548346697553,2.08694566548124,0,1.86548346697553
"SJNB-14",0.00306116247860097,36.6938850194969,4,0,36.6938850194969
"SJNB-14.1",0.129596396989292,NA,0.0309236147827851,66.4622551090387,1e+06
"NCI-H1792",0.0393049377321595,NA,4,62.4377895013369,9.84774056370302
"NCI-H1792.1",0.078377810152258,28.3742525623749,0.712396290011214,0,28.3742525623749
"MIA PaCa-2.1",0.0554423045448602,NA,4,79.8118241073343,3.00099334555058
"HuCC-T1",0.0324886605618312,NA,2.64353407716249,89.2685491100221,2.47471704061781
"HuCC-T1.1",0.0361276570099412,NA,4,84.8907500081835,1.91810765608937
"L-1236",0.162818283892536,NA,3.24255149975784,75.7099393584464,0.195063228918886
"L-1236.1",0.0468222053533807,NA,4,55.6042187938874,4.8942407358951
"LCLC-103H.1",0.0998672553460063,205.411480698934,0.37211013521503,0,205.411480698934
"LOX-IMVI.1",0.0652778997384136,9.31051486443743,4,47.8350640370358,4.24709974218572
"MDA-MB-157",0,NA,0.355179896348152,100,0.075096642066577
"MDA-MB-157.1",0.0484375,NA,0,90.3125,1e-06
"MDA-MB-330",0.0066756384022489,29.8125617598861,4,0,29.8125617598861
"MDA-MB-330.1",0.02040735860117,NA,0,95.918528279766,3.45311881573029
"SJNB-13",0.00951868251205795,27.005684281322,4,0,27.005684281322
"SJNB-13.1",0.0776047677090404,NA,4,64.2965831726547,2.22966308998962
"NCI-H1299",0.0405354491446348,NA,2.63462109583435,79.8858658770409,5.0206479659191
"NCI-H1299.1",0.10710425504598,89.9995182245965,0.421952894440728,0,89.9995182245965
"NCI-H1581",0,NA,1,100,20
"NCI-H1581.1",0.0723317983569419,NA,0.0559766094784475,86.3118837055664,0.0411330407395871
"NCI-H1876.1",0.353494410746826,1.19926981439325,0.598916538609054,0,1.19926981439325
"NCI-H524",0.205009002957485,NA,1.99377164468819,51.0072518934078,1.11274593930688
"NCI-H524.1",0.192973802678517,6.50818889468332,0.89543779103563,37.3252376779881,1.4054980102104
"NCI-N87",0.0621748316179988,NA,4,68.1045014198821,5.20923963660873
"NCI-N87.1",0.169837526477689,92.9003563979426,0.299443011651133,0,92.9003563979426
"RXF 393L",0.0283947085654494,NA,4,95.6907009085935,0.211067172807958
"RXF 393L.1",0.0806617570458293,NA,0,83.8676485908341,0.00331840790920275
"SK-LU-1",0,NA,0,100,0.251339594289645
"SK-LU-1.1",0.0515144662582064,39793.0912669671,0.257946843960929,0,39793.0912669671
"TOV-21G",0.17057825415558,4.68205471064428,3.24155815391954,43.8136033324358,2.45735884445758
"TOV-21G.1",0.219459008519065,16.9833724393092,0.943885781779025,47.9772087027546,0.567792593086329
"VMRC-LCD.1",0.0976290669686853,NA,0,80.474186606263,12.5524360610198
"NCI-H28",0.0896031136777875,NA,4,69.433886710015,2.64054917626708
"NCI-H28.1",0.158238343056897,3676.70598988901,0.183387200312981,0,3676.70598988901
"NCI-H2087",1.7309221252712e-11,NA,3.36237941219436,99.712462067594,2185.77933606171
"NCI-H2087.1",0.0224805335313555,NA,0.972925291255789,60.401016567598,21.9531933900119
"A4/Fukuda",0.0753245879008708,13.9093453695992,4,45.0430746155008,7.80489895901202
"BV-173",0.408323814452943,0.596350274297576,2.19590365964283,0,0.596350274297576
"CHSA8926",0.00732906523889054,NA,4,97.592366319872,2.44284189277835
"CHSA8926.1",0.0470812292636488,NA,4,84.6910694011357,1.19528013670395
"JHH-7",0.0118970652007925,NA,4,98.3794593548073,0.125517029910983
"JHH-7.1",0.0547357365215818,NA,0,89.0528526956836,0.0598681898286172
"KINGS-1",0.0262666992358614,NA,4,91.3237744188719,2.47112322694279
"KINGS-1.1",0.0687242721768746,NA,0.867532503575102,54.7598655622566,6.29400253939328
"LK-2",0.0525380622333834,NA,4,83.9808984239259,2.07588654860172
"LK-2.1",0.101295622898275,NA,1.59271491572525,82.8806228325393,0.166865183037273
"MKN28",0.0263548614167515,146.791925306209,0.877946978259178,0,146.791925306209
"MKN28.1",0.0861139082895065,NA,4,84.4797314180926,0.216562032282887
"NCI-H1355",0,NA,0.28163052011173,100,2.80720221272047
"NCI-H1355.1",0.0848004153063931,NA,0,83.0399169387214,0.00768870561800458
"NCI-H1993",0.065677526450448,NA,4,88.865746181908,0.340060563515553
"NCI-H1993.1",0.0569521741905433,NA,3.37309244781292,70.2268246803574,2.67722852575985
"NCI-H441",0.108229613253723,NA,0.0892333743096492,50.8375662933625,999868.465681142
"NCI-H441.1",0.0929792546731248,NA,0,81.404149065375,0.000349186538041715
"Panc 10.05",0.0232397707544966,NA,4,86.2624236152953,6.23130374557176
"Panc 10.05.1",0.0668745712232773,NA,4,80.8471255681843,0.896604099826765
"WRO",0.079814266658526,NA,4,90.7809671275255,0.0502653654739647
"WRO.1",0.0779199907669191,NA,2.21853063321517,92.2080009130326,3.40371111419671e-06
"SK-OV-3",0.1015625,NA,0,79.6875,1e-06
"VAL.1",0.0909339445365936,10.3167413814487,4,31.8599543758244,8.00681209458509
"HT-29.20",0.228649259131299,NA,1.02834974682255,52.2588895993817,0.738038539941881
"HT-29.21",0.119637143481831,NA,2.32387409540222,57.8377558651016,1.41506504013883
"HT-29.22",0.102150102657671,NA,3.51187456865466,56.3076567703232,1.99112218340508
"HT-29.23",0.140117127188165,NA,4,57.2671410901484,1.03852068544091
"MFM-223.17",0,NA,0,100,155.575175133246
"MFM-223.18",0.00467655349004325,32.8184266373263,4,0,32.8184266373263
"MFM-223.19",0,NA,1,100,0.632622157394545
"MFM-223.20",0.015891222577803,NA,0,96.8217554844394,0.0833530652776388
"MFM-223.21",0.0252934919525303,NA,0,94.9413016094939,471.117377439015
"MFM-223.22",0.00605247107023005,NA,0,98.789505785954,0.325497215805544
"MHH-ES-1.21",0,NA,0,100,0.546413502028825
"MHH-ES-1.22",0,NA,0.584081226305231,100,16.8763741874215
"MHH-ES-1.23",0,NA,1.01491346343618,100,37.1595294718385
"MHH-ES-1.24",0.0379758550878853,NA,0,92.4048289824229,4440.87297890552
"MHH-ES-1.25",0,NA,0.818506686086469,100,0.00802226091864027
"MHH-ES-1.26",0,NA,0.551932627011897,100,0.253713088681001
"PC-14.21",0.029117149140625,NA,4,87.9141972923543,3.78847119190264
"PC-14.22",0.0464016355319389,NA,4,74.6630854920038,5.65389483807079
"PC-14.23",0.0378451250025185,NA,1.72648010871382,50.4764058256052,15.8900669080788
"PC-14.24",0.0274711446083466,36.7220723283537,1.1126466191085,0,36.7220723283537
"PC-14.25",0.00563877148326362,15.6061447921647,4,0,15.6061447921647
"PC-14.26",0.105723756920744,NA,0,78.8552486158513,0.758509929732192
"SNU-C2B.17",0.043076743942807,1409.65865778477,0.446124955776401,0,1409.65865778477
"SNU-C2B.18",0.0163246994610549,16660.9054255284,0.436312565824832,0,16660.9054255284
"SNU-C2B.19",0.0564651227495771,NA,0.121188770297243,89.2485953486395,0.271970303154
"SNU-C2B.20",0.0877015338517884,NA,0.0656782861401777,67.8834387859074,1e+06
"SNU-C2B.21",0.0308499095408465,NA,1.44529810050682,66.5597098150676,7.51256803050884
"SNU-C2B.22",0.105948190836082,NA,0.0173725027051124,79.4624147442026,0.00816033893834814
"SW620.22",0.146013481975596,5.67343587393116,4,44.8743592249202,3.21026357292279
"SW620.23",0.177712599726554,NA,1.75965990910347,50.1312457549474,1.71869118210191
"SW620.24",0.201705111539783,10.7750560104989,1.29015487517147,45.8469049421983,1.56619965046972
"SW620.25",0.23536235367427,7.60741113301566,0.428677222165533,0,7.60741113301566
"SW620.26",0.187958396387484,8.40650452296709,0.553468696254897,0,8.40650452296709
"SW620.27",0.206888032698582,7.54696992574926,0.679483085583185,31.229099274126,1.78477524888728
"U2OS.21",0.0563846373891255,NA,4,88.2907183290006,0.718664805518919
"U2OS.22",0.0275617954968799,NA,2.16342183660832,75.8804281475519,9.96318838819899
"U2OS.23",0.00596841801476785,52.6404016453801,2.90433690562325,35.1694399329664,34.6407015330698
"U2OS.24",0.116542897709157,3370.29968155491,0.226738741560538,0,3370.29968155491
"U2OS.25",0.0875999802415307,NA,0,82.4800039516939,0.00933514285733414
"U2OS.26",0.0886078949474277,677.415710403169,0.458826423638139,38.2911050177011,28.6284158993734
"A-375.20",0.0891558292449753,12.0354801974007,4,45.9627319354467,6.41568183196487
"A-375.21",0.09297193430657,12.5333330796217,2.16335119201966,22.6818058201832,9.47804423136987
"A-375.22",0.0944887202410343,9.93892106444707,4,33.6245321840571,7.51874176969041
"A-375.23",0.129072268758113,8.03344461208861,0.889032652776948,0,8.03344461208861
"A-375.24",0.0565840068988061,9.70502133937398,1.84513152461302,0,9.70502133937398
"A-375.25",0.0890545877939091,5.26387439576925,4,29.2500540519942,4.22490802708408
"A-549.9",0.214669861964117,3.65170683912906,4,18.2818347720089,3.25897041598548
"A-549.10",0.269114296989328,2.17824010169824,4,21.0218653816893,1.90055680468848
"A-549.11",0.25388600347314,2.46450981841787,4,21.5180100949116,2.14106885292948
"A-549.12",0.233451402330087,2.08262278910091,1.36401357930653,11.9634951329244,1.7042650672261
"A-549.13",0.190473115780563,2.06216061075796,4,24.8621460410845,1.73644901319358
"A-549.14",0.226742491011695,1.69450873133961,3.41104752709233,17.752926109769,1.49005334975339
"C32 [Human melanoma].22",0.00699659036208128,33.471014878318,3.37866086733461,1.10505311115272,33.25034359481
"C32 [Human melanoma].23",0,NA,0.328326805784379,100,0.120908453065595
"C32 [Human melanoma].24",0,NA,0.882762503612251,100,1.87103116975499
"C32 [Human melanoma].25",0.00244131887231129,19.4567652903375,4,0,19.4567652903375
"C32 [Human melanoma].26",0.0454771106881295,NA,0.0776709000141392,81.000090736518,1e+06
"C32 [Human melanoma].27",0,NA,0.243534776555411,100,0.0456913546429112
"HCT 15.12",0.135758361973458,6.26974349236431,4,39.9838025027952,4.19452697878232
"HCT 15.13",0.108274272745992,8.58198788769187,4,34.2912438935795,6.42511411374667
"HCT 15.14",0.127011218285872,3.46839110493104,4,40.2391408014958,2.30545991044466
"HCT 15.15",0.0865123752706391,13.8905468465882,1.83303038884625,45.8215706669818,3.58629205890307
"HCT 15.16",0.131934173577474,4.32438281666634,2.26790989840917,36.72661986498,2.40963283329954
"HT-29.24",0.194584949641267,7.58588021513802,1.75583046413554,46.6805520443215,1.61865009555703
"HT-29.25",0.147893046960902,NA,4,51.0822952543131,2.47818566357126
"Hs 578T",0.0956126677627746,NA,0,80.8774664474451,0.00163957476087211
"Karpas-620",0.0185842375310267,NA,4,95.3782484121724,1.2439768465868
"Karpas-620.1",0.0949611709025553,166.128303904672,0.398878423647221,0,166.128303904672
"MDA-MB-468",0.161279925197288,193.536218073919,0.845287754100763,48.6278979315389,2.75019473904155
"MDA-MB-468.1",0.068876175648472,NA,4,54.9285926611793,3.49294880335152
"NCI-H2085",0.0448279319639968,NA,0.309423950694872,88.9666147907385,2.41342305437056
"NCI-H2085.1",0.046180084539961,NA,0,90.7639830920078,0.000443379748171008
"NY",0,NA,0.656811698677924,100,1543.00499898409
"NY.1",0.00938125904801502,NA,4,95.0906556708753,2.67503019085572
"OCI-AML-3",0.100202526703116,16.4145792596641,1.54346052696348,32.4277157120996,8.33669033154697
"SF539",0.0676227630933428,NA,2.90734059262807,64.2865225271541,5.45005176857783
"SF539.1",0.124767663736645,NA,1.84328158380913,52.4565116638877,1.66435141130445
"SK-MEL-2",0,NA,0.910973677792174,100,0.424018093849082
"SK-MEL-2.1",0,NA,0,100,299947.713382718
"SK-PN-DW",0.0743647055134921,13.3329652815703,4,42.8553975413599,8.19744977220821
"SK-PN-DW.1",0.0706164643400847,7.43197756613869,2.19627384951328,0,7.43197756613869
"Hs 578T.1",0.0195587246193966,NA,4,80.232939701553,10.2685363978471
"NCI-H3122",0.0698377071045929,NA,0.374739689355317,77.198669330138,3.70756759269307
"NCI-H727",0,NA,0.920633419734807,100,0.88344153034896
"NCI-H727.1",0.0346861387482559,NA,0,93.0627722503488,0.862223517524146
"RCM-1 [Human rectum adenocarcinoma].1",0,NA,0.979443946637441,100,0.0843908253889384
"SW1271",0.0190058616066607,NA,4,84.3466614803909,8.7229885126648
"SW1271.1",0.0748287061629373,NA,0.582648690848494,84.3679270855899,0.383546027655283
"NCI-H3122.1",0.0295472307034893,NA,4,86.0646941073416,4.6269493040557
"LAMA-84.1",0.112673337703004,8.15815666167466,4,38.1972453147837,5.68650447064047
"NCI-H526",0.116741512979192,8.0912199754068,4,26.4428878139882,6.70350627002754
"NCI-H526.1",0.144764719764236,3.8439603744466,2.09498852616432,10.316486436531,3.44250166603616
"Raji.1",0.0520442615602087,13.9540952388933,1.36630770223906,0,13.9540952388933
"HSC-2",0.00841423841805462,27.9621498953451,4,0,27.9621498953451
"HSC-2.1",0.00556634372905312,NA,4,77.8125,10
"NCI-H2029",0.0038695402745285,34.5079078218667,4,0,34.5079078218667
"NCI-H2029.1",0.0351484287285214,NA,4,91.9728664650446,0.485836409293027
"NCI-H650",0.0261874114656571,NA,2.74579829473961,82.1111180129426,7.44840536095215
"NCI-H650.1",0.0438356766942408,NA,4,69.9108901315203,3.67224379033303
"NCI-H1755",0,NA,0,100,760.707463456752
"NCI-H1755.1",0.069068497073461,NA,0,86.1863005853078,2.51078489389221
"L-363",0.0858101791952983,NA,4,85.8215414712228,0.305858839605118
"L-363.1",0.127266499881714,NA,0,74.5467000236572,216.771806875517
"A4/Fukuda.1",0.221316931398583,4.70914556569186,0.60278336299445,0,4.70914556569186
"TGBC11TKB",0.106744528813466,4.65875435020252,3.54629989589553,40.8890735404633,2.88249592313055
"NCI-H522",0.0459466551537457,NA,4,91.0495354613625,0.576920481807866
"NCI-H522.1",0.104970020893358,147160729438.761,0.109386425089345,36.3959547985422,999670.557788338
"U-698-M.1",0.226166260485121,1.44751407819782,2.50203663606252,36.1545449815642,0.866441530437498
"KMS-12-BM",0.288327883781094,2.30787040644924,4,10.1306356399774,2.18086481138773
"KMS-12-BM.1",0.322372461621232,1.07922425464973,1.92813161665421,0.547140059518343,1.07308307152704
"MV4-11",0.409472359217699,0.593534085319093,1.71289592906048,0,0.593534085319093
"SK-OV-3.1",0,NA,0.56213775760349,100,0.378421128931646
"MOLT-4",0.00477538021425479,32.6359147844599,4,0,32.6359147844599
"MOLT-4.1",0,NA,0,100,0.363518097827205
"NCI-H1435",0.00373501121390879,NA,0,99.2529977572182,0.281116046599819
"NCI-H1435.1",0.0168083646720953,NA,4,97.2924558453009,0.274648149097625
"NCI-H1869",0,NA,0,100,3.48091319145042
"NCI-H1869.1",0,NA,0,100,152.79881574966
"NCI-H211",0.04808241137089,NA,4,74.2757929901784,2.75372255211389
"NCI-H211.1",0.118825050401842,1080.8009439869,0.258438098527047,0,1080.8009439869
"NCI-H211.2",0.0444048145806636,NA,4,72.3973090909319,6.60290568462395
"NCI-H211.3",0.0373146749892014,NA,4,84.9958042890413,3.59016796089708
"OCI-AML-3.1",0.274721434305886,3.07857020256951,0.530822269350234,0,3.07857020256951
"OCI-AML-3.2",0.19879200667033,3.4939268147572,0.957286564918387,0,3.4939268147572
"SaOS-2",0.0530463770392629,NA,4,94.6953622941144,0.000100561265241544
"SaOS-2.1",0,NA,1,100,6.32511068943707
"WIL2 NS",0.23906334509934,1.89583911849478,3.0944838922998,1.32415530819937,1.87946660634561
"WIL2 NS.1",0.234367918158288,1.99780164052271,2.42031432469284,0,1.99780164052272
"WIL2 NS.2",0.204735432354731,4.65613921880035,2.66982555436263,6.99493900669014,4.4005917833209
"WIL2 NS.3",0.211755567513051,4.40050156594915,2.8596610815497,6.76937376625182,4.18224224946697
"MOLT-4.2",0.153284446391844,NA,0,69.3431107216312,2.15707167856616
"MOLT-4.3",0.141019435761368,NA,0.335750676681957,68.364577237289,0.649517185774977
"SNU-C5.2",0.115415358014069,NA,4,66.1931494582958,0.946014341860036
"SNU-C5.3",0.0776319646206105,NA,4,74.8125147205846,2.37943045627251
"HT115.2",0.0255560161492656,NA,4,86.4132286053804,2.7312472695576
"HT115.3",0,NA,1.42030931978186,100,22.5218759094942
"LS513.2",0.228470313838433,1.37940200751156,2.62232150262327,45.3764362194147,0.556399025139134
"LS513.3",0.188034022479402,5.57544418685421,2.48370261468248,47.4055278528263,1.69409809575678
"GP5d.2",0.188579539944327,2.1979964661842,4,49.2558114761306,0.767724200621097
"GP5d.3",0.161821527696663,NA,4,56.6357035193066,1.5192037691799
"HCC2998.2",0.127605257916232,NA,4,63.201146092933,0.911578731386648
"HCC2998.3",0.111077385725681,NA,4,63.0985944280589,2.50087295910496
"SNU-C1.2",0.0528559936318743,NA,4,83.8028421243959,2.09957501764014
"CTV-1",0.276925500579834,1.56823427080099,1.33231096489606,0,1.56823427080099
"CTV-1.1",0.223749382069022,3.34885058610414,3.32743467348656,20.649541071549,2.85342327560735
"WSU-NHL.1",0.221264223977084,4.01124795405504,2.43985991992744,10.7244477507406,3.63334527847616
"RPMI-6666",0.38901174186394,1.19184438947524,0.389208249842223,0,1.19184438947524
"RPMI-6666.1",0.258085211124156,2.31740137098505,4,22.7215194745969,1.99165358490747
"A-204.2",0.136666111906326,NA,1.15706757684063,59.9366843089682,1.0003896838462
"MES-SA.2",0.186425997660179,4.47160084841001,1.19719170120445,38.2979803237083,1.3293494102092
"PL4.2",0.12842868182004,23.1550728744478,0.537963141977547,0,23.1550728744478
"OS-RC-2.2",0.0841038360268737,NA,4,81.4727486899504,0.434774719577261
"WM793.2",0.170112898426959,9.45784185880498,0.67792736330171,20.8305695076071,4.27130212380326
"KYSE-50.2",0.00737441732276856,NA,0,98.5251165354463,0.358788441067099
"KE-37.2",0.287618344672276,1.19143037316989,2.57674675567807,10.5311030443237,1.08694202840991
"Jurkat.2",0.0889357129705422,10.3443936608434,1.09758666690252,0,10.3443936608434
"KM-H2.2",0.143712978274161,3.2882200520493,2.95296452241576,38.8776006477155,1.97653512528109
"697.3",0.417099605299792,0.5259140188197,2.47333073575683,3.01593822470511,0.512850085186209
"8-MG-BA.3",0.0885404941810763,9.27703901338694,1.31735388219285,15.2153093441501,7.04351416741652
"PaTu 8988t.2",0.0620392810302652,NA,4,68.3286316213359,2.58748055528102
"FTC-133.2",0.0710917248730991,19.9677170777406,0.881516561634174,0,19.9677170777406
"KMRC-20.2",0.0872968545126422,NA,2.84761189688852,68.9267789631204,1.43831899246251
"NCI-H1975.2",0.0900626589295078,75.8654726439699,0.569753207291735,24.5278974573979,23.2248433019325
"OVCA420.1",0.0108123545687884,NA,4,95.292714782555,2.04720301908392
"HCC1954.2",0,NA,0.495205715603397,100,0.013945680472181
"ASH-3.3",0.0643037034325514,79.5427347654907,0.844262157767078,40.0704813744182,11.7234575591046
"NCI-H1568.2",0.0414548856958228,1e+06,0.215414982225088,0,1e+06
"NCI-H1563.3",0.0893022757492333,NA,4,85.9234761110597,0.125003875731669
"Daudi.2",0.185444112908144,2.77989633267924,1.8005831798895,18.1044128207322,2.16569551072486
"CTV-1.2",0.299557572255971,1.18944441787576,1.42380881369139,11.4200798697432,0.991412532623117
"EM-2.3",0.0166825245707756,11.4317398089139,4,0,11.4317398089139
"WM278.2",0.0655459881050967,NA,0.0272848990236384,87.1139199110048,0.0888090180734914
"GI-ME-N.2",0.148728989832588,36.4109420287575,0.416174349046304,0,36.4109420287575
"EJM.2",0,NA,1.0789594707591,100,12.3171649723667
"HT-3.2",0.00685588380210083,14.7978245609459,4,0,14.7978245609459
"Hs 746.T.2",0.0107326848460976,13.0462786905162,4,0,13.0462786905162
"EW-18.2",0.00538848282612634,15.798289276478,4,0,15.798289276478
"RPMI-7951.2",0.0552017346417033,NA,4,54.788744445638,4.34032537503747
"CA46.2",0.0983881960587179,13.202528907303,2.43839099309457,48.9729147197436,2.68323299241419
"RCC10RGB.2",0.0660087765827792,5325.50041902858,0.286437387298339,0,5325.50041902858
"U-251MG.2",0.0464514201382964,NA,1.15697425168839,86.9153601403314,0.902720223529614
"Karpas-231.2",0.175410448040081,3.66399020496666,1.22834257399979,0,3.66399020496666
"BALL-1.3",0.309781636312063,0.84376702460596,4,16.9301205751518,0.760918600417642
"IGR-1.2",0.0856422535658328,NA,4,72.4894878238263,1.16457930934097
"KP-1N.2",0.126452842321797,10.3608352117608,0.772666534056228,0,10.3608352117608
"OVCAR-8.2",0.154561684122512,17.4835611912405,1.02478772125534,45.6851105156318,1.60090577788673
"JJN-3.2",0.0806837530913199,NA,4,76.239156982676,0.958051219371524
"ALL-SIL.2",0.177901624549992,5.03058875888466,0.828536362345916,2.318444929427,4.75042041419092
"HEY.2",0.148990676273717,2.98238139933593,3.19277479918598,36.9848845464487,1.9565308478571
"HeLa.2",0.0116946487747255,NA,4,95.9349080594938,1.37103957530721
"SCC-15.2",0.0904227626362447,1040.85144452349,0.302962161325078,0,1040.85144452349
"CAL-33.3",0.0725561530963322,NA,4,78.9092779837716,0.92902824167925
"JHH-6.2",0.0898551378889924,NA,4,80.6521041132738,0.404438132721715
"ES4.2",0.145145067071977,545.808298149617,0.24947718539491,0,545.808298149617
"UACC-257.2",0.0754980192102905,NA,0.630293206571099,73.7273345250156,2.18075814158998
"KCL-22.2",0.153000111832784,NA,1.43626127743184,50.3384412117913,1.23047409939601
"CHP-134.2",0.290496837626141,1.22015669344891,2.25589594522894,8.23369917959703,1.12661548076414
"KMS-12-BM.2",0.429239348548739,0.481831380534751,1.72901757955209,3.72530222191202,0.460730331023909
"OE19.2",0.00987337188614681,13.3627951012608,4,0,13.3627951012608
"MDST8.2",0.131654850198706,NA,3.10145916578405,53.9507953613577,1.38890004014856
"HCC2998.4",0.105148180081001,NA,2.15109476089277,64.4198620814137,1.30618284221974
"G-401.2",0.289034894568479,1.11014840687053,1.51627763962086,25.4109650798487,0.695186456200968
"OAW28.2",0.0454026938750538,18.916652795454,1.2109851733547,0,18.916652795454
"DMS 53.2",0.0843227166609066,37.3552720318482,0.618549465363414,0,37.3552720318482
"TOV-112D.2",0.0407886513946858,NA,4,73.5047484370436,3.46536278091024
"AsPC-1.2",0.0470895456950224,588.182350770729,0.443612290308158,0,588.182350770729
"HSC-3.2",0.125710765289041,5.9327171644849,1.22334851478834,0,5.9327171644849
"Evsa-T.3",0.0779363988716849,18.4719952955129,0.858909984476063,0,18.4719952955129
"VA-ES-BJ.3",0.152333046355227,6.86893065991105,0.809343536069459,0,6.86893065991105
"GOTO.2",0.140595338994325,3.53759366343419,2.71185877078098,36.9744796204286,2.15423460149896
"SNU-175.2",0.0626288349434333,11.5882662210082,1.37912472102925,0,11.5882662210082
"IM95.2",0.0598296232549251,NA,4,80.2646045285734,1.23201910183557
"OVCAR-3.2",0.00373427598472383,17.4163965961331,4,0,17.4163965961331
"LXF 289.2",0.00453551068806728,16.5437955883759,4,0.00632919587255956,16.5432720189082
"AGS.3",0.232282470722282,2.26304004945315,1.60635296581839,44.9010740211743,0.546337435763492
"AU565.2",0.00832612797538293,14.0223480155783,4,0,14.0223480155783
"LN-405.2",0,NA,0.862397754498477,100,0.0151938593980234
"TE-4.3",0,NA,0.397532255927443,100,0.113869269056487
"42-MG-BA.2",0.0427379004793288,NA,4,72.2274202048212,3.46686337803625
"TUR.2",0.00716392949617345,NA,4,96.0509307443359,2.86116257489285
"EMC-BAC-2.2",0.110507233599814,NA,4,59.5766934238051,1.5135416248635
"LC-1/sq.2",0.0467204453080924,NA,1.50836238555514,73.7113687715999,3.28088905229934
"Hep-G2/C3A.3",0.107708280675743,34944.3397954507,0.186706768340122,0,34944.3397954507
"Karpas-45.2",0.0710132464583441,NA,4,68.9167652176474,2.0647368422421
"A-375.26",0.0689405398253572,9.34033535267616,1.57117052746294,0,9.34033535267616
"C32 [Human melanoma].28",0.0539211665659192,NA,2.48382557151349,79.233336145865,1.67165113120384
"C32 [Human melanoma].29",0.106550423214208,3001.43854873141,0.242024682710389,0,3001.43854873141
"C32 [Human melanoma].30",0.094430650764924,351.061956682433,0.349431860982718,0,351.061956682433
"HT-29.26",0.181603472454751,NA,1.19155478696657,54.2070525796967,0.663783529303164
"HT-29.27",0.129194253898685,16.1752282883619,0.854494117156614,35.4543867860741,3.81329321693402
"MHH-ES-1.27",0.0656120501430186,NA,0,86.8775899713963,0.06195365030723
"MHH-ES-1.28",0.0427446628248393,NA,0,91.4510674350321,0.00446203510395733
"MHH-ES-1.29",0.0046229186838621,16.4597161638031,4,0,16.4597161638031
"SNU-C2B.23",0.0530011565486834,2050.77755070957,0.352612337033043,0,2050.77755070957
"SNU-C2B.24",0.0315122336811055,NA,4,75.8509188875394,4.08837210354909
"SNU-C2B.25",0.0278450012021782,1361.83290251864,0.470717460957783,0,1361.83290251864
"U2OS.27",0.0424340783531906,NA,4,78.3023178518197,2.59313822108359
"U2OS.28",0.0648559969709951,NA,1.01477705951895,57.9377819932373,5.1727281533588
"U2OS.29",0.06355451850782,NA,1.82056932789116,68.1163235085295,2.64441205364413
"PC-14.27",0.0691675078052058,NA,1.85689733807632,69.2661656110766,2.17922212771902
"PC-14.28",0.0368330786402382,12.3918071057625,1.97843583403066,0,12.3918071057625
"PC-14.29",0.041976710948523,NA,4,77.219646324414,2.8048562214379
"SW620.28",0.203594644429954,NA,2.64179454599937,52.2821486144899,0.525013946290936
"SW620.29",0.218787823281874,NA,2.10339814610627,53.5263571671842,0.387167936923068
"SW620.30",0.160636619694716,NA,4,54.8189210125207,0.857962848505899
"HCT 15.17",0.130649643397889,NA,4,50.8194858064581,1.59650943937318
"HCT 15.18",0.0907939391217302,NA,4,54.3125760265865,2.53693146320489
"HCT 15.19",0.147609499580172,5.25129773145119,2.08567343378649,46.2672182257465,1.51336471994254
"A-375.27",0.0637453755867058,7.84374011728705,2.34375,5,7.49894209332456
"HGC-27.2",0.106243960606212,NA,1.86751669076777,50.5071944382607,2.35021182586475
"B-CPAP.3",0.0261561410516968,15.3742766000279,1.97243981276718,0,15.3742766000279
"SK-MG-1.2",0.0416519432096657,NA,4,81.8900383176277,2.04294951019585
"NCI-H1650.2",0.0123254880877153,35.2936401973796,1.55194927614497,0,35.2936401973796
"786-O.2",0.212368970194422,13.4009107559501,0.576399970126543,35.4827601475877,1.56797977568731
"TGBC24TKB.2",0.052053936589711,NA,4,94.5064390703543,0.0134442257050163
"KP-2.2",0.00488270257626782,16.221612682523,4,0.00579785436740722,16.2211424093335
"HDQ-P1.2",0.0679486714308736,12.4828645081161,1.20977368120206,0,12.4828645081161
"NCI-H716.2",0.214965544965721,NA,4,69.4107170779274,0.0779628365144951
"MHH-PREB-1.2",0.166891287343985,3.15379113226983,2.12565086331888,40.145914657719,1.46893783633057
"NCI-H513.2",0.168491688498867,47.7798059973134,0.349113985685679,0,47.7798059973134
"Huh-7.2",0.0487884138528944,NA,4,93.4869160162962,0.0565999460713314
"HT-1197.2",0.0572250967531033,81.0154558304108,0.611141430638545,0,81.0154558304108
"J82.2",0.00620647475217668,15.2056785580652,4,0,15.2056785580652
"NCI-H1568.3",0.0631758277460521,NA,4,92.2798447831594,0.0350346343254816
"SK-N-DZ.2",0.247909894899627,19.162219870538,0.290627405997968,0,19.162219870538
"NCI-H322M.2",0.172179844972278,7.83480788487006,0.639141138201935,0,7.83480788487006
"LB996-RCC.2",0.138513747800092,8.58663886756431,0.783493199095999,0,8.58663886756431
"NCI-H1944.2",0.115336068332722,NA,4,64.7817969735742,1.04140081009589
"MCF-7.2",0.0427774305574838,33.337619425516,0.94212213432127,0,33.337619425516
"KYSE-180.2",0.270958539364368,2.29879545636976,0.703805915209681,0,2.29879545636976
"NCI-H23.2",0.038502017989315,NA,4,71.9413750946385,3.89807339312412
"L-428.2",0.0582858457522816,30.7104258104464,0.825473381317798,0,30.7104258104464
"IGROV-1.2",0.190543746972786,4.00097337287826,1.17078893226154,34.9763415031305,1.43267108793975
"LN-229.2",0.0148375459956178,38.9818103886019,1.38318612767578,0,38.9818103886019
"HSC-4.2",0.0934262745931176,81.4560216638994,0.469430999007088,0,81.4560216638994
"Mel JuSo.2",0.0633903324233451,145336.262223231,0.21246729685719,0,145336.262223231
"639V.2",0.174825694253596,3.6398790878705,1.25528620264459,0,3.6398790878705
"SK-GT-2.2",0.188158521691383,30.2501715495304,0.41547583006921,21.9170809297265,7.54636622404582
"NCI-H2373.3",0.102674287046619,475.354753095913,0.317445278163335,0,475.354753095913
"U-118MG.2",0.151433303660887,83.4525035380623,0.336348456143306,0,83.4525035380623
"TE-1.2",0.0929316285849743,NA,1.79467040852353,54.2200388494634,2.57881648402458
"SKN-3.2",0.132304903443681,NA,4,61.9537277647987,0.90540900900296
"SiSo.2",0.109201853494868,6.68281549014431,2.96435079469599,47.6637449433832,2.37762250374934
"SNU-C5.4",0.132153977512135,29.5224998708058,0.486246340060903,0,29.5224998708058
"MFE-296.2",0.0304805379536372,25.3487945358064,1.27050713899093,0,25.3487945358064
"NCI-H2170.2",0.070381501946142,NA,3.23834221195731,74.6629848607537,1.46888676125353
"NCI-H1694.2",0.255372268284292,14.7068624488214,0.301226739665359,0,14.7068624488214
"8505C.2",0.00596656178688991,15.369365572816,4,0,15.369365572816
"JHH-4.2",0.0198948579695601,NA,4,82.2394695673499,4.6666447627967
"TT2609-C02.2",0.00640996103432617,15.0726334939984,4,0,15.0726334939984
"SW1573.2",0.127823053040859,55.7139411253547,0.419136281573849,0,55.7139411253547
"LOU-NH91.2",0.0175746987076532,11.2463731519224,4,0,11.2463731519224
"NCI-H1048.2",0.00708674520631705,14.6637368059017,4,0,14.6637368059017
"C-4-I.2",0.0962492794021988,NA,0.0769276607485008,60.121300851139,1e+06
"Jiyoye.2",0.114595118294705,4.00098877870468,4,35.5942958933788,2.93128776161635
"SUP-M2.2",0.147822685235026,3.48322750027087,4,6.59914164304559,3.36212548872472
"CAL-120.2",0.0445200240424443,NA,4,66.5118513264663,4.01786912948689
"SW756.2",0.0717587064335842,45.7398934526541,0.638660944986894,0,45.7398934526541
"G-402.2",0.243008600297855,2.0078090971049,1.24303211622458,32.8299949108556,0.849730244853403
"WM35.1",0.0336931355840886,NA,4,96.2254143364479,0.0207286621705409
"UMC-11.2",0.099630649897189,NA,4,87.0336549374401,0.0495288998479248
"HCC827.2",0.0925255469087547,NA,1.29079463342553,63.6568401418131,1.87305194143503
"HOP-92.2",0,NA,1,100,0.0316366632677971
"SW780.2",0.0828348228392943,NA,4,72.0502520556639,1.29117860550829
"OVCAR-4.2",0.128694569230269,1205767.96868274,0.128484729620807,1.1877469179482,1e+06
"RERF-LC-KJ.2",0.0807100756821026,NA,4,91.0715795850764,0.0190710206134865
"RL95-2.2",0.0509570831272842,1049.67139785424,0.393028675597554,0,1049.67139785424
"DEL.2",0.199282991202472,2.36226878320603,1.90449294885948,22.2549896137949,1.73389647028567
"KOPN-8.2",0.34093078190263,0.677238555127006,4,15.4314806603179,0.617546078014972
"ETK-1.3",0.0319375784966768,NA,4,66.5907167920291,5.26338980494406
"GB-1.2",0.0714288390101368,NA,3.96952404370337,57.94119389245,3.1016339061622
"Calu-6.3",0.116762408519607,NA,4,69.4091623174951,0.716172812265899
"BHT-101.2",0.0840125929396759,78.6082963560893,0.50358656834278,0,78.6082963560893
"Daoy.3",0.157186860461284,4.46594994622103,2.22094867024654,46.7219683670282,1.30947709545364
"CADO-ES1.3",0.104110097911556,5.60020576667646,1.97889493350643,0,5.60020576667646
"ESO-26.2",0.063906079454889,8.11294208375813,2.13080199386764,0,8.11294208375813
"NCI-H1623.2",0.0574669875151905,NA,1.67491165670429,83.8734943845613,0.861216232547182
"HTC-C3.2",0.155933407935618,NA,0,68.8133184128765,1.05359890983657
"KM12.2",0.188612439407546,14999.0097492037,0.13768276664036,0,14999.0097492037
"LOU-NH91.3",0.0914233603514867,NA,1.53573883443919,63.6626079797594,1.84284369090055
"PWR-1E.2",0.119281767506829,1092.58508536686,0.257454718522687,0,1092.58508536686
"SNU-182.2",0.0690947144106154,NA,4,90.4890868867236,0.0661720766873144
"SNU-398.2",0.0284666945720454,NA,4,74.2407529626186,4.717843077555
"CHP-212.3",0.136583839787632,6.102931130282,1.21831350363914,24.6666153862396,3.49279644166689
"TYK-nu.2",0.0605932769324749,NA,4,60.0840413709183,3.51785975347809
"DBTRG-05MG.2",0.0836494876999214,NA,0.426466625481771,50.567171753557,22.5163537399182
"ESO-51.2",0.0719355949230677,NA,2.03497290630663,68.4161332091028,2.1165818925441
"RPMI-8226.2",0.26571022798079,1.04227513492274,4,24.4392867430183,0.881318969842077
"OVISE.2",0.0994966233606102,NA,4,84.2248664320979,0.12822891829141
"DiFi.4",0.0922898563877071,17.1922891613923,0.888137986977784,20.2341761790393,9.58762073155462
"KG-1.2",0.0809424010605922,NA,4,52.9303419974875,3.0555729498056
"ARH-77.3",0.26118250964472,1.57347820797347,2.00073737375804,6.50571570190241,1.46758404085468
"EBC-1.2",0.0877322436069188,NA,0.673493769420367,55.6919727654819,5.22055656501627
"HuO9.2",0.0169368271830695,11.3778162792987,4,0,11.3778162792987
"Raji.2",0.018401849446401,11.0834793740406,4,0,11.0834793740406
"Granta-519.2",0.205930464278678,2.0429339005137,2.28090991617522,25.1699960812718,1.50306286875229
"TC-71.3",0.0117394076954033,12.7105466830193,4,0,12.7105466830193
"HuO-3N1.2",0.0208640539556866,NA,1.15604520445699,97.9134492239561,1.53156427641872e-05
"BT-474.5",0.075653688129986,NA,0,84.8692623740028,0.0485889227098002
"RERF-LC-Sq1.2",0.0577597550871596,23.0265913827598,0.940562783106295,0,23.0265913827598
"RD.2",0.0433614450098622,NA,1.20629925817215,95.2422776405513,0.0107702375607035
"CAL-51.2",0.14691932151879,5.32955517074582,1.06732443414309,0,5.32955517074582
"IMR-5.2",0.14766106250695,3.73703942569527,2.43780125224325,0,3.73703942569527
"BPH-1.2",0.147242373316703,537.172245842276,0.91353429746448,49.7575330182659,1.5730655984536
"SNU-1.2",0.103948783668829,NA,3.09794166826698,52.1321492593644,2.23834710635599
"JSC-1.2",0.171131962362245,2.83158437817826,2.18914078390591,32.9619277443019,1.73162070170426
"SAT [Human HNSCC].2",0.033171996839655,NA,1.31891408630427,71.36725289394,6.21185102235732
"P30/OHK.2",0.226650473502339,1.8227768302308,2.58034204305558,15.1864707629262,1.58417383612446
"NCI-H2405.2",0.0121278494282123,NA,4,96.5292764115517,0.894928361600509
"C2BBe1.3",0.163277286117279,NA,4,58.109368355939,0.677298690308491
"TCCSUP.2",0.0808428238263169,NA,4,91.1825219121395,0.0173047556856668
"HuP-T4.2",0.0576724414819559,NA,0.524783803621443,78.0990275773782,3.5726132879412
"A101D.3",0.0732605341239424,NA,1.60489799873448,54.9586358102585,3.6373648041411
"GA-10.2",0.257424974549596,1.21161328114719,3.96498843972158,20.8633928685343,1.05733724566551
"CESS.2",0.244526619171047,1.52841556304176,2.18034867421513,20.5254019829207,1.19942449788776
"RT-4.2",0.184989969661045,176.105052805954,0.246386919530879,0,176.105052805954
"NCI-H1155.2",0.0414204286201235,NA,4,58.0510572105626,5.1420867464505
"COLO 678.2",0.014127172923176,NA,4,87.3246505164358,4.68571026904005
"A-172.3",0.165706259811678,5.92379859450095,0.80337886911388,0,5.92379859450095
"647V.3",0.0758217792305599,37.5298962376447,0.658914027119723,0,37.5298962376447
"EC-GI-10.3",0.0568859520502272,13.8145719399337,1.28870603306483,0,13.8145719399337
"LN-18.2",0.162550770634146,38.6106053930676,0.379960456142523,0,38.6106053930676
"M14.2",0.157738857130105,1726.52691281006,0.200988451260051,0,1726.52691281006
"KYSE-140.2",0.226569743521623,4.93885456890529,0.950826887713819,42.0085522467143,0.717955983194439
"COLO 829.4",0.0379329841593827,NA,0,92.4134031681235,1.20886530620159
"EPLC-272H.2",0.164340548912544,NA,0.628788077998188,57.2098813833126,0.876916091673998
"G-361.2",0.045882838104992,306.900387318867,0.502294463320734,0,306.900387318867
"GDM-1.2",0.270918433377866,1.52949804377201,1.32838639130717,12.4202161145135,1.2336465631692
"JHH-1.2",0.0675611223187423,486.395918972712,0.391937491360116,0,486.395918972712
"MM1.S.2",0.0706312484195675,NA,2.28908599562367,58.4486248940894,3.18750724447487
"MOLT-16.2",0.349563124255887,0.861512220101844,2.64095277889962,2.22408580188443,0.846796230137325
"NCI-H1693.2",0.0987926667365414,6607.96135819882,0.230634161195472,0,6607.96135819882
"NCI-H1781.3",0.157313290842752,4.38090629897638,1.63676220404798,38.8777731680928,1.74880368529164
"NCI-H2141.2",0.0105560520030591,NA,4,92.1098908821613,3.99386402441395
"OE21.2",0.0358025090605475,NA,4,72.0500078244328,4.15857174741709
"Panc 08.13.2",0.0171158400793832,NA,0,96.5768319841234,0.287152890735252
"UPCI-SCC-090.2",0.0334817917140887,NA,4,90.7204223387584,0.827280654656562
"SU.86.86.2",0.0681820208290375,NA,0.180752520197977,86.7281264010303,0.231118921916454
"SU-DHL-10.2",0.216502424133483,2.7723142762058,1.13442779566313,26.0868171181839,1.44700063491072
"SUIT-2.3",0.0923841383025731,13.3230552481762,0.895347562273562,0,13.3230552481762
"SUP-HD1.2",0.175868698052764,3.2512485155593,1.54877270687007,20.9598386577118,2.2892339943242
"NOS-1 [Human osteosarcoma].2",0.00520969254277047,15.942204300688,4,0,15.942204300688
"CFPAC-1.2",0.052696609864322,21.6644882870746,1.02498271294686,0,21.6644882870746
"A2058.2",0.0166142146084351,11.4463785514506,4,0,11.4463785514506
"CAL-27.2",0.119264794972601,NA,1.95658962977784,53.3441935168056,1.73898109547193
"COLO 205.3",0.114698439112514,NA,2.19536426763735,60.334955755245,1.36471058320269
"COR-L23.3",0.15238035522472,NA,1.08965820499115,52.7670181245444,1.165708306888
"DAN-G.3",0.0722009786481971,26.8361504279365,1.16423451203623,40.4007255752455,6.5027259793158
"EW-1.2",0.105865207412662,8.48637186331357,1.08911202119986,3.29923139567031,7.97079683491107
"GP5d.4",0.149617630670337,NA,4,56.0056869957763,0.954629283108862
"NCI-H2722.3",0.093621585014703,NA,0.762896183723402,73.8082570640036,1.00468419975966
"HCC15.2",0.0442270484624421,73.9064774110044,0.706729244439426,0,73.9064774110044
"MFE-319.2",0.0238951864701008,NA,4,85.3271620370965,3.25605109449734
"NCI-H1876.2",0.200874231774806,2.39414271400688,1.78982224528822,21.5528903925785,1.74704062951654
"NCI-H661.3",0,NA,0.371696499094379,100,8.11241447011367
"T-47D.2",0.0345344743563904,NA,4,74.806083272582,3.90207673310378
"U-87MG ATCC.2",0,NA,0.855585354762133,100,0.134059083464531
"MC/CAR.2",0.0613226601567905,NA,4,52.8815365019001,4.09839151219196
"23132/87.2",0.106991462796692,NA,4,74.9787841392603,0.521542505662163
"ATN-1.2",0.0796162454278362,9.45062526342415,1.4028644078579,10.3136413149575,8.01573726127208
"BB49-HNC.2",0.18458565612354,35.3125651244925,0.345875595262656,0,35.3125651244925
"SK-N-BE(2)-M17.3",0.0211435207956364,NA,4,90.5185278219036,2.14429955808625
"BFTC-909.2",0.136506524388716,NA,1.39295054872908,71.8412888532607,0.351995459167619
"BICR 10.2",0.0900599403296325,73.386552244208,0.491991971491704,0,73.386552244208
"BV-173.1",0.471897532886432,0.3809916854515,3.07425430931023,0.308301390309303,0.380225935870097
"CAL-29.2",0.0251192001373114,NA,4,96.1357727916771,0.112203934096822
"COLO 678.3",0.066636635783157,NA,0.071179433654633,85.550277359258,2.84879036108067
"COR-L311.2",0.0506393954803596,31.1307042767233,0.88739762438186,0,31.1307042767233
"DG-75.2",0.14268889177273,4.2570480382353,1.95035850373358,36.6058649899426,2.16670989285289
"EW-13.2",0.0734203684475048,NA,4,54.9072885238093,3.25678533783414
"GCT.3",0.130969629956106,2766.13437656825,0.215934278893042,0,2766.13437656825
"Lu-135.2",0.0507851871734382,NA,4,69.6696615574476,3.15345054315564
"MOLP-8.2",0.0964032877277205,5.16204938324115,4,43.774896424696,3.06631169416693
"SF268.2",0.148732525951111,124.048346104637,0.314648452526398,0,124.048346104637
"SNU-61.2",0.0598522405029703,NA,0,88.029551899406,0.977157599952591
"HC-1.4",0.15239021353724,3.59308238712016,1.99423508173173,22.0631537271181,2.68352395743076
"A-704.2",0.0805404501895226,NA,0.0609261299127727,71.9627753307597,1e+06
"ALL-PO.2",0.0712499656619539,NA,2.38195372400503,64.6498737146155,2.52418336031652
"AM-38.2",0.0500547076341849,NA,4,73.0729978302709,2.77339570867942
"P32/ISH.2",0.146047099369591,3.38539069163795,4,13.1943855761646,3.1357744174894
"SUP-B15.2",0.299215373958283,1.10503785360196,4,7.99235962210274,1.05795385646093
"MHH-CALL-2.2",0.339432674009338,0.808211290568508,1.67346209642174,13.4369113299192,0.670347218452527
"ES-2.2",0.0338813548475673,13.6381825929814,1.89000388955093,0,13.6381825929814
"NUGC-4.2",0.0430261183558409,NA,4,87.9416781924846,0.850426745501003
"HCC1187.2",0.119904202400909,206886.675909261,0.151426328553171,0,206886.675909261
"NEC8.2",0.34491087450325,0.791468104741212,3.36190310306926,7.9439579800661,0.751765695589118
"CAL-78.2",0.00864535443183405,13.8751700971281,4,0,13.8751700971281
"AN3-CA.3",0.0321070285572592,NA,4,79.8618611962478,3.33479534106096
"DU4475.2",0.137291687366196,3.86197905850739,2.37203407520712,26.0117209718832,2.83359934214258
"PaTu 8902.2",0.0846192524015837,14.3255985609665,0.923347047244717,0,14.3255985609665
"HT-1080.2",0.0219450051063294,NA,4,86.5360420291496,3.25292456572966
"HCC1806.2",0.136113538953292,9.57413358960643,1.43725877123964,45.0176687895827,1.92424722685083
"HOP-62.2",0.152769923099014,26.179957525465,0.447073768305115,0,26.179957525465
"JIMT-1.2",0.0209241844768799,12.3476198307335,2.96539566530206,0,12.3476198307335
"Rh1.2",0.156248128254731,3.95300157225364,1.49243634655851,8.8581850786663,3.46883110215973
"RC-K8.3",0.149523203542032,4.57147048756378,1.70294929894585,38.4550087040175,1.93307066694095
"SU-DHL-5.2",0.379272170232311,0.70327533784352,2.36888593328921,1.96619762650355,0.6914653755191
"A3/Kawakami.2",0.322991303167431,1.00678174941537,4,3.61298630070513,0.988079608733666
"A3/Kawakami.3",0.331835596085254,0.952964910154381,4,3.17287641553868,0.937473022019163
"CL-40.2",0.202609505857228,5.927914175995,0.995447598419434,41.5431509475709,0.994514332860574
"COLO 792.2",0.0894446697298765,2.18664413285822e+24,0.103751780247704,49.3745603988121,1e+06
"COLO 824.2",0.063998912120179,NA,4,84.0711617226544,0.623380306892613
"HCC1143.2",0.0444265054541254,NA,0,91.1146989091749,3.54605962553473
"HCC1143.3",0.0532016633537138,NA,4,91.4863171623848,0.133490869750897
"HCC1143.4",0.0697846483936855,NA,0,86.0430703212629,0.027683565514666
"HEC-1.2",0.130425766364246,NA,0.932701411277584,70.4842892279966,0.489014653996427
"Hs 445.2",0.236992739042199,1.24835481860399,4,28.6135726910612,1.00955527155564
"HT-55.2",0.122272774234093,NA,3.43921559722581,70.053431150341,0.595925148859545
"HuP-T3.2",0.13188065331559,NA,1.19962423114507,56.9846490128805,1.28489914470193
"JVM-2.2",0.227001966530739,1.70034620562291,2.03462359702812,28.4127029985943,1.12526596832878
"JVM-2.3",0.277369651462015,1.55046049583301,1.15739935685789,10.3517182680532,1.26886632738223
"JVM-2.4",0.221433585786547,1.2657892050899,4,35.7598032699329,0.92469366816825
"NCI-H2228.3",0.13185383882233,51.9831099253595,0.416827562232404,0,51.9831099253595
"SNU-5.2",0.101929350389943,4.83674017783037,4,43.9566457528057,2.85187030001682
"NUGC-3.4",0.0724190062591488,9.92175156470934,1.39656513569356,0,9.92175156470934
"OACP4 C.2",0.0130463462323449,12.3205939776008,4,0,12.3205939776008
"OCI-M1.2",0.138772471602267,4.23042463725878,2.07986810989926,36.3507346745381,2.26610424197406
"OCI-M1.3",0.156789266164526,2.73109828026125,3.26389542192212,42.9091173881311,1.50121345736574
"OCI-M1.4",0.134018081698555,3.25177176950175,4,35.2039763352889,2.39835689217299
"OV56.2",0.0569473394320242,NA,4,85.789521530359,0.627867082305339
"RS4;11.2",0.25372939908378,1.53447134837339,3.15009527391309,9.90013015313002,1.43066654233274
"SCC-3.2",0.136163701615339,3.59837577624875,4,16.2787514551869,3.26091835224977
"SK-ES-1.2",0.108395016033783,5.67445687904918,2.09003573000295,31.4132829890506,3.53425206089754
"SU-DHL-8.2",0.0676952696546471,NA,4,82.243726331485,0.71837129021524
"TK [Human B-cell lymphoma].2",0.149042098274615,3.47915781045752,2.54744134733557,15.8173953322113,2.99666739436461
"A3/Kawakami.4",0.337144024325223,0.924551644035223,4,2.78151827645253,0.911416063692078
"NCI-H747.2",0.117674312033556,2546.54981568995,0.664883760216909,49.3603855128687,3.62043031014679
"NB1",0.107173762516766,NA,3.21590769807131,82.2955265667864,0.152781996539488
"HPAC.2",0.0772183097216513,NA,4,64.846287606329,2.19444452747956
"EW-16.2",0.003668557394816,17.4979160752488,4,0,17.4979160752488
"OSC-20.2",0.0775989399472325,NA,4,91.501024700147,0.0178154107472052
"EGI-1.2",0,NA,0.58737815362571,100,2.99206796015036
"SBC-5.2",0.075095045169637,NA,4,61.1711871720432,2.63247027358165
"NCI-H2369.3",0.00828400942318487,14.042258149913,4,0,14.042258149913
"H9.2",0.0902973708596844,10.9932497460258,1.03363772997612,0,10.9932497460258
"OACM5.1 C.2",0.0754285302212844,46.9405578476068,0.764109457040127,30.2457374031644,13.922982162558
"U2OS.30",0.0303059235464254,NA,4,76.687269631208,4.10271348140203
"A-375.28",0.0951878887210026,6.67661383806061,1.63999809028289,0,6.67661383806061
"A-375.29",0.074797518498872,8.00358019177534,1.75713410684739,0,8.00358019177534
"HT-29.28",0.154220455982807,NA,4,59.2082199568362,0.734323132000642
"HT-29.29",0.169149051711977,NA,1.70932841505657,50.968465345011,0.931944529291193
"HT-29.30",0.198423764564053,5.22813042836221,1.72270179723149,48.4125811904198,0.70570053872872
"A-549.15",0.169249156921727,2.4671334702145,4,26.3350965766318,2.04633309549764
"HCT 15.20",0.135373343298842,3.41672330253178,3.43414866701084,42.3777707748275,1.97577622465051
"HCT 15.21",0.174484061123973,2.87180937706766,2.00137633398061,29.8488316543883,1.82371272589422
"HCT 15.22",0.0820122654176727,7.77061114079018,1.62113854203151,0,7.77061114079018
"A-375.30",0.0821847948102764,6.8571464634507,2.01495678845567,0,6.8571464634507
"U2OS.31",0.00894030349927542,13.7447127081568,4,0,13.7447127081568
"C32 [Human melanoma].31",0.00510274771950554,16.0311464551201,4,0,16.0311464551201
"C32 [Human melanoma].32",0,NA,1,100,0.316311078697273
"C32 [Human melanoma].33",0,NA,1.15748998926845,100,15.0447896470818
"PC-14.30",0.0228728067844831,NA,4,71.545067170561,5.90665971686165
"PC-14.31",0.0162404172073982,16.3825161916672,2.38955890455255,0,16.3825161916672
"PC-14.32",0.0483916643492212,19.3712707279172,1.14815036431268,0,19.3712707279172
"A-549.16",0.197634386626549,2.18547942406991,2.15234195718389,30.6798167591409,1.40501795330853
"A-549.17",0.180015692019121,2.33700383256974,3.12168013798019,27.0781232614722,1.82034542631216
"MHH-ES-1.30",0.00885716808515772,NA,4,95.8220310933748,2.31402699766247
"MHH-ES-1.31",0,NA,1.03166874092534,100,1.92926647005969
"MHH-ES-1.32",0.00309332014587979,18.2970115298839,4,0,18.2970115298839
"SNU-C2B.26",0.0188126565113295,69.8954107975479,1.00981405956467,0,69.8954107975479
"SNU-C2B.27",0.0237517574183393,558.457224998602,0.571400959696988,0,558.457224998602
"SNU-C2B.28",0.0216800611461456,NA,0,95.6639877707709,6.47525370886318
"SW620.31",0.185055582509302,6.23707087003461,1.18154899373439,43.5739817751833,1.0986569240249
"SW620.32",0.224378315554417,4.37401031857331,0.892282021497304,37.2962702293724,0.941904427203873
"SW620.33",0.148378932429268,8.32494179306124,1.29736991292592,43.2797077884997,1.77245194527156
"HT-144.2",0.163054089133735,NA,4,80.7753185568735,0.0284509522796205
"HuH-1.2",0.07081983336534,NA,0,85.836033326932,0.183112644458936
"LB771-HNC.2",0.0633372793044509,NA,4,90.0792017773172,0.121577525640771
"LCLC-97TM1.2",0.0432746806782574,NA,4,87.187760609052,0.970075349253857
"NCI-H196.2",0.0110336351909476,33.4216475499063,1.66027019087043,0,33.4216475499063
"NCI-H1963.2",0.266635805889916,6.74500900830755,0.371098631975355,0,6.74500900830755
"NH-12.2",0.0655739465760746,14.5064135911347,1.11798522735274,0,14.5064135911347
"OAW42.2",0.17555570350155,139.21375382837,0.269155066125582,0,139.21375382837
"PFSK-1.2",0.154947889527911,167.047611046032,0.288341818129882,0,167.047611046032
"RERF-GC-1B.2",0.0765447512321387,NA,0.810879771486947,82.6795744647407,0.498113648889466
"TE-6.2",0.038045673308256,11.3763690056955,2.14717689968803,0,11.3763690056955
"A-253.2",0.0279873213633934,NA,2.79528890326015,79.4060257798497,4.01814581713923
"DMS 273.2",0.155656065155532,13.4993968394752,1.21475971582929,46.7361960157908,1.42761251349329
"SK-MES-1.2",0.0172549885882118,NA,4,88.6506529858438,3.51211780908514
"TOV-21G.2",0.236119673746825,NA,0.822450172188491,50.2598677633624,0.384981252389374
"MS751.2",0.015363635823658,NA,4,76.9649388806492,6.58636819201812
"DK-MG.2",0.0180965185873752,NA,0,96.380696282525,0.207430906345232
"CHSA8926.2",0.0391636312585263,NA,4,82.0756585878304,2.21221519531586
"HCC2157.2",0,NA,1.06065567302471,100,6.13183403752914
"KY821.2",0.0991857323690331,4.80412344671007,4,24.7971869751549,4.04793855692872
"NCI-H1092.2",0.0583660702070096,1454.6651971652,0.354882069919755,0,1454.6651971652
"NCI-H1793.2",0.161432507040745,NA,1.12806416785437,75.4935033493574,0.0996057112290945
"PC-3.2",0.00428170234954881,16.798463598526,4,0,16.798463598526
"NCI-H1915.2",0.0637311548284575,51709.9356589112,0.231453246348117,0,51709.9356589112
"NCI-H650.2",0.00548063350359982,15.7263278108111,4,0,15.7263278108111
"Rh41.2",0,NA,1.13551102242104,100,18.9944982442142
"KU-19-19.2",0.197067478763483,6.16184953154072,0.702411208204219,20.8365564479149,2.86013221706855
"CAS-1.2",0.064250926771919,NA,4,86.1689356865007,0.404095818377989
"HPAC.3",0.0551440173128373,15.5285167933544,1.21167438994201,0,15.5285167933544
"CL-11.2",0.0257890347857967,1427.61861810216,1.21957246764313,49.7823759190525,16.5375888065459
"HCC1954.3",0.00196774321495706,20.5684791464234,4,0,20.5684791464234
"HCC1937.2",0.0446680980042303,NA,4,88.2317985539562,0.726761154859009
"PA-1.2",0.183680672507748,NA,4,61.1875059705919,0.380499639672494
"EFM-192A.2",0,NA,0.686018631398194,100,0.0146842627867296
"MOLT-13.2",0,NA,1,100,3.16255534471853
"MHH-ES-1.33",0.0175343048648645,NA,4,97.7220381206089,0.0490658072837206
"U2OS.32",0.00784561584347166,16.2734713864661,3.32892905704265,0,16.2734713864661
"HT-29.31",0.0585041382439256,NA,4,71.3164498955462,2.44648576522715
"A-375.31",0.0240326815868724,10.6792837803191,3.51916060582377,0,10.6792837803191
"PC-14.33",0.00468313816602756,16.403061213881,4,0,16.403061213881
"KYSE-150",0.132658041723642,10.1150533736163,0.745560596021661,0,10.1150533736163
"SiMa.2",0.105021327847278,4.82536608309416,3.18615099021237,20.1506782832786,4.10407085110586
"SW626.2",0.129233376816787,NA,0.73831104504506,71.6192501517945,0.453916436526221
"KMOE-2.2",0.275859607753916,4.88172197723159,0.403837868368105,0,4.88172197723159
"NCI-H2591.2",0.0382692676615006,NA,1.06499841082305,85.7828585791428,1.78328916267521
"HCC1937.3",0.10572217898489,NA,0.0864770880877914,51.1801586797602,1e+06
"KLE.2",0.0548168549675953,NA,1.98837087052975,80.4756287574453,1.45358043417046
"KYSE-410.3",0.0476342986860162,17.7748075512207,1.22211032636475,0,17.7748075512207
"LNCaP clone FGC.2",0.21831554097803,1.2013015735362,4,40.4996002133424,0.793131164900283
"NB(TU)1.2",0.091112189284903,NA,4,61.7686189282059,1.92864023036695
"NCI-H209.2",0.543997733684811,0.206767741788275,1.66326343000333,4.40962409847969,0.195602976917743
"NCI-H720.2",0.0660546287286682,NA,4,90.2948893044061,0.0908424618173859
"NB1.1",0.243572368539036,427.914944065513,0.160803498730866,0,427.914944065513
"Lu-99A.2",0.0630901644719772,NA,1.96079750815693,68.7488612922227,2.56608581428513
"MOLM-13.2",0.401720535787811,0.620442991909631,1.85932158734693,0.462986827583291,0.617346438929116
"Lu-99A.3",0.0635500457150656,NA,4,75.5577651225841,1.66011831441926
"Lu-99A.4",0.042062608866895,NA,4,81.6413712308589,2.05540385440018
"NCI-H2347",0.0903248495204367,NA,0.0383756661779567,80.7379235727857,8.14037934257948
"NCI-H1341",0.0295624807580751,NA,4,81.259072449879,3.37447487870704
"NCI-H1573",0.0440721314273866,NA,0,91.1855737145227,3.36685669176997
"NCI-H1688",0.0542924908405021,NA,4,92.1089217922998,0.0863110943311227
"A-498.2",0.0833756421838966,NA,4,80.7990286928414,0.498220389616732
"MFM-223.23",0.0111256988006596,NA,4,97.2770610068171,0.594730443498623
"MDA-MB-361.2",0.0884205487394261,NA,4,90.5420555081716,0.0149945997560111
"LS411N.2",0.188652999137211,7.31673592502079,0.604490318350652,4.58217618980678,6.24110344950042
"HL-60.2",0.248665882564252,2.24035502889434,0.949735250911152,0,2.24035502889434
"PF-382.2",0.124582042650234,NA,4,55.9749669088071,1.41634287733591
"SNU-407.2",0.0513575371822914,NA,4,61.6391219051554,3.99127465102306
"NCI-H1417.2",0.0790222231783932,20.5533498246403,2.2669315913508,49.0561038987842,3.56749239540719
"NCI-H1417.3",0.218292356210948,8.26051838380998,0.480859654251743,7.74286455922087,5.82170753962798
"NCI-H1417.4",0.142056539203403,20.0315618868921,1.06410506907466,45.9773739437457,1.87580737187583
"P12-Ichikawa.2",0.211623114634221,2.58694209136333,1.35299391890798,0,2.58694209136333
"P12-Ichikawa.3",0.281507379095259,1.68013147694103,0.970910413946055,0,1.68013147694103
"P12-Ichikawa.4",0.262600877851616,2.12350829523204,0.854152108106937,0,2.12350829523204
"SiHa.2",0.0816135647211166,NA,1.49149536992729,85.7141345657545,0.192104295349734
"OVTOKO.2",0.0924504283692605,NA,1.38729231901276,54.0648587173593,2.78791608182568
"FaDu.2",0.137881202537939,NA,1.56206643668077,58.0616145783434,1.05120871270325
"5637.2",0.102242899400031,43.9033735183301,0.520754304990725,0,43.9033735183301
"Detroit 562.3",0.0473728210516545,NA,4,72.368851913115,3.06657542793034
"NCI-H2052.2",0.135226926525941,36.796946642754,0.44791453214504,0,36.796946642754
"Rh30.2",0.157842711578417,690.346199177635,0.226747912041967,0,690.346199177635
"T-47D.3",0.00540954531415021,NA,4,78.4375,10
"KYSE-180.3",0.14577988032474,4.53176740290716,2.13027944819042,44.0227655257528,1.67201454518882
"HCC827.3",0.120052570447334,NA,0.87659661770254,75.627132580275,0.334722191573947
"A-375.32",0.21290638880024,6.32598945656335,0.540024262698388,0,6.32598945656335
"A-375.33",0.12526557003206,6.73129287184089,1.07067660427125,0,6.73129287184089
"A-375.34",0.120769519155255,5.90150090329401,1.31847562159007,0,5.90150090329401
"A-549.18",0.182685260468671,2.29395920746938,2.77139253780182,30.3486933060211,1.63772509862403
"A-549.19",0.143338923570952,3.17275167065112,4,25.3179757690293,2.65943128845641
"C32 [Human melanoma].34",0.0658388562048566,NA,0,86.8322287590287,0.650125573794256
"C32 [Human melanoma].35",0.0761688996332935,NA,1.37913658032414,90.2465698246215,0.041286335975401
"C32 [Human melanoma].36",0.00930972139149995,104.517132488498,1.10952807013583,0,104.517132488498
"HT-29.32",0.0464140879626121,NA,4,87.3344718705685,0.795624866912827
"HT-29.33",0.0750528700861579,NA,4,81.8045127177348,0.578966641591686
"HT-29.34",0.107784177366742,NA,3.15497998044167,55.1260740307904,1.90638523362685
"MHH-ES-1.34",0,NA,0.626585774085249,100,3.92591523492367
"MHH-ES-1.35",0.0320580847469438,NA,0,93.5883830506112,0.0462906210566215
"MHH-ES-1.36",0.0496995003077129,NA,0.103694338361082,87.3416021005746,22.2154526452971
"SNU-C2B.29",0.0100537672224615,13.2937805688318,4,0,13.2937805688318
"SNU-C2B.30",0.0737965641281583,767.326782386896,0.350207071023115,0,767.326782386896
"SNU-C2B.31",0.0786962465299176,3795359.09969629,0.15980682058261,9.5981320955585,1e+06
"SW620.34",0.222111675647634,6.75504718320559,0.491757836101308,0,6.75504718320559
"SW620.35",0.207159360368198,5.84417386567341,1.13901279827281,45.0231101281603,0.770909590625881
"SW620.36",0.23116692279346,59.8257507307229,1.86899177949752,49.9954730757311,0.410771722278546
"PC-14.34",0.0121250389343246,NA,4,98.3655137729668,0.0595121887010396
"PC-14.35",0.00379177538840982,17.3464864442998,4,0,17.3464864442998
"PC-14.36",0.0285087078753953,NA,3.09955173990206,80.2341381746405,3.74865914036776
"HCT 15.23",0.109377895562658,6.77277733122409,2.56619153499616,46.1949968926775,2.48234467260144
"HCT 15.24",0.123541385747843,7.11676846096625,1.03541055000244,0,7.11676846096625
"HCT 15.25",0.143782164481582,7.56230749427032,0.814466793729286,0,7.56230749427032
"U2OS.33",0.0471331538601796,NA,0,90.5733692279641,0.958927356417137
"U2OS.34",0.0240741004539227,NA,1.13510571762723,90.7959544202811,1.84880788946094
"U2OS.35",0.033162277246641,NA,0,93.3675445506718,1.87203839942056
"HCC1428.2",0.0835877554332358,NA,4,89.6266592699097,0.0382202690123514
"HCC1500.2",0.0302800888396266,15.4226206329841,1.80265463832302,0,15.4226206329841
"KYSE-520.2",0.0976770683319824,98.6460966623816,0.437477046894636,0,98.6460966623816
"KYSE-520.3",0.0914665623580966,NA,2.39318324584744,62.8024466990707,1.84296072330719
"KYSE-520.4",0.185103902778253,NA,0.816113957473253,72.7358970225278,0.075852469977909
"MeWo",0.146577802754605,820436.937073146,0.120665910476763,0,820436.937073146
"NCI-H1838",0.0725369889041239,NA,0.00210755414384997,85.4279579845006,21.3021728353162
"NCI-H446.2",0.175053767387659,458.007054002471,0.221603309454073,0,458.007054002471
"NCI-H446.3",0.215885884280738,NA,0.628684577990095,63.6247983562495,0.139495826901056
"NCI-H596.2",0.0793403847752217,NA,4,78.3540668670895,0.795200742913845
"NCI-H2122.2",0.236914113030127,NA,0.76567261063261,50.7237150004301,0.36862387595419
"BT-20.2",0.0142108000740739,NA,0,97.1578399851852,4.85201202056416
"HCC1419.2",0.170602092036635,NA,0.707574039669142,81.315158101608,0.00414111586699949
"IGR-37.2",0.0587292706573137,21.5340247554281,0.961853947537619,0,21.5340247554281
"HD-MY-Z.2",0,NA,1.1357430933764,100,1.14772401299421
"H4.2",0.208834819527139,1.42747421112119,4,36.64118272333,1.02628450590409
"Calu-3.2",0,NA,0.929695350056454,100,1.43900590990365
"Becker.2",0.00518127178357004,15.9656258568128,4,0,15.9656258568128
"DU145.2",0,NA,0.813061403078776,100,0.0824810293234658
"NCI-H2595.2",0.0154827951257548,NA,0,96.903440974849,1.21274545391298
"DOK.2",0.0550273851752855,220.828272757899,0.495547150090564,0,220.828272757899
"CW-2.3",0.224038741557603,465338.215563922,0.593862439140942,49.9856569787694,0.504510139634582
"22Rv1.2",0.0904953878870643,NA,3.69180454933889,53.571623956081,2.60688610038111
"CAL-39.2",0.0506949827360552,NA,2.50646796851213,63.1113870501576,4.0233769324967
"K5.2",0.110906337092394,4.17849901687453,3.94825595103865,37.3234384399232,2.95172264733693
"COLO 679.2",0.0736712518135301,NA,3.17487766096322,84.3300563790093,0.388758425486545
"769-P.2",0.176623676764958,2.44704574845068,4,49.0308735807401,0.913050283995531
"GI-1.2",0.040974200637267,NA,4,76.5499854431594,2.99724892239648
"DOV13.2",0.0433630063348491,NA,4,65.1079546857082,4.27323581984847
"DB.2",0.327027111187111,0.927040609185279,1.53170679391069,12.2153930937805,0.772101198264062
"A-375.35",0.0815355597747322,5.6805667881428,4,29.3807535012924,4.55215841297135
"A-375.36",0.0968676049935459,10.2356763988641,1.0170631586482,0,10.2356763988641
"A-549.20",0.185756330546058,1.76726683260714,4,39.7340205491651,1.18962401691578
"A-549.21",0.178292397662599,2.86344797413407,1.88475136377486,25.5381224591255,1.95955103096033
"A-549.22",0.141884987050876,3.08937219273406,3.5364308378315,37.3768192894795,2.09329002025892
"C32 [Human melanoma].37",0.049020187837411,NA,1.84857260994586,79.6300938364246,1.9463742616915
"C32 [Human melanoma].38",0.0690808591855801,20991028876.1409,0.141114151940888,37.7246801352668,999395.421931942
"C32 [Human melanoma].39",0.00607786789054553,15.2924682834916,4,0,15.2924682834916
"HCT 15.26",0.150444299022151,3.31517460204658,3.37483057330392,47.3343523451567,1.39076170701052
"HCT 15.27",0.122029495553046,NA,4,51.5661226650366,1.75512685670697
"HCT 15.28",0.087093615927775,11.9575160726457,1.16012742112501,21.857968840708,7.28584014270324
"HT-29.35",0.118139938248505,NA,2.24412008533725,53.9304771952388,1.7155785046906
"HT-29.36",0.168545601505692,NA,2.09929939310439,60.0627609970731,0.542532977769929
"HT-29.37",0.219627618460543,NA,4,55.906893701824,0.320490351655823
"MHH-ES-1.37",0.00607294790987585,NA,4,99.1484014714497,0.0725694631175957
"MHH-ES-1.38",0,NA,1.09293804754319,100,4.51194458679655
"MHH-ES-1.39",0,NA,1,100,10
"PC-14.37",0.00592278253471842,15.4000804692197,4,0,15.4000804692197
"PC-14.38",0.0667156645703649,NA,4,78.2171215997721,1.20577397979027
"PC-14.39",0.0296009218048421,NA,4,70.6177941838703,5.06662620811004
"SNU-C2B.32",0.0297746735046377,76.3492063206163,0.827071719666361,0,76.3492063206163
"SNU-C2B.33",0.00918592270649082,13.6398400023739,4,0,13.6398400023739
"SNU-C2B.34",0.0151545310029518,NA,4,88.6189893391558,4.01179011573472
"SW620.37",0.145082260672713,NA,2.87516076155327,57.3757996176585,0.953074524294155
"SW620.38",0.142832757578029,NA,4,58.0547629453688,0.951745514496184
"SW620.39",0.157982138916782,NA,2.0239325770043,58.0928415811525,0.741674716698016
"U2OS.36",0.00317688278513695,18.1701677938292,4,0,18.1701677938292
"U2OS.37",0.0272117243584692,NA,4,91.4413538937496,1.11238872614495
"U2OS.38",0.0916932262105589,328.143546298515,0.359171659958398,0,328.143546298515
"MFM-223.24",0,NA,0.647585944848601,100,6.3594278357121
"MFM-223.25",0,NA,0.879191169685095,100,0.250991344615554
"MFM-223.26",0.0400567185342551,NA,4,93.0919943386295,0.182202181199994
"A-375.37",0.0364531587388941,9.18290605616284,3.3627392335945,0,9.18290605616284
"ES7.2",0.127935902664814,4.18174199896014,2.4592308480319,22.6436483865347,3.27231959573411
"HLE.4",0.00306452569162985,18.3416906011666,4,0,18.3416906011666
"Kelly.2",0.193328479361632,4.14577117935644,0.842587250562694,0,4.14577117935644
"KINGS-1.2",0,NA,0.261430988733906,100,0.0452674389848543
"KP-3.2",0.095656546803891,669.12413878943,0.313374570073652,0,669.12413878943
"MKN1.2",0.0656077004211423,NA,1.19909256281611,57.5874407326521,4.50260432739513
"SJNB-13.2",0.0472419065599096,11.6740475472064,4,47.5641578063098,5.48455308018143
"SJNB-7.2",0.0193895857999327,NA,4,89.8894395229513,2.66232608728441
"NCI-H1993.2",0.0670462342736717,86111.217227405,0.216755042290627,0,86111.217227405
"NY.2",0.0217287096916512,NA,0.0266239893664765,95.593654371154,0.889538185641793
"BxPC-3.2",0.0381252042079305,NA,1.28538547129764,74.9605503453665,4.40800521969717
"CPC-N.2",0.106776013886314,NA,4,68.7099327803405,0.946999308807834
"GaMG.2",0.0382013373197443,NA,4,66.0374464749738,4.65102665891333
"L-540.2",0.0375559465107914,NA,4,66.0477289761555,4.7143095537228
"LCLC-103H.2",0.0500652704663589,NA,4,59.8492271076057,4.26058288069975
"Loucy.2",0.209527717409266,NA,4,60.9425876561871,0.245889512333887
"MOLT-4.4",0.293848632313154,1.33150528609286,1.83016854315243,0,1.33150528609286
"Mo.2",0.0950190476050091,NA,4,73.1584463913557,0.867136999005996
"NALM-6.2",0.346364953883313,0.916040647398251,1.92738713044603,0.213811114562808,0.914006166709797
"Namalwa.2",0.291991348148222,1.33686736435792,1.34912834941601,6.32562219735704,1.20933513017348
"NOMO-1.2",0.163987062223991,3.41298835371843,2.30122415712661,44.5648455638915,1.30116521060542
"OPM-2.2",0.0752902255278406,NA,4,62.3475652311455,2.51533701557313
"A4/Fukuda.2",0.111798368527615,7.73316950981383,1.69413955543477,40.2596359330939,2.94464320699419
"ACHN.2",0.119413252830747,8.58245944363254,2.35391705758952,48.2814294304261,2.04999855874444
"BE-13.2",0.133694937309071,NA,4,64.0080039547264,0.768628599675756
"BT-483",0.0945916186984399,NA,0.0508117465342589,82.3570426796593,0.0181586563761022
"CAL-62.2",0.0623054943430355,22.7283746138818,1.64480642037104,45.0698425770046,5.55750486127702
"CAL-85-1.2",0.0295281299978336,NA,4,82.6345176376727,3.09681513567415
"CHL-1.2",0.0560028890624099,42.004514469137,0.924132878745559,30.2193156217887,15.399445307335
"COLO 668.2",0.198361894499299,2.69315842017481,1.48858911569117,27.6634831755428,1.56736615149924
"ES8.2",0.190893168108034,3.77798519602957,0.954367426309164,0,3.77798519602957
"JHU-022.2",0.0206442829488473,25.7746879554042,1.50782087468541,0,25.7746879554042
"JVM-3.2",0.217794279678749,2.02938055226395,2.47764895007442,12.2204999177574,1.81233625992237
"L-1236.2",0.0393467223326413,NA,4,80.5620627212023,2.47277475749675
"LAMA-84.2",0.121753557795641,4.97850590620894,3.79185433621971,48.5689360242665,1.95025817282017
"LC4-1.2",0.247453959453165,1.20607147905403,4,25.4671472683497,1.00940989881175
"LoVo.3",0.220493728077426,3.14060609231427,1.03786020035345,32.3260096106494,1.15306377668641
"M059J.2",0.031966604298141,NA,4,74.7688531909006,4.2002158647649
"MFE-280.2",0.0128103137309283,NA,4,93.4319596315485,2.60268337257038
"MIA PaCa-2.2",0.0761359587798865,NA,4,77.597173905296,0.95617513476838
"OCUB-M.2",0.00621680906660043,15.1987974712511,4,0,15.1987974712511
"COLO 320HSR.3",0.102042914392098,NA,4,57.1579495759849,1.93042590060142
"CaR-1.3",0,NA,1,100,0.0100052698506632
"BICR 78.2",0.0270733933397917,NA,4,89.4965954817177,1.68605557892197
"NCI-H1435.2",0,NA,0.187631685896025,100,0.108528966562802
"IHH-4.2",0.0463351787055105,NA,4,77.3892373670602,2.43023895120787
"EFO-21.2",0.0465430959947701,838.04769919124,0.776075125973364,47.3680971927527,18.8633476736303
"IA-LM.2",0,NA,0.788292709162809,100,21.4539221185953
"KALS-1.2",0.0499462217935322,248.082432891205,0.954697068777627,47.3235266014551,11.5573235232204
"KS-1 [Human glioblastoma].2",0.119166118633922,NA,4,80.4102928508313,0.149695059381915
"NCI-H2818.2",0.00504233093771761,NA,0,98.9915338124565,0.213355727486285
"Kuramochi.2",0,NA,0.703667403840408,100,0.479889623687541
"HOS.2",0.0115316054889909,NA,4,76.0348538266894,7.74512762758356
"WM1552C.2",0.0220001817052175,NA,4,79.599728848761,4.81015550191769
"JHH-2.2",0.0025871105462705,19.1673942962134,4,0.010756985805865,19.1663632960893
"NCI-H2461.2",0.0398198777436312,NA,3.49217435861388,76.2462067720272,3.15740810456643
"VAL.2",0.197708922004829,2.50989806419226,2.34134447577733,5.78109951887297,2.38157837031996
"BL-41.2",0.0394580812988079,8.43564037511188,4,0,8.43564037511188
"TE-5.2",0.0310104544997708,NA,2.51916212010779,81.168400059835,3.28194356309817
"GCIY.2",0.0935545231047546,NA,2.01170898981303,50.8694996402332,2.78396604261985
"TGW.2",0.0299527200833315,NA,4,84.9823264557116,2.52427209297738
"HAL-01.2",0.349396832862489,0.861467135750234,4,1.96515536065645,0.852874855372987
"L-363.2",0.0174471366826429,NA,4,94.1129228552917,1.29124323178805
"D-263MG.2",0.00354769954088271,17.6525615740203,4,0,17.6525615740203
"HCC38.2",0.0169952550855659,NA,4,97.2097675083373,0.148882153551361
"HDLM-2.2",0.167255493598037,NA,4,78.0013060029081,0.0523766056629178
"Lu-165.2",0,NA,0.243158930838278,100,4065.01752443165
"ME-1 [Human leukemia].2",0.0169455998050759,NA,4,95.3427375699547,0.810080603144127
"MN-60.2",0.240589731355637,1.27839733096495,2.29260323516246,38.0055401822142,0.685860174880901
"NB69.2",0.0912716368613266,5.20514339162376,4,38.6156030344542,3.59556963924589
"NCI-H1792.2",0.0333890099120772,NA,4,69.4341890219028,4.76166098582553
"NCI-H2023.2",0.0459156274288053,16.2070495122576,1.65568134786801,29.8002441317505,9.37481335645966
"NCI-H28.2",0.063549317262194,164.511135927289,0.492535200648641,0,164.511135927289
"NCI-H841.3",0.0376163760857104,36.866127088284,0.962854868027102,0,36.866127088284
"OV-90.2",0.0372575315051597,NA,4,84.6445869483081,1.87191105694946
"OVCAR-5.2",0.20948871296908,88.4766386960003,0.248146713887446,0,88.4766386960003
"PL18 [Human pancreatic adenocarcinoma].2",0.0657823407369854,NA,4,83.7999416948041,0.605211605497987
"SK-HEP-1.2",0.00749997207665099,14.43613237057,4,0,14.43613237057
"SKN.2",0.010109410002373,13.2727811181155,4,0,13.2727811181155
"SK-UT-1.2",0.0379420768969595,NA,4,81.9426850322226,2.34430837221875
"SN12C.2",0.0341228507444403,NA,4,85.032586074401,2.07161540574815
"SW1710.2",0.0214567193827356,NA,0.184751329218732,95.3484536557721,0.753659684642318
"SW684.2",0,NA,0.785130119984322,100,0.30245860374094
"SW982.2",0.105114790730124,10.1701212213381,1.66535990562274,43.525733339534,2.98016635499342
"MG-63.2",0.0381803438749543,11.3286604471408,2.15316772580579,0,11.3286604471408
"RKO.4",0.0797388064338329,NA,2.47624532303642,62.2736315844251,2.34828196794559
"DMS 114.2",0.0352887232084311,NA,4,87.3909847365823,1.4471204505115
"MDA-MB-157.2",0.00688927573224503,NA,0.0926222634272285,98.4430653771422,3.91494359083113
"MDA-MB-436.2",0.0130558908068055,NA,1.94275770348633,89.0553961219219,4.92632902434173
"NCI-H1666.2",0.102875337417825,60.1301041907377,0.47662018093317,0,60.1301041907377
"OCI-AML-3.3",0.202008160673151,2.25272391974632,1.85739622526426,33.13269855656,1.25495888255413
"RPMI-8402",0.22059732984522,2.12901519878146,1.91412911408203,8.6567825173832,1.92771967708532
"SR.3",0.186096311441876,2.39906328193783,2.52059282424277,24.1690044591091,1.84606716378407
"SW13.2",0.105253682749129,NA,2.43674656287511,54.2140602448179,2.06141678692709
"CAL-54.2",0.166562658921651,NA,4,58.5925865565668,0.621346637872402
"CML-T1.2",0.252026721932793,1.55542643615564,2.85295158273874,10.4838376783432,1.43228219589046
"EW-7.2",0.152032543344849,NA,2.51178282863578,53.2558259421679,1.05914437363475
"HMV-II.2",0.141389080277955,NA,0.556685987135305,63.7611039794239,0.887007380290157
"IST-Mes1.2",0.0559905255824417,NA,4,90.9951312733135,0.136394660118419
"KP-4.2",0.10743750686624,8.61813180638819,1.0412229800154,0,8.61813180638819
"LS1034.2",0.0843751657973222,NA,4,74.2659937626026,1.03864005781833
"MDA-MB-453.2",0.0500264542421924,NA,4,91.6067474550354,0.162944400009897
"MKN28.2",0.0242551771748637,NA,2.26065289670834,71.2558986325751,6.40829835121203
"MPP 89.2",0.0852531641300418,NA,0.0405077083725408,75.8579569611996,1e+06
"MRK-nu-1.2",0.105705740052108,13.9075756297377,2.11595971992092,48.7132078879004,2.46645841270497
"SJNB-10.2",0.0367706764649054,9.81754593843394,2.83314500248983,0,9.81754593843394
"NCI-H226.2",0.0665543818337753,NA,-2.77555756156289e-17,88.507342036885,0.0188080862500663
"NCI-H520.2",0.118830023126847,18.645235647371,0.97839957074333,40.537320394166,3.40134815805676
"OVMIU.2",0.0618016888777921,15.8344743394047,1.10353302979701,0,15.8344743394047
"PEO1.2",0,NA,0.656623550613483,100,0.0159948430605826
"RKN.2",0.00199420813706128,20.4980056820748,4,0,20.4980056820748
"RT-112.2",0.0197709401832601,NA,4,91.6505012611156,1.94910367211929
"SK-LU-1.2",0.0309266725525761,NA,0,93.8146654894848,137.750310243652
"Ku812.2",0.128746465982687,3.90666933834152,2.91506487458803,26.1801806266152,3.02925037777143
"BC-1.2",0.194501576241496,2.51631463962354,2.01367136161723,14.4988946803809,2.12278376460067
"D-392MG.2",0.120275403727244,NA,0,75.9449192545513,0.00131583844293169
"EB3 [Human Burkitt lymphoma].2",0.109992648874704,4.2070729520306,4,38.7002481449668,2.90071304735465
"GAK.2",0.125757227824918,21680.4653925566,0.46132525883563,48.8958492294951,5.5787504574012
"NCI-H2731.2",0.0302785171134798,NA,4,80.2926192417682,3.47281417798892
"HARA [Human squamous cell lung carcinoma].2",0.120432894028171,NA,4,66.479652019752,0.836062353220866
"HCC44.2",0.138838108508018,21.4055894383439,0.517930105966182,0,21.4055894383439
"H-EMC-SS.2",0.0518607059315664,NA,4,75.6667371719757,2.29598817288321
"HSC-2.2",0.0639298922436981,NA,2.55091531074304,65.7404768858329,2.79708515665868
"KYSE-220.2",0.173438548532908,4.40512487813365,1.75499940441391,45.4319370117704,1.12667761082449
"LK-2.2",0.0232842950414077,NA,4,90.4665690811877,1.85126360416556
"Lu-65.2",0.041106423535442,NA,1.75474584110515,77.225741371613,3.07603891849642
"MDA-MB-231.2",0.119834734991548,NA,4,64.5634656306209,0.967353683357405
"MEG-01.2",0.111913542474069,4.66915690257363,3.05051230316771,39.2636245820228,2.81982422941355
"ML-2.2",0.316428985972145,0.8075773346279,2.41232581613611,19.8305020965833,0.654988617942628
"NCI-H1355.2",0,NA,0.647006244036292,100,3.42270932971031
"NCI-H358.2",0.0478361149292064,NA,4,72.038108163515,3.07451529207508
"NKM-1",0.426366419986811,0.408442649602704,3.36415584015687,9.72569824332392,0.383006989349167
"SNU-423.2",0.00650948518519784,15.0093751555753,4,0,15.0093751555753
"DoTc2 4510.2",0,NA,0.675736500565179,100,0.734596561206504
"DSH1.2",0.0383202544982952,NA,4,73.4041631366159,3.71388240325623
"ESS-1.2",0.0736783573377281,NA,4,68.1623674710752,2.02291374317175
"HH [Human lymphoma].2",NA,NA,NA,NA,NA
"Karpas-1106P.2",0.275488269382952,1.55390310764445,1.23857364575143,7.43726870097204,1.36444281618359
"Karpas-620.2",0.0242779818132504,NA,4,85.0925305349463,3.25594576335897
"KATO III.2",0.0808008760676176,NA,3.70322931207862,85.7820865758875,0.19734140138639
"MDA-MB-468.2",0.0513681668991227,68.8190946814773,0.673008459603914,0,68.8190946814773
"MS-1 [Human lung carcinoma].2",0.106366483419639,NA,4,58.390907575866,1.71101232527139
"NCI-H522.2",0.0111065519996185,NA,4,86.1701832126656,5.91003986094003
"NCI-H929.2",0.0587251659498722,NA,2.54099067247793,77.80022606562,1.6148145841494
"P31/FUJ",0.074229161582006,NA,4,83.4029728831796,0.455377545699746
"Panc 03.27",0.0182245423162329,29.6056574755691,1.46871637885234,0,29.6056574755691
"KTCTL-195.2",0.0119402063593267,NA,4,93.9772869946827,2.54531338240639
"WRO.2",0,NA,0.786012063977212,100,10501.9526584713
"SCC-9.2",0,NA,1.24948038732831,100,46.7565133278967
"SNU-C1.3",0,NA,1.34469150107075,100,9.19151737095524
"HCT 116.2",0.19317530686522,1.5776319079122,4,42.5622171551975,0.979769811466504
"FLO-1.2",0.0825116606349459,19814600.9586629,0.148738733118109,17.9330208517033,1e+06
"JHH-7.2",0.0319461781647151,NA,4,79.5311736704681,3.4141607159
"TT",0.0738142173355879,39.1815832650857,0.660033375067532,0,39.1815832650857
"NCI-H2087.2",0.0583448173849261,NA,3.09608095103841,73.0681068651845,2.24649510132685
"SK-LMS-1.2",0.0254922471143047,NA,2.30578891363326,79.5704324758996,4.50245605484606
"COLO 684.2",0.0822028649810898,NA,4,82.4636659006164,0.392496009803992
"AMO1.2",0.427845115852273,0.396624108170483,1.60566891050763,13.8155307446913,0.324271773860208
"BFTC-905.2",0.0948057926393373,NA,3.21898714864999,52.9132452349606,2.49781656070437
"BICR 22.3",0.0551046454379879,NA,4,72.1560868449418,2.55145450035031
"Capan-1.2",0.120725651425698,23987.454923189,0.181066072252666,0,23987.454923189
"DND-41.2",0.0749563371641785,NA,4,79.7098356202698,0.779511347319984
"EW-22.2",0.202179291370579,5.53178021848703,0.628503210468158,0,5.53178021848703
"HPAF-II.2",0.049459489645717,NA,1.9624466321775,80.9228084664433,1.69417507504392
"IM-9.2",0.285721208725126,1.19846273838625,2.96133822170564,10.2864186031618,1.10878046909833
"Karpas-422.2",0.148034299769487,6.89720390887111,1.57147792172784,44.8598115145674,1.62170288726247
"NCI-H3122.2",0.0499537838950765,NA,4,79.2139190708671,1.90207342019846
"NCI-H441.2",0.028276276460906,NA,4,90.1164782611222,1.38618146113576
"NCI-H82.2",0.181347432763875,7.7793382320074,0.741428995200203,27.1182994098073,2.71061466026915
"OCI-AML-2.2",0.302203902780203,1.16467018081232,2.4137704022743,4.90043030546447,1.11594752547935
"Reh.2",0.198001961420088,2.73253788543537,1.44979089615642,20.8015749022194,1.88552463949175
"SaOS-2.2",0.00918379261045974,NA,4,98.4107428678351,0.184726958354166
"SBC-3.2",0.179300176006277,2.75981866689722,2.05699787077991,38.928674623378,1.32607153121364
"SK-MEL-24.2",0.017015504477414,NA,4,93.3736796669376,1.69741864444363
"SK-PN-DW.2",0.102714584223678,6.25730784275498,1.60453758175596,0,6.25730784275498
"SUP-T1.2",0.067038149037516,NA,1.66289766653464,59.9289636885733,3.46304425949559
"WIL2 NS.4",0.210427157963975,1.72274082457719,2.48515116083651,36.1881594159286,1.02659045989037
"A2780.2",0.297130017018742,0.832249421409106,1.95907275519521,31.4263361627537,0.502024532819738
"C-33 A.2",0.104736896927735,NA,2.79978708644796,61.9363495835037,1.49739063199645
"CCRF-CEM.2",0.134069613927406,5.56258068411724,1.45254072639854,29.7392402594306,2.98667528426394
"ECC10.2",0.0967645906324331,20285.5578389729,0.207982268806093,0,20285.5578389729
"NCI-H2795.2",0.0294031626228692,NA,4,78.1698214040885,3.96843662108003
"NCI-H3118.2",0.0327610801409428,NA,2.15477037977334,56.8441711728555,7.09450259890422
"KP-N-YN.2",0.0962382067064514,NA,1.84821080505364,54.9662095259901,2.37034001524713
"LOX-IMVI.2",0.116283377954977,3.98296379729422,4,42.6184489566459,2.4688844519822
"MKN45.2",0.193286846459932,NA,4,61.5265692980756,0.311131188646959
"SJNB-14.2",0.0646537061391589,NA,1.62621222374871,53.6518545498764,4.40592489350689
"NCI-H1299.2",0.082310684251902,NA,1.64465770184958,53.5396542834077,3.20929653533331
"NCI-H1651.2",0.0403491668520964,76.5501114509738,0.877193295374072,30.0050123905941,26.9259033840137
"Ramos.2G6.4C10.2",0,NA,0,100,37.4628108951148
"SH-4.2",0.0844826329718284,NA,4,56.4516530436984,2.6215854052687
"SNG-M.2",0.0563201943309027,NA,4,64.7102316328437,3.33107559744408
"SW1990",0.0461916645621715,7190.47135547109,0.319543739167076,0,7190.47135547109
"T98G.2",0.0173469303673468,29.8627961473738,1.49123711815735,0,29.8627961473738
"TE-8.2",0.129445319618584,NA,0.493219120180474,58.4841513117435,2.23568670094029
"TK-10.2",0.0363168923027801,NA,2.47652891791828,84.1479036916426,2.07145337328396
"COR-L32",0.214945295414247,4.18957948614639,0.68740837955371,0,4.18957948614639
"COLO 680N.2",0.0361862824967468,NA,4,77.5680952251642,3.29120554766044
"EoL-1.2",0.258527839778827,1.57953640229005,3.10878264597187,5.04589876862814,1.52639978511881
"LB831-BLC.2",0.0302826244379402,NA,4,80.8508194624049,3.36509902938598
"ONS-76.2",0.101081101892383,NA,4,54.9215079120569,2.12604407778251
"Panc 10.05.2",0.0066656723481373,15.5686121666437,3.99026046257754,14.2041975909036,14.3178187469852
"SF539.2",0.152415176391741,5.00752882038026,1.153926900588,15.3193533946966,3.64699065583363
"SNU-387.2",0.0198284784585061,NA,4,84.474631591633,4.16977824332608
"SW1271.2",0.0265599737747855,NA,4,86.7140341262436,2.51622875015992
"VM-CUB-1.2",0.033275832135217,13.8569254623639,1.88204197864355,0,13.8569254623639
"EN.2",0.0216123767641873,NA,1.70011428075969,84.802647785699,4.23315191845942
"GR-ST.2",0.151121271231338,NA,3.90907320146557,61.6615919268416,0.656993650155996
"KYAE-1.2",0.0566152208064758,NA,4,89.6284476731528,0.230416581916977
"NCI-H1581.2",0.0674328925181984,NA,4,77.6336539178366,1.24628446911711
"OCUM-1.4",0.0707113569132366,NA,4,69.5492570507059,2.01179730671092
"RF-48.2",0.0682071136402587,15.1709579339591,1.05466556732964,0,15.1709579339591
"SAS.2",0.11187378667057,NA,4,53.8832625471687,1.87251003152625
"SCC-4.2",0,NA,0,100,42.6855219748807
"VL51.2",0.0355792068160157,NA,4,72.594354058791,4.10775679960655
"SW900.2",0.112097913522529,NA,1.27033931881937,62.9598094304121,1.30709435186224
"LS180.3",0.199014155091006,1.5612271474867,4,37.78470403747,1.09761388379271
"NCI-N87.2",0,NA,0.732282899745836,100,0.314670043986937
"FU-OV-1",0.0349158525089407,NA,4,87.4156199004876,1.47147434218848
"EW-3.2",0.190781895015827,2.53492405244816,2.09819566374117,17.0220673708776,2.07884034969815
"UACC-62.2",0.0712773031559338,NA,4,78.7113477001668,0.990025170937736
"WIL2 NS.5",0.136458103337913,3.33735578155062,4,46.4825539705329,1.71876644696233
"A-673.2",0.0575804046741011,NA,4,59.3778711644395,3.77552424548466
"VCaP.2",0.156452971102321,46.848757050269,0.373852187033983,0,46.848757050269
"LS123.2",0.0793964239960747,32.9776523855364,0.669370679458256,0,32.9776523855364
"PSN1.2",0.0837336040390869,7.39532528828294,4,48.0273362017984,3.29593052826837
"CAL-72.2",0.0212342729221414,10.5803019980133,4,0,10.5803019980133
"D283 Med.2",0.236700454721111,1.35357763126881,4,24.6440729332776,1.14224835466279
"HCC1395",0.0972196813841921,NA,0,80.5560637231616,0.0234671732317605
"HO-1-N-1.2",0.0754534784829941,NA,4,62.1766312238519,2.5235851108022
"Karpas-299.1",0.116266154225565,10.4242293079272,1.15745948216105,35.0544142694036,3.67226014550906
"MLMA.2",0.210943695103021,2.82902043241763,1.11566114333831,0,2.82902043241763
"SNU-16",0.186187314312795,1.74039475116931,4,46.0857171280521,0.920594372181516
"PCI-30",0.0587218126790931,45.1621325673257,0.71556789989048,0,45.1621325673257
"RCM-1 [Human rectum adenocarcinoma].2",0.0931449844807815,NA,4,75.3751732009976,0.733365491759831
"SK-N-AS.2",0.0667457957224908,NA,4,87.4820725041846,0.251487745111518
"SW1116.2",0.0160132965276625,NA,1.87262360600313,74.6778175635778,8.81698201098771
"SW1417.2",0.0504803613650845,160661.542719308,0.230439062800463,0,160661.542719308
"VMRC-RCZ.2",0.0228701464795719,NA,1.20159304326335,97.7129810522249,1e-06
"A-375.38",0.0498062862675361,9.5446248893427,2.16518884344609,0,9.5446248893427
"A-375.39",0.0571120873732055,7.97267599347684,4,40.7040650104797,5.23521935487675
"A-549.23",0.131124048940715,3.89859195448601,2.69096789362494,30.6197768002249,2.74124272444868
"A-549.24",0.200532439564787,5.1022552753499,0.670572929572619,0,5.1022552753499
"A-549.25",0.187049670326438,4.65405088716564,0.805667430306067,0,4.65405088716564
"HCT 15.29",0.124941735959316,4.6049896271196,2.07544935137335,22.3356890877645,3.46238922896544
"HCT 15.30",0.139150373034236,16.930326229692,0.562671496572653,0,16.930326229692
"HCT 15.31",0.104910239878805,5.09857867502233,4,46.8035066879319,2.56374646252463
"HT-29.38",0.137978932778891,NA,4,57.8027446075679,1.04503558117372
"HT-29.39",0.13077965450233,17.6714981514815,0.7673905046511,32.0334906219896,4.65617649589592
"HT-29.40",0.111748493234577,NA,1.64805090046795,61.6235288358822,1.36826180849229
"PC-14.40",0.00985382814062275,13.3703593653516,4,0,13.3703593653516
"PC-14.41",0.0225465623818585,27.0278358179993,1.41123487106656,0,27.0278358179993
"PC-14.42",0.0307779124746529,NA,1.12053253680334,78.742719076111,5.22523861333569
"SNU-C2B.35",0.00801750141394765,14.1710509470442,4,0,14.1710509470442
"SNU-C2B.36",0.0245428445071178,NA,4,84.9554272782562,3.24966670949385
"SNU-C2B.37",0.0451716107153438,NA,4,73.0858588710762,3.14475775886114
"SW620.40",0.199539122085101,9.46921355379952,1.17325078095679,47.4397983671384,0.751989284948263
"SW620.41",0.199991445847482,6.94760410457009,1.76602842251428,49.2140133172677,0.661585580830002
"SW620.42",0.211194454581167,4.35261412437737,0.850238665554922,28.8210656917495,1.58479213904071
"U2OS.39",0.00957257792035308,13.4811762675282,4,0,13.4811762675282
"U2OS.40",0.0269844227182,NA,4,83.6899314385514,3.19762727810312
"U2OS.41",0.00769095840610864,14.3358742295546,4,0,14.3358742295546
"EFM-19.2",0.0165423749665819,NA,4,98.2174685819429,0.0158542879606673
"IST-MEL1",0.0058172956641716,15.4752133667804,4,0,15.4752133667804
"IST-SL2.2",0.0277575890085205,NA,4,79.1397126896121,4.01440687569771
"NCI-H810.2",0.0957649787895679,NA,2.7192765324244,69.5320443586071,1.14173871904572
"SW1088.2",0.14961340351157,225.160137656375,0.280931786612138,0,225.160137656375
"SW1116.3",0,NA,0.571783954984938,100,0.574646478423217
"SW837.2",0.0861316576587823,NA,0.971204602560191,56.0944704285045,3.54087735458713
"TC-YIK.2",0.396308111196758,0.6304662982718,1.47821715377032,2.51102444879979,0.60886906404024
"TE-9.2",0.00647698177187661,NA,0,98.7046036456247,0.120978714252956
"YAPC.2",0.0842241490670804,NA,1.36204699137866,68.9739119982291,1.62613083989958
"CGTH-W-1",0.0296596565089336,NA,0.157350385077188,93.3648434502701,1.26383982585417
"EB2.2",0.251063732724487,1.87971241766084,1.3266165572385,3.76831790072676,1.7719010060472
"NCI-H1755.2",0.020052759712448,NA,4,91.5313211015084,1.94916568000542
"RPMI-6666.2",0.409000323793631,0.619520094653358,1.00302828170468,0,0.619520094653358
"SK-GT-4.2",0.0547422673121275,33.3308019742226,0.827746482359952,0,33.3308019742226
"ST486.4",0.183698428179255,3.08060185989252,1.48964775819479,18.1810491090374,2.27441701619074
"SU-DHL-6.2",0.10501396336218,10.20355852503,1.34208185704424,36.6832214889237,3.80743586277754
"WSU-NHL.2",0.282981588163352,1.43252417411625,1.94873372103726,0,1.43252417411625
"YH-13.2",0.0682751033794104,NA,4,64.6384285524205,2.63838189308246
"A-375.40",0.0647313218454253,NA,3.16250285667976,55.5782749367272,3.70414342920633
"A-549.26",0.184692261873956,2.05083643562922,4,29.3439580830222,1.64418355490671
"A-549.27",0.21819964219115,1.79782279871225,2.02863618229129,33.7396392492029,1.03340399855195
"A-549.28",0.173474855072382,2.85684171522108,2.06781700351516,28.8159914113489,1.88591083731489
"C32 [Human melanoma].40",0.0247621998382446,NA,4,92.1844940945631,1.12095162742208
"C32 [Human melanoma].41",0.0327348770327013,NA,0,93.4530245934597,0.182343873688571
"C32 [Human melanoma].42",0.05415462694609,NA,0,89.169074610782,0.000985422718298197
"HT-29.41",0.232999610203732,10.0932804342614,0.433724986989805,15.9272214999516,4.16873737385086
"HT-29.42",0.140565467702685,23.9013910092581,1.04590507007448,46.4700296540717,1.89561736127067
"HT-29.43",0.146354806949242,NA,2.56666844210234,59.6609586025638,0.816428112924747
"MFM-223.27",0.0478521104840041,NA,4,86.8605684083121,0.808214724711776
"MFM-223.28",0.0286347837696522,NA,3.79243013434812,84.1556015032492,2.87658703081478
"MFM-223.29",0.107164043014941,NA,0.0641722530636976,61.3850876720406,1e+06
"MHH-ES-1.40",0,NA,0.858932694668182,100,0.295132574812599
"MHH-ES-1.41",0,NA,0,100,0.235746084379093
"MHH-ES-1.42",0.0114444987723037,NA,0,97.7111002455393,0.0324247048951075
"PC-14.43",0.0408057850257178,714.2086805825,0.454440477166319,0,714.2086805825
"PC-14.44",0.0153788935913528,NA,4,83.7004162290517,5.31235773154289
"PC-14.45",0.0206121526205044,14.720963740729,2.36605872417644,0,14.720963740729
"SNU-C2B.38",0.00511665095381375,17.2257211497855,4,21.0330918109608,15.0283204573746
"SNU-C2B.39",0,NA,0.260765933808996,100,0.135740741637461
"SNU-C2B.40",0,NA,0.0888619132586947,100,1.4561923648316
"SW620.43",0.139754703055784,NA,4,57.8645088290628,1.01169442458488
"SW620.44",0.184657415016922,NA,2.29812789236691,52.1227216262597,0.697308700572857
"SW620.45",0.154214016387815,NA,2.79044114094354,57.4829030287302,0.816758672784534
"U2OS.42",0.0190295057103733,NA,4,77.8582871763338,5.6596845896176
"U2OS.43",0.0474897140735033,NA,0.265988972349756,89.6248968912423,0.625175101836823
"U2OS.44",0.0322143113499127,1646.74009710828,0.436407537678488,0,1646.74009710828
"A-375.41",0.0659888295209264,NA,4,53.8462965730569,3.74295274348436
"A-375.42",0.0737511703828871,NA,4,60.315046622642,2.77433504563286
"EW-24.2",0.102984552056193,NA,4,71.2514489891169,0.842193428124822
"COR-L88",0.102834693465764,NA,2.80935373786193,56.1776535238158,1.98473227897359
"Capan-2.2",0,NA,0.446348279173262,100,0.0769775348301507
"SK-OV-3.2",0.0526975468769051,NA,0,89.460490624619,81.1252476341841
"WM115.2",2.44283733748629e-13,NA,3.39389838976738,99.5671947850159,4130.35471254484
"YT",NA,NA,NA,NA,NA
"VMRC-LCD.2",0.00474468639487849,16.3460548398962,4,0,16.3460548398962
"UM-UC-3",0.0328084799775635,NA,4,80.616259221403,3.11373286979089
"KNS-62.2",0.100476979252557,633.374875542599,0.465404237257515,40.6717947997013,17.1755719842875
"HCC70.2",0.034413798255978,NA,4,85.6059692949603,1.91844882577393
"CAMA-1.2",0.0871437896913731,NA,1.49157968746398,78.0978682383013,0.646750698278152
"TGBC1TKB",0.00378502067835771,17.3546322701797,4,0,17.3546322701797
"OE33.2",0.107085500877431,NA,4,51.5821704487213,2.17161644344936
"NCI-H2342",0.00605851319121742,NA,0,98.7882973617565,0.0315091253090242
"KYM-1.2",0.327785484657579,1.02897067531985,1.1593155453407,9.20391652417692,0.863361972996623
"MV4-11.1",NA,NA,NA,NA,NA
"NCI-H1648",0.174086751989896,NA,4,52.5312159940462,0.794090336182099
"NCI-H211.4",0.139778460443474,9.28850079278358,0.740029741557767,0,9.28850079278358
"Panc 02.03.3",0.0118755358376334,13.2123900340168,3.7102774720138,0,13.2123900340168
"SK-MEL-2.2",0,NA,0,100,0.170696798702242
"SK-MM-2.2",0.00509935902854852,16.0340011518436,4,0,16.0340011518436
"U-698-M.2",0.15629767027635,4.96925677224835,1.92231185069718,45.7133531782477,1.38454618790365
"NCI-H2085.2",0,NA,0.870878860084729,100,0.405033040815429
"SNU-449.2",0.00463380969215837,16.4494042511409,4,0,16.4494042511409
"SK-MEL-1",0.00544755277517091,15.7519932912913,4,0,15.7519932912913
"HT-1376.1",0.0360498342086991,NA,0,92.7900331582602,0.0919663606359388
"MDA-MB-415.2",0.00970446024708154,13.4287500661205,4,0,13.4287500661205
"NCI-H2066",0.00592275619672395,15.4000990289043,4,0,15.4000990289043
"SK-CO-1.2",0.270194640771267,0.987702570195615,2.70729200830391,29.3641229039345,0.712293258576059
"SW1463.2",0.238043598032902,1.80045409487407,1.65219437830128,42.2296413789864,0.583465705283233
"COR-L105.2",0.0709316660575058,NA,1.20454643336223,59.7736609223824,3.67432879859225
"EW-11.2",0.0400011523246983,NA,4,64.670067460018,4.62618769085848
"SW48.2",0.126569492269459,3.9681947554084,3.18588378989048,42.3788418780286,2.19869618325375
"ZR-75-30.2",0.011844034553252,NA,4,97.0502610438694,0.624466050890752
"ME-180.2",0.103969665266245,4.99500352252124,4,46.0804950719595,2.64302396767946
"MSTO-211H.2",0.05134682419538,NA,0,89.730635160924,8.43504283601608
"NCI-H835",0.0648290627653635,NA,3.27338409832012,70.2447830824111,2.22531758657476
"SW872.2",0.00715491994713274,14.6251241644153,4,0,14.6251241644153
"HCC78.4",0.0237073237729595,15.9447149721007,2.01422538435134,0,15.9447149721007
"HuCC-T1.2",0.145878148492265,32.6237687896898,0.590919956049893,33.570201217819,4.96127112767243
"Ca Ski.2",0.0159953950759943,NA,4,92.6054900545941,2.24585621487568
"CCK-81.2",0.23024986697832,1.69933152031926,2.18162952903936,22.4503155304776,1.29308395682998
"COR-L88.1",0.0741492960738558,NA,4,79.8964982788247,0.782663936886633
"CS-1 [Human chondrosarcoma].1",0.0598132796374977,NA,3.52965690135054,72.663491954391,2.20919417860698
"G-292 clone A141B1.2",0.0395327715762611,NA,0,92.0934456847478,0.0391908091358517
"K-562.2",0.0608045044782882,NA,3.61932341952601,61.2661987406031,3.40007495189554
"KYSE-270.2",0.107532905182214,4.32190122921853,4,38.1658664194523,3.01450808642351
"NCI-H524.2",0.180104399315273,4.13244627877679,0.972176860041417,0,4.13244627877679
"U266B1.2",0.0998791568553524,NA,4,67.0112393063625,1.2353581068591
"Ca9-22.3",0.0114773791151348,12.7946697293366,4,0,12.7946697293366
"CAL-148",0.236436465605593,1.11972016203419,4,33.9978124919826,0.842193404500776
"SJNB-12",0.0880591549918782,NA,0,82.3881690016244,0.00965934805627232
"SHP-77.2",0.0807295962350559,NA,3.65292756010157,69.2553408381974,1.63107989384603
"SK-N-SH",0.0664086684643047,9.8340328062371,1.53932125945979,0,9.8340328062371
"T84.2",0.022464002987752,NA,4,97.0132978561811,0.0554184959338281
"KYSE-70.2",0.0383118611041323,46.5065937302163,0.873953746728269,0,46.5065937302163
"Hs 766T",0.0451978857503812,NA,0.743877981289877,61.3917617162143,12.767746591498
"SJSA-1",0.0420628671071678,NA,4,71.7923674024484,3.58472726494962
"MKN7",0.0166365014918243,NA,4,98.1877737513107,0.0171500725502059
"KYSE-450.2",0.116719341698833,12.8785933642275,1.73888245019083,47.6204946608578,2.23528073745568
"BT-549.3",0.0584890868643057,NA,2.69522850122724,75.6457381076138,1.91174343010349
"MFH-ino",0.0214260495495476,24.0686761139371,1.54625417231927,0,24.0686761139371
"HSC-39",0.170306261344016,2.46696534117229,3.10242343844154,32.064628964329,1.77273207966122
"NCI-H1703",0.0154130081284406,11.7152160449651,4,0,11.7152160449651
"SW1783",0.0714679752095638,48.5183495000295,2.16074020171961,49.7761944896705,3.96947104362745
"KGN",0.140043845528311,10.6332629639147,0.686397178887962,0,10.6332629639147
"MeWo.1",0.0776751026744982,NA,0.0927331021172211,61.4281036051496,1e+06
"CL-40.3",0.147645737810336,NA,4,65.5327188353272,0.513444932025344
"GP5d.5",0.138557196619187,NA,1.39198343557604,60.4486189495685,0.902902063528052
"8305C.2",0.0432146434333161,NA,0,91.3570713133368,0.17213404055953
"KYSE-70.3",0.0136126222569478,NA,4,94.2547734254549,1.94713609422496
"SHP-77.3",0.0665490718968497,NA,3.41903955981707,75.4016868970193,1.54399441937916
"SKG-IIIa.2",0.00696715197146664,14.7325430052891,4,0,14.7325430052891
"SK-N-FI",0.00315625592862144,18.2010973220609,4,0,18.2010973220609
"NCI-H64",0.075555162693853,NA,0,84.8889674612294,78.2638785586175
"NCI-H526.2",0.109005598599169,4.3638585129189,4,42.9096892362631,2.67790075546101
"TGBC11TKB.1",0.00705207202426488,14.6835435140937,4,0,14.6835435140937
"Fu97",0.0773950241965444,11.5727695239346,1.14600763529549,0,11.5727695239346
"Hs 578T.2",0.00158465969517444,21.7415030324561,4,0,21.7415030324561
"MeWo.2",0.0420443957159669,NA,0,91.5911208568066,0.0171779192475534
"A-549.29",0.150746585132442,2.80266449228935,4,31.6249814189547,2.18215480615418
"A-549.30",0.168276002259463,2.28926197493832,4,33.8503906369444,1.72581205789492
"A-549.31",0.164041219869375,2.62504634974163,3.24335209141504,30.3779670876984,1.96737958953896
"C32 [Human melanoma].43",0.115020898446062,NA,0,76.9958203107875,0.00209751345925908
"C32 [Human melanoma].44",0.0709201297337252,NA,0,85.815974053255,0.00567469684911873
"C32 [Human melanoma].45",0.0985500611498786,NA,0,80.2899877700243,0.0125252976581816
"HCT 15.32",0.0908433244383879,8.35166945849012,1.48658393005521,21.1216609914272,5.7730738387593
"HCT 15.33",0.0996209384217268,NA,4,61.2490974613708,1.69397607829172
"HCT 15.34",0.0969562161664086,8.17541648685194,1.75255761515835,36.861263230765,3.81353202487054
"HT-29.44",0.151368232462307,3.01797350260464,4,48.088059221428,1.33457052945616
"HT-29.45",0.164939612371271,33.6225540522993,0.939275972041595,47.6463813917516,1.29894673829018
"HT-29.46",0.191984438603629,4.84633806674354,1.38899482645922,45.0465787016854,0.917365138810299
"MHH-ES-1.43",0.0420569035360864,NA,0.0430210546514028,91.0982938254033,4.12465691171322
"MHH-ES-1.44",0,NA,0.578464046193098,100,26.7369903971586
"MHH-ES-1.45",0.0994623847562284,NA,0.313550546522956,76.006773865286,1.05591063791398
"PC-14.46",0.028879101965237,NA,2.38830069388299,80.304697160313,3.77658712262142
"PC-14.47",0.024259489223593,NA,4,77.4717871809371,4.81567828274286
"PC-14.48",0.00835627552091654,14.0081689509538,4,0,14.0081689509538
"SNU-C2B.41",0.0357483826475456,NA,4,80.5643316182445,2.8114006563925
"SNU-C2B.42",0.0273438311962115,NA,1.08672103472669,71.4600615319941,9.52834651961578
"SNU-C2B.43",0.0183786534114747,NA,4,77.4127059764234,5.86184218922245
"SW620.46",0.13621347480898,7.3706828665371,1.27093037297669,37.0458931327574,2.54674561570488
"SW620.47",0.123206297959966,NA,3.23776809258084,50.504985619957,1.79386820147427
"SW620.48",0.129885580816852,NA,2.33660987736545,52.1680533736603,1.54084957682943
"U2OS.45",0.0124361624140682,NA,4,84.8845676187295,5.82096857724285
"U2OS.46",0.00548423059042352,15.7235482025122,4,0,15.7235482025122
"MFM-223.30",0.0449193668000807,NA,4,83.0330554489355,1.60654842722884
"A-375.43",0.0691897885065973,7.48278162584649,2.23737619843043,0,7.48278162584649
"A-375.44",0.0570680996460074,8.35323910250528,2.35150094159025,0,8.35323910250528
"A-375.45",0.0360361656480506,8.86427645054036,3.81343779308747,0,8.86427645054036
"Mono-Mac-6",0.158775104577675,2.73552442212275,4,25.8342379222459,2.28085784789122
"NTERA-2",0.171808942514383,2.39357009656668,3.00893652170894,42.8186162409285,1.25591387904624
"NTERA-2.1",0.196504372359677,1.62905863118729,4,36.7968949025507,1.16778591878583
"UACC-812",0.0505138897065258,NA,1.24821927462119,63.4776622471529,5.1371744027959
"UACC-812.1",0.0727735051884111,NA,2.3135370494545,68.0843177879151,2.09397852804202
"COLO 320HSR.4",0.095479924937695,NA,3.8358416225195,60.2866822113919,1.88992497694834
"KM12.3",0.0610944761157408,NA,3.67127600099112,59.1228588593964,3.57068592861645
"NCI-H508",0.23000009125161,4.79950082033595,1.55963630235388,48.7676748672483,0.446714012687912
"SNU-175.3",0.141201070012094,4.48238475544295,1.60052108034102,22.0296117132882,3.11810525864742
"SNU-C2B.44",0.0731988159928842,NA,2.87353022134429,77.6632799875129,1.03211266285701
"CW-2.4",0.145457620031767,NA,2.29514362730154,58.3236732037921,0.891419752529142
"HT115.4",0.0726846493309175,188.322110967985,0.44812056118364,0,188.322110967985
"LS180.4",0.174220323000609,1.98380482182431,4,40.9359178101795,1.29445631681405
"LS411N.3",0.104349569031533,NA,2.40572204618847,59.626627710255,1.67646616552295
"SNU-407.3",0.11663205842429,NA,1.23821340467094,65.3188616392813,1.01529689872847
"SNU-81.2",0.0122813834872401,26.4009169248611,1.83242658340619,0,26.4009169248611
"LS513.4",0.270027216659889,1.03613636378144,1.90144665080791,38.0327635021202,0.488467901577358
"NCI-H727.2",0.0932548800593501,NA,1.28704167939227,78.9572175566065,0.472964106080176
"NCI-H2009",0.0860309506753251,NA,4,73.5667300125367,1.05607317216495
"HT-29.47",0.155826947676036,23.5549663397698,0.881272433074054,45.0046704335111,1.72543682900238
"SK-CO-1.3",0.222824972292307,2.49229499400333,1.20034629472535,29.3708678562773,1.19202219697909
"SW620.49",0.179889245080477,6.58207409279071,1.26533459771771,44.8670712666047,1.08908976491855
"MDA-MB-175-VII",0.0443746881881167,NA,2.67172631111767,80.3217095186482,2.11886188464041
"NCC-IT",0.0326598515730044,NA,4,89.5021722192161,1.16616380930478
"NCI-H1869.2",0.0312262614123223,NA,4,76.2539252110187,4.05916031611678
"NCI-H69",0.118046289207121,4.95723941384787,2.4367374226203,38.8217515634219,2.68068067396826
"NCI-H847",0.075216451793236,30.0663261770993,2.2961716117412,49.5866498716516,3.72451555501121
"MDA-MB-175-VII.1",0.185287559986913,29490769311279271936,0.0532883492480459,40.4238807367034,999865.158082069
"NCI-H69.1",0.111548054753144,5.88231188926686,2.41154984842261,42.6879887387048,2.65048535358283
"NCI-H847.1",0.0627129093360596,NA,4,61.6350044575637,3.24219333863771
"SNU-C1.4",0.0793126165702897,NA,4,68.2943097602826,1.76632735443342
"LS1034.3",0.161144729745348,38.2670475744855,0.382862540270561,0,38.2670475744855
"SW837.3",0.18577576701114,NA,1.26294557125893,56.078106557586,0.540897673648341
"WSU-DLCL2",0.140663479772995,NA,1.7177398367261,51.2498688954137,1.38922214751521
"Hs 633.T",0.0899008734026754,5.72169646163495,4,44.725755332219,3.26078662996401
"ES1",0.111634245566752,4.2044726177742,3.82566518941911,38.9180899972301,2.83575019417072
"MOG-G-CCM",0.0356567013977012,38693.6910601905,0.294768415015656,0,38693.6910601905
"MOG-G-UVW",0.036314866445249,11.8864610375808,2.10407505918522,0,11.8864610375808
"OC 314",0.0617830239044196,24.1722060228899,0.88256741359334,0,24.1722060228899
"ES1.1",0.109865921641409,4.23668080024537,4,40.4779991403117,2.79875767563241
"Hs 633.T.1",0.0970879656808088,8.60607024606088,2.09488948175844,43.9061315291174,3.15114435590483
"MOG-G-CCM.1",0,NA,0.253212793272421,100,0.743627413229688
"MOG-G-UVW.1",0.072406523026452,13.386827938862,1.09198344507944,0,13.386827938862
"OC 314.1",0.0590982215446923,17.6587414623417,1.06568896705085,0,17.6587414623417
"WSU-DLCL2.1",0.0949172396075344,8.17856887985285,3.16522064033204,48.2557788796074,2.83299262591177
"HCC2998.5",0.106623804918926,NA,4,69.0748084971752,0.91646761580393
"LS123.3",0.0611553167870907,NA,1.98161947453556,80.9676800047257,1.08485323241218
"NCI-H716.3",0.0737620459492541,NA,3.30701909302476,73.20058662219,1.48488088546325
"SNU-C5.5",0.0947664024611311,NA,4,65.0922310726424,1.5234656303458
"SW1417.3",0.0641275046585379,302.025789584434,0.435216236510062,0,302.025789584434
"SW1463.3",0.156615887475625,NA,3.57925903814636,63.3924370292203,0.515376679234158
"T.T",0.0116223956793891,12.7478454796859,4,0,12.7478454796859
"T.T.1",0.0174802427668927,17.5844748936721,2.1523054305452,0,17.5844748936721
"PC-3 [Human lung carcinoma]",0.014097777681717,12.0376261306253,4,0,12.0376261306253
"PC-3 [Human lung carcinoma].1",0.0864344418312805,213.147894941474,0.400568930783066,0,213.147894941474
"RMG-I",0.0370692474381708,NA,4,79.83293968487,2.81376563654994
"RMG-I.1",0.0339524645542557,NA,4,76.436425554306,3.71374876559533
"Caov-4",0.0526444391509961,19.1146527549298,1.09785786475446,0,19.1146527549298
"NCI-H2452",0.0473868299253389,NA,4,76.1740789055818,2.53413179666236
"NCI-H2452.1",0.0214384618076812,12.9004018896513,2.73215828710357,0,12.9004018896513
"NCI-H2452.2",0.0198141067200916,NA,4,91.150533958182,2.13093259244481
"OVKATE",0.0146170126636967,NA,0,97.0765974672607,2.43146379869341
"OVKATE.1",0.0168365178385364,NA,0.0435957161228671,95.6681908293468,10476.3025391665
"ES6.2",0,NA,1.51455989820238,100,11.2661061167437
"ES6.3",0.00448325113361495,16.5946086521622,4,0,16.5946086521622
"HO-1-u-1",0.0503712078367434,NA,4,77.373019992022,2.14998586567723
"HCT 15.35",0.115346799365614,4.0351782412685,4,43.2336662410822,2.44742040188355
"HT-29.48",0.15671073790768,NA,3.07657674206804,53.0566703926064,0.988978724535467
"SK-CO-1.4",0.203398008598501,8.03820671722705,0.841401624639178,40.8635935097642,1.0661541832877
"SW620.50",0.189768235477134,6.67832937944966,1.21256988711093,45.3655871885935,0.939244271081164
"SW948.2",0.339084549040681,3.63702851100562,0.295756879016942,0,3.63702851100562
"SW948.3",0.213033749240474,43.4750294474091,0.28369170893551,0,43.4750294474091
"Caov-4.1",0.0267035355422772,NA,1.73189979377598,83.4002923164754,3.60569438474458
"Panc 04.03",0.0908602519955569,NA,0,81.8279496008886,0.011646718331471
"Panc 04.03.1",0.0663518304281915,4697.2605532754,0.28993394179507,0,4697.2605532754
"KMRC-1",0.0672471104024372,NA,0.101519963926079,62.9440843645222,1e+06
"KMRC-1.1",0.0193853616638828,NA,3.21785028777561,90.6590021744799,2.39223653082171
"COR-L279",0.103476261406781,4.5131511575383,4,36.1958081820218,3.27144877736309
"COR-L279.1",0.119466972387991,4.01203211987491,3.41926354448142,36.303443684353,2.74724025187479
"COLO 205.4",0.0978178587536202,NA,4,55.9261345324637,2.14843839689571
"HT-55.3",0.270793441277281,1.97997189346666,1.06620077969156,39.5060409627938,0.457854561573534
"LoVo.4",0.160620465713222,3.45125433289727,1.94769624443672,36.5049127884817,1.76174303204811
"MDST8.3",0.121126630901214,NA,3.12738068898362,54.7375271871686,1.56615970288651
"NCI-H747.3",0.0609795716254764,819.425984143672,0.4375,25.9375,153.992652605949
"SW948.4",0.119581294644955,101.327262398648,0.382143519570715,0,101.327262398648
"RKO.5",0.125018084614907,8.14184488019194,1.1264683894402,28.3312774548085,3.87574696168903
"CCK-81.3",0.265386558911175,1.45130388493927,1.35078552029254,33.5599689441889,0.636999017938411
"DiFi.5",0.109273276296616,NA,4,75.7551770923569,0.43977962218416
"HCT 116.3",0.225158060628659,1.88341786218522,1.68111403201822,29.6562511420009,1.10315625367854
"RCM-1 [Human rectum adenocarcinoma].3",0.0644350667210503,NA,1.1113786669604,66.0000357638801,3.40425100751347
"CaR-1.4",0,NA,1,100,2.5
"SW48.3",0.177391689975304,2.97643058858118,1.81170583810812,34.5430767606509,1.55696045503913
"T84.3",0.0404757756508918,NA,4,83.1308757487485,1.896046032686
"COLO 678.4",0.0651401799030294,NA,0,86.9719640193941,0.165762827845357
"HT-29.49",0.179938355626309,6.86740737622106,0.880116221200178,33.830715054204,1.90428058039403
"HCT 15.36",0.0907447023360943,5.38102595584874,4,42.2616251239844,3.37508742621764
"SK-CO-1.5",0.218065633435117,2.0116667227012,1.69734750669205,29.6753047847795,1.18366400400188
"SW620.51",0.16816778597248,NA,1.57176799834458,52.0192475651985,0.892939111797599
"CL-34.2",0.116255819210969,6731.63848470759,0.20998742375574,0,6731.63848470759
"SW1116.4",0.114231516389106,NA,1.35648097462143,66.769090356085,0.94936154240875
"C2BBe1.4",0.153061980663219,NA,2.59925975370972,55.8534132120648,0.90492452764994
"SNU-1040.2",0.0235369086395522,316.854353805342,0.636362394866893,0,316.854353805342
"CL-11.3",0.0636048828750995,597.366466202726,0.389276126286813,0,597.366466202726
"CL-11.4",0.0405122883908518,NA,4,82.050139918089,2.09311289030324
