"","aac_recomputed","ic50_recomputed","HS","E_inf","EC50"
"A-204",0.213094484575342,NA,0.735732328759632,52.2070274335411,0.490589435743375
"MES-SA",0.307201050042421,1.61921905340943,0.734623497887179,17.3493404055893,0.906503922607889
"PL4",0.224194660374008,3.90243496592943,0.671843857843543,0,3.90243496592943
"OS-RC-2",0.175597363045353,NA,1.97610055537682,54.1571644425178,0.711368583106509
"WM793",0.238874023750233,2.91694337744606,0.759806909427763,0,2.91694337744606
"KYSE-50",0.0968560350779811,NA,2.29550484677384,57.8868302204277,2.06576759451043
"KE-37",0.300456588935008,1.74680155760041,0.702723678844219,2.62132992415325,1.61794169429181
"Jurkat",0.460348568585849,0.42525454064064,0.944722133997282,0,0.42525454064064
"KM-H2",0.255284469503624,9.33577783438625,0.651636319464177,42.4570741252348,0.512371729448745
"697",0.509472898453793,0.275068012391649,0.425778015387486,3.6595558584116,0.230097482688771
"8-MG-BA",0.35109237833895,1.17248590015261,0.638992294275686,0,1.17248590015261
"PaTu 8988t",0.210295158780764,7.08457929481632,0.54503326204627,8.68111178873682,4.99295336933566
"FTC-133",0.0898077546142187,10.8465379868339,1.25737489639214,25.7035553637427,6.10970158524789
"KMRC-20",0.15238284702389,NA,4,55.8660214491339,0.921015400200746
"NCI-H1975",0.359858635683617,0.843416998531865,0.838668840488807,28.3744851081106,0.310468102157723
"OVCA420",0.332100892901582,0.847229811421739,1.13294131567832,32.0142948976049,0.3436081219028
"HCC1954",0.212352353947316,1.46979499484285,4,32.8887234666052,1.12417743975101
"ASH-3",0.237936867607703,7.4077325046991,0.426700399726512,0,7.4077325046991
"NCI-H1568",0.173759984074632,NA,0.846021726268982,55.3930752155487,0.74539579971465
"NCI-H1563",0.265264344350113,NA,0.875425404658171,50.4436481490105,0.241753152516241
"Daudi",0.179872698291818,NA,1.41988388129301,53.5294595336879,0.699971600803819
"CTV-1",0.229577740288839,19.7201385630666,0.318726530306322,0,19.7201385630666
"EM-2",0.194770502430548,NA,0.248620875743267,66.6832008230611,0.0736841590998347
"WM278",0.144181546687234,80.5203709049006,0.654647118860907,44.495383330875,2.76790304700412
"GI-ME-N",0.217541869693848,10.2246148144322,0.477143125694868,17.3028157232935,4.19812237490002
"EJM",0.170912925477727,NA,4,60.714526233372,0.495380536526322
"HT-3",0.0601009028803394,NA,1.02648660255194,88.0911901070512,0.305670480012434
"Hs 746.T",0.29053980686546,2.97351011374838,0.559670802010492,22.3531550411716,1.03155225286572
"EW-18",0.331699131604509,1.6498532359182,0.532378985065253,0,1.6498532359182
"RPMI-7951",0.241513271667566,1.84854254254676,1.56934528623891,12.0905181325328,1.54961168439835
"CA46",0.336105675965369,1.71991074559114,0.541613082755843,19.319880248148,0.69802989421844
"RCC10RGB",0.286726807927762,111.505798308568,0.176922217077945,13.5633814454319,18.6425132372333
"U-251MG",0.0381446227126896,NA,4,81.5144049323622,2.40639666526491
"Karpas-231",0,NA,1,100,0.100035129252774
"BALL-1",0.378485612357329,0.771134593214441,0.754730149710627,30.7165300985906,0.218210108730413
"IGR-1",0.0258937450603026,11.4095101397485,2.90619362317327,0,11.4095101397485
"KP-1N",0.197208746287645,5.86556970802319,0.937223706357702,38.1700452663922,1.26006797434419
"OVCAR-8",0.233539369914935,3.95778092869637,0.616402185178221,0,3.95778092869637
"JJN-3",0.127267784122228,NA,2.3955014182243,56.4405998023574,1.33352396812567
"ALL-SIL",0.195186415427077,NA,4,53.9072497710041,0.536666395265809
"HEY",0.210196322069755,4.52177996617345,0.675522360935965,0,4.52177996617345
"HeLa",0.166881750985424,126.968328855285,0.285852491028409,0,126.968328855285
"SCC-15",0.21747738709545,4.19722857120562,0.672257638372982,0,4.19722857120562
"CAL-33",0.228080980771463,1.8811281369149,1.68989595279159,24.5059498508783,1.26273540022737
"JHH-6",0.2200916435177,4.26535182372835,0.846058486528265,32.2132687637601,1.25720985579854
"ES4",0.184765274250397,3.20980621534319,1.46487096580615,31.7920613436152,1.61061676424946
"UACC-257",0.157552325289826,NA,4,77.1515050875382,0.0854044272601887
"KCL-22",0.191313295262269,6.06049059218596,0.644339975113584,0,6.06049059218596
"CHP-134",0.23827374461635,9.80679573560744,0.455563850920442,22.6806341148068,2.60207283853678
"KMS-12-BM",0.327042634373605,1.02594209750384,1.03031523177993,37.5801793588162,0.265500269458687
"OE19",0.244790629819225,3.1521265704581,0.795432821917034,27.1013975310908,1.1809136463325
"MDST8",0.229934998986852,3.27659191648373,0.745076946430136,1.93900939724665,3.10719118683215
"HCC2998",0.22505419790853,4.02667122225623,0.651603315339979,0,4.02667122225623
"G-401",0.474970953693977,0.301040261714088,0.73147687577458,18.8934886886724,0.157340412670003
"OAW28",0.078604304220816,NA,1.70687731069428,70.7522966661558,1.60209684355439
"DMS 53",0,NA,0.613713367140845,100,0.0719424175824991
"TOV-112D",0.0871307126230751,NA,2.17675505692397,56.1753547827884,2.59355820228659
"AsPC-1",0.201412311526023,77.5284842716675,0.678381051087869,47.6812235382451,0.838379582500839
"HSC-3",0.310553084288397,1.65297026556915,0.667627212931877,0,1.65297026556915
"Evsa-T",0.442613359852788,0.435872520724686,1.23632421739198,5.40373571676592,0.397358686961539
"VA-ES-BJ",0.242161878398217,3.63060440208464,0.717710407479537,24.2116811745719,1.44322514512557
"GOTO",0.0406131207352612,NA,4,70.5753319695145,3.87599015268243
"SNU-175",0.24214091629108,NA,0.809505533775198,56.865352868752,0.195672757210372
"IM95",0.216561714686834,1.90150033699169,2.72365491847143,48.2473366408666,0.555633064701528
"OVCAR-3",0.298275264195447,3.3764570016823,0.704095027310677,40.7436013257286,0.307665639217451
"LXF 289",0.202901116588845,3.69180579302346,1.32388644232677,42.1194362928869,0.914397350200743
"AGS",0.351089018012583,0.817764783749268,1.3112430374339,9.91603064992266,0.690901250641155
"AU565",0.345997088325398,1.20009599006837,0.695936717204284,27.2234608822581,0.387735820205749
"LN-405",0.132628704735912,8.01034911846589,1.29861937982057,38.9156576617667,2.51095776841873
"TE-4",0.165275568552074,3.23528961659947,2.03167965342263,12.9862131132483,2.79015406621044
"42-MG-BA",0.295397995988808,1.65815564128037,0.825412287642857,22.7679819040484,0.79417860379315
"TUR",0.218923942772225,1.69903421246084,2.50057071031946,28.2442290849098,1.21808306716655
"EMC-BAC-2",0.280156912225235,3.64476443212196,0.457477989981573,0,3.64476443212196
"LC-1/sq",0.138594417120659,6.31209815195458,1.42330473184532,37.9627416726784,2.32093051431582
"Hep-G2/C3A",0,NA,0.209088099852827,100,0.127467699183221
"Karpas-45",0.344323893116008,1.05502404696181,0.784884334648007,17.325866807651,0.613560033308964
"A-375",0.215466032269726,1.49692246120434,3.22862725423085,33.8210997087415,1.05542046631376
"C32 [Human melanoma]",0.123951315071896,30.782184928342,1.5201093725069,49.2454115350924,1.95069059040051
"C32 [Human melanoma].1",0.135388158170173,NA,4,57.8949422809883,1.08503384593746
"C32 [Human melanoma].2",0.138032043688827,NA,4,59.8909115625876,0.928243919337455
"HT-29",0.291415731205682,2.87032178414959,0.487791030879538,0,2.87032178414959
"HT-29.1",0.314755601337219,2.50326260078921,0.443089520479408,0,2.50326260078921
"MHH-ES-1",0.14938668985945,NA,1.9667430403436,50.0935082923166,1.27605758191731
"MHH-ES-1.1",0.209431366158624,8.53570296341097,0.479159661105946,0,8.53570296341097
"MHH-ES-1.2",0.168247984601097,7.17111307128477,1.08996933066977,40.2401530546727,1.6018655259346
"SNU-C2B",0.171975303279788,10.8588944009981,0.546516793743723,0,10.8588944009981
"SNU-C2B.1",0.141682051474661,15.8788026044148,0.567502652226401,0,15.8788026044148
"SNU-C2B.2",0.129798225872824,10.150418019097,1.49108817112236,45.3683275805231,2.05847493704999
"U2OS",0.10226230899439,15.4079213430166,0.761987367014798,0,15.4079213430166
"U2OS.1",0.146638524621297,18.0249473775008,0.524375619064042,0,18.0249473775008
"U2OS.2",0.163374017130657,171.441988582977,0.479279116413468,42.5819811188272,3.19962813652044
"PC-14",0.217326435650748,6.01564908552944,0.538090362659242,0,6.01564908552944
"PC-14.1",0.214871012825888,5.04163293600401,0.605849433119259,0,5.04163293600401
"PC-14.2",0.180679113354501,3.14466084670695,1.61615621079253,33.9227453701039,1.55839917819411
"SW620",0.157474076782694,43.6934652546688,0.57862803548851,38.731993504689,3.32691617277898
"SW620.1",0.103454885278798,NA,1.59394264452158,61.7787895680796,1.59277195194805
"SW620.2",0.121985594168584,NA,1.44824032806013,60.6128088726394,1.21476794486211
"HCT 15",0.292850673489155,2.07158623995961,0.628212338209196,0,2.07158623995961
"HCT 15.1",0.263142080410046,1.92284089951443,0.980022443007527,17.3225012472103,1.24582387586562
"HCT 15.2",0.295536352753471,3.14980788209358,0.539062556349021,24.9886846369291,0.871397347090149
"A-375.1",0.212731727624646,1.35500988567683,4,37.180528049662,0.96420082047847
"HGC-27",0.53780593655585,0.185039867108998,1.24893145270593,10.7300794389888,0.152498480502035
"B-CPAP",0.178495524779938,8.51861023377222,0.585745863936156,0,8.51861023377222
"SK-MG-1",0.373242840041091,0.964981253720904,0.683844693313648,33.8911908289662,0.184159403949632
"NCI-H1650",0.188356781665453,NA,0.685493396778923,61.4358127611108,0.348358440665859
"786-O",0.241673245383748,2.35156249110529,0.996673701306418,20.2554862781,1.39649890291554
"TGBC24TKB",0.455140441545294,0.428356813735885,0.996051436094812,1.9935129210071,0.411211786552346
"KP-2",0.117854605973648,NA,4,65.5541300193409,0.941138806368048
"HDQ-P1",0.432572572003976,0.385611627491117,1.32375882314435,15.4109421254852,0.291916443499313
"NCI-H716",0.104643746880789,NA,4,66.5651404757142,1.15121581920819
"MHH-PREB-1",0.24527622065056,1.28243754754886,2.20728318177166,34.4386457467657,0.755748248691552
"NCI-H513",0.136998577010349,NA,2.89236539541733,55.0039283338852,1.22182490075315
"Huh-7",0.0934827088871832,NA,2.44216728041617,60.6862371912623,1.94960171520182
"HT-1197",0.288198735064623,2.4256426554778,0.87127953192929,40.6980099933254,0.35198669096154
"J82",0.0767803350073267,2666.5882422028,0.290381515916891,0,2666.5882422028
"NCI-H1568.1",0.167524058561701,NA,0.810310808055825,62.9854076117207,0.458188645157966
"SK-N-DZ",0.197815268668486,1.61549819581731,4,47.9991776663235,0.72254700943705
"NCI-H322M",0.416201771095981,0.530525283444204,0.79205346140359,16.5762986384576,0.319056896805203
"LB996-RCC",0.336349368826325,0.963360704424118,0.945477837742534,27.4804840803684,0.414382830672757
"NCI-H1944",0.262660174723598,2.99296846602597,0.721510215887855,27.470944564212,0.99137463985551
"MCF-7",0.221133739052399,NA,2.16885913954727,62.0263819456312,0.178968259633604
"KYSE-180",0.167455915159472,2.70124180689419,2.82189918636312,27.5622125994574,2.03350766079277
"NCI-H23",0.119596680248894,16.6897108960965,0.724346005971331,18.7468122383031,8.72390581298794
"L-428",0.084727469821033,8.82323968870821,2.92074510121528,47.0202194163197,3.35960266547504
"IGROV-1",0.56665409340944,0.107275289427096,0.766385513550673,20.7342983068941,0.0533313594883243
"LN-229",0.039593966446593,44.9256507409962,0.871521989690508,0,44.9256507409962
"HSC-4",0.200217562551111,3.52826869889584,1.42199600383504,42.6367625724709,0.917356340456721
"Mel JuSo",0.116062116966345,NA,1.4582436692434,69.8331768766272,0.710433141326995
"639V",0.212982701028621,9.71305874741489,0.444311747000122,0,9.71305874741489
"SK-GT-2",0.210829310304035,2.8181434681854,1.14232015564369,16.987576769357,1.95944426587829
"NCI-H2373",0.302297922165158,2.44053657929304,0.607085518773251,26.9652275847195,0.680856974507426
"U-118MG",0.183167452401089,1.78346687358043,4,42.1404825444316,1.12297869435218
"TE-1",0.255877485771532,NA,0.84814892257595,51.6066355396451,0.2535684567465
"SKN-3",0.166486041108081,NA,1.28031674425531,54.2706291134329,0.832700411608717
"SiSo",0.126769036722065,14.4731489617288,0.65230765173811,0,14.4731489617288
"SNU-C5",0.188391456785265,2.68324303263854,1.80310134198649,35.6080550243433,1.34494435460445
"MFE-296",0.0625787904776038,NA,0.793586565359816,76.896187781871,2.07938429709449
"NCI-H2170",0.590226349241027,0.0611153552973757,0.233756017109402,0,0.0611153552973757
"NCI-H1694",0.160152508659404,NA,4,76.6596792166634,0.0874281189479469
"8505C",0.0664419176178981,NA,1.05038162976241,75.6543110619001,1.74036733504721
"JHH-4",0.0936827634497114,NA,4,76.023232564964,0.672856402912818
"TT2609-C02",0.0683261221329722,306.357738175524,0.421965552286978,0,306.357738175524
"SW1573",0.185921168228505,NA,0.925825506960232,68.5767869804077,0.158539817586201
"LOU-NH91",0.212270035673521,NA,0.630697842207866,51.6703267017426,0.536804062912535
"NCI-H1048",0.237585053128914,NA,4,52.6821958215808,0.311745303882922
"C-4-I",0.176819942537907,NA,0.950178891618187,57.2353657354201,0.604216244215357
"Jiyoye",0.357343297879009,0.74682410946437,1.11040692059961,18.6539460789273,0.490449360390018
"SUP-M2",0.106415205710463,5.17168833671038,2.42832470936208,0,5.17168833671038
"CAL-120",0.221607706534874,1.9501636111015,1.73332513206019,27.2564808703456,1.23793434141366
"SW756",0.0787121069464613,55.5519609146566,0.572294743335884,0,55.5519609146566
"G-402",0.371872456470165,1.23847318037045,0.464578119527566,3.83185432463791,1.04316038055038
"WM35",0.229313156838613,4.42083550586264,0.591113053321079,0,4.42083550586264
"UMC-11",0.0944956151676954,NA,4,64.2535636343116,1.61095843230008
"HCC827",0.229479744802833,2.36501731449057,1.18772529477944,29.3149722189221,1.12487665637874
"HOP-92",0.155409021198214,NA,1.66439275737883,60.1753038948075,0.679376910160168
"SW780",0.192583560428277,15.9066187701313,0.578636347631898,33.5096525527413,2.33901986021946
"OVCAR-4",0.0169037144732226,23.4922472069755,1.74292481915443,0,23.4922472069755
"RERF-LC-KJ",0.216770776890511,NA,1.0841123975911,58.9510152908983,0.258090406167433
"RL95-2",0.113335194732717,10.1480866280831,1.60253219734359,44.2483096766842,2.63225284911392
"DEL",0.196358430657609,2.95391204253468,1.31918263729268,22.0331654922332,1.90161473713391
"KOPN-8",0.122142778671501,NA,1.45558386742614,50.6685598348536,1.91846684253475
"ETK-1",0.29914445952694,0.787280949933775,3.14615051336442,25.2952031249009,0.629228003803633
"GB-1",0.216773947727978,3.45402881906865,0.798632690166709,0,3.45402881906865
"Calu-6",0.125970034581102,9.95048724978571,2.22957465535979,48.8329549608074,1.84467099004807
"BHT-101",0.210849792982006,3.60628792168913,0.901425875029172,20.7206806274523,1.99175821119131
"Daoy",0.169076163209645,4.26441488118197,1.11997527399296,12.622984725069,3.28874894318325
"CADO-ES1",0.0653485605950519,27.6462193665457,1.38652028748304,44.0823119689853,5.93180500699215
"ESO-26",0.0801058177017416,NA,1.74245009059956,59.8533239926986,2.66131959558517
"NCI-H1623",0.284344194048014,1.541157702481,1.00978668374737,26.1950512347906,0.739040148777416
"HTC-C3",0.186728848571836,NA,1.48245593798385,65.7897846711156,0.229575685737221
"KM12",0.215932139628137,4.16813800080557,0.684446368312716,0,4.16813800080557
"LOU-NH91.1",0.234275942111242,8.52735876296065,0.411670029370003,0,8.52735876296065
"PWR-1E",0.171328203606997,21.2688485246591,0.428960336664804,0,21.2688485246591
"SNU-182",0.147672437973987,65.9117647765402,0.361321388138202,0,65.9117647765402
"SNU-398",0.0421043345703026,NA,2.67031466277497,77.4284045526347,2.79080492657071
"CHP-212",0.24115780676804,3.14032075678867,0.713869343098347,7.23555719220231,2.52276335829862
"TYK-nu",0.131343022588202,3.4224598134089,3.92283620493756,44.4584558619506,1.95346474190548
"DBTRG-05MG",0.106070407985736,398.141814393208,0.320453328197832,0,398.141814393208
"ESO-51",0.151501272689617,4.25203907733855,2.37078675872402,46.1824264038589,1.43670836861211
"RPMI-8226",0.149775696412847,6.87580870282186,1.67608367714016,46.0869712513733,1.50376356146603
"OVISE",0.271060444197034,11.6322017104181,0.669139799127132,45.4366538286246,0.32500949144035
"DiFi",0.330590164589797,1.00503587734005,1.24155975277418,6.95989908225466,0.89073836736467
"KG-1",0.0566696380198199,NA,3.19372461802752,83.5406741181238,0.927350353429744
"ARH-77",0.444555353878571,0.466247292230622,0.600131257237652,15.2174985595304,0.254678209152108
"EBC-1",0.294625398182193,2.32717321690823,0.555683008096205,0,2.32717321690823
"HuO9",0.46483286381588,0.342595896106262,0.737187844233061,16.7949279883166,0.196626486589719
"Raji",0.195016500133709,4.36934275453329,1.06463399152107,35.3457937479445,1.37964495944984
"Granta-519",0.0303569436124085,35.0135291622818,1.0868907681741,0,35.0135291622818
"TC-71",0.190290930497165,4.04961264351591,0.889479127028919,0,4.04961264351591
"HuO-3N1",0.164848314554566,NA,2.2544782596952,52.6503529940486,0.904632758152198
"BT-474",0.20648258827881,NA,1.15651249127383,66.4885242903237,0.136931629852951
"RERF-LC-Sq1",0.29041121012288,1.59451267114994,0.907977678236986,5.77672793261817,1.39285215560046
"RD",0.213195108816911,5.23479410706452,0.653156077382397,14.6878410424462,3.07357923660305
"CAL-51",0.261242121232039,1.69404527715391,1.43254055663432,4.4169066045446,1.58813189647686
"IMR-5",0.109981748912493,NA,4,59.9596534883116,1.49998131786339
"BPH-1",0.370823073529924,0.990037155329609,0.627400784442143,0,0.990037155329609
"SNU-1",0.154245446526398,5.86893925598154,0.899095889558509,0,5.86893925598154
"JSC-1",0.24376748586483,3.75663286827764,0.589858639194841,0,3.75663286827764
"SAT [Human HNSCC]",0.288075243956122,1.34528659174159,1.13869361819512,32.1400169370862,0.544730354267267
"P30/OHK",0.346130410739416,1.24522529201027,0.676102869526053,27.4834645162305,0.382647290487485
"NCI-H2405",0.130125542119235,375629.662565182,0.137811031739567,0,375629.662565182
"C2BBe1",0.403223444480991,0.659099123525099,0.684927270842044,15.0733575375845,0.390357119807322
"TCCSUP",0.154456838465423,NA,1.48130686758211,66.0273844717682,0.434364403592835
"HuP-T4",0.163158811546802,67.4899269203214,0.617252997555915,44.0720019606865,2.1327667588679
"A101D",0.259844593482454,2.76120212380868,0.735958698550205,21.7121414254017,1.27344116777986
"GA-10",0.534223651113124,0.130191679769429,1.16788876534325,23.116034391341,0.0765323283747627
"CESS",0.450883292534192,0.133619632182651,1.83588500066256,39.3857409482743,0.0574441524111122
"RT-4",0.101913563168305,13.4907013160967,0.923695997527986,19.7352756079523,7.83411806815108
"NCI-H1155",0.226615881386073,6.924527986666,0.472169064853083,0,6.924527986666
"COLO 678",0.099427221208219,NA,0.0893819542470775,59.4605469568737,100222.408186725
"A-172",0.234264119591145,1.64432868837676,1.77664124465188,35.0728590775253,0.832704575213984
"647V",0.156241991750287,8.82788802198172,0.730707225529403,14.3202305480362,5.56289007636586
"EC-GI-10",0.302095104922601,0.913118142045264,1.6726172399908,27.2716133715967,0.56992409591201
"LN-18",0.192411800545564,2.29715082722427,2.20917710619736,28.8125397932489,1.55739097980874
"M14",0.223053849808031,12.2789518915631,0.47744791618716,26.062055605728,2.62528139838446
"KYSE-140",0.151871387365171,3.4965265180047,2.13396514152316,27.2409728495509,2.41800875738379
"COLO 829",0.132015774840549,20.5084079468676,0.653714104204926,24.7439961968501,7.21453877799815
"EPLC-272H",0.367291622652268,0.71872916214794,1.12781433761165,13.673978962931,0.541424333099575
"G-361",0.176912339093595,NA,0.930566630957885,52.5491522451135,0.827516221763066
"GDM-1",0.5760878992131,0.128421558971559,0.984024536575437,12.7075905279429,0.0953280874768875
"JHH-1",0.186150100534573,NA,1.19470215608487,53.5692346820871,0.643096829585194
"MM1.S",0.447285655369763,0.402687513850435,1.52474550829515,6.53854092694744,0.367324220965245
"MOLT-16",0.131222673060418,3.33811869605693,4,36.0139201178608,2.42763435689162
"NCI-H1693",0.174768659273672,15.1667256261495,0.709169091960888,37.801958723379,2.07468096340332
"NCI-H1781",0.177013510038496,3.2112182731677,1.62076522188687,31.5900169300013,1.73359052852982
"NCI-H2141",0.100756828263471,NA,0.829949841334308,81.5982341175392,0.218798146262306
"OE21",0.212698392292579,2.76803791049675,1.12750115238081,3.43537845030366,2.59868682748594
"Panc 08.13",0.181764518836507,NA,0.55673742110907,60.4161911451493,0.462101152487755
"UPCI-SCC-090",0.00633572288871512,15.1205837338827,4,0,15.1205837338827
"SU.86.86",0.121224704411339,3578.29934735359,0.219918249502886,0,3578.29934735359
"SU-DHL-10",0.361517748326706,0.819783287574986,2.46220712298944,0.299412764978675,0.817785962395432
"SUIT-2",0.0835638961639856,110.49567354131,0.959063155040459,47.3264176977139,5.21410528621725
"SUP-HD1",0.21403607889685,7.51138168913838,1.24046020324817,47.8278710208802,0.599338524581126
"NOS-1 [Human osteosarcoma]",0.365828035725028,1.07523966839397,0.592330499075697,0,1.07523966839397
"CFPAC-1",0.225208926213406,14.7316415484819,0.809997484750386,46.2794643391357,0.595942260820783
"A2058",0.180452787093042,2.75164472251333,2.23116977946265,15.2325062799712,2.33812993773322
"CAL-27",0.189483340957328,3.26523091403011,1.95857450965912,46.1247057933051,0.88478038553377
"COLO 205",0.299716785159408,1.30693989679726,1.0201841043215,25.5690370052215,0.647708865963277
"COR-L23",0.237376287077756,3.31642485082724,0.697372333966537,4.74608964451078,2.8744848394926
"DAN-G",0.330652191877847,1.02237624402491,1.09555005431588,9.63753769075496,0.84087001561025
"EW-1",0.370214576392454,0.957123896925831,0.659401163800013,4.53952749363721,0.828477826383959
"GP5d",0.216588496143965,1.31972954819293,4,36.3153612084113,0.954554598245154
"NCI-H2722",0.118823434585264,NA,1.12367205848811,67.329837247322,0.850877578671036
"HCC15",0.0772388484062019,52.0184514974748,0.589407646193416,0,52.0184514974748
"MFE-319",0.138390789213033,3.54407266081916,4,15.7474857643618,3.22428356845469
"NCI-H1876",0.259649866337172,1.85899978026721,1.07158926560265,21.1505921083169,1.11276093897687
"NCI-H661",0.137941507837948,NA,1.34600914130871,50.6964896002799,1.53177545536594
"T-47D",0.347943249362326,1.38039519637551,0.717332954322433,37.6443265716188,0.196638702767082
"U-87MG ATCC",0.264825400422181,NA,0.520186600469491,53.782004991237,0.155731039114031
"MC/CAR",0.102044591801223,NA,3.4361578556719,56.655213035514,1.96902870525558
"23132/87",0.437393895948897,0.384694066886774,0.972936489479557,18.9527804026519,0.235728279136617
"ATN-1",0.303570579532582,1.31788626419384,1.05213106216578,37.7698629164642,0.345652587769831
"BB49-HNC",0.491816107197815,0.296333978119531,0.923428415723761,7.68935141055071,0.247313414727619
"SK-N-BE(2)-M17",0.13573220405726,4.52170876173716,2.38190911529227,43.527791774823,1.91658029414784
"BFTC-909",0.47035836899908,0.401864601155898,0.507546759776388,7.17190343030041,0.296208094560163
"BICR 10",0.376625697476413,0.769867541044611,0.782782701609091,18.5704911139503,0.425433680351978
"BV-173",0.0889992324088202,6.07692942591017,3.92061993778452,45.8336620170384,3.22416788115052
"CAL-29",0.348219412367485,0.622985334317729,1.97558599661688,21.3734720749062,0.469764954864857
"COLO 678.1",0.0165923907689534,NA,4,92.8663554370851,2.00654404192211
"COR-L311",0.215893426060502,1.51524469616365,3.48192872360396,31.2374084573055,1.14348244150403
"DG-75",0.0746835264226641,NA,4,65.5607249236579,2.23745508483273
"EW-13",0.121476597781029,NA,4,60.3520956072873,1.20483519196063
"GCT",0.166734548414555,29.0429405283674,0.401138464421588,0,29.0429405283674
"Lu-135",0.183549776831829,5.55526599275363,0.724311862243771,0,5.55526599275363
"MOLP-8",0.400742699009323,0.590583867253232,1.21342177692103,6.47634161242048,0.526784570613675
"SF268",0.104378349767623,NA,4,67.6510226028984,1.07670778216258
"SNU-61",0.0396313167046621,NA,4,88.7696367322725,0.873783906621564
"HC-1",0.208042399957992,1.37669587825472,4,39.3633054121503,0.934968939479716
"A-704",0.249598912428732,3.60293867850857,0.612713269919136,10.5854038863941,2.44366360481946
"ALL-PO",0.223755696162394,1.13257026255939,4,47.8311993974109,0.516865517784785
"AM-38",0.105049716266289,4.79673152683189,4,45.2827242772364,2.65843304025089
"P32/ISH",0.405647974557026,1.03613672646686,0.362372421250201,0,1.03613672646686
"SUP-B15",0.0263006696783096,NA,1.8260029012447,93.3273833436366,0.659410715024733
"MHH-CALL-2",0.274704123469563,6.20172109453745,0.763258115706579,44.7538553786816,0.323357620012575
"ES-2",0.0453625489195507,NA,1.60840373235513,56.3347401724574,6.17498077634219
"NUGC-4",0.119798342323754,NA,2.04642904045612,82.4793504570854,0.0884018871204729
"HCC1187",0.168601199553159,NA,4,78.69119253355,0.0422822298140812
"NEC8",0.0920454669158341,NA,4,82.8140728161159,0.247379368290926
"CAL-78",0.085231080263131,NA,3.04319295503836,67.5778831734383,1.62926351918987
"AN3-CA",0.406679852804704,0.383835380964189,1.56636187978489,23.150635323689,0.258076266416227
"DU4475",0.0502462375046027,NA,4,66.6306983422045,3.54824207689994
"PaTu 8902",0.251965117006047,3.34092389185146,0.600960509064669,0,3.34092389185146
"HT-1080",0.0377122156406028,NA,4,68.8191247070486,4.37621528505101
"HCC1806",0.1577520156509,3.15740510127045,2.41839514001978,39.222160448056,1.67401688526108
"HOP-62",0.190034730069516,11.3939636052124,0.478880386778467,0,11.3939636052124
"JIMT-1",0.182575425280886,3.96230732024838,1.04843653066684,13.9296617564184,2.90188551217976
"Rh1",0.216686203894596,1.53229106236377,4,28.1354983247706,1.24604481748853
"RC-K8",0.149754110287552,7.02938462125685,1.01893226565377,29.2268863517264,2.96849807367738
"SU-DHL-5",0.649241568786895,0.103655459245178,4,2.08360440062724,0.102558276642029
"A3/Kawakami",0.15162390831756,3.0083094611356,3.15781592649035,29.6618338807293,2.26261669703489
"A3/Kawakami.1",0.160737106078411,2.84263732013039,3.20104229172496,24.5690340027665,2.30143702387849
"CL-40",0.094373173103963,NA,1.70225666528211,50.0369813125441,2.90182656307907
"COLO 792",0.274852322232962,1.86129047325707,0.888536874861011,0,1.86129047325707
"COLO 824",0.355891867482537,3.36910974637515,0.951174051685836,48.7095995221475,0.0720678192718047
"HCC1143",0.309785328273106,2.81602018525958,0.536186650165699,27.6582124362722,0.626835897604489
"HCC1143.1",0.338781942694166,2.01839107185987,0.422648553432824,1.60930023801802,1.86804998380359
"HCC1143.2",0.355455797554851,1.97602486802756,0.390879200321147,11.0903438223678,1.04029723416139
"HEC-1",0.119317967991009,NA,4,66.1945381461254,0.873419655888391
"Hs 445",0.176842523511927,NA,1.5399961597185,72.3204918029205,0.119580761131882
"HT-55",0.30430149478328,NA,0.748253842647182,50.5077314496369,0.124466889320212
"HuP-T3",0.228002382798103,133.291649963587,0.547109013077957,47.4217675955554,0.590546110974239
"JVM-2",0.491386164081009,0.132782399588497,0.946678519026294,39.4744105301466,0.0256035752314985
"JVM-2.1",0.463934926921452,0.0954704740774827,4,35.3771557981715,0.0702076669355991
"JVM-2.2",0.435867814464371,0.556814696734954,0.544506441806131,35.4160409239925,0.057942314314958
"NCI-H2228",0.295677698965999,1.85047016381542,0.796043843239903,30.2245736230442,0.577064485385086
"SNU-5",0.284298492695073,4.70071595503818,0.619853334602502,38.4633494915032,0.441243765969764
"NUGC-3",0.268742364574424,2.18443080035077,0.773276616169536,6.19289041884177,1.84109354540402
"OACP4 C",0.314456023216592,1.50543418117156,0.720136007962846,3.11153242927068,1.37693546161902
"OCI-M1",0.208695546090709,1.79581623988854,2.35872641079639,37.5903946915241,0.994666862420846
"OCI-M1.1",0.21890028528214,5.83944845868297,0.540842472513942,0,5.83944845868297
"OCI-M1.2",0.166040466557205,4.13762603274703,1.36782069037369,30.4138559863153,2.08536565563977
"OV56",0.148376443200925,4.87441222776745,1.79708800968153,42.1304146477429,1.74212039753498
"RS4;11",0.324260456986355,3.61413822720582,0.808312836072961,46.4287626716847,0.138054217573773
"SCC-3",0.075715990977632,NA,4,64.9383879420979,2.25151218498977
"SK-ES-1",0.333944454646662,1.67079459871305,0.546065431559221,14.2688223195214,0.903020151760143
"SU-DHL-8",0,NA,0.490470154593686,100,21.6694494477169
"TK [Human B-cell lymphoma]",0.0631984404420045,NA,0.777744184579892,79.132071610459,1.58618822903522
"A3/Kawakami.2",0.187745244389266,3.45504533067485,1.12416347337767,0,3.45504533067485
"NCI-H747",0.339813016240234,1.77214389145012,0.494923004195484,14.289771283975,0.897728922534922
"NB1",0.313171842330204,0.955160368871655,1.27107048091838,39.6524418718416,0.276594317910681
"HPAC",0.14261525061044,6.16768622296276,2.48587143550348,48.5652200769357,1.4782311671282
"EW-16",0.227583344891164,5.85149138348493,0.657538256703122,29.833565638907,1.47076559303411
"OSC-20",0.192191668805035,NA,0.824958575530027,61.5321877287347,0.317252506144858
"EGI-1",0.127900307000106,42.0724477001212,0.450466616044033,0,42.0724477001212
"SBC-5",0.270810864152176,2.88823119631117,0.584592595066232,4.13679347746556,2.49158183667287
"NCI-H2369",0.130343152104995,3628.91341755817,0.209870058305558,0,3628.91341755817
"H9",0.0437722010723944,NA,4,66.7755904339838,4.05207156023076
"OACM5.1 C",0.351568494246527,0.712365864694679,1.08809606085389,35.7860812260177,0.224219683493075
"U2OS.3",0.178230448314844,27.6262607191943,0.382131663198761,0,27.6262607191943
"A-375.2",0.22766395316763,1.58488821481147,2.0948698466543,35.0891286689855,0.889535922403682
"A-375.3",0.245384184197401,2.00824083641587,1.16215847746289,22.9149663475818,1.18501622708655
"HT-29.2",0.331130541901022,2.01952933369391,0.462847491803184,6.22839620386356,1.51502407386282
"HT-29.3",0.315070749387008,1.37586092228927,0.81533631247312,23.8175803171466,0.622272003525277
"HT-29.4",0.364788451450788,0.980046693555287,0.753833037693485,36.2190238994621,0.177332321080988
"A-549",0.383683612966947,0.790071162398663,0.742734253880907,6.33728832924963,0.658293288390665
"HCT 15.3",0.30957883374969,0.986801410601634,1.40874571135135,21.9136371975456,0.655284817324295
"HCT 15.4",0.302489175356912,0.763408614868241,2.32837549556932,29.1317306778059,0.524535562520822
"HCT 15.5",0.393662985582186,0.475412094034067,1.24688189900512,23.3948562612701,0.286627953886227
"A-375.4",0.217220206117334,1.29258006537661,4,37.0625174808414,0.921886375706864
"U2OS.4",0.220783539956816,7.64128862779246,0.62923421479217,31.8235238958565,1.53024727853314
"C32 [Human melanoma].3",0.124669861263856,NA,1.81106286940262,56.3971888425622,1.40951955628353
"C32 [Human melanoma].4",0.0972648960792244,19.5138362846531,1.29392007093467,44.4342625779847,3.57664167809766
"C32 [Human melanoma].5",0.123430145788874,NA,1.32004693709799,51.0658289803361,1.89561176492623
"PC-14.3",0.150025350550953,5.01387832217378,1.27094904497717,24.717149094468,2.9319981559927
"PC-14.4",0.14196116542017,6.89663535342918,1.00499601462867,20.5061678330042,4.0788529768049
"PC-14.5",0.156695265563025,4.60812758962533,1.50054307639417,36.6774474247313,1.90871626614784
"A-549.1",0.369449820316913,0.754667703342991,0.948414825343549,14.3500738966414,0.528267321741985
"A-549.2",0.347278393368271,0.585418849532541,2.12156863787999,23.5909095542768,0.433312139420388
"MHH-ES-1.3",0.172103888149246,7.64873869509472,0.647994644790247,0,7.64873869509472
"MHH-ES-1.4",0.148432127746321,6.74836901020195,1.37541064130916,41.5604779515617,1.85113355560041
"MHH-ES-1.5",0.177605313899375,6.7639597021806,0.667969387575687,0,6.7639597021806
"SNU-C2B.3",0.137768427628308,NA,1.85446361932525,55.2004995900792,1.20802038736525
"SNU-C2B.4",0.122264722904666,NA,0.797879293795888,64.3394060729782,1.11160076795702
"SNU-C2B.5",0.0794628875012323,NA,1.88989241853422,56.3231358680056,2.9968967644035
"SW620.3",0.11138083423452,NA,4,70.9816159196419,0.705675353529913
"SW620.4",0.123785072353484,NA,1.34123845275198,65.3883003595926,0.86761083309368
"SW620.5",0.0882477393386633,NA,4,74.8701258040083,0.884274318378234
"HT-144",0.205282056814705,2.5699856357469,1.43240949390535,25.3565421893924,1.56826395608381
"HuH-1",0.103899890972528,129.373526561682,0.939738576383801,48.3322209651261,3.46985257077247
"LB771-HNC",0.144234192714744,52.3288583421755,1.11907120407852,49.0112585956427,1.57090770992064
"LCLC-97TM1",0.176894226714164,19.7154812307483,0.510605099913363,24.1535269560673,5.41469285307203
"NCI-H196",0.157989491104878,NA,0.523341691615668,72.7607780932856,0.145770624388491
"NCI-H1963",0.242418332589787,NA,4,61.2311130538779,0.133127209552997
"NH-12",0.136777363275939,NA,1.83418595112832,69.9262300626737,0.432707360177559
"OAW42",0.28520579630787,9.18205179656376,0.851157246834312,47.9177208063723,0.219336687761869
"PFSK-1",0.263410320222995,4.15761259489923,0.838671040612082,42.3994734277685,0.439886641202118
"RERF-GC-1B",0.274129504906618,4.52865038805869,0.424141901206256,0,4.52865038805869
"TE-6",0.378546810409395,0.257875174101352,2.46934376407665,38.5267489811784,0.142076260499816
"A-253",0.00738383573384629,14.4985782536125,4,0,14.4985782536125
"DMS 273",0.381539315698434,0.425784092060431,1.30550726534865,35.7398465830856,0.16287157340399
"SK-MES-1",0.215358173335149,10.4011955873485,0.47562876976328,16.2594579579388,4.54927230191437
"TOV-21G",0.183122575327717,7.29106232752116,0.780730064534819,29.4182776162889,2.33903758324151
"MS751",0.162893186550507,79.5220445665846,0.32033609858934,0,79.5220445665846
"DK-MG",0.183337412202325,323.602530390158,0.224590159836174,0,323.602530390158
"CHSA8926",0.247650925988522,13.4234267464123,1.03367776155228,48.827684241937,0.355665562741367
"HCC2157",0.516816730651319,0.175581390794364,2.37700869513889,14.7833973925914,0.151509178358364
"KY821",0.330409069613303,0.709053342645819,1.54117167984996,28.81923415793,0.406103622606235
"NCI-H1092",0.0320565723649742,NA,4,82.9380126014352,2.73526915838181
"NCI-H1793",0.237878546987076,1.39902549660853,2.09420696553454,40.5701046114448,0.630795940713744
"PC-3",0.226281890631571,7.97104487469753,0.444512964834871,0,7.97104487469753
"NCI-H1915",0.0278949658481026,NA,4,77.5926400570217,4.26675802155327
"NCI-H650",0.041062079197003,NA,4,80.7812599155935,2.28758074210126
"Rh41",0.366181182385484,0.682060350631996,1.68838317142951,10.6915833918724,0.591477840062056
"KU-19-19",0.132720889070203,7.17008624475668,0.93701378949511,0,7.17008624475668
"CAS-1",0.270125435389637,NA,1.30222325878364,54.913488279644,0.156710154491013
"HPAC.1",0.128378401908229,23.3561940868342,0.79134723352795,37.9981247423148,3.84840480638276
"CL-11",0.170110917092374,NA,0.833143101009244,77.6325481770805,0.0374787988254587
"HCC1954.1",0.21655896707189,1.67299237336588,2.29749138646191,40.9364797394222,0.795564324015358
"HCC1937",0.162787652165581,446.42814083781,0.235938167562158,0,446.42814083781
"PA-1",0.328610161222916,1.22325040772823,0.809192748514806,6.08219316258476,1.04208602964827
"EFM-192A",0.261671591848658,1.27489963571532,1.73799218994587,31.3427849213,0.723009398634719
"MOLT-13",0.0770543249724709,NA,4,88.9580801485994,0.0806548512464051
"MHH-ES-1.6",0.122852671433721,NA,1.3878360020584,50.8664675672971,1.90354284975538
"U2OS.5",0.117591641664661,NA,1.39442177224777,71.8081422503915,0.566602404148876
"HT-29.5",0.259580827961626,2.16036354867973,1.34084242521331,45.0728941547481,0.383680966514021
"A-375.5",NA,NA,NA,NA,NA
"PC-14.6",0.188231824355857,NA,4,50.0046684640531,0.742323197036267
"KYSE-150",0.296756866500641,1.67861194508493,0.773868397979318,6.71187629892331,1.39333772815024
"SiMa",0.176125902238215,3.67206099412307,2.34993143217522,47.7845695956654,0.97483378683657
"SW626",0.12970578555852,NA,1.51184276979334,60.5969622107061,1.05116070445004
"KMOE-2",0.108874668419426,NA,4,57.3206452767148,1.71733623693639
"NCI-H2591",0.137575578754145,535.542826747419,0.259722487629225,0,535.542826747419
"HCC1937.1",0.186501993789369,41.1053277996313,0.329654715639808,0,41.1053277996313
"KLE",0.274828810919589,9.18666154394506,0.499303604525993,37.4222788780464,0.579094863190832
"KYSE-410",0.181248211714329,4.0251136596978,0.999007119891686,2.93769364380183,3.7883946538098
"LNCaP clone FGC",0.521114834207345,0.180757104539599,1.49604632917644,15.1807357503416,0.141922600606218
"NB(TU)1",0.303051125823926,2.04884511812793,0.587878932920013,6.18032396904778,1.63696219244936
"NCI-H209",0.129663206077118,4.15595781685521,2.48820772381126,35.5200161235923,2.52563209448114
"NCI-H720",0.316220224246933,0.889035027146833,1.63351738362626,20.6414822596387,0.641744028153849
"NB1.1",0.264520691972351,1.12463178129432,1.89086766689303,36.8771720260509,0.554337652805398
"Lu-99A",0.173241506354251,NA,2.12690939526907,59.8041519138772,0.509839811303573
"MOLM-13",0.409283595474727,0.601237915471858,1.30474637541347,0,0.601237915471858
"Lu-99A.1",0.166457233988558,NA,1.65196313511844,59.1746241925678,0.601337133883013
"Lu-99A.2",0.185929517365387,NA,2.10779348377951,56.5664679086468,0.520257627813904
"NCI-H2347",0.0466134732682077,30.4530133905483,0.936230139073042,0,30.4530133905483
"HCC1806.1",0.130244390440567,3.56025965448862,0.906379538612631,17.2475692785132,2.23243073552851
"MDA-MB-436",0.136620458951428,7.42344328059941,0.550962027008486,0,7.42344328059941
"HDQ-P1.1",0.448064968896558,0.152242702207831,0.825589608894015,16.7250440776992,0.0929657317350798
"CAL-51.1",0.118761281905819,2.21697091096397,1.78860416495764,30.0889203853303,1.3249262149524
"MDA-MB-361",0.344114794756863,0.564429007382465,0.542601145589739,0,0.564429007382465
"BT-474.1",0.194163416876423,NA,1.11990930812919,62.4890799750656,0.110060703431763
"MDA-MB-157",0.0822316772326653,NA,4,81.7498959759113,0.176065191901648
"CAL-85-1",0.103510830643678,5.29532605461295,0.828157903444334,4.07439256477386,4.77878793947275
"Evsa-T.1",0.319352699479476,0.510071556685323,0.885285685035471,0,0.510071556685323
"NCI-H1341",0.111911047594708,32.40879724132,0.535533940440754,0,32.40879724132
"NCI-H1573",0.150492568133466,NA,0.687033557049171,72.7392246115204,0.204852739571354
"NCI-H1688",0.191777858560226,NA,0,61.6444282879547,0.00168403703573269
"A-498",0.302719896786972,3.34965801518885,0.406534037152363,0,3.34965801518885
"MFM-223",0.272568123950628,2.42881653840485,0.676234852475914,8.64593088810095,1.83428586326453
"MDA-MB-175-VII",0.295339494072742,0.624881101241789,0.856570177717754,10.0852429078916,0.480372877125932
"HCC1187.1",0.179671166285702,6585.42233795361,0.350972956419519,47.7344068205154,0.976860573140099
"MFM-223.1",0.132322138056614,2.78640753956634,0.959060739551895,0,2.78640753956634
"DU4475.1",0.0633713113363419,35.2441740031422,0.988622901912614,45.1988789345063,3.29419351353362
"HCC1569",0.208729608942937,1.87018222792808,0.882083122568836,33.3592681029747,0.537296932720686
"CAL-120.1",0.126778561672011,4.94525091815542,0.699794437888007,0,4.94525091815542
"HCC1937.2",0.189218906124322,20.888653712217,0.757718837095695,47.5603267241736,0.388038466491289
"JIMT-1.1",0.172183892675568,2.02207979150597,1.36564125372523,41.793732369412,0.538400422823795
"CAMA-1",0.19972209788763,1.44932483039829,0.90016972234129,0,1.44932483039829
"HCC1419",0.178732853227802,118.520029933773,0.421875,43.125,1.07460782832132
"MDA-MB-361.1",0.401305314016351,0.555848726146922,0.90952066489558,18.6392328960271,0.332828302037307
"LS411N",0.199198075803778,2.92288515474351,1.62388693212764,42.0254742754439,0.943736513407977
"HL-60",0.332851111247401,1.5496351672302,0.560894813500242,0,1.5496351672302
"PF-382",0.32089187153208,1.14072056523922,0.971905655143279,14.8721635570169,0.79328414063841
"SNU-407",0.21221896868223,5.97185502504326,0.944447651595483,41.8348506216515,0.876620763221984
"NCI-H1417",0.403526753082436,0.638059634388791,1.0846967000352,0,0.638059634388791
"NCI-H1417.1",0.35928054502667,0.922279965203511,0.852914644031588,4.62991033915698,0.822971779860165
"NCI-H1417.2",0.45119646266836,0.465670980752761,0.779658222563746,0,0.465670980752761
"P12-Ichikawa",0.24756911837565,2.28804893638941,0.965305279043723,20.8133536452765,1.31001672114828
"P12-Ichikawa.1",0.197726178000983,2.05631404645299,2.48360944049878,30.3439148410322,1.41198435347655
"P12-Ichikawa.2",0.204739367761194,2.51388195809803,1.49428282347236,24.2904435774914,1.6107362618438
"SiHa",0.182817425275567,181.648094387877,0.247665302648856,0,181.648094387877
"OVTOKO",0.361308885355448,0.504085188191495,1.41288475077974,34.5506215780563,0.219532366340353
"FaDu",0.214670504433156,3.89688868353391,0.786486236691255,14.8507096357475,2.48951016758759
"5637",0.133907572016846,8.82029233468266,0.800339238477296,0,8.82029233468266
"Detroit 562",0.32793503489471,1.03824351226829,1.22270474883902,6.07928089835797,0.93379879307772
"NCI-H2052",0.208405345659666,18.4504340369073,0.364916170800666,0,18.4504340369073
"Rh30",0.318373775452168,1.53861794216945,0.666528116372326,0,1.53861794216945
"T-47D.1",0.329814757873342,NA,4,53.3972846398154,0.0753322419339225
"KYSE-180.1",0.202591011942456,2.06523307140973,2.13445590838429,32.9105276354837,1.24891643429996
"HCC827.1",0.165505966712549,5.45542022121351,1.02639870749798,26.3093461979103,2.63498746485149
"A-375.6",0.274357459419396,3.59802185708407,0.481094544980442,0,3.59802185708407
"A-375.7",0.234389610086854,1.80068688192457,1.57313277371968,30.2507803458487,0.99768732079242
"A-375.8",0.192046782648068,2.78570010471265,1.54747107717473,24.1998899574244,1.81654141157718
"A-549.3",0.379333589734415,0.8457481725737,0.714555705912299,3.9197577206233,0.754436119588755
"A-549.4",0.351807892627907,1.11380215099226,0.678970980483351,3.93776795341608,0.987049446285351
"C32 [Human melanoma].6",0.0928629857132213,NA,0.604827014569455,71.9516142665652,1.47520040681524
"C32 [Human melanoma].7",0.0844276552072203,414.150738310201,0.360879053606113,0,414.150738310201
"C32 [Human melanoma].8",0.106499890798264,NA,4,74.2069638616919,0.577285301151917
"HT-29.6",0.216098048465547,3.45566078955494,0.911537421113828,23.6147839220193,1.71388002303879
"HT-29.7",0.16677146153769,10.9809187730598,0.712825804778182,29.0586340182902,3.23894780788951
"HT-29.8",0.217185184289683,4.54644593847821,0.636675775362042,0,4.54644593847821
"MHH-ES-1.7",0.168737019063324,4.55292158102684,1.20122811370567,29.7031167062062,2.14951203968401
"MHH-ES-1.8",0.147877742719818,4.8242341915785,1.61273005117904,37.488972014644,2.04337737311955
"MHH-ES-1.9",0.16263846187352,6.26741719075809,0.897083914348089,20.2861828670364,3.50871699657348
"SNU-C2B.6",0.134907444768306,37.551465579919,0.446219926396376,0,37.551465579919
"SNU-C2B.7",0.171666390014058,NA,1.32375121245128,54.1944621072267,0.768290702040387
"SNU-C2B.8",0.177983295082314,9.08083157112224,0.56987121082138,0,9.08083157112224
"SW620.6",0.229307530020372,617.185536528009,0.163789322630129,0,617.185536528009
"SW620.7",0.157440109985182,NA,0.455806347415416,56.7191099795423,1.36635747075679
"SW620.8",0.257992853928711,23.5753022873057,0.259869762866605,0,23.5753022873057
"PC-14.7",0.201031157824237,5.73044042753376,0.620371849289958,0,5.73044042753376
"PC-14.8",0.14265679821829,7.21935782468149,1.13708990145979,33.5909072456406,2.70988810466211
"PC-14.9",0.188365076969326,5.68919243329445,0.853634359963432,28.6771491934345,2.09634932596604
"HCT 15.6",0.271085984667709,1.92919138367378,0.913475756544854,23.927419838637,0.94580996881795
"HCT 15.7",0.31231299577481,1.02441506003349,1.2445166471609,22.0222583068324,0.642482451011345
"HCT 15.8",0.33957957510684,0.913254499771804,0.967154569327054,27.4417102700449,0.401041148152703
"U2OS.6",0.180491504819827,349.450854694727,0.290276241813743,29.3451285406203,16.6222239537221
"U2OS.7",0.0802878986477699,NA,1.37816088879907,53.820798129094,3.50881160669679
"U2OS.8",0.12451241558478,83.8055592435255,0.388127579594622,0,83.8055592435255
"HCC1428",0,NA,0,100,0.635274214256652
"HCC1500",0.111801148121962,1177.54132755527,0.264952276459962,0,1177.54132755527
"KYSE-520",0.302717028800464,1.1847350005355,1.11095658260961,25.4254357690241,0.625096173245854
"KYSE-520.1",0.308899504885586,1.43083704711418,0.844550106754551,26.2989768967701,0.591171800925517
"KYSE-520.2",0.281132147043908,1.53311507410278,1.06720698594326,30.3762936546703,0.638212628877478
"MeWo",0.184092910341854,NA,2.20730636320466,64.4313514045308,0.280126421943897
"NCI-H1838",0.108879835556306,51.0932602724355,0.479091226563139,0,51.0932602724355
"NCI-H446",0.301971688390565,2.99969144973146,0.603390579353166,33.6033947924315,0.472698980355323
"NCI-H446.1",0.345707893070457,1.24685492897659,0.628230155515246,0,1.24685492897659
"NCI-H596",0.223901406404106,NA,1.06218986075771,57.0467725296762,0.270993913695243
"NCI-H2122",0.448610542708192,0.475313757624133,0.780059984711466,0,0.475313757624133
"BT-20",0.236278219741706,2.05649222279114,1.27491339871998,27.1887369725438,1.11121624742814
"HCC1419.1",0.192137866806496,NA,4,73.6771390560687,0.0646132154163023
"BT-483",0.115029634041561,136.658231612812,0.312486079606668,0,136.658231612812
"HCC1500.1",0.0488598646642279,NA,0.0985648856338571,72.0002250972258,1e+06
"COLO 824.1",0.211594402800142,NA,0.907724370097908,57.760458204192,0.124116253223888
"HCC1428.1",0.016275061913744,NA,0,96.7449876172512,0.00552301766193803
"HCC1954.2",0.140643895111916,1.89002447297872,1.84637659575373,38.9686053759984,0.833667830657092
"AU565.1",0.287459879090542,0.540437499249626,1.18756463994649,38.1112110821696,0.161228395736429
"IGR-37",0.218450790109835,2.11665204004979,1.60672776864111,35.8141979245789,0.966348376499171
"HD-MY-Z",0.104798296342108,20.7254496732645,0.656945296372751,0,20.7254496732645
"H4",0.289080963045353,1.35516351988856,1.14946738617209,18.3022662938424,0.911567117031065
"Calu-3",0.195959001733657,15.1431858152029,0.917457053652479,46.3147734053562,0.882715427095161
"Becker",0.269712900073538,1.18067850917268,1.64889272153337,37.2078018865851,0.516520765539829
"DU145",0.0973962915831228,27.1138836098662,0.626727279606918,0,27.1138836098662
"NCI-H2595",0.113400512109926,NA,0.698088601640671,54.1547546290648,2.92536260255321
"DOK",0.49716820510653,0.267462280077909,1.34672096544288,8.5298767969235,0.232778139923317
"CW-2",0.160591414342427,NA,4,55.1010659339453,0.845411299994183
"22Rv1",0.258897722566396,2.00544643849975,1.31178253515987,43.4429611941767,0.426229598807967
"CAL-39",0.473510999534431,0.355214437170009,1.02866287634195,4.87430378212172,0.321503541567149
"K5",0.288160255120538,1.39123904987696,1.10054622019144,20.7338767631644,0.855160818194558
"COLO 679",0.0846892480656286,19.0984308793062,0.796434978903864,0,19.0984308793062
"769-P",0.24655324325295,2.84001491164719,0.723519772585754,0,2.84001491164719
"GI-1",0.222726959934888,2.58573838384247,1.10631547732598,19.1066852486103,1.67330016191526
"DOV13",0.299647628715467,2.21524774433185,0.553684786678993,0,2.21524774433185
"DB",0.152668371997441,5.95778457210118,1.8239208055888,46.3260899364765,1.42375146587898
"A-375.9",0.17153457867768,5.59238881425952,1.37388061721168,43.3578341960597,1.28678731079632
"A-375.10",0.163818912809109,5.40181936493904,1.25139506284732,37.519559611671,1.78190904707024
"A-549.5",0.355606326639172,0.742366205076183,1.05495991949988,24.0562899390628,0.398588343159283
"A-549.6",0.358713111525397,1.27518588064314,0.519782759653889,0,1.27518588064314
"A-549.7",0.370964727154569,0.704337111815447,0.968918068962546,19.5245535700082,0.422535320184371
"C32 [Human melanoma].9",0.0846028596905377,NA,2.30019985803702,71.9954752684566,1.2454147595509
"C32 [Human melanoma].10",0.1645046288102,9.26429220237085,0.618253071831215,0,9.26429220237085
"C32 [Human melanoma].11",0.163864074781066,11.289535088092,0.647837165569303,20.1844483400919,5.08272301430896
"HCT 15.9",0.336046362746174,0.780733374717076,1.17495915867454,35.6459362146107,0.269907068304047
"HCT 15.10",0.3635336052,0.660101196990253,1.1842672284342,21.7132444851531,0.408052512818785
"HCT 15.11",0.290706976058708,1.3171156279759,1.12325140523523,28.6128303215899,0.618409984899181
"HT-29.9",0.312186000318829,2.01442025817933,0.579754986342399,16.4024517919296,1.01468314201208
"HT-29.10",0.298614385328659,0.992556078690826,1.41150126769927,33.3915808641509,0.454625613328304
"HT-29.11",0.197917104036195,NA,2.4304486434685,70.3777207091632,0.0988703338602131
"MHH-ES-1.10",0.0999155553084421,43.4771397450057,3.65137114204709,49.9984776145901,2.51966800303171
"MHH-ES-1.11",0.137456823432808,12.9515432962307,0.635999915022945,0,12.9515432962307
"MHH-ES-1.12",0.204939227857315,7.3129302439421,0.569787148796908,12.3809560385474,4.43848313735808
"PC-14.10",0.212217615762368,3.66125553327522,1.02821169724084,34.4788495637825,1.17360926214652
"PC-14.11",0.193881628874926,5.61121792201654,0.663122579695451,0,5.61121792201654
"PC-14.12",0.184269316536968,8.27226587664419,0.57162655633509,0,8.27226587664419
"SNU-C2B.9",0.179975007281687,14.9467314418685,0.862811330024037,44.0013946137696,1.27996621110738
"SNU-C2B.10",0.172068414331263,9.77867256344768,0.916026430719203,40.2743842813645,1.63698115173026
"SNU-C2B.11",0.180505126849168,8.33105698222172,0.947053073839868,40.701121020082,1.41032240839498
"SW620.9",0.111323678114184,NA,2.31563585507142,57.4701811250528,1.65069672795203
"SW620.10",0.0808377481437121,NA,2.69454749394523,57.8768986771949,2.6848108635422
"SW620.11",0.0622593466803414,NA,4,75.5190272697011,1.72664388530272
"U2OS.9",0.126937897731295,NA,4,61.2241617456098,1.04231155618839
"U2OS.10",0.162068694405958,NA,1.65491268905495,59.7592348922297,0.622595728257676
"U2OS.11",0.161774851383287,NA,2.60536036696508,69.9532908591238,0.242582083714683
"MFM-223.2",0.171539629213581,2.06504857527593,4,40.6904438663649,1.35650067589159
"MFM-223.3",0.167716696484805,2.40884135913813,3.1784957195629,40.9580043778881,1.40650865750382
"MFM-223.4",0.195022601286503,4.38009409068331,0.978930117372634,30.12009706338,1.70728640699435
"A-375.11",0.161618418271028,8.6437116169434,1.21848794601986,44.3350434764155,1.44715202094283
"ES7",0.305103551029493,2.19019822200512,0.532105057065918,0,2.19019822200512
"HLE",0.074594631327349,38.8010004222637,0.805165281098498,29.0037989789768,13.2077276713899
"Kelly",0.141892422233345,NA,4,60.903155998661,0.815288451667474
"KINGS-1",0.212015870330521,NA,1.63827488545606,64.6080706715603,0.158646864206655
"KP-3",0.123283731417828,NA,3.20754113964053,64.7043729876968,0.895925598344084
"MKN1",0.301370827537148,1.05265159535036,1.28720867751051,37.4244820270401,0.360239733807096
"SJNB-13",0.177637155007191,2.24994874747844,4,48.611578092394,0.918460510865618
"SJNB-7",0.085823090772842,NA,4,72.3252264758776,1.17422784242465
"NCI-H1993",0.33505806181594,0.625165479675733,1.4810229578738,40.7908195327883,0.199473796162319
"NY",0.132916009886521,NA,0.581760803997356,58.0095739221648,1.76392064009189
"BxPC-3",0.204834206037822,5.69202256137651,0.778664093959496,30.4193249923144,1.70762979119923
"CPC-N",0.238188628137194,3.11309872283247,0.720752073805025,1.07483608559486,3.02063766477716
"GaMG",0.260079799874565,1.22095634740362,1.99781949767435,29.8450624457891,0.774801634449348
"L-540",0.0951120023552211,20.0445341506973,0.716199408014638,0,20.0445341506973
"LCLC-103H",0.157935177379902,NA,4,59.4567639958327,0.678342164628573
"Loucy",0.192989029759525,2.31991395689022,2.10096825083195,30.4313084366667,1.48442197079026
"MOLT-4",0.174350136188363,NA,3.77684533600323,51.5081388275745,0.834557973453572
"Mo",0.0192047605329895,17.7345435405441,2.03995414116122,0,17.7345435405441
"NALM-6",0.464568801841922,0.234716924103038,0.997933489190612,29.6798905523059,0.095211777652148
"Namalwa",0.356002846206911,0.551307171675954,1.38127255334926,33.3980660243797,0.248169594625741
"NOMO-1",0.228041360652999,2.89953424793084,1.22518489452346,41.1142484759729,0.70786525920062
"OPM-2",0.195934225159554,2.57236575756617,2.4693054819795,3.11614055808063,2.5061964163501
"A4/Fukuda",0.422411219477671,0.494354739252683,0.939579353984015,11.594762387448,0.373328370606643
"ACHN",0.290574185646939,2.18988890808541,0.862194748275946,38.9517774153083,0.380143036905776
"BE-13",0.0870660836807089,NA,4,73.5287923101343,1.03124457422776
"BT-483.1",0.116759787143418,NA,4,81.4376883373232,0.129746029791194
"CAL-62",0.193985778772991,1.99356215030426,2.60474862903054,40.7191115662178,1.04434125493777
"CAL-85-1.1",0.24162036939289,1.42611963332085,1.9356704051684,36.1930790549102,0.733554944854386
"CHL-1",0.209046653505019,2.63426477049616,2.26491540340684,48.1197622787154,0.618876559256093
"COLO 668",0.223963697850266,NA,1.96192682733894,71.501780620065,0.0426596436192908
"ES8",0.335054954587035,1.04693169643466,0.922514935100875,12.7182087005666,0.76161978747958
"JHU-022",0.267751208595724,1.80780392889972,1.00326162564029,16.9643382738209,1.19605038086813
"JVM-3",0.372963437658279,1.36097821352407,0.435163779197495,11.408955078107,0.750526122449693
"L-1236",0.291707800126888,NA,1.49800700223413,52.1068095435053,0.147336184568255
"LAMA-84",0.0925814549107683,NA,1.59865872806114,50.7182757975879,2.97094132442413
"LC4-1",0.0926791663700267,11.701261259403,1.53849699180564,40.8354571234531,3.88405378591373
"LoVo",0.350124945952084,0.454565501487436,1.69629247389756,40.7082705367861,0.168550964484704
"M059J",0.187035463587852,10.9865746454868,1.4119330790253,48.71699563086,0.820769459768677
"MFE-280",0.27535189474351,4.57398871068468,0.777192775784192,43.064483782389,0.360132119873884
"MIA PaCa-2",0.190901981886402,NA,1.69239621610503,60.3053865540497,0.361131208109171
"OCUB-M",0.329227846656246,1.04146730346842,1.62044667995289,0.294737467197756,1.0376744383269
"COLO 320HSR",0.442541897666848,0.459425237829535,0.832841298318714,6.53952091857747,0.388258611687587
"CaR-1",0.315926129973955,1.07665940711165,1.22191968524888,13.266577383174,0.836545608418635
"BICR 78",0.167293732762258,13.3784282011632,0.516477581754977,0,13.3784282011632
"NCI-H1435",0.0436918576748508,NA,4,73.7901854804692,3.16976889113303
"IHH-4",0.177252934654041,NA,2.07202481886449,51.9218795941456,0.785420974611894
"EFO-21",0.24620888964676,25.8666084818386,0.59241485686503,45.1743139336524,0.499711617369776
"IA-LM",0.0216310182533923,NA,4,92.6025736700974,1.32697363744283
"KALS-1",0.300443596653977,4.6076395482839,0.351019977810968,0,4.6076395482839
"KS-1 [Human glioblastoma]",0.125520494172199,6.69240608343604,1.2613562074977,24.6031356808802,3.91155350171666
"NCI-H2818",0.198986060991077,NA,0.838566082480087,71.7581052389597,0.061951987420354
"Kuramochi",0.122133118767789,NA,4,77.9013278938231,0.21984204336522
"HOS",0.174590597512248,7.70346413310943,0.634028278537082,0,7.70346413310943
"WM1552C",0.159203615250319,6.29043212312704,0.812897628932584,0,6.29043212312704
"JHH-2",0.306283012806071,0.622645131951177,2.42937468113806,35.7692604070817,0.371190954564977
"NCI-H2461",0.221274724970107,6.03260810157627,1.08453548120898,45.783556586544,0.616875489094992
"VAL",0.227659412170678,2.66658520115589,1.30035233670309,41.0878779441911,0.707890823709288
"BL-41",0.0102702273925801,13.2128303707263,4,0,13.2128303707263
"TE-5",0.164497790632341,2.90383454028322,2.43020945013978,38.7754577964822,1.57035713005106
"GCIY",0.319442504186047,0.670602346494533,1.67334766903946,37.4782110538714,0.293172581759342
"TGW",0.15000216215296,21.3895528388269,1.63020566797453,49.4697977595336,1.31518663788902
"HAL-01",0.489041376358398,0.212533933612411,1.10067661038871,22.0072179298559,0.125472138580181
"L-363",0.148745988843243,3.08785299545252,4,22.5134941302688,2.65885099238167
"BT-20.1",0.183011812783519,1.24237183709941,1.48812842429516,25.02738134902,0.779191378742445
"CAL-148",0.276181191354118,0.727860970609111,0.893576574085036,0,0.727860970609111
"EFM-192A.1",0.118626251877246,2.63029201782733,2.64658722324168,47.5734928102565,0.838532476003142
"HCC2157.1",0.373916665950125,0.284582880925228,1.42003037464646,5.14503130606475,0.2636322912661
"T-47D.2",0.287488900468757,1.65726112169367,0.529210558389389,29.7744691425597,0.299669786776433
"UACC-893",0.273026294899992,0.606475339863667,1.5280982264366,4.30930119196885,0.571739460507506
"D-263MG",0.127671665236708,8.6395005769147,1.65981240696792,45.2845643505997,2.08295051301033
"HCC38",0.16396003311477,1203.34348335888,0.204291461299732,0,1203.34348335888
"HDLM-2",0.0375337532788897,23.7631257194163,1.39118435840225,26.2088708890136,13.9330821953956
"Lu-165",0.0686458719930075,72.2254132923995,0.574538007238245,0,72.2254132923995
"ME-1 [Human leukemia]",0.021349258615001,NA,4,89.4695232867911,2.46737180112473
"MN-60",0.157730726669802,11.9392891075958,1.18698598951053,45.9340994394457,1.44159603206638
"NB69",0.41471492064693,0.566352188207087,0.747918555469422,13.9495700277995,0.365718314738976
"NCI-H1792",0.258993756234031,2.12508151782081,0.949876330868903,25.8920269380472,0.985935933977383
"NCI-H2023",0.359623248014724,0.911695197786523,0.793393334516961,14.5279189015194,0.591484962479885
"NCI-H28",0.132203591480367,NA,4,60.3612383156306,0.998904895994462
"NCI-H841",0.179016552117455,42.7678653104358,0.754568185743181,46.5835935057481,1.22083637439797
"OV-90",0.0764653567086882,NA,1.64036271305472,67.0149925620357,2.11071538905797
"OVCAR-5",0.260619729499565,9.75140810553319,0.604414547819223,41.597197360932,0.510018813696873
"PL18 [Human pancreatic adenocarcinoma]",0.149988427447911,6.21990142361101,0.891790734360041,0,6.21990142361101
"SK-HEP-1",0.128826300465514,17.6196018845351,0.592755193837806,0,17.6196018845351
"SKN",0.187361506447616,8.34275057023852,1.45566506787066,48.2483276060495,0.834470323098303
"SK-UT-1",0.19506375864164,12.180744026284,0.452890619970167,0,12.180744026284
"SN12C",0.137269827023235,NA,1.48636197930869,63.9118869941162,0.73181921007362
"SW1710",0.203694056512185,1.99910709190078,2.17398036840918,37.6992107339151,1.04878798627908
"SW684",0.229517358015174,44.7189225363313,0.46219466537488,41.3973445401233,0.992608547393501
"SW982",0.258703187877584,2.31772150127384,0.918537927168972,30.2642478533919,0.842443279868782
"MG-63",0.267673077244247,1.73748595962809,1.11468614606185,33.8051678143759,0.631975604749917
"RKO",0.214270911955253,8.36888560564349,0.524457351690099,16.8485206205388,3.82277368253961
"AU565.2",0.281862049811823,0.853951716309154,0.922452206672547,38.8671899181131,0.167581365002934
"BT-474.2",0.199355723735098,NA,1.60775606736853,57.961226356865,0.149665000357257
"CAL-85-1.2",0.118857274708037,NA,0.854612299208366,69.8097697095022,0.284854175035648
"HCC1937.3",0.203559494094386,NA,1.18747202583392,58.9851481965865,0.128350217362465
"MFM-223.5",0.143199488256109,5.07242175318014,0.615236185055056,0,5.07242175318014
"DMS 114",0.183654335505948,NA,3.16233607070926,55.6734070939507,0.571673237505875
"MDA-MB-157.1",0.14920258213108,NA,0.626509210723648,55.4425761632274,1.38325296353137
"MDA-MB-436.1",0.125376721050559,NA,0.508998624719599,66.8861128564453,1.05707564655167
"NCI-H1666",0.317377412408539,2.65030131057174,0.930206438428799,46.3553685568812,0.158725171577929
"OCI-AML-3",0.217336178357931,NA,2.19161688446167,51.7720858275406,0.444978314537341
"RPMI-8402",0.434286578850853,0.419462672939355,1.3080640000903,10.6156742475695,0.349507649348646
"SR",0.324619020914479,1.14573286672222,1.02435688146351,3.44395311089071,1.06862770368257
"SW13",0.255988858363661,7.59705402664862,1.56274374287184,49.6836863007981,0.297577044155513
"CAL-54",0.453818631407837,0.262886898496472,1.46751753057462,22.2464490086135,0.176020074952277
"CML-T1",0.0846276000454114,NA,4,80.2984451130262,0.514583149947251
"EW-7",0.345935842840364,0.839908939482858,1.25375243749931,12.3085655826535,0.670415717670638
"HMV-II",0.193361688065782,5.15361175809076,0.934889884521129,33.2585668843014,1.59897158369796
"IST-Mes1",0.122206307354744,NA,0.737951126336358,51.8454413173845,2.59499020091981
"KP-4",0.143570769492628,NA,4,59.6338356518787,0.857183935023104
"LS1034",0.0507198720475353,NA,4,79.9460401779834,1.74344060795522
"MDA-MB-453",0.317531239035276,0.594384203395769,2.08787934373855,36.2889659408156,0.319847242087854
"MKN28",0.132765353777139,19.7250059996713,0.553721669941081,0,19.7250059996713
"MPP 89",0.141401407485139,NA,4,59.5632043412924,0.893371172989459
"MRK-nu-1",0.110239498577328,5.33724924483104,2.01009863927201,15.425211623734,4.4423696401811
"SJNB-10",0.201439518004224,9.15508411392636,0.899005464025754,43.4741938858699,0.950560919333218
"NCI-H226",0.0928210316969913,NA,1.10431731212929,67.6280415548278,1.53100760653976
"NCI-H520",0.322634529848098,0.919809213084664,1.31823044209345,43.9442247366742,0.185446981155915
"OVMIU",0.228247183207542,1.49533431706577,2.74238255041409,47.6116250162704,0.493274526633374
"PEO1",0.0903749483933928,NA,3.79674313669001,74.4068583940173,0.872421647330147
"RKN",0.0692627436982743,NA,4,83.7167575629334,0.529677877615687
"RT-112",0.170006768089935,NA,1.21778333336994,57.9913611732166,0.624697425169425
"SK-LU-1",0.166075734812584,NA,1.02913078838123,69.2977082718859,0.2344302604894
"Ku812",0.145238538283478,10.2768839924441,1.38942560339804,46.0780120905571,1.64526177942119
"BC-1",0.276497047319637,1.03912885445313,2.51004724228842,24.6991681059062,0.792152855356873
"D-392MG",0.0767201358146287,NA,0.56021390345611,51.5860453519604,12.5573329431391
"EB3 [Human Burkitt lymphoma]",0.213301960149156,7.73277516782245,0.48859637781731,0,7.73277516782245
"GAK",0.125098700296425,NA,1.77897752802299,54.827726215208,1.50480545361631
"NCI-H2731",0.191465587689022,5.21564876505196,0.928409101668304,32.4206960656483,1.69174105030161
"HARA [Human squamous cell lung carcinoma]",0.326122772737947,0.8638483741364,1.29038400644868,24.3955034567502,0.514270456896034
"HCC44",0.263520984929489,1.18368046215924,1.79829397121416,40.4962201649724,0.470173308602863
"H-EMC-SS",0.194256868453337,NA,1.48041865734204,65.3823960968542,0.206207552180017
"HSC-2",0.31638356485671,1.02656308479067,1.59279285739584,10.0910174297046,0.891090242556713
"KYSE-220",0.165930201737676,3.31376012249388,1.85000982679061,32.9410409668624,1.85302179829761
"LK-2",0.160147366566978,5.89447671309888,1.04672086067751,28.7791007503914,2.59927738980123
"Lu-65",0.185441561365035,3.08317727687675,1.69827660659576,39.7601286005623,1.21194850029965
"MDA-MB-231",0.131796147233525,NA,4,78.1779784527045,0.154261701818137
"MEG-01",0,NA,1.13617329790594,100,13.2216166941796
"ML-2",0.252460664724351,1.40202475288992,1.69187686687839,34.7596366531464,0.694678584928627
"NCI-H1355",0.155003299505527,10.9404900292808,0.959850526861811,39.9699135915282,2.05205447189837
"NCI-H358",0.241188381799321,14.1659232201319,0.601974505361474,42.0352141803406,0.669801929333036
"NKM-1",0.151904349301113,11.9008581398071,0.750715786431635,28.5586420406191,3.85261372133397
"SNU-423",0.241062193243508,NA,0.852688622703555,57.1045632373285,0.196339492795816
"DoTc2 4510",0.0413419570965932,NA,4,78.4809242658601,2.65601043049714
"DSH1",0.20495608255676,5.00491892600802,0.656258790283105,0,5.00491892600802
"ESS-1",0.292590636145142,0.860725600479934,1.75845540892586,39.6068640987115,0.352287558722805
"HH [Human lymphoma]",0.221009724578986,NA,4,56.9119841983908,0.289293492342086
"Karpas-1106P",0.420592878338474,0.426233843287783,1.04043458624408,20.2995215315097,0.258364283027689
"Karpas-620",0.237615413417626,3.04884152424932,0.836272975505791,23.8160964312115,1.40668598618234
"KATO III",0.0861889730218068,NA,4,78.7583200482701,0.606501950685244
"MDA-MB-468",0.194061487514914,2.41110455365226,1.9246946911429,36.3139032430403,1.22988066797758
"MS-1 [Human lung carcinoma]",0.12427757965481,10.0741106650603,1.02543871289994,30.6721714352285,3.98712679551276
"NCI-H522",0.0624287411439661,NA,1.62988911869202,82.2116538800202,0.895813372191609
"NCI-H929",0.617844031221873,0.106276286487515,4,6.84293952166572,0.102436995927941
"P31/FUJ",0.121158048735149,13.116975590859,1.27103223363207,43.69845604452,2.57112429011499
"Panc 03.27",0.160218893759155,NA,1.10049159767143,63.4550952969295,0.493894558298621
"KTCTL-195",0.153540127157595,NA,4,61.1146903240127,0.653929442781541
"WRO",0.128885357482633,NA,0.897958587882462,64.5687959549552,0.897164923904155
"SCC-9",0.233158793785742,3.04912455955336,0.99817246667559,35.3022469017122,0.894298692636009
"SNU-C1",0.0967029332639408,5.51253692679465,3.12659603848936,39.4164683565147,3.35484963901641
"HCT 116",0.190696754027879,2.10086142521065,2.5431955517252,37.3767854911407,1.22275313457351
"FLO-1",0.224894317193351,14.5255558419015,0.359006078924749,0,14.5255558419015
"JHH-7",0.0861957116188961,NA,2.36897700965465,75.0331447119889,0.922570874497118
"TT",0.0857019935805533,NA,4,81.553185918337,0.403959219586922
"NCI-H2087",0.13433768626225,59.4915961656339,0.511297225341113,30.7786671224663,9.17127863057649
"SK-LMS-1",0.173109902269168,7.0167945834405,1.31696827679221,45.2482215060983,1.17497214947619
"HCC38.1",0.0788507124263144,NA,1.36347779229183,78.5267785030868,0.320569129218348
"MDA-MB-231.1",0.104954123069034,28.9227287800387,0.448803959645788,0,28.9227287800387
"MDA-MB-330",0.185012137362173,2.53854633372995,0.66894936457166,4.64766513346118,2.19404958665674
"MDA-MB-453.1",0.277206245676456,0.528344051943137,1.3113820871081,28.62733013625,0.276343645959472
"MRK-nu-1.1",0.064526586229581,NA,2.79766595088338,58.4954395141876,1.38631079280911
"OCUB-M.1",0.244172422838539,0.774700772615592,1.52901073985052,0,0.774700772615592
"COLO 684",0.336307151614778,0.963762114944889,0.970535756208517,35.2484412913445,0.273995616668329
"AMO1",0.231132245781433,2.15178969879801,1.28205760510828,20.5330890856457,1.42457428295178
"BFTC-905",0.200877067172969,2.67840312503463,1.49021895368272,32.8171162950763,1.30796729265751
"BICR 22",0.182778790178458,2.61041743361267,2.04413736000797,30.0832127712777,1.66398858839008
"Capan-1",0.0687895948927333,NA,3.67934470162306,65.5544078222036,2.52156638543979
"DND-41",0.00910787677628233,13.672806618917,4,0,13.672806618917
"EW-22",0.238536581811256,1.25227680105884,2.70739679769072,34.1696761965639,0.818866452477877
"HPAF-II",0.161708007322584,NA,1.40824043838527,50.1242725369256,1.09757223001965
"IM-9",0.095524648497616,8.82799432101521,1.41298117622951,26.8835190241634,5.11376184203728
"Karpas-422",0.310744660797485,0.88775770003536,1.52690436548676,44.5948142409682,0.206793782684505
"NCI-H3122",0.296900564734216,0.985503307288351,1.50338561231752,42.0257801825075,0.290625599998952
"NCI-H441",0.10821094059079,NA,1.88327774260825,75.1035534867344,0.497540997458492
"NCI-H82",0.0770325962605667,10.1222474846428,1.28780784482028,0,10.1222474846428
"OCI-AML-2",0.0537188243683426,15.4992498638544,4,49.5163696532917,4.86067478479281
"Reh",0.268824234002643,1.61579328584488,1.37957186820876,43.135382038601,0.383087459465052
"SaOS-2",0.219619839982838,4.89358064815638,0.900532121852434,38.751083842406,0.93370225943143
"SBC-3",0.164072529826563,5.91456310171507,0.815970161471656,0,5.91456310171507
"SK-MEL-24",0.138872166309748,NA,4,59.4307600992007,0.940069038188519
"SK-PN-DW",0.202487421277171,3.60239289164644,1.10601841720857,33.0468719903134,1.35486609278682
"SUP-T1",0.111360560809279,16.5562826419058,0.687341858651901,0,16.5562826419058
"WIL2 NS",0.230056331635402,1.69864888301998,1.81533644969414,33.8546675534785,0.911323877979926
"A2780",0.520752301092784,0.204046632859597,0.743130409846638,15.0619431735755,0.125964750235971
"EFM-19",0.312820596963131,0.570159160353599,0.944342537091632,39.2940320030325,0.111481391864258
"HCC202",0.19475588492393,1.12130426784313,2.1538851022436,46.667744619141,0.31887888519869
"HCC70",0.233291946256096,1.17599939368426,1.02306266397776,35.7102748641623,0.345718818324973
"ZR-75-30",0.104872484412472,NA,1.28842428443366,80.1420397719157,0.102397766609517
"MDA-MB-175-VII.1",0.269112899572237,0.68780017954954,1.04360107131572,23.4815522524756,0.374582387486411
"C-33 A",0.198857345627183,2.97839819832311,1.23909891504655,15.8530052733534,2.18938994361247
"CCRF-CEM",0.144625600037797,3.80837798546575,2.15510908197131,34.2565613880778,2.22774425761738
"ECC10",0.161723798271626,7.55934587153362,0.759263403506992,13.2050462434375,5.04748542567197
"NCI-H2795",0.349852322797536,1.13063692916963,0.689448330905776,0,1.13063692916963
"NCI-H3118",0.361780552505787,0.706460021389437,1.01230947476246,26.4177029099021,0.336257866483813
"KP-N-YN",0.180028044684076,NA,3.95238128116101,53.0508283342886,0.707508423935937
"LOX-IMVI",0.243390206885393,2.27351051431826,1.01887847613614,21.1511593955032,1.32519792696524
"MKN45",0.291830285715205,1.52735880268678,0.979962842232494,32.6729438926159,0.517946952906393
"SJNB-14",0.164499821403869,4.26195054433406,1.72763776546929,42.6384286413099,1.40613259006242
"NCI-H1299",0.171593975589378,NA,1.15914747329033,50.0244822830909,0.983623295411223
"NCI-H1651",0.0734892753332608,NA,2.09053925359521,66.964719444591,2.19389284648697
"Ramos.2G6.4C10",0.0273886160207142,9.69635486551703,4,0,9.69635486551703
"SH-4",0.0461514443084035,11.3084029008076,1.83960633031125,0,11.3084029008076
"SNG-M",0.131318715857965,8.69965181939459,0.825237898581007,0,8.69965181939459
"SW1990",0.0861568326287104,NA,1.14483525091169,51.4115182187728,3.75542953049608
"T98G",0.224336045141531,1.94907506510111,1.63320518252825,34.7695546299462,0.941299448988184
"TE-8",0.205327486465321,16.8831459287776,0.640679584225036,40.6919364995172,1.22423707890562
"TK-10",0.174879466462285,NA,1.69053085721186,55.6778002309492,0.658803618353492
"COR-L32",0.294050625325597,1.54375581053289,0.903922158861762,24.455672299465,0.734346282497633
"COLO 680N",0.072404979964316,NA,1.8662097716291,76.1292131226972,1.24391380445666
"EoL-1",0.153370786833932,NA,2.48950536773139,61.7132474314035,0.628796878542652
"LB831-BLC",0.120411655454878,NA,1.4175629104756,54.6268062334355,1.68799366034766
"ONS-76",0.0259528673679161,NA,4,78.2994999951,4.4187827425624
"Panc 10.05",0.270828045446205,NA,1.66093579276038,50.699512259962,0.224434834028304
"SF539",0.260824089058824,4.25896133286465,0.480842401929362,0,4.25896133286465
"SNU-387",0.262952354891014,NA,4,60.7135357703748,0.0982154890726435
"SW1271",0.0913350160782358,NA,4,72.2043808427657,1.03348113849781
"VM-CUB-1",0.119755668463161,7.31700720889344,1.74837193340954,42.3538801561164,2.49967194903915
"EN",0.202033225582666,5.7513739896082,1.17928407942366,44.9402252600144,0.824472248319789
"GR-ST",0.365100888987647,0.649436054279061,1.04025441409239,30.654799456428,0.260674183400571
"KYAE-1",0.244257412717056,0.875304020006179,4,41.239336158304,0.566305365005693
"NCI-H1581",0.113044128877157,NA,2.81130778957276,51.4518753712395,2.00998616287646
"OCUM-1",0.0814220324239436,NA,1.35075820163613,71.3263895417977,1.48371419465291
"RF-48",0.154754743858827,14.3263568854445,1.50094471148924,48.6616021129449,1.28392318724932
"SAS",0.336042436697047,0.803621642599441,1.29279159343967,22.4993839037726,0.506086239259754
"SCC-4",0.14721777764171,NA,4,55.8042081671925,1.00178914780457
"VL51",0.145407064750447,10.0878304369988,0.855530550104959,29.2286235972582,3.61301797896191
"SW900",0.14830637225463,NA,4,56.0832287269251,0.970489301938416
"LS180",0.219876581343102,2.01331543421107,1.71630273707213,38.7151679025901,0.845755144905849
"NCI-N87",0.370351550789003,0.615914166309042,1.04221577253995,38.9883153524411,0.144218497398924
"FU-OV-1",0.173449699507479,25.1081015258597,0.530714905944168,31.0527613947042,4.0340864890261
"EW-3",0.291844994541095,1.10912025179312,1.37501370545196,29.4530519619919,0.580887741977407
"UACC-62",0.238582451300319,1.00312846510776,3.40696932374584,41.6928273369622,0.592319339396335
"WIL2 NS.1",0.255193779588179,1.0339737986391,2.67127521093538,35.4991166173906,0.650528748030986
"A-673",0.195722667467958,2.54907345622879,1.6905575658412,29.2265313460148,1.51614324478675
"VCaP",0.151165210909943,10.0899261912647,0.990656085278526,38.8859586338462,2.21120976157107
"LS123",0.302269727783325,NA,2.68470291698745,51.7869723523115,0.131566760001818
"PSN1",0.112315887139515,NA,1.31829510583384,56.673133352698,1.79738426746057
"CAL-72",0.117760498201335,11.4401622909734,0.784113423544644,0,11.4401622909734
"D283 Med",0.273320491266475,1.9454463986491,0.848835980801682,10.2559634351703,1.48445359261693
"HCC1395",0.250506334723911,NA,1.46582878282848,54.4660683104813,0.222671462472466
"HO-1-N-1",0.243549811295345,2.06297252092059,1.1463991922977,18.2589075413098,1.3878654260604
"Karpas-299",0.0743498002980399,7.55569565911221,2.29026465713426,24.9584140608433,5.58663978426995
"MLMA",0.382695998208634,1.14427144717928,0.535123089083689,30.8916731597166,0.189614922843609
"SNU-16",0.12063800485962,4.66026815828038,2.28002523810274,28.4480658634824,3.22190543884909
"PCI-30",0.103588723987343,12.2037302243432,0.851926069540249,0,12.2037302243432
"RCM-1 [Human rectum adenocarcinoma]",0.12326828456258,NA,4,66.9665782983597,0.759629842265153
"SK-N-AS",0.128878575879481,11.9148978952162,0.703859177493581,0,11.9148978952162
"SW1116",0.039787425756257,NA,3.88424620417424,81.0662965935921,2.34436166700221
"SW1417",0.156245179610256,NA,4,68.651328779476,0.319802231914891
"VMRC-RCZ",0.0828718451342966,NA,1.68750113064813,78.4179225446494,0.709388655202273
"AU565.3",0.251941630147153,3.64114621932389,0.754962782935798,44.9231287019802,0.175973107964993
"BT-474.3",0.275290938489319,3.93364804407571,0.713639914962821,45.96393456187,0.115662938651805
"CAL-85-1.3",0.256766131940672,1.27382153972364,0.595009562716645,0,1.27382153972364
"HCC1937.4",0.18302263363867,NA,1.30810075713322,56.9567552122275,0.212494898191724
"MFM-223.6",0.241060918477189,0.929062772137514,1.18753407742581,38.1556685231198,0.276285107905626
"MDA-MB-415",0.288508377797651,0.572061096931422,1.10772692288562,9.96871605011741,0.468018964492211
"A-375.12",0.170621412517864,2.67238891855009,3.70108019667792,48.6467672968565,1.00773956695326
"A-375.13",0.183856306511669,3.33090402037381,1.39751154988814,30.0925031675983,1.72334593151185
"A-549.8",0.28902131334096,1.83376093298849,0.753637280859456,0,1.83376093298849
"A-549.9",0.24657814937419,1.55614613004494,2.2507639046027,16.7707683291619,1.29780848352672
"A-549.10",0.266642336067512,0.967903298075346,3.47024825586372,28.6130295102387,0.757794026263522
"HCT 15.12",0.235327583538112,1.68366164980047,1.77927273177255,27.3088542971409,1.07997969878046
"HCT 15.13",0.219968193648208,1.28279378775456,4,35.8850907407223,0.935047922494296
"HCT 15.14",0.294517069552743,1.20011938211373,1.19732928033293,29.1524295116374,0.577993297209678
"HT-29.12",0.277643292418781,1.08744512288674,1.64970600289349,35.3856740760998,0.515937864065151
"HT-29.13",0.296008970548305,1.63906853140186,0.873748656020131,30.5898597702576,0.554979918227647
"HT-29.14",0.371086650380479,0.97846301142803,0.622296697736935,15.4503409001249,0.540239944441924
"PC-14.13",0.2253996870171,3.10082175778226,0.986493722268988,30.9479676484862,1.16603370776149
"PC-14.14",0.231225838175379,2.67440847153872,0.946043718156462,13.9098411749474,1.89483606263362
"PC-14.15",0.199624648844783,3.30404654022386,1.26363354487692,35.3742874334914,1.24902646395222
"SNU-C2B.12",0.196897452622458,21.9421420683148,0.36895132438996,0,21.9421420683148
"SNU-C2B.13",0.16374194183065,11.5595085064819,0.858467317855308,38.7805262683328,2.02742018102895
"SNU-C2B.14",0.132683783149586,23.927209143681,1.16089317449408,47.2153174985674,1.98848311786984
"SW620.12",0.122520623070852,NA,3.67271313134981,61.5342638135202,1.10803357358529
"SW620.13",0.198817113374415,28.3545602832171,0.339851199138609,0,28.3545602832171
"SW620.14",0.166656549151043,29.4919448307015,0.399580894665102,0,29.4919448307015
"U2OS.12",0.16609835962197,16.7477756074661,0.478603953117175,0,16.7477756074661
"U2OS.13",0.139143035802175,79.6481060591685,1.22407603026012,49.5774026735779,1.61293868110791
"U2OS.14",0.161883944452467,NA,1.11912792740579,60.8690193858354,0.590185878897089
"EFM-19.1",0.364498658686945,0.907686432689239,0.746648304833726,28.9840350592856,0.284307699710069
"IST-MEL1",0.222503808438094,4.9782845901003,0.577307097691244,0,4.9782845901003
"IST-SL2",0.192462117414503,1.58208411987375,4,44.1990158842925,0.923341784395124
"NCI-H810",0.00308326308593711,18.3125588063496,4,0,18.3125588063496
"SW1088",0.354542526190901,0.777582309502019,0.974823608578988,27.7118037407323,0.33946019728016
"SW1116.1",0.0957461026698839,1895.59563287936,0.271442001922366,0,1895.59563287936
"SW837",0.103863312831437,NA,0.890727840980425,64.5945813379875,1.58958374478709
"TC-YIK",0.230756358703985,1.11981299465261,3.5717439931568,39.0251577662141,0.732422548529209
"TE-9",0.104639447614458,NA,2.37500875519717,56.0605537404375,1.9468567730164
"YAPC",0.185119477378772,NA,1.4258676162329,55.775733052674,0.56014307373949
"HCC1395.1",0.26736023387781,1.43439540261095,1.01815483443476,45.5382489855685,0.133634112903185
"HCC2218",0.124695617538434,NA,0.475161334645082,69.9424100562802,0.300984163560159
"MDA-MB-415.1",0.20719969994158,0.987717513484894,1.4667552981137,27.5159103889107,0.572784925434521
"MDA-MB-468.1",0.116733028867552,4.78400310857503,0.769302509297797,0,4.78400310857503
"CGTH-W-1",0.0991271501555127,NA,4,71.4327580780254,0.910121192210899
"EB2",0.22868884303455,3.68752654888196,1.68239891566847,48.4478601433508,0.468136756550678
"NCI-H1755",0.338468724410434,2.11064973955648,0.407250847322315,0,2.11064973955648
"RPMI-6666",0.369072697535554,0.82893908187418,0.780464195103219,30.9651994945458,0.240504019214988
"SK-GT-4",0.29458033298881,1.56707369242575,0.875131912351104,20.5991217826379,0.8542307529242
"ST486",0.108893759505334,NA,1.79226280608955,57.777939206472,1.72373835325448
"SU-DHL-6",0.744956307602754,0.0551007717742328,1.6434437465122,0.495777492595536,0.0547676786137474
"WSU-NHL",0.700451937065417,0.0518162234382725,0.793523143006202,4.62890930203706,0.0458455108471331
"YH-13",0.367304392215572,0.836199657216564,0.832398695878892,11.9113266855414,0.603033957412799
"A-375.14",0.119692044622515,NA,1.46193623027953,54.1521627198975,1.73291966392231
"A-549.11",0.378662434340473,0.835377906098269,0.735602865326784,4.85647084452721,0.727041161649883
"A-549.12",0.366944518616763,0.918616087602453,0.781865484679141,0,0.918616087602453
"A-549.13",0.338082220196242,0.996657946713848,1.03168681997558,7.89644871854234,0.843699259217467
"C32 [Human melanoma].12",0.0854580738563231,NA,1.9095026189319,64.5368139213409,1.93549148553021
"C32 [Human melanoma].13",0.111400337881791,NA,4,64.9182790504714,1.11545927380569
"C32 [Human melanoma].14",0.109453558393482,NA,1.63561773157931,71.1056595312315,0.736432312865225
"HT-29.15",0.359584587290455,0.867845886407397,0.815810100879269,25.8696275786407,0.355303859220991
"HT-29.16",0.256128016489614,2.10759785381284,0.961365572557219,20.7348176986112,1.20731534215108
"HT-29.17",0.327042024417863,0.723450576481828,1.47637415919727,31.8271019879473,0.364492897427586
"MFM-223.7",0.182430567534508,5.36819347206055,0.995059104912146,33.503339854611,1.76142015489599
"MFM-223.8",0.185261107915523,7.21283499790654,0.946965405944085,39.4768118461087,1.39116300649184
"MFM-223.9",0.189299328002817,3.45027692950263,1.28857295278207,31.9246888043685,1.56649383234866
"MHH-ES-1.13",0.0859975985309008,10.9343365977606,1.78545977691045,41.7713734876575,3.98006347434963
"MHH-ES-1.14",0.139928953785597,10.906400197884,0.678190935183959,0,10.906400197884
"MHH-ES-1.15",0.0822294284576133,10.4852556249954,1.17167239804402,0,10.4852556249954
"PC-14.16",0.185656900389542,4.89261120469765,0.782703026430964,0,4.89261120469765
"PC-14.17",0.213162647934547,4.83352603776002,0.633696041843283,1.12496415093316,4.66303194632727
"PC-14.18",0.172686782904849,3.46464201797169,1.55506921103384,31.1989599293514,1.84711902015263
"SNU-C2B.15",0.133405591943205,11.6697506454303,0.687722647233466,0,11.6697506454303
"SNU-C2B.16",0.18106115592315,20.7860711812288,0.409106937602267,0,20.7860711812288
"SNU-C2B.17",0.124776187149307,33.8967070554832,0.487700684343604,0,33.8967070554832
"SW620.15",0.102188210007965,NA,1.05782054941539,59.6116439827586,2.03984608062897
"SW620.16",0.135305656347727,177.054874807902,0.428725309084166,34.2924733008012,11.8900561123711
"SW620.17",0.126439651314063,NA,1.8976981957179,65.6022907431028,0.79275460328957
"U2OS.15",0.168233528691411,24.3186844805213,0.418905897783177,0,24.3186844805213
"U2OS.16",0.174951949595877,67.2399417756466,0.312289879896941,0,67.2399417756466
"U2OS.17",0.201198200813327,85.7499767798934,0.260213874198434,0,85.7499767798934
"A-375.15",0.179832666142329,8.08005766287359,1.13655945694439,44.6291803494382,1.13475855006008
"A-375.16",0.171681947139802,NA,1.29569227916113,54.7610806811985,0.744222448696918
"EW-24",0.267026161070307,3.21990700410527,0.546837559309318,0,3.21990700410527
"COR-L88",0.0478467791596959,NA,4,83.2387962016215,1.39226429463553
"Capan-2",0.181582403069395,NA,0.791388484967026,67.6559644184858,0.194845210418865
"SK-OV-3",0.234787964087798,19.1048026553032,0.505534549575784,38.6321909578532,1.02009713224719
"WM115",0.194586168320429,NA,3.79436839059587,50.1537724518035,0.67448874160802
"YT",0.328819130439824,0.483859480997119,4,30.3827040473383,0.382945120578155
"VMRC-LCD",0.114528320940777,588.365126314255,0.28815799296679,0,588.365126314255
"UM-UC-3",0.202114213413873,3.46496947795489,1.14126625071954,32.8108071410701,1.35951374978979
"KNS-62",0.121823898350538,15.5723912397064,0.654317406865448,0,15.5723912397064
"HCC70.1",0.315783966525752,1.07219430422922,1.06519566256127,26.6798363319012,0.523972681999851
"CAMA-1.1",0.274821987930986,1.21082669796289,2.29236201164267,17.5350087221925,1.00291645435608
"TGBC1TKB",0.250243902985248,1.71501529548704,1.40554387394839,20.0149639797088,1.19199784423812
"OE33",0.313340950927851,2.68739659177101,0.427649278208142,0,2.68739659177101
"NCI-H2342",0.172856374658757,NA,0.549775727905165,59.4199906290136,0.634022335426091
"KYM-1",0.237577046525036,2.96871710865318,0.75607622316742,0,2.96871710865318
"MV4-11",0.301730752515912,1.25766733376849,1.87364663669328,0,1.25766733376849
"NCI-H1648",0.442632456226305,0.393497930742805,1.10922883416328,12.4258382698251,0.304144746564846
"NCI-H211",0.156500385655275,10.2380759919081,0.955205203154643,39.0902085299777,2.07998253034634
"Panc 02.03",0.298453564381834,2.08074949051586,0.935020039690472,42.4632768059605,0.274992966980711
"SK-MEL-2",0,NA,0.186650812919081,100,0.0390959364132423
"SK-MM-2",0.102461689758419,NA,4,74.4480061463168,0.626779260136979
"U-698-M",0.255198806638673,1.23146873566663,2.14457367781969,30.4333516927615,0.795116172559187
"NCI-H2085",0.208859183858697,3.12196972478224,1.17629141082996,33.3106476476461,1.22833279098129
"SNU-449",0.155268051008268,7.78149649255832,0.728027611164686,0,7.78149649255832
"SK-MEL-1",0,NA,0,100,6.39838058189922
"HT-1376",0.0913057188852494,NA,1.04041277134248,86.9780699666446,0.0703937965130316
"MDA-MB-415.2",0.407565233862536,0.60328733425104,0.917350261324606,5.42146721105965,0.532340121644439
"NCI-H2066",0.22399238242994,6.21165136861429,0.506095933300549,0,6.21165136861429
"SK-CO-1",0.317116809544241,0.871884190164544,1.33190652100262,30.6668510466685,0.427195523333837
"SW1463",0.233471861828981,6.05697504854005,0.536480667710487,16.5222048038622,2.86762560849509
"COR-L105",0.432027103688608,0.559490279416284,0.681704461330987,0,0.559490279416284
"EW-11",0.349253338777686,1.06761654093861,0.776024923858908,0,1.06761654093861
"SW48",0.35336153777262,0.425127069553494,1.82504036178157,38.066967208993,0.193902892728789
"ZR-75-30.1",0.150909808538061,NA,0.804567649294697,75.3117291288849,0.131406426096927
"AU565.4",0.271990935909798,0.82695700425914,0.920792718245628,33.3427609358135,0.250641209430323
"BT-474.4",0.177621180197557,NA,1.00944543602577,55.1915076717243,0.269254733174645
"CAL-85-1.4",0.204071091012186,1.99353541621936,0.659279198904526,0,1.99353541621936
"MFM-223.10",0.176616499276438,2.21007377071704,0.766565597086312,0,2.21007377071704
"HCC1937.5",0.162187332746151,NA,1.01416573505617,59.3459836891807,0.26396698325744
"ME-180",0.243981935434777,2.68933898166484,1.03124330695936,37.149740871634,0.720218484658637
"MSTO-211H",0.248782765467062,84.0707842303118,0.205425897296852,0,84.0707842303118
"NCI-H835",0.191656501598835,3.35730526559544,1.12846960454442,8.15236033435729,2.86742345854876
"SW872",0.178534834228319,8.17280792255995,0.59788116404513,0,8.17280792255995
"UACC-812",0.294307390004807,0.473411714851815,1.28122106613229,21.4354297574866,0.305819453081645
"HCC78",0.396181328927299,1.05510761588752,0.403903624610599,0,1.05510761588752
"HuCC-T1",0.311963142404764,2.79463418527132,0.42176135210236,0,2.79463418527132
"Ca Ski",0.250852634800021,1.7892864914763,1.26703632966204,29.614588016694,0.88135486748192
"CCK-81",0.194323624926397,3.3761976404615,2.20034865728497,48.165456200797,0.751722674570409
"COR-L88.1",0.00572979291962012,15.5387804414518,4,0,15.5387804414518
"CS-1 [Human chondrosarcoma]",0.208613701696742,6.51832932784948,0.547344801629224,0,6.51832932784948
"G-292 clone A141B1",0.315615344872161,3.1336113213015,0.481377870587289,26.6785245794292,0.642674548925307
"K-562",0.0365169517027261,NA,4,89.6655699937325,0.871023825494344
"KYSE-270",0.244078957830492,2.35885482199239,1.1130717676048,36.2285700766681,0.74062286284836
"NCI-H524",0.0636255982202137,NA,2.50775815334756,65.5540843285791,2.83869079177672
"U266B1",0.0277670323031098,NA,1.71138040960835,58.8414470680693,8.90320507966874
"Ca9-22",0.199234020619756,2.4617891772464,1.73841368025402,21.4662910663248,1.78285626623751
"CAL-148.1",0.289718408979878,1.01075471132017,2.98900594634081,18.0514985255985,0.870096547826814
"SJNB-12",0.351516699461095,0.965679882642065,0.805848414785874,29.2623046548188,0.323995240419773
"SHP-77",0.0671744575760283,8.7638233077334,1.75837193548073,0,8.7638233077334
"SK-N-SH",0.238768878581851,4.89188871713266,0.5194437582752,0,4.89188871713266
"T84",0.266808522959182,49.7584365160714,0.207672415549085,0,49.7584365160714
"KYSE-70",0.124163893502343,NA,4,65.1991501413383,0.850618969195049
"Hs 766T",0.206750479627478,NA,2.95607107431762,53.5894206764347,0.460969876884404
"SJSA-1",0.170057954949038,2.20069932853471,4,46.9777663425409,1.09118960300205
"MKN7",0.148395072091539,59.2955863524537,0.368820265706695,0,59.2955863524537
"KYSE-450",0.25814573172759,1.25833561735486,1.89411289145171,31.3327864129336,0.747981740143284
"BT-549",0.200368235542906,10.4244555685495,0.466072519162313,0,10.4244555685495
"MFH-ino",0.168599332263363,16.1750308646766,0.535275566914641,17.6570232213521,7.16804911609527
"HSC-39",0.358970214392761,0.652760562211145,3.69448926981079,11.4268653421295,0.608489453966166
"NCI-H1703",0.354330550971832,0.831059866133572,0.950610703552555,37.9283832729552,0.186363421098923
"SW1783",0.260578222614891,1.21568380928419,1.80311467991372,37.0917414907609,0.573669133920181
"KGN",0.298014810512636,1.21602487176848,1.1295386862446,29.6820199221845,0.547903694543376
"MeWo.1",0.199896000486784,17.1642012317106,0.391234392026565,0,17.1642012317106
"8305C",0.350163203855143,3.28011344952941,0.284648141669904,0,3.28011344952941
"KYSE-70.1",0.112698593738852,NA,1.57975791310533,56.4480422933466,1.73981290945197
"SHP-77.1",0.0953024145827347,NA,2.29483203157936,56.6474366669283,2.22050115787752
"SKG-IIIa",0.245621565697103,3.08299318270098,0.791778414940875,25.8438445476006,1.23011020033648
"SK-N-FI",0.196579571049279,35.7335988541528,0.323854698839261,0,35.7335988541528
"NCI-H64",0.258474605094097,2.3021439435966,0.879010856198821,24.3842937176002,1.07569387400011
"NCI-H526",0.0528474453487862,NA,4,86.3871410128493,0.684604783669813
"TGBC11TKB",0.141877339434317,61.3518780033539,1.06617993996699,48.9323722089491,1.66330596250441
"Fu97",0.386854060836133,0.665522448794666,0.824322849439513,37.1883350251493,0.127575861407295
"Hs 578T",0.276753797493105,1.78190043018982,1.02251606778466,35.3504202495783,0.536387417479924
"MeWo.2",0.209481462411718,NA,1.30987588763216,55.1669715776627,0.398611965614267
"A-549.14",0.277307248919834,1.2267673478296,1.58716896356476,24.1006630350777,0.81052779662278
"A-549.15",0.295795432676496,1.24704238162399,1.18807010911646,19.0537166238575,0.832727850973202
"A-549.16",0.358984576282332,1.08495864414104,0.644506236976431,0,1.08495864414104
"C32 [Human melanoma].15",0.0870744713461954,NA,1.64594582065726,69.511979081087,1.42444872033805
"C32 [Human melanoma].16",0.101990830810675,30.2920500688386,0.584356935136818,0,30.2920500688386
"C32 [Human melanoma].17",0.12832437712506,NA,0.677903686516283,58.247194479646,1.6824446107084
"HCT 15.15",0.306272362590512,0.996291130870604,1.27836353541694,35.9042935194286,0.370032705775466
"HCT 15.16",0.253042119900068,0.97761878327354,2.70849776867121,40.5947143029808,0.52756100913602
"HCT 15.17",0.292631686847014,2.22402482786752,0.623452455630135,13.3405637999077,1.3519155788848
"HT-29.18",0.267998475304613,2.21963114956856,0.852258322635807,27.3968550647489,0.874394281221183
"HT-29.19",0.286311134647996,1.39463821836092,1.25884635806818,41.5311656289592,0.340313959988658
"HT-29.20",0.188816325626791,2.95568306605475,2.86510545714396,48.9038142865547,0.779097149826567
"MHH-ES-1.16",0.202584420534034,4.29736767741595,0.842649258603016,20.4615601754641,2.30110315789279
"MHH-ES-1.17",0.193875491362019,5.02669887517348,0.714812291877895,0,5.02669887517348
"MHH-ES-1.18",0.167195187619713,4.88586404560524,0.935277388521378,0,4.88586404560524
"PC-14.19",0.152092921440605,3.81437593999262,1.92148808272412,35.2251459738498,2.0224765981312
"PC-14.20",0.212272763428561,3.10328224143259,1.08652205978783,28.8324536936971,1.40685202951624
"PC-14.21",0.204930178951675,6.63415316520304,0.556066751358039,0,6.63415316520304
"SNU-C2B.18",0.207898421766614,9.9864214637939,0.453076984092006,0,9.9864214637939
"SNU-C2B.19",0.190531079236587,11.0290033058573,0.483669675540407,0,11.0290033058573
"SNU-C2B.20",0.141618796419685,13.9173047598046,0.682727536844991,20.0952486636791,6.5552234678227
"SW620.18",0.145635625934982,10.8234830664176,1.00089013167771,39.1331375549497,2.35554128558931
"SW620.19",0.126868331530741,NA,1.59979735031034,54.9084491086968,1.47331060811345
"SW620.20",0.12363515205592,NA,2.12882473193832,59.3668650138347,1.22909695809671
"U2OS.18",0.161352964462766,192.38496472136,0.36986374715261,33.2041981432488,10.0749282131886
"U2OS.19",0.185125272193318,NA,0.287975062589077,57.9177020685931,0.782953888308969
"MFM-223.11",0.139565773382288,4.7006673049064,2.00018680995617,41.0861325319332,1.98491800487697
"A-375.17",0.197194567902977,2.97741076120529,1.37410368380618,32.1010581959028,1.40980720502776
"A-375.18",0.158686973433936,2.78302979170575,2.97333468391075,41.1112393152662,1.55679885057543
"A-375.19",0.180771835980775,3.64186031084541,1.36905965391256,33.5276311834071,1.61845467205382
"Mono-Mac-6",0.384386406155073,0.737233931159243,1.06153695269392,0,0.737233931159243
"NTERA-2",0.240313683089342,2.61720919890048,0.886674647877156,16.0430016557918,1.69168907750372
"NTERA-2.1",0.222196234195814,2.67092226319276,1.0712096802167,19.3874541843192,1.68948663034774
"UACC-812.1",0.221951773973419,5.0668308501579,0.781005551092442,33.7929763318077,1.19750949714103
"UACC-812.2",0.238617182411997,4.72176557806727,0.775792569712846,36.895775101064,0.840374312368075
"A101D.1",0.198228942267068,1.6316175070535,0.815768067769579,0,1.6316175070535
"A3/Kawakami.3",0.0727354176739237,3.59348193138705,1.55203695277099,0,3.59348193138705
"ARH-77.1",0.405380028772137,0.223980261158888,0.84035099149831,18.3646946254481,0.129910525915885
"AsPC-1.1",0.174429307397867,7.87281233024862,0.850847186015677,44.9184084868754,0.535911127389394
"BALL-1.1",0.278706676033413,0.85862419156055,0.699357041970521,0,0.85862419156055
"BB49-HNC.1",0.434656816787943,0.164253402468619,1.27320155093671,11.8718376429987,0.132755126229475
"SK-N-BE(2)-M17.1",0.22938869377803,1.58638147184138,0.6361863262606,0,1.58638147184138
"BT-474.5",0.227382334170149,2.95448328922161,0.456345861030151,0,2.95448328922161
"CA46.1",0.352676294155271,0.494183610009422,0.58482644616586,6.40533478916862,0.390918362971057
"CAL-51.2",0.143141443393796,2.13547599991869,1.16389383593103,9.97177316718494,1.76398259791192
"DBTRG-05MG.1",0.0615246543434493,NA,2.49504190400611,81.8848133525675,0.383482359167296
"DG-75.1",0.1828643280097,4.12710020393815,0.521366583149747,0,4.12710020393815
"DMS 53.1",0.274400403711579,3.86332441612682,0.308911046791369,0,3.86332441612682
"EC-GI-10.1",0.239013472130365,0.915499419971821,1.04691428128096,10.0248911108874,0.739320190078041
"ESO-51.1",0.157342453750271,2.20272486989286,1.10685621346578,26.9802693993131,1.09297943563744
"NCI-H2591.1",0.107090661204955,876.100738631567,0.250723238491337,0,876.100738631567
"HSC-3.1",0.189292150635675,1.72647958802907,0.843758822294872,0,1.72647958802907
"HuO-3N1.1",0.146711642453999,22.1630201780205,1.42184829600802,49.7358722645652,0.554731155898612
"IGR-1.1",0.0367237667896253,NA,2.3337116726492,82.2943831588219,0.96952468940665
"IM95.1",0.135223520596424,9.97589179941724,1.47499263955756,49.0697572881008,0.669593370216211
"SiMa.1",0.147923369756171,2.53149776750755,0.89653707335122,0,2.53149776750755
"HEY.1",0.13969104315292,3.75445199666943,0.736124599676695,0,3.75445199666943
"697.1",0.423531887582485,0.143511218192396,1.05571152556405,28.411413727495,0.0647721404079906
"A-375.20",0.119306385670756,3.12435267044946,0.998426688390304,0,3.12435267044946
"A-375.21",0.0910657436556891,3.25709853536522,1.33461647773688,0,3.25709853536522
"A-375.22",0.118672714272001,4.70707381435977,0.766486701243553,0,4.70707381435977
"A-549.17",0.242958316528908,0.74001146036156,1.41500940086528,17.0166443589775,0.551510345615575
"A-549.18",0.253147748306599,0.458639715412856,2.223783290771,36.6883598679708,0.252941983463152
"A-549.19",0.276393431339264,0.763708554198837,0.835046131609486,0,0.763708554198837
"C32 [Human melanoma].18",0.048605709572037,7.19986520423021,1.1970191282665,0,7.19986520423021
"C32 [Human melanoma].19",0.0783877644367016,9.24661199690443,0.772736355291777,0,9.24661199690443
"C32 [Human melanoma].20",0.103322104987103,8.64887632343187,0.653093505337433,0,8.64887632343187
"MFM-223.12",0.125350256324924,2.8501034072751,1.01469435686245,0,2.8501034072751
"MHH-ES-1.19",0.143965251170505,5.66331062130015,0.585604221493538,0,5.66331062130015
"MHH-ES-1.20",0.152844784219763,4.51206069509493,0.609440371871343,0,4.51206069509493
"MHH-ES-1.21",0.15140552794094,12.2829704286303,0.601301380244637,35.0516788797008,1.64904405178905
"PC-14.22",0.165167585302368,4.60326646739259,0.556811988689322,0,4.60326646739259
"PC-14.23",0.159304178806861,4.5037892462648,0.584112631345943,0,4.5037892462648
"PC-14.24",0.164517439145222,4.14205429241093,0.586098774394702,0,4.14205429241093
"SW620.21",0.16627811090531,NA,0.490351516271931,52.9429061792907,0.569657148021415
"SW620.22",0.155707342925106,17.6012028441496,0.381260374129959,0,17.6012028441496
"SW620.23",0.138729985155236,8.72873470182145,0.59888286735847,22.278726390282,3.26006964060962
"SNU-C2B.21",0.208081526378694,29.332096559566,0.259517996308286,0,29.332096559566
"SNU-C2B.22",0.184118626411166,9.1795251421916,0.390391512811744,0,9.1795251421916
"SNU-C2B.23",0.170905991574218,12.9327049547176,0.380709799448215,0,12.9327049547176
"U2OS.20",0.213510588606002,11.0478063073429,0.316630999522917,0,11.0478063073429
"U2OS.21",0.220985755403706,6.62350761448363,0.351994115108639,0,6.62350761448363
"HCT 15.18",0.148284433421989,3.69779834953871,0.69535213259809,0,3.69779834953871
"HCT 15.19",0.174752583976416,1.28842196218247,1.69958057816805,33.8416107103853,0.662849873350513
"HT-29.21",0.19086494574755,1.95473303183953,0.838070287814651,19.2881687691227,1.0927629165401
"HT-29.22",0.0383396320380757,3.41407025953345,4,0,3.41407025953345
"HT-29.23",0.255804253106632,1.0595884777444,0.732144077214186,9.30825012681188,0.799729641723886
"NCI-H727",0.152951770996042,3.4614373671985,2.43798191667267,42.2026750131918,1.61523234693037
"NCI-H2009",0.198482396441996,1.8268839258685,2.76395634626433,39.2725889659742,1.0467826746016
"786-O.1",0.160774646288933,2.04695801657138,1.08372089235808,21.9253689865593,1.20175782509171
"ALL-PO.1",0.211600451144395,2.85892806062996,0.512469032666204,0,2.85892806062996
"ASH-3.1",0.176643533433389,2.35588562525126,0.877121857949375,25.3167438318934,1.05351045879322
"ATN-1.1",0.310045778725789,0.545421473390802,0.883348440918278,28.5437053964674,0.209313634433352
"BICR 10.1",0.276004001590226,0.877180068299625,0.780892935637019,24.1009327433052,0.377784052163261
"CAL-27.1",0.183147753697138,2.5488275142375,0.664303632244664,0,2.5488275142375
"CAS-1.1",0.214568320643421,NA,1.0933112852171,58.0416633330778,0.116525296735584
"CHSA8926.1",0.329592939804642,0.619162466726403,0.588761616519694,5.2185441352923,0.513446644923606
"CTV-1.1",0.162154203872443,3.43619527088156,0.653553488369802,0,3.43619527088156
"EJM.1",0.135323366618023,4.83188593764827,0.811484329387782,26.5063068425936,1.90500463777704
"ES-2.1",0.180710767919226,23.5789338474943,0.312194075430205,0,23.5789338474943
"FaDu.1",0.189531805875289,5.88757222497919,0.436752839882543,0,5.88757222497919
"GOTO.1",0.0687206651808168,NA,2.64024890197332,61.4644338548698,1.18467640818968
"H9.1",0.0498230694303619,NA,4,70.7713657183776,1.23509994139275
"HeLa.1",0.0918277949735885,NA,4,83.1852075685903,0.0920121323014117
"HuH-1.1",0.152633147128026,16.3169523675622,0.395238878631833,0,16.3169523675622
"J82.1",0.0970761773015568,13.0081430955953,0.868633873610651,38.7765585485137,2.32940344546479
"KMS-12-BM.1",0.325463247606912,0.451166506560379,0.899383783464677,25.5664555191112,0.203499266380663
"MDST8.1",0.14832009430405,1.52199103382589,2.08509181586267,36.7387641839706,0.805341611239092
"NCI-H720.1",0.232685067845204,0.763254142034358,1.50013329323105,25.7934626297375,0.470611940415901
"SNU-407.1",0.266259637354736,0.708784478228738,1.39820143375255,44.5330213175292,0.145560461167737
"Jiyoye.1",0.225992915007101,1.2167997363646,0.834656686819796,1.95906499634801,1.15990352923061
"BT-20.2",0.163916425917928,3.31909243511716,0.657468472921741,0,3.31909243511716
"CL-40.1",0.113710379349081,6.70732098564462,0.671873896347005,0,6.70732098564462
"COLO 792.1",0.20223017341741,4.23488349698519,0.458041102441251,0,4.23488349698519
"HCC1419.2",0.1015038304627,NA,0.00289943472400422,79.7744951229348,0.00971453190480701
"HCC1428.2",0.0738550477546065,NA,0.696120212927084,90.7989831836908,0.0079787451224705
"HCC1937.6",0.143012997430734,10.2734852095599,0.475902449858177,0,10.2734852095599
"HCC2998.1",0.168731047689338,3.74623688654754,0.778314805633559,31.0249737551978,1.0788371047536
"HuP-T3.1",0.107708193737782,262.525802264422,0.760027279762665,48.9919428201235,1.54294685272335
"IGROV-1.1",0.447621923012484,0.123746846790255,1.51242737091327,17.8762510129479,0.0923614687574843
"KLE.1",0.241888082723036,2.89825897549016,0.69854353881578,40.2316585243233,0.279868935737713
"KY821.1",0.215040082722034,1.60428991681061,0.710632307639723,0,1.60428991681061
"KYSE-150.1",0.213535397179937,1.46069624992033,0.781188395639663,0,1.46069624992033
"MCF-7.1",0.208658592360816,NA,3.91240650852801,57.6497369457084,0.13307024484882
"SNU-C5.1",0.209256524505665,1.80828082384688,0.998312022386214,38.3634443857702,0.419807100015335
"G-401.1",0.196593939658514,NA,0.671177606850626,61.2990367132945,0.118303550683991
"HT-1080.1",0.0205888111377549,NA,4,75.8052293894684,2.27856025392101
"SAT [Human HNSCC].1",0.201546120411444,2.10056038964749,0.924990853912313,36.3493361739801,0.516176326155266
"COLO 205.1",0.134309168914367,1.92303910836973,1.66331090819975,26.0454987118962,1.2355249948974
"42-MG-BA.1",0.230418956353069,1.1365132117476,1.01843048300838,31.5887369310618,0.426128015550901
"MDA-MB-175-VII.2",0.399086166360981,0.57597027542426,1.04886555508758,12.1155616827559,0.442084527556973
"NCC-IT",0.213289608565662,2.79498484846809,1.16406385081427,25.879200980689,1.49423835296614
"NCI-H1869",0.133597800355552,NA,4,65.4085264010319,0.694133381743148
"NCI-H69",0.337229083488583,1.21080473111894,0.729967878411451,4.98051420157587,1.04869072096888
"NCI-H847",0.307918020069228,1.65872941847709,0.685470849964129,0,1.65872941847709
"MDA-MB-175-VII.3",0.373409332309539,0.74846081545057,1.01106440904677,8.57928416465319,0.62131424024879
"NCI-H69.1",0.295772426687801,0.978998433872028,1.66202026305199,26.8067617430493,0.616676273195736
"NCI-H847.1",0.253229242137174,1.78989758154699,1.2245918839574,24.3945177849397,1.03632119680439
"BPH-1.1",0.331960462628024,0.440189267053589,0.9912283425785,2.31267437861659,0.419653073827389
"CHP-212.1",0.236595581314248,1.43038886503769,0.647938410492334,0,1.43038886503769
"COR-L23.1",0.217491199614533,2.06669281087802,0.585490336078877,0,2.06669281087802
"ES4.1",0.219529939813592,1.18923929414804,1.09560253999815,32.459715475994,0.457123422721312
"HCC1954.3",0.22005128146368,0.971585309427221,1.25460443232097,22.5412582449315,0.602578535321657
"HOP-92.1",0.179554448473853,NA,0.729712732786166,53.7631720737496,0.316112511048653
"KMS-12-BM.2",0.293088048270047,0.637738233451208,0.867069221776283,16.5793446889657,0.400742103846179
"LC-1/sq.1",0.144930277812142,3.90379989392371,0.692390672216989,0,3.90379989392371
"LS411N.1",0.13288475561024,2.23891895537647,1.74064141127864,39.4196510167327,0.917391615901984
"NB(TU)1.1",0.235332529452476,1.71816638313322,0.575531925080269,0,1.71816638313322
"NCI-H1341.1",0.236545032003159,3.2785726758024,0.412582913954525,0,3.2785726758024
"NCI-H747.1",0.178935388958294,NA,1.46463624122571,56.2334702020569,0.239695206756469
"P12-Ichikawa.3",0.153566833692558,4.34703425193406,0.617040992122455,0,4.34703425193406
"WSU-DLCL2",0.47836557012731,0.367776700058695,1.57493065986397,0,0.367776700058695
"Hs 633.T",0.220583490903151,1.7349751449436,2.88799819962647,22.0181090625692,1.41906863866638
"ES1",0.34616380587214,0.741912160067178,1.24160239683986,23.185499980693,0.44916724689142
"MOG-G-CCM",0.212188019997652,2.75852068785861,2.02899153746815,47.6707793509511,0.608570752545866
"MOG-G-UVW",0.255331825738862,1.30032074474301,2.2255475712319,25.1693793381332,0.949429646846345
"OC 314",0.277743586953182,1.18637518688314,1.48026181506425,35.92689794583,0.503818634636016
"ES1.1",0.366865471224056,0.783419997612477,0.945560883813633,12.6886203058349,0.574839670021083
"Hs 633.T.1",0.195772138758063,2.42050678703217,2.03649170745342,19.1034111589163,1.91095133818471
"MOG-G-CCM.1",0.229345660216196,6.40557778660168,0.481290988215281,0,6.40557778660168
"MOG-G-UVW.1",0.260809386407205,1.46625413205709,1.71248493217777,17.6852160393773,1.13634759246118
"OC 314.1",0.329276751446922,1.39994806940859,0.675600308095011,16.3012633343392,0.780685630005621
"WSU-DLCL2.1",0.436033653575096,0.492116398196232,2.55607766745089,0,0.492116398196232
"A-172.1",0.164459696925434,2.18085425782789,1.04156228762773,26.7393874109349,1.04601946866381
"CADO-ES1.1",0.0949240573605907,NA,0.564353338969836,73.4594005188079,0.481839398731774
"COLO 678.2",0.1209689587397,122041.011616921,0.146254761675411,0,122041.011616921
"Daoy.1",0.164271127586992,2.99211417630501,0.777868474317965,18.1050423191173,1.67870475955223
"Daudi.1",0.184543077045935,2.24375007193957,0.910177280212322,30.6261495692239,0.791745530378715
"DG-75.2",0.250191677657522,3.38861230234525,0.374904356837994,0,3.38861230234525
"EBC-1.1",0.182681004457192,1.45353313520588,1.27215357449484,28.742440993823,0.742052362758618
"EJM.2",0.205145232793128,2.99494064150477,0.701640906754658,32.3031040701864,0.68156199741975
"EM-2.1",0.18257196088965,9.4314008509944,0.390580635178976,0,9.4314008509944
"Evsa-T.2",0.2807092460081,0.604695246153965,1.15110123357943,10.2538216812057,0.495388458050831
"G-402.1",0.264009503651652,1.0277956400266,0.758886137286871,23.1255791066272,0.453532648711289
"HGC-27.1",0.382093299181189,0.217740927519026,1.42954024077647,18.4350478645805,0.15783358743826
"IMR-5.1",0.125029777943809,3.74697873991956,0.830527004006029,0,3.74697873991956
"JHH-1.1",0.16257090874714,5104.36546126622,0.157691502881867,0,5104.36546126622
"JHH-6.1",0.120037383404028,7.64232568805714,0.609381117993979,0,7.64232568805714
"KE-37.1",0.159966309660706,5.91207917891398,1.07917441312121,45.9651095783347,0.573853273124939
"KMRC-20.1",0.129127462984701,3.56976082764551,0.827088791789707,0,3.56976082764551
"KYSE-140.1",0.0612215750412972,17.912321866009,0.701797059716858,0,17.912321866009
"MCF-7.2",0.352458818638762,0.345876438844048,0.910163409840251,18.7127204134549,0.206643841120533
"MCF-7.3",0.330750329224954,0.423826287072032,0.946853831336866,13.0535243947583,0.307904255367968
"MCF-7.4",0.318480522587571,0.383605611261693,1.19545200840337,24.8496253361159,0.215899126653026
"BT-549.1",0.194206383336845,8.72384019779279,0.632278012713943,41.0709351089049,0.572037345965058
"T.T",0.311076654999705,1.39440554478197,0.86213629276636,0,1.39440554478197
"T.T.1",0.278880717743323,1.39468709225399,1.40419462451836,13.2371326911764,1.12036959543037
"PC-3 [Human lung carcinoma]",0.167053728910716,NA,4,54.2730659957599,0.801864928206038
"PC-3 [Human lung carcinoma].1",0.19155844277339,5.87152547439717,0.968715764458913,37.9774601211825,1.34830360113598
"RMG-I",0.314497925304675,3.33869999161004,0.655631208020403,41.2394716615918,0.23432545331306
"RMG-I.1",0.284611545951352,1.37836706874658,1.32068426839224,42.5007526757157,0.327704187921188
"Caov-4",0.178465184639368,5.19113838609682,1.21454978688792,40.1134155808128,1.36674267933631
"NCI-H2452",0.241668596464105,4.68564036514439,0.830652610710666,40.0075400770627,0.674378438649052
"NCI-H2452.1",0.268323507785665,5.93226949648226,0.387852196408877,0,5.93226949648226
"NCI-H2452.2",0.285402200678111,8.17350358214287,0.489161435267434,37.2963110910307,0.49654523293995
"OVKATE",0.104308037971787,NA,1.60199390012943,70.4058757790626,0.887213685336212
"OVKATE.1",0.115111600326748,103.08551706388,0.391118129751825,0,103.08551706388
"23132/87.1",0.425011594220496,0.212872461680006,0.758508624447672,9.5539854984783,0.160955029866742
"8-MG-BA.1",0.142618375534903,2.69928124253657,0.894954071248508,0,2.69928124253657
"A-498.1",0.211547040537894,2.60475828975499,0.746495033494238,34.3511063795233,0.54949114835556
"AGS.1",0.2734178563615,0.515891204953925,1.74300331842387,19.0560019242571,0.39174013201533
"AU565.5",0.393208903923096,0.121303200552984,2.24203658563076,30.7203941487827,0.0793004903433493
"CAL-120.2",0.256555942951632,1.58750662425224,0.516760991371616,0,1.58750662425224
"DEL.1",0.168089090696728,2.47452462924235,0.762752901443906,0,2.47452462924235
"Detroit 562.1",0.262926616696711,0.743725732184852,1.02851896581881,14.7801910216449,0.52899255345372
"DiFi.1",0.296030890312829,0.576754791820128,0.962499099990763,13.167258399461,0.419839787506828
"EFM-192A.2",0.288749686664966,0.734673368850489,0.796889565025749,21.8900792905413,0.35664490410717
"G-401.2",0.332400390898405,0.5878155334995,0.717047331395457,32.988008297865,0.130696770946756
"GP5d.1",0.171392362700481,1.38076850837235,1.63458370990243,33.9591764187107,0.688747871745814
"NCI-H513.1",0.154029340995641,4.31295095184058,0.617371896488184,0,4.31295095184058
"Jurkat.1",0.165064131134916,2.34543284628483,0.814248938443483,0,2.34543284628483
"LN-18.1",0.109355512426237,8.97838828786799,0.616936216239471,0,8.97838828786799
"NCI-H2052.1",0.145032380758234,9.74437156206405,0.515637179217347,13.0866207792914,5.40971660892206
"ES6",0.306185752468681,3.04715230982446,0.590767308751576,34.2868998511107,0.429490102856499
"ES6.1",0.283628014732897,3.09709643039188,0.733231151695866,37.8132716971171,0.451664667634778
"HO-1-u-1",0.360574876545648,0.751229483645085,1.78481660622775,6.97044770304815,0.690622114214879
"SW948",0.233258409414737,1.18324938690889,4,32.9674160889802,0.90396979916601
"SW948.1",0.232446033186842,1.4019974896177,2.83531202557527,29.6527796953726,1.02101533206628
"Caov-4.1",0.181685354791462,NA,2.01592966433634,55.4896118124267,0.597325715009476
"CAL-29.1",0.312748916894419,0.554738604665307,0.820834101159652,9.64972831238875,0.427207134221589
"CESS.1",0.246119605422661,79.4258443366432,0.178730305183269,0,79.4258443366432
"GDM-1.1",0.450198903993279,0.14257100156164,1.05703627118213,15.1218549632959,0.101403888377835
"NCI-H2373.1",0.177452979349972,3.07588684832584,0.621878697746632,0,3.07588684832584
"HPAC.2",0.146992675967817,4.66547187156207,0.624599158767713,0,4.66547187156207
"HT-3.1",0.0863341238115424,6.23272085422459,0.867692869051521,0,6.23272085422459
"JSC-1.1",0.0297205473329919,4.91941492141435,2.33903441259867,0,4.91941492141435
"JURL-MK1",0.0572246801641551,3.77239726730676,1.89820458021794,0,3.77239726730676
"KM12.1",0.0775577421086914,3.63100544267687,1.42714190633093,0,3.63100544267687
"LB996-RCC.1",0.209452734265468,1.84478277283824,0.751365398907747,19.1194317945854,0.971417736036296
"LN-229.1",0.0242175687407679,NA,4,80.8693730658814,1.6813366618443
"MOLT-16.1",0.132562039639593,2.25532115715833,1.19182493101409,0,2.25532115715833
"NCI-H1623.1",0.308111749843335,0.691483401484379,0.650504655489872,0,0.691483401484379
"SNU-5.1",0.190061818341617,1.90155571104248,1.161464313983,39.8170113515807,0.483157627111568
"SiSo.1",0.110244326771437,12.1054168532595,0.758736671636817,35.1952198268673,2.43409471826892
"SUP-M2.1",0.0354072564301252,NA,4,74.5937954408719,1.53579149620098
"SW780.1",0.157329950600732,3141.04829859277,0.169683241287892,0,3141.04829859277
"TUR.1",0.109558676152544,2.07262387243529,2.39108946478108,31.6007107785201,1.36440284123422
"VA-ES-BJ.1",0.166297986001063,2.8456151164258,0.705949171351992,0,2.8456151164258
"WM278.1",0.117876485207552,126.608443863221,0.312144422234793,0,126.608443863221
"WM793.1",0.147618942137929,4.13981030797181,0.873057554924967,32.393766364426,1.25246796565525
"Panc 04.03",0.136961548724961,NA,4,60.9497377367532,0.886936717960826
"Panc 04.03.1",0.204229876636743,NA,4,58.9674150087786,0.321318445905076
"KMRC-1",0.215533133917308,5.69390026855463,0.817107983120487,36.7903196395757,1.11671390422371
"KMRC-1.1",0.208525727017743,3.59996007193693,1.15191604065258,38.1569322783391,1.03106093106995
"COR-L279",0.267948858307326,3.69781886833889,0.694788074211346,34.8523241807672,0.662973903912463
"COR-L279.1",0.18490860907986,2.00910878286069,4,48.4869783594862,0.83795797008605
"B-CPAP.1",0.184676728925779,7.76519868756192,0.409583376655657,0,7.76519868756192
"C-4-I.1",0.320472152341702,0.513742465244107,0.842806310180826,28.5408555002594,0.188309043605981
"GB-1.1",0.166410282625385,25.383328517481,0.330441576282212,0,25.383328517481
"HC-1.1",0.250298294368234,3.02927841111529,0.391697141321215,0,3.02927841111529
"HCC1806.2",0.193374394293593,1.7296461281323,1.44856880327705,44.7866243146028,0.363203171898795
"Hs 746.T.1",0.195046893634103,1.59771211444184,0.861071839532615,0.68983471874442,1.57214105818906
"HT-144.1",0.182985331146217,1.9929898923539,0.789807707114014,0,1.9929898923539
"HuO9.1",0.426546435417493,0.189901137865067,0.846575838957972,15.1073946901811,0.124158467674341
"KCL-22.1",0.0969620791302741,3.89401479546421,1.05520607328941,0,3.89401479546421
"KYSE-180.2",0.103946581513576,3.5156079137609,1.06322930509625,0,3.5156079137609
"NCI-H1838.1",0.134458530729561,3.98523748548814,0.741383718967261,0,3.98523748548814
"SNU-175.1",0.358359410754296,0.393356529752384,0.744213007925325,29.9056602327089,0.115563326154713
"NCI-H1155.1",0.0884871956302106,4.6659451163009,1.1460259679257,20.2165700839961,2.96901986095267
"NCI-H1944.1",0.220464303964994,1.30246700893385,0.817168413277782,0,1.30246700893385
"Rh30.1",0.249629284136219,0.858898067407777,1.00931113181088,0,0.858898067407777
"Raji.1",0.062351973628699,3.766594750601,1.73356614249613,0,3.766594750601
"5637.1",0.196534329993307,5.32215342715449,0.434670842427484,0,5.32215342715449
"8505C.1",0.122726420381514,22.4528224658972,0.430717733810981,0,22.4528224658972
"A-253.1",0.0959006837576058,44.7319761393793,0.430263206422178,0,44.7319761393793
"BFTC-909.1",0.328086648520508,0.53854281697141,0.710293760340619,0,0.53854281697141
"CAL-78.1",0.123121949417763,8.97564793720752,0.5626223312258,0,8.97564793720752
"DU4475.2",0.0663408191544451,NA,1.14717546048269,55.4372372855772,1.96827694071519
"ESO-26.1",0.0858509745761168,NA,1.71618071198464,68.7746693363645,0.612590160888724
"NCI-H2722.1",0.105263955449793,39.7812390674147,0.421875,2.50000000000005,35.226946514731
"HCC2157.2",0.215573164236372,1.59275210085955,0.886755720247447,30.1951504918883,0.56051399112655
"HT-55.1",0.211730731016174,1.17685440556711,1.87798850813377,47.2633149292856,0.250531784665681
"JJN-3.1",0.0845926273889939,NA,1.27537630649416,53.2289992396856,1.36970652744273
"KP-1N.1",0.112144547196497,NA,2.57050557265349,69.1241436245738,0.32566807066187
"LNCaP clone FGC.1",0.37325733941973,0.404103005512688,0.585226508283626,0,0.404103005512688
"MDA-MB-361.2",0.337652609833109,0.503951321314399,0.689733678619701,0,0.503951321314399
"MES-SA.1",0.201942179805913,2.48918155006878,0.587600790065193,0,2.48918155006878
"MHH-PREB-1.1",0.161750786870915,1.8045074777864,1.21358197712717,22.0461160292463,1.11756806307578
"NCI-H1693.1",0.223985619546589,5032.74783614461,0.515042312902647,49.7189279707584,0.215246554491016
"NCI-H1975.1",0.244859142367051,1.06477448696742,0.815022970950121,10.9366953019135,0.78655001916008
"NCI-H720.2",0.227537124438295,0.483610527039892,3.8486832303002,35.3872133522154,0.351305883510949
"NEC8.1",0.154387093415825,2.85538791679247,0.823451306704342,11.4045577917065,2.08509183768167
"COLO 824.2",0.253181375350981,3.23964436830617,0.507996138137172,31.1901209834234,0.472819854029815
"EW-1.1",0.191407318548407,1.19022354066136,1.40106727510143,9.53165146074572,1.02345356152405
"EW-16.1",0.156916297820781,4.46309218668936,0.595906530331942,0,4.46309218668936
"KOPN-8.1",0.0740937439108096,NA,4,59.2630990010267,1.14068694877246
"KYSE-50.1",0.110665222717476,3.96429997972396,0.909683045521563,0,3.96429997972396
"LB771-HNC.1",0.154497653918572,2.4715710413178,0.859628797482918,0,2.4715710413178
"LXF 289.1",0.280981433421155,1.64951308785348,0.481473199990063,18.0406448671583,0.651108157710985
"NCI-H1781.1",0.189807097716815,2.09760045779139,0.71690633540985,0,2.09760045779139
"OACP4 C.1",0.2588150941668,1.10381265053018,0.673516248729365,4.58236722836039,0.957004374088866
"OS-RC-2.1",0.189532440952728,NA,0.598197912997956,61.7692327603985,0.131397896708034
"OVCAR-4.1",0.0491562840821936,268.509927417916,0.426860127065269,0,268.509927417916
"OVTOKO.1",0.279735431997279,1.09605979709625,0.661865405474244,26.1536107001696,0.358108281192346
"PC-3.1",0.136031219485797,23.1120352115599,0.396814207975505,0,23.1120352115599
"PWR-1E.1",0.206623815730574,2.49764600383575,0.567652124774744,0,2.49764600383575
"Raji.2",0.135690712011027,11.8043500807415,0.476178364878516,0,11.8043500807415
"RPMI-8226.1",0.168811362472261,2.16424820868784,0.839370750270293,0,2.16424820868784
"HT-1197.1",0.0867109818690629,NA,1.34696216681152,51.4604229249513,1.36103988759748
"HCC1187.2",0.126430921174881,18.776408646205,0.441289021875558,0,18.776408646205
"TCCSUP.1",0.151810926685001,1781.23487824621,0.514334056309679,48.9377495469043,0.996485329072947
"NUGC-4.1",0.154149246745477,12.0947203602891,0.425207009134723,0,12.0947203602891
"SNU-1.1",0.0121805490924926,5.02945602894208,4,0,5.02945602894208
"NCI-H23.1",0.0245114914620656,28.5954759579561,0.910072722071861,0,28.5954759579561
"NCI-H1048.1",0.227016700053464,1.33630198458663,0.800030764367648,15.0187747197903,0.85505359368143
"MS751.1",0.0820063831782669,NA,0.811862458383865,60.8472219918514,1.46233860704324
"MC/CAR.1",0.00944065947513906,5.41378416081462,4,0,5.41378416081462
"LOU-NH91.2",0.0914117018504231,5.34490192936508,1.08277362049931,25.9695723222335,2.71679567492316
"KYSE-410.1",0.204367456942385,1.92734479081096,0.689255297612336,3.96366666708624,1.70969557094667
"KMOE-2.1",0.0990302862122121,6.35818988986962,0.770507530679938,0,6.35818988986962
"KG-1.1",0.0499898001505224,NA,3.27167704059789,58.7386518403292,1.76809520444735
"JIMT-1.2",0.124339121146053,2.82187066853856,1.19175730518035,22.3077080262272,1.7187610163294
"HEC-1.1",0.0987902307461319,120.226247391512,0.349831546326879,0,120.226247391512
"GI-ME-N.1",0.166971858762342,14.655938241344,0.37614185631903,0,14.655938241344
"EW-18.1",0.341856083544582,0.510444470794784,0.639474274409136,0,0.510444470794784
"DAN-G.1",0.214729153737931,1.16158079132656,1.00958619371754,0,1.16158079132656
"Hep-G2/C3A.1",0.141942264789417,5.54101388682666,0.5989778765527,0,5.54101388682666
"647V.1",0.147093308170097,3.11447947529425,1.11810020901661,36.9752345883798,0.935173024016465
"TOV-112D.1",0.0751455707400758,3.98954162428698,1.33861349504575,0,3.98954162428698
"DMS 273.1",0.268002675288011,0.739128030663939,0.974315635508343,10.2449682323483,0.584139744403724
"NCI-H1793.1",0.174293701510395,10.4780143760956,0.396358350633449,0,10.4780143760956
"OCI-M1.3",0.157215956916053,9.98610329303163,0.442207753410375,0,9.98610329303163
"OE21.1",0.210548495396879,2.2831581933249,0.580554701461261,0,2.2831581933249
"P30/OHK.1",0.282994605719545,2.18880907180994,0.647956387479567,41.2877974512486,0.147596659114957
"P32/ISH.1",0.159834718926128,2.36435589975439,0.921350786602112,15.1771774656868,1.59659874004336
"RCC10RGB.1",0.20924244439627,NA,0.877678872720963,58.8506412520573,0.118605711207857
"RS4;11.1",0.287953587213214,1.14864717578525,0.740066382817879,37.8108320001929,0.170564269655606
"SiHa.1",0.169591064170299,10.7487386837106,0.403742190491212,0,10.7487386837106
"SK-N-DZ.1",0.0734592179137802,NA,2.00237444241724,58.4471632652577,1.23428942053003
"SU-DHL-8.1",0,NA,0.729542916539538,100,0.0213614462281505
"SUIT-2.1",0.138163044146707,216.31070829758,0.25858963208532,0,216.31070829758
"SW756.1",0.0877376341521999,61.4006017715242,0.423593809732717,0,61.4006017715242
"T-47D.3",0.243142917401856,23.322289046767,0.50329015681933,45.2113909694233,0.220581865406882
"TK [Human B-cell lymphoma].1",0.00513437841947824,6.40184372618705,4,0,6.40184372618705
"TT2609-C02.1",0.0693735679672938,82.7042291373599,0.450853539997233,0,82.7042291373599
"U-118MG.1",0.105851000158863,NA,4,69.231303323669,0.371605065344978
"UMC-11.1",0.0333153589836204,NA,4,79.1242932184101,1.33247141831501
"WM35.1",0.0913749032896451,10.0989413628674,0.672359328846042,0,10.0989413628674
"G-361.1",0.156460485920598,6.96639184086069,0.499995443293365,0,6.96639184086069
"HCC1143.3",0.156047915843986,NA,1.65889441278157,55.1159227505703,0.36635687824965
"HuP-T4.1",0.0689927386709461,NA,1.60566676121323,58.8334971302735,1.39675509827341
"MOLP-8.1",0.489159444290207,0.13901060012708,0.629343300451762,0,0.13901060012708
"NCI-H1092.1",0.141387021454167,163.67427286412,0.265485745959455,0,163.67427286412
"NCI-H2141.1",0.111747104675094,78.0400335905964,0.351225171889506,0,78.0400335905964
"NCI-H596.1",0.261653566860733,27.8678049362543,0.723441369749292,49.0692708777969,0.113123303681616
"NH-12.1",0.101282470278482,3.10614060027327,1.45170110448332,24.6989282676916,1.94284763876307
"NOS-1 [Human osteosarcoma].1",0.228773722789106,1.24408138954301,0.787468080572939,0,1.24408138954301
"Rh1.1",0.104420239946754,2.72514454077498,1.37405916911386,0,2.72514454077498
"SK-MES-1.1",0.266615753844611,1.07135882801539,0.701167395458695,19.7173753625554,0.524014923232164
"SU-DHL-10.1",0.275416724771652,0.610854364588125,1.70597758160396,0,0.610854364588125
"TC-71.1",0.139068959953784,3.3148984253776,0.797624566702092,0,3.3148984253776
"GA-10.1",0.330550148547468,0.35743291931204,1.10127567354541,28.5531591310193,0.165727191932481
"KU-19-19.1",0.00959573011148351,5.38876498443625,4,0,5.38876498443625
"MHH-CALL-2.1",0.00308078739516993,7.32655819001269,4,0,7.32655819001269
"MOLT-13.1",0.0132128305949082,NA,4,71.25,3.16227766016838
"KM-H2.1",0.137241572440148,6.01750018744128,0.597118157944238,0,6.01750018744128
"AM-38.1",0.0661217671381788,6.62272442437996,4,49.8207430925896,1.62055269709341
"HL-60.1",0.138469851894559,3.0462891051247,0.84880296807782,0,3.0462891051247
"639V.1",0.222695308045082,4.3431934887297,0.401919972546958,0,4.3431934887297
"A2058.1",0.101421449447537,3.41815020328579,1.11986767751721,0,3.41815020328579
"AN3-CA.1",0.358023300914424,0.374712886674446,0.824828503007687,6.59589863345017,0.31565403458288
"CAL-33.1",0.292992333638441,0.565145138403823,1.05497479773443,11.4187341139696,0.442011654179177
"Calu-6.1",0.0991374787809216,57.1685249645469,0.400881765634885,0,57.1685249645469
"CFPAC-1.1",0.266249580875501,NA,2.2036647600592,51.1034739471873,0.0930021153647883
"COLO 829.1",0.0907685537510724,288.697871228689,0.318683691157106,0,288.697871228689
"EMC-BAC-2.1",0.211942406270004,1.62638204908933,1.03941765086075,38.2668921124141,0.40321827553984
"EPLC-272H.1",0.25185388444618,0.467287859212961,2.21063176259919,36.5890301607502,0.25766573799008
"NCI-H2369.1",0.140427736378217,92.4867646659311,0.292876321462786,0,92.4867646659311
"HCC15.1",0.133071958278342,NA,0.519044728051427,52.2799221454967,1.21306394475703
"JVM-2.3",0.335000933139799,0.958522604556914,0.482646280812433,26.9731741231569,0.19227179626125
"KYSE-520.3",0.259530417430846,2.69173781644762,0.38843837604695,0,2.69173781644762
"L-428.1",0.0509251381515441,NA,2.18123837948725,76.1596199807622,0.931995559849041
"LCLC-97TM1.1",0.0587482686352079,10.6029152946938,0.87340233757475,0,10.6029152946938
"M14.1",0.202375599408445,6.77403398083665,0.387525184739454,0,6.77403398083665
"Mel JuSo.1",0.125874133363609,5610.07252630009,0.185874765811993,0,5610.07252630009
"NCI-H1568.2",0.225759409749417,NA,0.728782735418674,50.1346124734613,0.185843014762793
"OACM5.1 C.1",0.221778882254683,0.714890995538918,1.92233699154091,33.8688040848994,0.396884101601787
"OAW42.1",0.221135871431315,4.18286529319037,0.643338087908812,38.3212454514528,0.436275383659319
"BHT-101.1",0.189614121724077,1.09481205102791,1.70643031628318,34.1647267525743,0.55810306843549
"BV-173.1",0.156259402506868,12.7029698183191,0.414448289947965,0,12.7029698183191
"COR-L311.1",0.219522453094463,0.552638135136596,2.90905296593486,40.8264024213074,0.308524478016883
"EGI-1.1",0.100638024568479,27.5177966059872,0.467299778306284,0,27.5177966059872
"EJM.3",0.14774868149793,3.93971363857229,0.674925379304178,0,3.93971363857229
"ETK-1.1",0.197346715919544,1.52174497091472,0.881979798437927,0,1.52174497091472
"GCT.1",0.169270222962503,4.62654111062112,0.541222744786867,0,4.62654111062112
"HTC-C3.1",0.196771831160818,22.7728776378797,0.289959724906172,0,22.7728776378797
"JHH-4.1",0.118042886497409,18.1396361107908,0.467872282945328,0,18.1396361107908
"KP-2.1",0.104751380328179,18.8486432490434,0.502435081942391,0,18.8486432490434
"NCI-H1417.3",0.18609138062562,1.89684221066965,0.946156765117115,25.7315306944298,0.883565622324872
"NUGC-3.1",0.169034425987877,2.31349079811604,0.794663424491203,0,2.31349079811604
"OVCAR-3.1",0.144550942907966,3.93051809632451,1.33791393635923,45.0757553700679,0.695123234265019
"PaTu 8988t.1",0.187351875364466,3.84807162121979,0.522408074033794,0,3.84807162121979
"SK-GT-2.1",0.126087071857576,2.45304145976162,1.17007548575967,0,2.45304145976162
"SNU-398.1",0.0856125277573353,4.28377944200167,1.10839558658353,0,4.28377944200167
"SK-MG-1.1",0.305851143260149,1.65155138278117,0.99187075637253,47.9433106853412,0.0661809398126923
"SCC-3.1",0.089471662048497,7.18880885990445,0.786672064403584,0,7.18880885990445
"RPMI-7951.1",0.229932730504289,1.24843466899024,0.775596440400252,0,1.24843466899024
"RL95-2.1",0.133896698898793,34.3715155800849,0.366700436127005,0,34.3715155800849
"RERF-GC-1B.1",0.248033144417487,1.40321487121108,0.598570157010274,0,1.40321487121108
"PL4.1",0.107770800831059,3.62089709960794,0.998057279329414,0,3.62089709960794
"OSC-20.1",0.154759712544245,1.70417991055369,1.42607877685267,22.8038625569422,1.11190560182029
"OAW28.1",0.203597679879829,221.11875160411,0.218981331435552,20.1907409799256,20.8392174259409
"NCI-H446.2",0.194814676603997,1.30939013907312,1.10696080174386,0,1.30939013907312
"NCI-H322M.1",0.314737365049363,0.831692893082671,0.512197954326728,1.49754265487782,0.783753473767502
"NCI-H1915.1",0.056552595691674,74608528.7251049,0.160548821154478,24.9807698145247,999683.387096558
"MM1.S.1",0.390275192847242,0.251766446398259,2.34854006253045,3.67774706091962,0.243707998692017
"Karpas-231.1",0.0378865347618782,NA,4,81.3160480339279,0.986688800870578
"A-204.1",0.230212615024034,NA,0.914572459093236,60.9947651688392,0.0639787762100292
"TE-1.1",0.172000893054349,9.10838531638264,0.457741930887633,14.4924985592935,4.31216459182452
"A-704.1",0.155324588570946,NA,1.14187068660533,51.7257809076864,0.463849176217077
"HSC-4.1",0.174014491920203,17.0946907631979,0.348494470747743,0,17.0946907631979
"NCI-H1650.1",0.22116160611992,NA,0.461183554571504,57.9662235209403,0.0962902360650546
"NCI-H2228.1",0.251891604204246,1.82718038784811,0.785878558464834,39.809471344148,0.24143442411262
"OVCA420.1",0.196303706901853,1.37578099636716,1.17057409640454,29.6628495522206,0.63796760183014
"RC-K8.1",0.0946446384092077,8.92625590662857,0.687935638721836,0,8.92625590662857
"RERF-LC-KJ.1",0.258524221915737,2.57765614948982,0.672136138014979,40.3971758081851,0.221368096451018
"RERF-LC-Sq1.1",0.194022823682398,1.45754734802023,0.961334175993483,0,1.45754734802023
"SBC-5.1",0.216226261379628,1.8551178819116,0.632875226366752,0,1.8551178819116
"SCC-15.1",0.190951200714685,2.44679012737645,0.642457189246348,0,2.44679012737645
"UPCI-SCC-090.1",0.0825154332638313,134.460842800928,0.378205373186392,0,134.460842800928
"SF268.1",0.0764326603079564,6.54111121891233,0.927708800203052,0,6.54111121891233
"SK-ES-1.1",0.212778241414736,0.638305071087427,2.86644987712345,46.13548756842,0.261297638888562
"SKN-3.1",0.115303198236606,7.63694362609487,0.62975471136017,0,7.63694362609487
"SNU-182.1",0.153961601414606,87.6744327063376,0.276190331302121,0,87.6744327063376
"SUP-B15.1",0.0899719176204992,NA,4,76.7347412668937,0.276684221036487
"SUP-HD1.1",0.166500414607984,3.44830741164023,0.632454737689079,0,3.44830741164023
"TE-4.1",0.229830517861882,4.0007596216019,0.3973760205501,0,4.0007596216019
"TE-6.1",0.282641674019939,0.832492217511855,0.772097059726975,24.6908088574587,0.344673540008767
"TOV-21G.1",0.241243445652388,10.7552934151664,0.275126305395191,0,10.7552934151664
"Granta-519.1",0.0874915942866958,NA,4,88.6299576802706,0.0196595245343257
"PaTu 8902.1",0.211170325669487,3.16098165460004,0.490402702312305,0,3.16098165460004
"OE19.1",0.215393583177865,20.8073372955164,0.269106290760491,0,20.8073372955164
"OVCAR-8.1",0.131543202797766,4.82158642736343,0.686163143375606,0,4.82158642736343
"U-251MG.1",0.0766971823328477,NA,4,81.25,0.237137370566166
"HCC827.2",0.189564150268926,3.48608766027389,0.736312196869978,33.4739457454874,0.775092062865376
"Lu-135.1",0.192960777597514,2.18706906352846,0.679271702855278,0,2.18706906352846
"MFE-296.1",0.149792060489902,999923.227549309,0.110379864631585,0,999923.227549309
"MFE-319.1",0.133703717413795,2.22165430924666,1.19663951539963,0,2.22165430924666
"MOLM-13.1",0.267754704403097,0.764924913027877,0.94222985529979,0,0.764924913027877
"NCI-H2405.1",0.0732789875433726,248.651831425962,0.36281952496481,0,248.651831425962
"NCI-H650.1",0.0473663595427321,7.25073907804471,1.21133549758501,0,7.25073907804471
"OVISE.1",0.251321862214569,6.77582581018607,0.495401600815336,39.3508523965016,0.298664146313906
"PF-382.1",0.216879021883193,2.05387923702302,0.65239628945624,16.4915708874615,1.11211060376224
"UACC-257.1",0.205257924935568,68.422365144416,0.22437022915437,0,68.422365144416
"HCC1143.4",0.215811639421005,6.71482256432175,0.705210546702668,44.1166012970924,0.323007714203868
"Hs 578T.1",0.351289682967565,0.467422931501194,0.628993752636254,8.88401469815633,0.342482386025777
"Rh41.1",0.354874426225525,0.40564074242659,0.736558544606235,10.1395848693406,0.298200956362276
"DK-MG.1",0.209210216069389,10.7991662109505,0.325892848904017,0,10.7991662109505
"HOP-62.1",0.0108848967618356,5.19730270250898,4,0,5.19730270250898
"U-87MG ATCC.1",0.253365693487934,3.1960877656797,0.542875460931443,34.3798645175384,0.374853493899556
"TOV-21G.2",0.0927276530472805,5.92400078988099,1.1688783391949,35.6638817953103,2.0345205021223
"TGBC24TKB.1",0.319617180684191,0.421538622536539,1.27633873848387,10.4798363479643,0.350592615633197
"SW626.1",0.114475293769838,3.55892478117526,2.55328511905579,48.6524235505303,0.864277455860785
"SW1573.1",0.166695451491829,22.7391744966247,0.338284841707289,0,22.7391744966247
"SU.86.86.1",0.0866648001162964,197.284589677009,0.346107228411356,0,197.284589677009
"RPMI-8866",0.262952014276298,1.00630704108934,0.694981522640831,0,1.00630704108934
"RD.1",0.164674280299406,2.72455526626972,0.734914745117934,0,2.72455526626972
"PA-1.1",0.264299830403756,0.838133978880035,0.858030246963623,8.88965345839626,0.667155933248704
"OCI-AML-5",0.217454731916223,1.31192856749487,0.836686054032009,0,1.31192856749487
"NCI-H209.1",0.0745346301819762,6.81396588816669,0.924417709745003,0,6.81396588816669
"NCI-H1876.1",0.186949036080551,6.66407628494642,0.424910785291401,0,6.66407628494642
"LN-405.1",0.220763341984845,NA,0.840735521534756,52.1582587967952,0.170365303555577
"Huh-7.1",0.0997410731269247,108.787489662605,0.691868930420411,46.5371220923814,2.29422522729135
"PC-14.25",0.0961852313382513,NA,1.57837296158727,53.0618929452469,1.04344312708045
"PC-14.26",0.107536733644996,NA,1.48872471588738,58.5811274155418,0.698263417669474
"PC-14.27",0.100379523125168,NA,1.40699761030125,52.8459197667208,1.01163273741692
"MHH-ES-1.22",0.152381243718613,4.13246684585505,0.637412388955284,0,4.13246684585505
"MHH-ES-1.23",0.14149644151258,3.93714538497076,0.70716278750572,0,3.93714538497076
"MHH-ES-1.24",0.107913681335032,4.54175863912463,0.855729894928228,0,4.54175863912463
"SNU-C2B.24",0.124011592761453,5.30108908224342,0.692866039874172,0,5.30108908224342
"SNU-C2B.25",0.136729075665183,NA,0.461536481977488,52.4133243026316,1.31406815440104
"SNU-C2B.26",0.13899653445035,16.2620457586585,0.426641356010394,0,16.2620457586585
"HT-29.24",0.243090549836797,1.30630682619313,0.663395588573829,1.64882857260582,1.24191816474298
"HT-29.25",0.199540982087687,1.47775230753411,0.889296916940986,0,1.47775230753411
"HT-29.26",0.250442892326568,0.79440215187356,1.153344213749,31.9923469760645,0.327714223265207
"SW620.24",0.110479856719517,66.4886937414499,0.364529067676823,0,66.4886937414499
"SW620.25",0.144389053280985,14.4409519468809,0.427391694045126,0,14.4409519468809
"SW620.26",0.15140100943416,20.7412044561658,0.374695183992672,0,20.7412044561658
"U2OS.22",0.16165547246751,NA,1.41842533082395,81.7523671178781,0.00665862520611521
"U2OS.23",0.221025012370451,NA,0.155345347556651,56.1701304428127,0.113025233022364
"U2OS.24",0.138147770033362,38.5937256951794,0.420883408015472,25.6219269397772,7.00307141837066
"C32 [Human melanoma].21",0.132898826545428,4165.0130659717,0.185068346686495,0,4165.0130659717
"C32 [Human melanoma].22",0.0626127514735556,NA,3.3516006129087,77.4426751079659,0.588326421111737
"C32 [Human melanoma].23",0.108002181788143,18.643575920966,0.493764371001533,0,18.643575920966
"A-375.23",0.163629217291869,4.66787487282459,0.559005115713831,0,4.66787487282459
"A-375.24",0.109889730122768,3.31396982515006,1.76842534818167,42.5309826721077,1.13092107325782
"A-375.25",0.225109706895651,3.71401797651647,0.420554833652096,0,3.71401797651647
"C2BBe1.1",0.186918187562595,3.75403284013133,0.852576293646473,40.2271732494419,0.553298905672825
"CHP-134.1",0.148640813016804,37.6062183682746,0.332819689599518,0,37.6062183682746
"CL-11.1",0.115188497403409,NA,4,64.9538853292558,0.413158536293376
"HDQ-P1.2",0.428014329401758,0.166813900820094,0.985198405280233,18.9296553830892,0.102920998650965
"Karpas-45.1",0.228957940999078,1.28122552399377,0.816103566634774,15.3202238623184,0.818328352087522
"Lu-99A.3",0.260193255026594,41.4184773622314,0.286925375619013,35.5319872101303,0.549776909394494
"Lu-99A.4",0.289320211020576,138.155075706661,0.130493794982227,0,138.155075706661
"Lu-99A.5",0.19130458370339,5368.89744789489,0.13744978549264,0,5368.89744789489
"NCI-H1573.1",0.182294520952569,168.948736787454,0.216679503194889,0,168.948736787454
"NCI-H1688.1",0.0537572625260352,NA,2.56829950604344,72.0272022150063,1.0746310472801
"NCI-H196.1",0.166759392597312,620342.198028726,0.129286359294414,26.1988443918485,1991.40221608328
"NCI-H2122.1",0.198896328292556,1.92549504226277,0.707857928712879,0,1.92549504226277
"NCI-H2170.1",0.252017139739486,2.31164901514142,0.436205306897603,0,2.31164901514142
"NCI-H661.1",0.225948307361313,29.695252591179,0.23660613022827,0,29.695252591179
"NCI-H716.1",0.240409364853751,1.00760499800991,0.968170360243472,25.2196155237752,0.487984114780885
"NCI-H716.2",0.303156125004817,0.950543555840567,0.507180726390569,0,0.950543555840567
"PFSK-1.1",0.169046358485014,NA,4,53.4524877781058,0.325566271959474
"SU-DHL-5.1",0.380257343156428,0.290378728153742,1.87970248560935,0,0.290378728153742
"U2OS.25",0.130595518077492,NA,0.438566997633641,56.342886652755,1.2333570168868
"HT-29.27",0.190464382964876,2.86471667230625,0.589798959172284,0,2.86471667230625
"HT-29.28",0.200157575797551,1.87764804794384,0.713660057538911,0,1.87764804794384
"HCT 15.20",0.29786724307557,1.27793336971511,0.433424341213588,0,1.27793336971511
"HCT 15.21",0.245850344943593,1.13076302572011,0.731828440493055,0,1.13076302572011
"HCT 15.22",0.256231121354983,1.2624683656291,0.635863826569533,10.1523702418776,0.883500809640987
"A-549.20",0.212693631665648,1.09836822377808,1.15763731450429,17.9643709532908,0.74771860051728
"A-549.21",0.23416393701879,1.22743738027692,0.756556075187126,0,1.22743738027692
"A-375.26",0.144786869624401,1.95737240550907,1.28189232785997,12.3317553251374,1.56937149676128
"A-375.27",0.190999840005902,2.3614326459596,0.656360841395017,0,2.3614326459596
"A-375.28",0.107603090887831,2.59062329006033,1.46692616022475,9.5980963636812,2.24027207248944
"SW620.27",0.167528708758637,113.681153480179,0.247444855922386,0,113.681153480179
"SW620.28",0.171581056542972,65.3866557583218,0.266570997278817,0,65.3866557583218
"SW620.29",0.136924767553955,19.732282531606,0.410522029607375,0,19.732282531606
"PC-14.28",0.145442536189002,5.80225814772192,0.574218224787563,0,5.80225814772192
"PC-14.29",0.0951748809998733,3.92530625473812,1.06882085064135,0,3.92530625473812
"PC-14.30",0.138658510171439,3.57895896712031,1.28946383846161,42.3244520709234,0.836748008283922
"MHH-ES-1.25",0.265815134269035,6.57604150357289,0.27461342621158,0,6.57604150357289
"MHH-ES-1.26",0.261822062690618,3.03574735372226,0.364566505813408,0,3.03574735372226
"C32 [Human melanoma].24",0.0772516441849151,NA,3.72819854136579,69.492488421322,0.696024346081536
"C32 [Human melanoma].25",0.120472893241842,7.88805575061297,0.600259014542135,0,7.88805575061297
"C32 [Human melanoma].26",0.142813655214681,NA,4,75.1336324900177,0.0757210964740504
"SNU-C2B.27",0.201804281249911,5.08622144597778,0.42850727948749,0,5.08622144597778
"SNU-C2B.28",0.175258170065329,4.38886890888221,0.532834643478189,0,4.38886890888221
"SNU-C2B.29",0.197631624835407,78.0944808015129,0.227633664868893,0,78.0944808015129
"NCI-H2347.1",0.09879611214831,NA,4,80.5471044677909,0.119827219648339
"NCI-H1563.1",0.253830259900825,3.63274175450035,0.418559253622274,20.4464671295953,1.03430174475218
"NB1.2",0.246333811286347,0.657122545204796,1.75824648368275,44.5463709805418,0.186358230888155
"TYK-nu.1",0.0926626539091902,NA,1.33936305477892,69.80062489708,0.501923018664816
"RT-4.1",0.0816571866485666,NA,2.09865450707883,55.7091871934638,1.15828380780117
"RT-4.2",0.125518108913188,224.337574066122,0.274121568381819,0,224.337574066122
"RT-4.3",0.108353095722708,3.68199308279766,0.979807929783948,0,3.68199308279766
"Panc 08.13.1",0.207831678396771,NA,0.888365795746965,55.724345113683,0.159577000236549
"OV56.1",0.0585312067238802,NA,2.684462746098,65.1201567987908,1.27656784077756
"ALL-SIL.1",0.126458813081409,8.4081308700389,0.56354020800523,0,8.4081308700389
"ALL-SIL.2",0.166683014110274,48.8482559173903,0.288265966819502,0,48.8482559173903
"ALL-SIL.3",0.101275743513199,4.11532765995619,0.969590428521361,0,4.11532765995619
"MHH-ES-1.27",0.250759549788067,2.69585796634752,0.410195162458174,0,2.69585796634752
"MHH-ES-1.28",0.149432334166239,3.97819229539996,0.663408822543017,0,3.97819229539996
"MHH-ES-1.29",0.185686485916291,2.83673606213155,0.613057379314718,0,2.83673606213155
"A-375.29",0.148802781959907,2.97117172166669,1.01580179680154,30.9524711725337,1.14899037091525
"A-375.30",0.0938698988423812,NA,2.80924841287253,61.7146137763478,0.737726060602617
"A-375.31",0.0910208614379528,2.82636977058856,1.67768386919677,9.24686725316462,2.50203567017865
"HT-29.29",0.290408624461369,1.08715553281487,0.510872026519179,0,1.08715553281487
"HT-29.30",0.273638378288973,2.591439211794,0.36099829643656,0,2.591439211794
"C32 [Human melanoma].27",0.0662745142397212,306.793120165131,0.568766243040724,42.8942274538696,9.93177127186799
"C32 [Human melanoma].28",0.10483316173346,18.3682029249161,0.505771247094857,0,18.3682029249161
"C32 [Human melanoma].29",0.129795307602708,39.8912954245637,0.363185706557083,0,39.8912954245637
"SW620.30",0.0945517236284119,18.1148180921085,0.542968139651381,0,18.1148180921085
"SW620.31",0.0989940025101861,NA,0.549106999284343,67.1717689600924,0.876799776464924
"SW620.32",0.0711210750862107,8.80033835164558,0.842187185936927,0,8.80033835164558
"SNU-C2B.30",0.146656272105452,89.6385832856962,0.285353226852402,0,89.6385832856962
"SNU-C2B.31",0.115355495466854,NA,0.926167570740241,51.3412694515532,1.00811516138763
"U2OS.26",0.197050132794383,NA,0.453611253605106,58.018996197177,0.17484034848561
"U2OS.27",0.156778241965601,10.4571485562496,0.437177268900619,0,10.4571485562496
"U2OS.28",0.151160079014664,26.6641937824094,0.496795234222089,35.2901034035278,2.27170641911137
"HCC1599",0.279300270954027,0.854758157999998,1.02401590073704,41.9578447293119,0.143501909685433
"HCC1500.2",0.0910215861590161,181476.345054666,0.165441581067263,0,181476.345054666
"Hs 445.1",0.162184725392298,NA,2.25478086371019,59.3320776297019,0.254749847314839
"Hs 445.2",0.198959568371948,NA,0.780015913897851,51.8003063191173,0.253227152349976
"Hs 445.3",0.162089482614644,7.3901606073308,0.970959558397421,45.7450339262124,0.584218251238196
"Hs 445.4",0.130324185000397,NA,1.58234120242042,60.4978729230713,0.416641393240095
"SNU-C2B.32",0.164286506816243,NA,1.2568801855317,70.3392956296008,0.0863172743792165
"PC-14.31",0.104446954400233,3.26704923203692,1.83611928192363,41.6470436512563,1.23284894869971
"PC-14.32",0.164605831705166,3.27171976355918,0.659345358814613,0,3.27171976355918
"PC-14.33",0.130231823678755,4.44330928803342,0.87159159868808,25.9268643300299,1.92088922993605
"C32 [Human melanoma].30",0.134832111904741,35.4726866256033,0.362387537352663,0,35.4726866256033
"C32 [Human melanoma].31",0.126358662361076,11.7119545652586,0.504882851184588,0,11.7119545652586
"SNU-C2B.33",0.1795136901201,6.93205594103824,0.437523458792487,0,6.93205594103824
"SNU-C2B.34",0.169116661782612,15.3090989750274,0.367683722742042,0,15.3090989750274
"SNU-C2B.35",0.117255461460138,238.313345988526,1.21682308706287,49.9439515469446,0.896331279657025
"SW620.33",0.169186497233935,358.083543048184,0.207247037944581,0,358.083543048184
"HCT 15.23",0.284397730572171,0.844820252960673,0.70544297299565,14.6391456355025,0.51700882599652
"HT-29.31",0.268676357376005,0.752471072725758,1.04047179062667,34.4470094577734,0.244940633024974
"HT-29.32",0.260059521388579,1.52403687010131,0.516368863594504,0,1.52403687010131
"U2OS.29",0.233402524186972,96.5352788698733,0.346185909308874,42.2566801262117,0.441345941590073
"U2OS.30",0.1834137083593,NA,1.27313541931616,61.8449293920206,0.14504492827054
"U2OS.31",0.1917715969839,5.95465616985558,0.627344207759781,36.1299072786603,0.77118961763383
"MHH-ES-1.30",0.193762094800755,3.71712386639527,1.01373053899957,45.0786859271976,0.377533925235103
"A-375.32",0.122897223384356,2.4142721584015,1.7038143874365,36.5004695746352,1.11952628536182
"A-375.33",0.172522836852644,4.3911506021833,1.86809163065196,49.4814593061741,0.380567537223643
"PC-14.34",0.156889289112131,4.23501129143172,0.610649754381875,0,4.23501129143172
"PC-14.35",0.194464780889693,7.70109621783443,0.388914249611437,0,7.70109621783443
"PC-14.36",0.191603345651753,4.98772372008063,0.458211565702637,0,4.98772372008063
"A-375.34",0.149052775659419,NA,4,55.720713369205,0.391100175201249
"C32 [Human melanoma].32",0.139093806682373,NA,2.59662660770469,64.3579267762274,0.27011195395125
"OPM-2.1",0.0793679491152521,3.07601040274337,1.72360628073419,0,3.07601040274337
"DU145.1",0.0672598805952317,NA,2.70192774543426,69.8778996891901,0.86049562515081
"RPMI-6666.1",0.401965360296737,0.122370812684268,1.37452176920319,39.916208049523,0.0381764570712359
"ES7.1",0.3059723540364,1.14681088242671,0.435135151093998,0,1.14681088242671
"SW837.1",0.0910702950397413,NA,4,84.3265018755319,0.0722857613988882
"HH [Human lymphoma].1",0.323624601407753,NA,0.965588285433653,58.7101893709548,0.0135506382696925
"NOMO-1.1",0.248452334061783,5.21345470482335,0.337856322958521,6.09876673257308,3.54743652925769
"HARA [Human squamous cell lung carcinoma].1",0.281085854562,0.690477435574504,0.904857321156776,16.2467377717175,0.4472512097787
"HDLM-2.1",0.22020475804116,90.358998062897,0.19906975163127,0,90.358998062897
"JVM-3.1",0.321612563724131,1.82393344168833,0.303749044116251,0,1.82393344168833
"Karpas-620.1",0.320890970102709,0.761286487928689,0.518595592532237,0,0.761286487928689
"Caov-4.2",0.110396347207712,NA,1.53254061865088,68.1987427134534,0.369573740953731
"C32 [Human melanoma].33",0.138723912606539,NA,2.13630802267084,67.4906904375026,0.210052430901845
"C32 [Human melanoma].34",0.0486147817240111,NA,0.976096154161247,67.8601930864549,2.21759379691763
"C32 [Human melanoma].35",0.0975762794177883,12.3478165099035,0.598676664699979,0,12.3478165099035
"SW620.34",0.181782556594793,552.142923749327,0.184583723147074,0,552.142923749327
"SW620.35",0.144550203457566,92.4847045622363,0.286841529419735,0,92.4847045622363
"SW620.36",0.117587478990227,NA,4,77.5565351211707,0.107249996804318
"U2OS.32",0.230401930510182,33.1338777048268,0.234568330172443,5.79254944790164,19.6020863438465
"U2OS.33",0.193908771199071,10.9521646006509,0.352152995115348,0,10.9521646006509
"U2OS.34",0.206840364609032,NA,0.867540580042569,59.6433910628616,0.11498015883561
"A-549.22",0.221298766934209,0.953093052177877,1.26712239850437,16.7318706326924,0.691026639322614
"A-549.23",0.245671206659467,0.805656697455299,1.1693398996908,28.0983900387043,0.397714986978181
"A-549.24",0.219183263828629,1.36123456629388,0.824195367471016,10.1927138685749,1.0323020683756
"MHH-ES-1.31",0.233904510216483,3.85825108086414,0.393255696579207,0,3.85825108086414
"MHH-ES-1.32",0.183315218378338,4.08047545484872,0.52242900917427,0,4.08047545484872
"MHH-ES-1.33",0.195430046833589,3.14699524785175,0.54393355549368,0,3.14699524785175
"SNU-C2B.36",0.162595333952404,12.7164834070776,0.489404616965379,26.1452279353722,2.80324766255701
"SNU-C2B.37",0.162160620057645,NA,4,68.7608599784779,0.110890796999331
"A-375.35",0.212675605579537,13.9034395245876,0.29987615339737,0,13.9034395245876
"A-375.36",0.149362400074066,5.87449459661414,0.557097798990849,0,5.87449459661414
"A-375.37",0.129231837989564,16.1398495299574,1.29144075744669,49.042186778764,0.75481927062857
"HT-29.33",0.33030619734788,0.858436435408681,0.432496101923117,0,0.858436435408681
"HT-29.34",0.282852711628617,1.67003799369053,0.416361255591092,0,1.67003799369053
"PC-14.37",0.200688102315147,5.8475827310099,0.410668820629522,0,5.8475827310099
"PC-14.38",0.0952923155126003,3.99839998808632,1.05234673748817,0,3.99839998808632
"PC-14.39",0.18438190080498,6.55889478312208,0.53419832099404,26.2697017874298,1.62531695673581
"HCT 15.24",0.285865586326368,0.597966368883922,1.04987817317031,31.7468940028812,0.228999663176778
"HCT 15.25",0.278793757036191,0.429955440111383,1.65664166753972,34.6833302548866,0.210510861706814
"HCT 15.26",0.280979027560312,0.747952474161268,0.917637445281032,32.5618297993304,0.237325699547826
"K-562.1",0.201190171809766,NA,0.195882584048558,67.8419230286939,0.00834669087994479
"C-33 A.1",0.280695946555512,6.48762946492389,0.252966009991166,0,6.48762946492389
"A2780.1",0.422426310305976,0.272621806061102,0.505035306214865,0,0.272621806061102
"NCI-H1648.1",0.385820871441725,0.332510043533157,0.680110296768721,0,0.332510043533157
"SCC-9.1",0.33559478492582,0.5994916790928,0.577000934151758,8.55698963013182,0.43301518706612
"DMS 114.1",0.349973756985316,0.860997207591175,0.36266473038406,0,0.860997207591175
"Calu-3.1",0.169347830658899,1.32466202155026,2.04215905370585,42.2344515482536,0.532175288762007
"Karpas-1106P.1",0.433431306767627,0.216606725413702,0.745098621513104,0,0.216606725413702
"CPC-N.1",0.329690486696077,NA,0.843133857862034,51.0610029098403,0.0322151080949805
"L-1236.1",0.341014654319333,0.682455295273352,0.495546797793969,11.5408254571855,0.401870147470503
"SK-MM-2.1",0.141128076162357,NA,4,64.8588475828765,0.249656689883236
"A4/Fukuda.1",0.410351392611488,0.15792135969324,1.279081836902,24.3374525237782,0.0937504913091154
"LK-2.1",0.120108628683858,1799.31863095298,0.215481490635747,0,1799.31863095298
"SJNB-7.1",0.148489767102009,3.47271132126594e+20,0.0641641160704353,44.1658062023503,1e+06
"MN-60.1",0.0993151606633026,NA,4,77.0591970926776,0.201095271046769
"OCUM-1.1",0.188317586030817,4.71860158942314,0.477319672776084,0,4.71860158942314
"BE-13.1",0.115630495693213,NA,1.94261851436095,65.3455657450774,0.401477066829903
"Kelly.1",0.197324441993019,5.98225402499423,0.415378765673162,0,5.98225402499423
"NCI-H2818.1",0.217244852114809,3.92151624730831,0.431502553223547,0,3.92151624730831
"WRO.1",0.139880860118113,NA,0.841491856934685,63.1915740516947,0.322011403961087
"KINGS-1.1",0.183482710925604,NA,1.02978845156757,64.6633000090668,0.109913829723813
"IA-LM.1",0.131478861580301,592.190357248048,0.232625959685148,0,592.190357248048
"NCI-H526.1",0.0310295653057051,NA,0.0416987006177327,93.8737374178049,0.0677436900375828
"JVM-3.2",0.390772876939186,0.474524559350832,0.438253111978634,22.7635624317084,0.118652934014919
"KMRC-1.2",0.158857533071865,NA,4,58.9848288323715,0.275555326360245
"DB.1",0.220092862408509,4.97976751746013,0.388519322609921,0,4.97976751746013
"PEO1.1",0.153173785435133,68.6331507386556,0.43711474732322,38.4450449986876,2.40478843525841
"HCC78.1",0.35216293477513,0.953876354542007,0.466291578762237,32.3516387360673,0.102228476377963
"SaOS-2.1",0.270799236694736,3.16355455461918,0.339486901325815,0,3.16355455461918
"K-562.2",0.169368660098352,835.165314323403,0.261285130878445,34.7073707733665,8.96820999456984
"HDLM-2.2",0.203396638622781,29.2064230917047,0.265919022399234,0,29.2064230917047
"T84.1",0.250763220054435,4.80437834069673,0.32983764359334,0,4.80437834069673
"COLO 679.1",0.0996755014197553,82.3014184464129,0.372409667067293,0,82.3014184464129
"NCI-H847.2",0.343161276229829,0.297599277019745,1.27540199526017,24.0637046204023,0.177878826120215
"NCI-H522.1",0.147639671501476,NA,3.9610748975533,72.2741091108604,0.10108556043343
"ME-180.1",0.270524986236194,1.27953903341237,0.755148085271094,36.1515547549244,0.233720276548623
"COLO 320HSR.1",0.244140185813821,2.72972001388089,0.454465721580047,10.7066196204613,1.6063728866128
"Capan-1.1",0.212360475285746,52.5520236174152,0.227052247109651,0,52.5520236174152
"ME-1 [Human leukemia].1",0.0450094530583576,9.6862248702932,1.06118775824623,0,9.6862248702932
"Lu-165.1",0.0860615069773665,NA,3.15694896712389,75.298311956017,0.360577515468879
"Mo.1",0.343814136244951,0.309867361660824,1.08875311883839,34.7039414713744,0.104404090886702
"EFO-21.1",0.270695379312516,NA,4,69.2573894848535,0.00904940992868298
"BICR 78.1",0.193189392916576,NA,4,74.7235770971253,0.020377615577357
"NCI-H929.1",0.512947426343003,0.107072027876274,1.30307927475102,3.48783536948717,0.101292341279045
"SW900.1",0.194180448603642,35.2709309761008,0.267960998118499,0,35.2709309761008
"CGTH-W-1.1",0.102996001112317,10.1835123555465,0.61600523213657,0,10.1835123555465
"WM115.1",0.230643998922741,NA,4,53.735856326416,0.127809241721675
"SK-CO-1.1",0.264793651878488,21.4508716186832,0.55208742446949,47.0641414626077,0.126269999843847
"Reh.1",0.307133452963906,0.321751999406847,1.58319521340773,39.8817028978487,0.117288120447562
"Loucy.1",0.245250455179843,1.2122946970999,0.71504753327046,8.93396129863995,0.920563278582138
"SU-DHL-6.1",0.697008306122455,0.02885177018825,1.30930833617499,1.82700103808936,0.0280430497423384
"NCI-H69.2",0.258631925117988,0.595234363617911,1.49108524369232,39.0998543898629,0.214301939039351
"22Rv1.1",0.249352404606732,4.53578802146578,0.339027854376772,0,4.53578802146578
"SK-MEL-1.1",0.0427317883265536,NA,0,91.4536423346893,0.602793649757918
"L-540.1",0.0707531159040726,NA,4,80.7348277407635,0.316497803624337
"NCI-H2595.1",0.145719833256496,162.828499926063,0.260051724776655,0,162.828499926063
"COLO 680N.1",0.118218643280728,9.7764705352704,0.56381742998201,0,9.7764705352704
"EW-7.1",0.282985778736144,0.537731027990005,1.27617663377047,19.4110978671524,0.365882867354549
"JHH-2.1",0.337516847785828,0.965902134310698,0.375197962304335,0,0.965902134310698
"HCC38.2",0.155694409837593,NA,0.404185076037716,57.1260541387418,0.628216818249154
"EN.1",0.159651204230167,4.46793644615895,0.584861163069357,0,4.46793644615895
"DoTc2 4510.1",0.0671903140764314,3.01939625551998,4,44.2999623483896,1.75447442607369
"HO-1-N-1.1",0.220011153277768,0.792609222957911,1.72904979191922,37.851402582212,0.3496987441999
"KP-4.1",0.135916167357842,NA,1.36425836921818,63.159870923333,0.319522853487762
"NCI-H1993.1",0.265171453664949,1.0020783074233,0.796111153997188,27.3372516137669,0.370878368000056
"BC-1.1",0.260357471377198,1.18288345305103,0.61575502108033,0,1.18288345305103
"M059J.1",0.164200869209093,2.22771192279211,1.04034388382728,27.8143244141864,1.02010956788641
"MPP 89.1",0.21797727602421,16.7915494515866,0.278824786676314,0,16.7915494515866
"TGBC11TKB.1",0.183992959310172,26.377065374576,0.446387736856677,36.8714643517589,1.31892210839083
"SW1116.2",0.0998496241638367,NA,1.13603656701473,63.5400300072516,0.670893821339539
"NCI-H2085.1",0.251730541469898,2.46696738083461,0.536865428089591,27.4864983883475,0.55808462650671
"SK-MEL-24.1",0.10964060282312,3.44603784038256,1.09479814400203,13.3189927400591,2.596809448607
"NY.1",0.201370750437503,10.8129925639044,0.538790557973977,38.8361882503454,0.668947253603083
"NCI-H810.1",0.111752716793793,256.241807771686,0.288753273466192,0,256.241807771686
"NCI-H1755.1",0.243677377927747,1.20985224433394,0.790779268657425,22.5004475488919,0.56805769069183
"RKN.1",0.14653508415471,NA,3.40719871751645,75.8225948090905,0.0608048852085193
"NCI-H1703.1",0.31213704186295,0.360199516152171,1.3396302202446,38.8064196288915,0.117851162041523
"LS1034.1",0.198025751836551,NA,0.538822223068035,53.959770069987,0.245734878976157
"SN12C.1",0.0487594695108905,548.205927194012,0.384983826539961,0,548.205927194012
"SW1783.1",0.236851351157105,NA,1.84749320073551,53.0031407700204,0.123088269981783
"MKN28.1",0.076444413451068,20.7158765219972,0.593656995626697,0,20.7158765219972
"MLMA.1",0.291888887574216,0.929077937665834,0.66430219578705,25.1887301485041,0.323553320069603
"Mono-Mac-6.1",0.298736936713759,0.579705966636613,0.94270854871631,30.2670950516135,0.216216998276856
"U266B1.1",0.140990916393421,51.7824177230716,0.525127936558561,41.1956107897534,1.89594666600109
"MRK-nu-1.2",0.11127545141002,6.7481324946706,0.959918121177964,36.1457641875401,1.77223851719849
"WM1552C.1",0.114652448909541,9.80343649494407,1.25875163538347,47.1059247170155,1.01927900498189
"BxPC-3.1",0.189249934479612,4.93778681762996,1.10367509287048,47.2742770005184,0.353778465819732
"GI-1.1",0.25704052041504,1.3180310447809,0.593385847126424,4.05637695600119,1.14288291977245
"SJNB-12.1",0.265680218845976,5.36017127565357,0.650976048775461,45.2682242618453,0.143297727948368
"Panc 03.27.1",0.240153190745618,3.57550008869256,0.530004074811828,31.6014191815978,0.54215669890377
"SK-N-SH.1",0.222485245588429,NA,1.00034312137616,56.4854443253897,0.116438633607306
"G-292 clone A141B1.1",0.27776780706899,1.3905295826346,0.478982142355843,0,1.3905295826346
"MOG-G-CCM.2",0.304923389890737,0.933580512014177,1.02319839908832,46.0282217013737,0.0785427512747273
"NCI-H2795.1",0.197676746131854,3.90254227161833,0.58272012135524,23.9071993594159,1.27831906611399
"HD-MY-Z.1",0.0946259365216116,NA,1.63698267666799,72.5579495138605,0.374064536426143
"MDA-MB-157.2",0.187537941394596,11677847283556.8,0.0614864673559502,31.6167271673413,1e+06
"Kuramochi.1",0.152236650166581,NA,0.919531529448091,51.9904307202826,0.515561651864312
"Panc 04.03.2",0.182236670579836,206373.704873436,0.415348395553953,49.7470547318573,0.612210969928676
"CAMA-1.2",0.248941727345295,1.8811831714043,0.494567086760865,0,1.8811831714043
"MeWo.3",0.246862950507257,8.3150450353458,0.285749663737063,0,8.3150450353458
"SW1417.1",0.133658642436935,NA,4,74.598886779364,0.105585436121606
"NCI-H727.1",0.234280293748133,6.51676828165478,0.328640505524657,0,6.51676828165478
"SW872.1",0.173181806470385,130.842984649084,0.29031882241919,26.3548441307203,9.91988807804637
"Lu-139",0.0595052334451039,NA,0.940027675751945,72.0244888919229,1.24427612347776
"YAPC.1",0.189199278308551,NA,0.400251832476468,52.7044646037596,0.40631876251883
"NCI-H441.1",0.29673886802072,5.48006353381929,0.246587211832409,3.31712296842815,4.14844757170189
"CAL-72.1",0.177129798919382,7.98029007391244,0.423618223864171,0,7.98029007391244
"Namalwa.1",0.289565006969187,0.51239363822753,1.19399856399281,24.691283050726,0.289700065868442
"OCI-AML-3.1",0.229427792036446,2.33917976751588,0.71122644681219,34.8993576169388,0.434478129812556
"RPMI-8402.1",0.280210202199219,0.593876573716128,1.13612642951972,17.2346896038188,0.409386425022954
"Ramos.2G6.4C10.1",0.246412940694771,2.32438752595552,0.483569729815755,11.2934444948465,1.36893261227127
"NCI-H1869.1",0.171964838341715,NA,0.438138976703012,72.817451007391,0.0293054541502822
"JHU-022.1",0.280933574140184,0.790383872911934,0.770441892499233,12.1153721856051,0.551347313674546
"ES1.2",0.355255620441911,0.426488735163021,0.68675513842536,6.6550371346867,0.346403488554077
"NTERA-2.2",0.134417596103499,10.9385067945841,0.491144074521399,0,10.9385067945841
"TT.1",0.153880864865207,455.647206419958,0.215867756607489,0,455.647206419958
"HMV-II.1",0.293012145161147,1.81569132422595,0.376404463795535,2.00540971455381,1.62858963071851
"ESS-1.1",0.354015172838207,0.449051247329996,0.695657746487203,29.7499996215994,0.12246642346535
"SK-LMS-1.1",0.229584836650975,0.706611640960846,1.85138725432905,42.3532067669111,0.256274458972399
"SW684.1",0.233729170981354,30.4280160454158,0.273059901601539,22.5993755255086,3.36257530282894
"NCI-H3122.1",0.184373055408037,105.251394692752,0.642761754412187,48.5255053607747,0.437891199263856
"ML-2.1",0.214656037024326,0.8225415783032,1.75314832142118,35.7854082459612,0.401405906444826
"Ca Ski.1",0.192995966393455,1.41327692425611,1.47046301855846,41.7417937455248,0.415302620641705
"K5.1",0.258229267798447,1.03054542785027,0.710935409207304,0,1.03054542785027
"8305C.1",0.292619874196863,2.20591764485922,0.39618547512812,19.0707354940911,0.656246781071075
"IST-Mes1.1",0.129944472469224,NA,1.16970339948459,57.2635130216842,0.527085878835635
"GR-ST.1",0.303283222052867,0.249269451509539,2.40107150252465,37.5579638845278,0.139663199528245
"Karpas-422.1",0.22777141439892,1.56170024546703,2.33429477552571,49.6965823620569,0.175338183014356
"COR-L88.2",0.0974959913692066,NA,4,81.1616473099638,0.112087866579622
"EW-3.1",0.223759462120029,NA,1.70394475684644,54.5407634933532,0.133549705881265
"NCI-H82.1",0.125054465885793,NA,4,64.7425931366775,0.34520527777799
"HCC70.2",0.242531603300756,0.786253292559882,1.32649167275222,36.7864772242535,0.288312357610652
"TE-5.1",0.217416181745373,2.81235725468944,0.497371006705709,0,2.81235725468944
"KGN.1",0.237766204901313,1.04721761190669,0.875523578611769,2.98913547375576,0.976020478852455
"L-363.1",0.167760591200067,1.49356151659837,1.57733878969205,34.6216619670717,0.707273423525932
"EFM-19.2",0.425591382328003,0.122224932086873,1.05338152803523,39.4011676250219,0.0280278049290932
"Hs 633.T.2",0.181534730828841,1.81925296262467,0.86675500816878,0,1.81925296262467
"NCI-H3118.1",0.318016421433955,0.485606478449892,0.906153990689742,27.5266970225824,0.200915232177408
"KYSE-270.1",0.193561065982353,2.95894236569577,0.735957125270502,30.5044141999771,0.822908975761708
"TE-9.1",0.129048744409055,11.0965901493166,0.761008918135016,38.8658039798929,1.5417832418749
"CML-T1.1",0.101455216180187,28.5496979994778,0.460787598387828,0,28.5496979994778
"LC4-1.1",0.168120794639886,26.017386769515,0.32575337974045,0,26.017386769515
"Lu-65.1",0.216551966837179,1.69902265307371,0.671425638504114,0,1.69902265307371
"CS-1 [Human chondrosarcoma].1",0.231730985048963,3.42586308291097,0.417330604432415,0,3.42586308291097
"HCC44.1",0.279503153336904,1.21826528403888,0.514888442026299,0,1.21826528403888
"SW1710.1",0.158243670106729,3.56692791867919,0.9339005544684,35.8994265722053,0.919712699941095
"NCI-H2087.1",0.127948842872659,17401.3656033189,0.165611211430044,0,17401.3656033189
"SF539.1",0.269771480592427,1.27725667962455,0.668861927833839,28.5787055651359,0.359669875330025
"ONS-76.1",0.140326208599715,922.804831729438,0.210834381314227,0,922.804831729438
"NCI-H1666.1",0.278048427195748,1.49040386074374,1.33671696629608,48.7623847185367,0.0936624238918519
"SNG-M.1",0.242764558412746,1.94020242461474,0.507558167213086,0,1.94020242461474
"HOS.1",0.161373822721735,55.9599004893357,0.288496059240592,0,55.9599004893357
"CCK-81.1",0.259155832899083,5.06105234038817,0.349633099725755,16.6077559716212,1.59510144727096
"OC 314.2",0.266825141691123,1.0013837660505,0.672526861647804,0,1.0013837660505
"TGBC1TKB.1",0.0998967352823885,4.63061551691177,0.908950292710663,0,4.63061551691177
"DOK.1",0.374859460390648,0.377137899793566,0.621380773035203,17.0358433295189,0.192898664352113
"HO-1-u-1.1",0.271645112405132,0.385965291262872,3.63515995663928,26.204680131994,0.314656937536319
"KYSE-220.1",0.22127367922274,1.7748508695416,0.627035127128324,0,1.7748508695416
"ES8.1",0.366139733493415,0.607473524042594,0.403130907962153,0,0.607473524042594
"NCI-H2461.1",0.226337895902111,2.19962187149764,0.629348663253453,23.4610159084115,0.803992774023839
"LB831-BLC.1",0.222866808913487,29.516538305991,0.328125,31.25,1.48550801717278
"HuCC-T1.1",0.175152181205598,5.15527528183374,0.752909047530059,37.9190810692998,0.78151332123434
"NCI-H1651.1",0.106059622675043,NA,0.649819689488213,88.2043100813151,0.00174393397381194
"NCI-H211.1",0.226425123133632,247.252524644208,0.166064596715472,0,247.252524644208
"HAL-01.1",0.483296605447201,0.116101496913808,0.545986482382174,22.7611487339603,0.0381689381215385
"GAK.1",0.143710667084928,3.6030496408698,0.730500647526982,0,3.6030496408698
"H4.1",0.331945570658396,0.304600070408295,1.48886035541079,24.201038711949,0.19530712526451
"CAL-85-1.5",0.123703899832164,5.2217667925802,0.699477520532762,0,5.2217667925802
"IHH-4.1",0.184851716658847,1.30921233420889,1.32976755982703,19.8837549663377,0.894211834927727
"KYM-1.1",0.19781903419934,2.01463956611359,0.691309088070461,0,2.01463956611359
"BT-483.2",0.135053961064955,NA,0.581092738627571,72.6795378180869,0.133185096851308
"TC-YIK.1",0.175489894131329,2.44448717079318,0.905998348167366,29.1354876074592,0.931632549046849
"RKO.1",0.193349271220026,2.02125225354606,0.715189382942608,0,2.02125225354606
"RT-112.1",0.188524126595884,7.48130315885826,0.405620122244043,0,7.48130315885826
"OE33.1",0.200409685212142,36.1092082066063,0.963795597684086,49.5496036797002,0.272526981454725
"KYSE-70.2",0.138342271856439,200.245342587315,0.261358135733666,0,200.245342587315
"SH-4.1",0.119384033685543,NA,4,79.3876875896431,0.073219649955631
"D-263MG.1",0.14830627134881,3.73423231183309,0.691543149505322,0,3.73423231183309
"MDA-MB-436.2",0.172956850283404,5.20854592130013,0.504128212560281,0,5.20854592130013
"MDA-MB-468.2",0.266622956893115,2.75676574500574,0.367848098215863,0,2.75676574500574
"KP-3.1",0.0780021250984354,NA,2.77621685889801,81.9859949255892,0.200988010070438
"D-392MG.1",0.1088357725504,93.672088327496,0.345311266932574,0,93.672088327496
"MSTO-211H.1",0.0724391042594739,NA,1.00155237984219,64.5585817550713,1.2822793465944
"SKG-IIIa.1",0.155840775077944,3.0555912496775,1.17158817274996,40.7709777837667,0.722360086117209
"PC-3 [Human lung carcinoma].2",0.172784541577227,4.28838265714778,0.546716962935226,0,4.28838265714778
"H-EMC-SS.1",0.145492190572648,NA,1.11961285544174,56.2879747435932,0.428677415473857
"NCI-H2452.3",0.136406726860375,9.03747181182589,0.516184344409567,0,9.03747181182589
"KS-1 [Human glioblastoma].1",0.180855405138632,10.0219210552495,1.01112898652309,48.1232380507765,0.390014354232469
"KALS-1.1",0.112925481250179,NA,4,69.2808554417661,0.315740070631143
"LCLC-103H.1",0.15891889630424,NA,0.776746336759605,60.1039940152978,0.284932433793137
"SJNB-10.1",0.149784296485267,NA,1.74698062840696,66.1860302803992,0.187998096474436
"OCUB-M.2",0.287780017881274,0.646949256281169,0.940304425802695,0.7161377366809,0.637099399640679
"Hs 578T.2",0.273418365001692,0.525572925859255,1.38790321459949,33.5982354842888,0.235422662252419
"SK-N-AS.1",0.156528611167359,4.61228516528814,0.588673418632308,0,4.61228516528814
"HCC1395.2",0.303609001048766,NA,1.17067543542031,50.4844218148392,0.0560691296456369
"CHL-1.1",0.198835445663081,NA,4,60.7970361031404,0.120390218998994
"MFE-280.1",0.246052893552946,0.767486326382181,1.27732910765485,34.6151590082909,0.305021567340926
"MFH-ino.1",0.214327257225347,5.53325533712906,0.387248908883135,0,5.53325533712906
"GaMG.1",0.244102595328842,0.587590626307935,1.81792765162254,40.4313565386767,0.236621302634375
"SUP-T1.1",0.213068459232707,NA,2.50262246124703,50.3212159989535,0.206812618883166
"ZR-75-30.2",0.308795133355798,5.63578851358367,0.339385322116664,34.1910652226585,0.189454275787458
"COLO 684.1",0.333790594311168,0.846365453367472,0.486400988845868,20.6935155483574,0.282209937605693
"OVCAR-5.1",0.278780068137721,13.5802497510016,0.405838781201522,41.7089916365892,0.162206674376027
"EB3 [Human Burkitt lymphoma].1",0.35416582047313,0.918848966279402,0.546445753326296,38.6219129428978,0.0611970841113621
"GR-ST.2",0.37172059395066,0.337430504755006,0.733125470417988,21.8627489094082,0.154029429428403
"SNU-387.1",0.295985711424269,1.72615638897465,0.614147873214359,39.2254934149646,0.141813764332734
"CaR-1.1",0.265414627197797,1.37507053570462,0.529666606352721,0,1.37507053570462
"DSH1.1",0.213579131012183,1.97399469093891,0.62004273965545,0,1.97399469093891
"PSN1.1",0.0795560690354648,NA,1.53333519130207,54.892399717521,1.31965434881325
"Ca9-22.1",0.118960700494554,2.76334134528804,1.23559787978434,17.3003720297661,1.95962528812677
"KNS-62.1",0.12156860731569,NA,4,68.566769380125,0.276627499127627
"A-673.1",0.12384305401768,3.94623019750935,0.812440441188826,0,3.94623019750935
"NCI-H1299.1",0.134525684315716,4.31593607102947,0.709772014713137,0,4.31593607102947
"EW-11.1",0.270719080553105,1.4164092900009,0.499185455206421,0,1.4164092900009
"Becker.1",0.213465063710533,1.33915484424535,1.47253382644135,45.1253821335403,0.275574575734752
"GCIY.1",0.310034929008772,0.67959171143824,0.649760704170485,0,0.67959171143824
"BFTC-905.1",0.184124825498931,1.73321514288219,1.11189584685193,31.911738878208,0.694571708485404
"CAL-54.1",0.346500862249626,0.270117180941911,1.30141004668455,28.3971391265667,0.141743479862321
"BT-549.2",0.0963540165763859,6.91824372599528,0.761067583157614,1.27409313039551,6.68754090999552
"LAMA-84.1",0.0468187239053056,8.13609789357226,1.13881469680667,0,8.13609789357226
"FLO-1.1",0.214054382964863,NA,0.900190564371568,51.5388002973782,0.196704208097413
"HCC1395.3",0.253876522499627,1.96349680824226,0.649621485266484,33.7771069851304,0.347158529846586
"YT.1",0.0169877634602009,4.54684894831254,4,0,4.54684894831254
"BICR 22.1",0.110511760699739,NA,1.80073898370791,60.5418306792336,0.588020866277441
"NCI-H1581.1",0.103371418125924,NA,2.78182302422123,60.6675386035187,0.65265009459072
"KYAE-1.1",0.0355168588850917,NA,4,83.3394828786624,0.918058159452562
"MDA-MB-231.2",0.163762716432833,4.29786878139633,0.772011363800419,32.3865789402107,1.11252721242677
"769-P.1",0.077695594539776,NA,2.16126189803625,55.2972014878157,1.24818763806671
"COR-L105.1",0.265324292239382,1.07643040405535,0.64576569368702,3.20874403297732,0.971358459634544
"CAL-39.1",0.300443784689536,0.500678792836815,1.11997974606528,16.6892398376856,0.348392927316105
"EoL-1.1",0.178588282278724,4.74908093481404,0.812266006383438,40.1668958992761,0.641345782455353
"HLE.1",0.2164621565349,331.400808100547,0.361305593377708,45.3180321930942,0.471647704433248
"KATO III.1",0.0879171638201334,NA,1.20005271331494,60.9828725320938,0.968848430258747
"ACHN.1",0.217171765259027,1.75048303819292,0.771990004214485,24.6680119379624,0.72550273766547
"BL-41.1",0.239714512968576,0.638185954782241,1.73976454874882,31.1195699532365,0.364615363536035
"DND-41.1",0.129951003284879,17919.9825179795,0.163599324681604,0,17919.9825179795
"P31/FUJ.1",0.155003919507092,13.8867745602183,0.407205115837931,0,13.8867745602183
"SNU-449.1",0.117043845583309,NA,4,63.5963318910301,0.434108947550927
"NCI-H2066.1",0.199621228937744,2.410673336315,1.00242965387347,41.4269768530576,0.41510557179636
"SBC-3.1",0.304148384015742,1.16866443350418,0.528871021359106,25.0569123018295,0.31377960509633
"HCT 15.27",0.211112477622421,NA,2.48674737335061,52.0624136346813,0.191015575214475
"HCT 15.28",0.252185821236606,1.565532701317,0.53836634217173,0,1.565532701317
"HCT 15.29",0.185125705032212,3.07751025276885,0.926727706847393,39.7557939682693,0.556252263282308
"A-375.38",0.112872700931493,3.28800393173951,1.02272051045072,0,3.28800393173951
"A-375.39",0.161026275264474,3.80533176559704,0.653552894043276,8.35791849192906,2.87637330674528
"A-375.40",0.128133077058441,4.21233734743558,0.755446972163356,0,4.21233734743558
"A-549.25",0.250123574339958,0.682615824152716,1.43028852229038,38.6961625049335,0.241378255247857
"MHH-ES-1.34",0.21074702255811,1.43860947528898,0.814540982003128,0,1.43860947528898
"MHH-ES-1.35",0.213721908246043,1.63226797796981,0.708881709184964,0,1.63226797796981
"MHH-ES-1.36",0.196846371559459,1.64475960166309,0.826922569795554,2.01478042678009,1.56495276101717
"SW620.37",0.162490386414883,9.66407822710387,0.433486437232312,0,9.66407822710387
"SW620.38",0.146480676506762,NA,1.28472976781799,56.5197878278608,0.405484007223991
"SW620.39",0.165656573460226,NA,0.524196791790165,58.4523197636768,0.338384074361266
"PC-14.40",0.218018545455106,2.31593742301641,0.546646288404474,0,2.31593742301641
"PC-14.41",0.198815859190889,2.48365344194425,0.601506562646865,0,2.48365344194425
"PC-14.42",0.166654940510039,2.57931710279225,0.750037104711997,0,2.57931710279225
"U2OS.35",0.17342098081198,97.4729475680537,0.642666875945771,48.2215819363917,0.542395584656421
"U2OS.36",0.14601407393872,NA,0.638514824352774,57.8485410987316,0.489937343470585
"U2OS.37",0.165715237521384,22.6638505698935,0.585879862562111,42.1989337403906,0.951113175516281
"HT-29.35",0.305500038160816,0.48466904042149,1.06249281402317,34.0787585395053,0.165075996105593
"HT-29.36",0.249133767675986,0.449519830701661,2.37283484021261,43.4768219589914,0.190538804962168
"HT-29.37",0.305520863998825,0.763011733109478,0.606450516230624,3.06521236950742,0.687426658864798
"SNU-C2B.38",0.138471146607034,NA,4,73.0816156245914,0.114536635264683
"SNU-C2B.39",0.14483524783872,8.7585094803581,0.495604724803444,0,8.7585094803581
"C32 [Human melanoma].36",0.118458186056256,NA,0.843031316678542,57.4847979298236,0.744323149489811
"C32 [Human melanoma].37",0.096196208382821,46.9559721111851,0.42503794507149,0,46.9559721111851
"C32 [Human melanoma].38",0.0449713661686673,NA,4,74.4494344944587,1.18826883765179
"KYSE-450.1",0.167148534878032,12.2447912713797,0.394388801724328,0,12.2447912713797
"VM-CUB-1.1",0.138663287411065,6.78979141901895,0.902502686106119,40.6558082684957,1.05861027717275
"NCI-H2731.1",0.160837596320677,NA,0.930795191089907,58.8912511591259,0.28728823141713
"SNU-C1.1",0.201135455666253,29.2997017494748,0.268771185120579,0,29.2997017494748
"SK-GT-4.1",0.305449587507497,0.957814806519968,0.558732324371102,20.0476784213086,0.382814109504465
"T.T.2",0.21077649466369,5.39162973364406,0.398657633611217,0,5.39162973364406
"HPAF-II.1",0.263895992988757,2.1872191725159,0.414265079541028,0,2.1872191725159
"HSC-2.1",0.310572333492255,0.420381194107186,1.69768298769953,10.8833851203489,0.363786574433406
"IGR-37.1",0.194442709662751,0.623813209432337,4,45.8374137351926,0.335083372228078
"CW-2.1",0.170431183074536,5.62934340202807,0.709133165524431,35.644772077387,0.968725755005845
"CAL-54.2",0.327503428011849,0.275710739877989,1.71436766279746,28.7750335606019,0.167260085534014
"D283 Med.1",0.224582411370399,1.3151512182116,0.989315130182339,33.7161663334158,0.423155811245512
"HCT 116.1",0.171377394180123,4.6900174238279,0.531023618690376,0,4.6900174238279
"MIA PaCa-2.1",0.1210754307477,12.8504652507233,0.50690203310691,0,12.8504652507233
"LNZTA3WT4",0.104777798144721,8.9068625408412,0.639043854738472,0,8.9068625408412
"HT-1376.1",0.0420069567115011,NA,1.12910682966741,81.2132373376446,1.01002772952612
"OVKATE.2",0.209342367265657,NA,1.93957004283521,76.3883859475346,0.00771120819841951
"SKN.1",0.232831833851522,3.55477994218259,0.823856345351057,44.6760143459304,0.234479840500105
"SCC-4.1",0.126568450969035,NA,4,64.6491059232603,0.337321048440475
"SAS.1",0.263189935490185,2.43973525553021,0.395981971371672,0,2.43973525553021
"SK-N-FI.1",0.173936193418624,NA,1.09011741429398,59.4275593560807,0.212188054102719
"PCI-30.1",0.156586988137942,5.95988292489493,0.529290040197049,0,5.95988292489493
"NCI-H1792.1",0.16737165844476,1.92977722364447,0.945486684285612,0,1.92977722364447
"NCI-H520.1",0.359241264170175,0.439206619275537,0.640950160057641,22.0420516458353,0.177328097419425
"NCI-H841.1",0.120924529571934,36.143920116772,0.389458599989263,0,36.143920116772
"LS180.1",0.132604210056976,2.4747630257493,1.89987099878368,44.26068864584,0.791963507266537
"NB69.1",0.350352000002216,0.297852734577565,1.1380071456673,23.8876961258625,0.168302399268425
"SW982.1",0.104145868656626,8.12368246721,0.665421040578025,0,8.12368246721
"NCI-H2342.1",0.149814523279139,NA,0.772208983066206,62.8541985519132,0.27412288537186
"JHH-7.1",0.111331899161176,20.3011386903663,0.472795762799936,0,20.3011386903663
"MKN1.1",0.291182022585307,1.67352245784471,0.524000179143183,30.5292195532247,0.276680091078865
"MKN45.1",0.169005779448916,NA,2.25908491484521,50.5815986946269,0.377650764609066
"UM-UC-3.1",0.130765761145845,3.17911457167868,0.882198354266385,0,3.17911457167868
"CAL-62.1",0.240012914655109,2.19156727272554,0.484721863580586,0,2.19156727272554
"Panc 10.05.1",0.315481136248757,1.00380942054133,0.571679932111759,30.5779567837308,0.191993204887427
"RCM-1 [Human rectum adenocarcinoma].1",0.226369403002346,18.7264107771509,0.260435153275476,0,18.7264107771509
"SW1271.1",0.142600155385743,11.1749837857455,0.464877498467578,0,11.1749837857455
"OVMIU.1",0.325933520433363,0.510670837326157,0.803926690533673,28.4414698814416,0.179342463164949
"COR-L95",0.240306835028727,39.764488462141,0.207836380748386,0,39.764488462141
"Capan-2.1",0.167248233219821,18.1492159448867,0.355835486342919,0,18.1492159448867
"SHP-77.2",0.168601254750275,NA,4,81.6260521653378,0.00688141991942621
"CCRF-CEM.1",0.147878044171655,2.90561533382865,0.987217518517918,27.2327453174896,1.309649190492
"COR-L279.2",0.343368571222407,0.499481530241028,0.668450478501574,22.008679524525,0.209704628196804
"ECC10.1",0.297394911480923,2.21090660218614,0.413345277243221,25.0990806658918,0.409374418016781
"WSU-NHL.1",0.731118588249765,0.00799646859735908,0.418125541461039,0,0.00799646859735908
"ST486.1",0.30599018896319,1.0619294443326,0.457447039140846,0,1.0619294443326
"IM-9.1",0.143901545204045,2.41800985231222,1.25829229410446,32.509557099263,1.04936765852314
"MOG-G-UVW.2",0.18036196952179,1.47119264032412,1.13227916248579,0,1.47119264032412
"TE-15",0.125483585396978,3.16643900251326,0.929471838938323,0,3.16643900251326
"HSC-39.1",0.215880898023441,1.15658893104844,1.00040709213646,0,1.15658893104844
"SK-MEL-2.1",0,NA,0.277251094663496,100,0.00488902180787747
"VCaP.1",0.258734616174624,1.08649821307578,0.701197754071661,10.4794018542049,0.7768813783657
"OV-90.1",0.0941323072533273,NA,1.07843635175914,60.4433500978371,0.915816333268011
"RF-48.1",0.1513908669117,16.0526544261687,0.399625184508142,0,16.0526544261687
"Panc 02.03.1",0.289052437038486,3.5695999308035,0.460554365975512,36.8209192674375,0.197357966963195
"Karpas-299.1",0.0883662127155053,8.21134317822776,0.748034131375148,0,8.21134317822776
"TGW.1",0.239010111597892,1.72672410876439,0.55826029610011,0,1.72672410876439
"SK-LU-1.1",0.187086584535565,NA,0.78097516236837,55.1214594516582,0.244955859525385
"PL18 [Human pancreatic adenocarcinoma].1",0.0691315899458072,NA,0.77848830816879,63.450673753054,1.89627958332366
"UACC-62.1",0.125714077302931,3.69976598237661,1.01073542881931,26.6213225341593,1.74393722154278
"VMRC-RCZ.1",0.104316221404273,137.59209337578,0.331426534376636,0,137.59209337578
"OCI-AML-2.1",0.166196862621575,5.22421597402622,0.524966207944479,0,5.22421597402622
"NCI-H1355.1",0.220440441994836,2.67138454945174,1.04559179302312,45.7874000486478,0.250706403870812
"DOV13.1",0.304312925014179,1.3216277363642,0.404847774397783,0,1.3216277363642
"VAL.1",0.30029102018405,0.704218985243801,1.00282471681175,42.3226345046305,0.108703143160143
"Ku812.1",0.102284629942319,6.48716255725753,0.743591297269267,0,6.48716255725753
"KTCTL-195.1",0.378007279328908,0.528102406905275,0.405224623637564,2.38657804083979,0.468059721742667
"SJSA-1.1",0.208393619642715,3.06244230778478,0.506469035908068,0,3.06244230778478
"LoVo.1",0.42195203330051,0.22889824194707,0.635416740803598,14.902150144889,0.131150664997444
"SJNB-14.1",0.229721564472074,1.46961730311068,0.672159804207536,0,1.46961730311068
"MDA-MB-415.3",0.280895423596543,0.679280738700902,0.925562170723217,14.5954841411032,0.467822836968787
"MS-1 [Human lung carcinoma].1",0.210366074790065,3.60834443486465,0.508724673570121,14.1046912129074,1.88096307094241
"EB2.1",0.348852691861669,0.32398925172256,1.5252373884181,48.1232577818095,0.0376598966663157
"SK-HEP-1.1",0.0957460196170832,4.5515506888169,0.95581622157959,0,4.5515506888169
"MG-63.1",0.251820214307153,1.39607423747531,0.582864117229274,0,1.39607423747531
"NCI-H28.1",0.226686570693921,20.5218125327047,0.254775247591108,0,20.5218125327047
"ES6.2",0.232921529042234,2.14684266492707,0.976420583443895,44.2970201378319,0.232360812503966
"WSU-DLCL2.2",0.557711034455606,0.0828033903579326,1.01599600420509,0,0.0828033903579326
"EW-24.1",0.154452498120084,NA,4,57.9867718211378,0.315691979340224
"U2OS.38",0.17461078629305,35.9593869064892,0.294301223026541,0,35.9593869064892
"U2OS.39",0.207368393393551,344.138125299779,0.173966783311296,0,344.138125299779
"U2OS.40",0.170357759463487,338.674064362183,0.207660468789678,0,338.674064362183
"SW620.40",0.0476505681828813,15.8720443024589,0.833560120780439,0,15.8720443024589
"HT-29.38",0.331136278703463,1.40231331841753,0.388543655842315,22.6333483611172,0.297289695855885
"HT-29.39",0.272332811437808,0.86649740952454,0.747272105480492,3.96117270290164,0.775886975171506
"PC-14.43",0.154765113269806,4.64024510189095,0.594020636401767,0,4.64024510189095
"PC-14.44",0.133007262568345,13.3347445294584,0.655244161447136,35.7795052394607,1.95714561035816
"PC-14.45",0.116641663669005,5.1286881600766,0.744760652082108,0,5.1286881600766
"A-375.41",0.150919883290532,3.38161172960458,0.716776875790915,0,3.38161172960458
"A-375.42",0.150525276046199,3.12162154138875,0.75454007209087,0,3.12162154138875
"A-375.43",0.157173487877639,3.10543276541388,0.718317577106991,0,3.10543276541388
"SNU-C2B.40",0.117393850724045,6.92473656935109,0.861555266956107,33.2703773758788,1.9431803641481
"SNU-C2B.41",0.190965231673539,442.896414863533,0.361818983469478,44.6388395454197,0.925127890838148
"SNU-C2B.42",0.204647603580704,7042.31853526824,0.301836880495942,46.9347742966972,0.677049248028221
"C32 [Human melanoma].39",0.154592738259305,5.59831125653115,0.549293003213494,0,5.59831125653115
"C32 [Human melanoma].40",0.16218348198136,NA,1.05478560930191,60.0320842476068,0.25195800766688
"C32 [Human melanoma].41",0.159113018242831,21.7571729118204,0.355586240072191,0,21.7571729118204
"HCT 15.30",0.321388986404625,0.681722340644841,0.800219252911903,39.0589854666119,0.102080556106258
"MFM-223.13",0.100221742977343,1.92960130893988,4,42.3856508408538,1.2054058113454
"MFM-223.14",0.105941045188612,3.70397317965193,0.999256641900528,0,3.70397317965193
"MFM-223.15",0.112263084374515,2.83255745599787,1.18338883510303,0,2.83255745599787
"LOX-IMVI.1",0.225124250903693,1.72907374805639,0.70738761407459,20.9572400056507,0.802209088233831
"VL51.1",0.193387395447481,9.83484862688937,0.36388191918138,0,9.83484862688937
"SK-UT-1.1",0.207683885071483,6.57996564860772,0.379744434414715,0,6.57996564860772
"VMRC-LCD.1",0.0321028606676588,NA,4,73.6751099216633,1.737976859611
"T98G.1",0.217805417797843,2.05783547292031,0.58566291507189,0,2.05783547292031
"YH-13.1",0.33217675764562,0.620605026801014,0.564274053280091,0,0.620605026801014
"SK-PN-DW.1",0.159579939147142,8.36936436240693,0.618875543184544,32.6240466927719,1.5170163332043
"EW-22.1",0.258145145432633,0.856967247856333,0.905906328984597,14.4429605905092,0.588224217380691
"LS513",0.233473518158067,1.33255796107385,0.727345624223749,7.32686226749445,1.07170283491919
"COLO 668.1",0.195366509818398,25.6523700514958,0.426597083871241,36.7452649506233,1.14157190038853
"NCI-H64.1",0.218243348173313,2.35344470794215,0.541090573894355,0,2.35344470794215
"SW948.2",0.225149300592167,1.54853222299336,0.670620169921645,0,1.54853222299336
"LS123.1",0.347551271737939,0.486752764596858,0.689449747017905,29.1546107787734,0.136836600672416
"MDA-MB-453.2",0.329703106902457,0.296442389809258,1.48990325697527,27.5561524049645,0.173162377327811
"UACC-812.3",0.215732166694033,3.53778479123557,0.453974004558871,0,3.53778479123557
"SW13.1",0.246593791092443,2.49513644096285,0.435984766946781,0,2.49513644096285
"IST-MEL1.1",0.180202769348726,3.35100648760753,0.583829606305876,0,3.35100648760753
"MEG-01.1",0.0849677461031846,54.8575406974726,0.44123538549302,0,54.8575406974726
"MEG-01.2",0.0601725803368372,NA,4,83.777692878768,0.308584375248655
"NKM-1.1",0.163101842104037,6.32708808053393,1.37023910410887,48.6102447519231,0.463033619371797
"Fu97.1",0.177504457670824,18.1993580680831,0.479677442460978,35.0777636059739,1.4631433319152
"NCI-H358.1",0.21464134146354,10.3725217464002,0.320075926416074,0,10.3725217464002
"CAL-148.2",0.255268705163754,0.835123251906355,0.965675574821138,5.64809081724106,0.73763671981398
"CAL-148.3",0.228156985860755,0.738743439093501,1.73866009176685,25.2585627682953,0.492898717901599
"NCI-H2009.1",0.19496199303625,2.16229861306559,0.840409508694177,28.8652162587284,0.776117740746599
"NCI-H1435.1",0.169668235443332,17.8936907387584,0.35255676356642,0,17.8936907387584
"NCI-H1435.2",0.115241712321098,NA,1.53766165047531,67.1633772313308,0.359638167409449
"NCI-H2023.1",0.312085198492019,1.00294897010353,0.452473107157584,0,1.00294897010353
"NCI-H2023.2",0.269110134672938,0.770962629113084,0.912980253764755,17.8799314054047,0.474811318352513
"SW1088.1",0.284653292491168,0.898106730272812,0.744869191787257,28.4892244920907,0.289430999225949
"SK-PN-DW.2",0.220393393262571,6.07368285972505,0.36294597868631,0,6.07368285972505
"SK-PN-DW.3",0.244180654389679,0.866716890441515,1.91043920669439,48.1375487557427,0.1548609327599
"SW1990.1",0.132529689129902,599.943959153283,0.231035649623354,0,599.943959153283
"SK-OV-3.1",0.192521040671597,5.00989674173524,0.617829969072826,32.6249101230539,0.905391511362679
"SK-OV-3.2",0.214381055362447,NA,1.06847750809451,56.9621701302882,0.128261219642261
"SK-OV-3.3",0.165734918760182,NA,1.38540480949725,61.2831551876124,0.209840481124537
"SW1990.2",0.038105642307955,NA,4,79.1740815523049,1.13208658931386
"SW1990.3",0.136816938014531,738.676836956066,0.220371286382343,0,738.676836956066
"LS513.1",0.189414470578804,1.78760590693513,0.870605470574266,13.2038477121413,1.25693271261141
"LS513.2",0.152172965518763,2.93340629594432,0.942081405187946,26.7661226033007,1.30035099985742
"NCI-H524.1",0.226347479990662,2.09182635087474,0.675575327375488,27.2904982822619,0.650372137554335
"TK-10.1",0.227221563640674,56.9535503830135,0.848325286041175,49.6134676430169,0.184571313491308
"SNU-423.1",0.290603204653836,4.6128255789893,0.392185023894363,33.8590491795264,0.258168157650963
"SNU-423.2",0.217169371020341,7.90789210239082,0.340739719692813,0,7.90789210239082
"RMG-I.2",0.178503112955562,5.46951714950859,0.47850875193814,0,5.46951714950859
"RMG-I.3",0.191219265998566,8.60423785387518,0.382798850485385,0,8.60423785387518
"Hs 766T.1",0.187187245798051,66.8794947972258,0.580900718306213,47.1312529793099,0.488064615487914
"Hs 766T.2",0.151718977423889,NA,1.07849589447221,60.6628855979247,0.291301470711767
"NCI-H524.2",0.239545059555807,3.03027130465379,0.418473330596493,0,3.03027130465379
"U-698-M.1",0.259179551592416,1.61489109733273,0.501792541504036,0,1.61489109733273
"U-698-M.2",0.319846464075174,1.59813863500269,0.326986256075399,0,1.59813863500269
"NCI-H835.1",0.218319200771837,1.8476350075867,0.675984379152533,14.1435780175285,1.12978878881306
"NCI-H835.2",0.26192738560823,4.49037256753705,0.316132504056689,0,4.49037256753705
"NCI-H835.3",0.189940254316584,2.02328893701057,0.735163754686549,0,2.02328893701057
"NALM-6.1",0.461695118384225,0.19421499201342,0.402244108574024,3.45183334945628,0.162572656536312
"NCI-H226.1",0.194085977199834,NA,0.211979171772462,57.5057827814223,0.297383302256307
"NCI-H226.2",0.206429198399147,233.952729654097,0.184228264648454,0,233.952729654097
"NCI-H226.3",0.231544554803871,1603.09496411349,0.128850897941508,0,1603.09496411349
"FU-OV-1.1",0.268707003718766,NA,1.69701366340708,54.9988169453083,0.0643889579195635
"FU-OV-1.2",0.281893053671775,1.28697252349271,0.697124191306961,35.987861604281,0.207528108803317
"FU-OV-1.3",0.226634741101977,NA,2.3655139771431,56.0789193332146,0.113275797848491
"MOLT-4.1",0.216869701675217,1.23481757401952,1.15221155552346,36.1893902862979,0.404258916509195
"MOLT-4.2",0.200677292121144,0.861665582702928,2.17305930088868,42.5013946684484,0.359877470206262
"MOLT-4.3",0.199830055218591,0.908885856646425,2.59211681702834,47.412749597885,0.289960595264517
"AMO1.1",0.292543691218056,0.423893227690662,1.79904212194487,20.6254182177822,0.315395689414724
"NCI-N87.1",0.280683653445171,0.860412786114776,1.42058691358194,47.7284083627347,0.0976284850959542
"SR.1",0.248950344916766,3.117062108487,0.566255518373043,34.8123737999078,0.380086296827922
"SR.2",0.263733891175503,2.94052454597769,0.364878721510981,0,2.94052454597769
"SR.3",0.304885164457759,2.63835508526608,0.292803625191108,0,2.63835508526608
"NCC-IT.1",0.233295841891746,4.65112553819841,0.419739261146411,17.9443346799622,1.61284801131794
"SW1463.1",0.0985232186127458,NA,2.67583424130784,78.4916472974103,0.169037476627515
"SW1463.2",0.0819248682092847,NA,1.07481232493662,67.8742060721919,0.79693610664566
"NCC-IT.2",0.215661183503233,2.3856734998605,0.546750113099195,0,2.3856734998605
"WIL2 NS.2",0.309880149108714,0.899058186006358,0.648988989792834,32.256508785469,0.182183081516446
"RMG-I.4",0.17220112875404,NA,2.86956020517262,63.1231157055126,0.158961022022209
"MDA-MB-175-VII.4",0.248656372951143,1.17676476987339,0.788632849478123,24.5160466465097,0.500653168173432
