"","aac_recomputed","ic50_recomputed","HS","E_inf","EC50"
"PC-14",0.0372076183542109,12.4072617780941,1.96063491834429,0,12.4072617780941
"A-549",0.0404775812211456,NA,4,53.9730125709317,5.5744077058855
"A-375",0.363468380716389,1.24802678195949,0.536015376159733,18.0335579432537,0.541725940210121
"DEL",0.297449780707117,7.5194730811122,0.292594136673817,0,7.5194730811122
"EW-13",0.0109485922387221,NA,0,97.8102815522556,0.210650743271744
"CL-40",0.0227829758009508,28.8250524829011,1.35620986459471,0,28.8250524829011
"C32 [Human melanoma]",0.388831158271366,0.941513033656217,0.51753592067672,0,0.941513033656217
"U2OS",0.0884886899317408,NA,0,82.3022620136518,289.586914128477
"TC-71",0.0118382803251693,NA,4,52.8125,10
"DiFi",0.124905992186431,NA,4,84.6656057331087,0.0359661770859454
"RKO",0.111211577236708,NA,4,79.3780955097793,0.241133387938602
"CL-11",0.00890794129431297,13.7587800467612,4,0,13.7587800467612
"PC-14.1",0.0826682449792234,2716205525987.17,0.121630372633373,41.7509348744198,1e+06
"A-549.1",0.0243427673818826,NA,1.50206173591469,81.9088247569428,4.77059088186658
"A-375.1",0.308422854882924,0.9234317748378,1.36905293440162,32.2451527682082,0.433474796217887
"SW620",0,NA,0.511895890342163,100,0.0215085987041815
"HT-29",0.149935327084601,1.21069523438853e+20,0.0669986496699076,44.3058943221378,999994.355259013
"HCT 15",0.0505332294008581,73.9087749016658,0.664781575124138,0,73.9087749016658
"SNU-C2B",0.119562007453547,1598.0903080748,0.244547221402834,0,1598.0903080748
"MHH-ES-1",0.0018845432734528,20.7978602283596,4,0,20.7978602283596
"MFM-223",0.00754321710226164,14.413169960127,4,0,14.413169960127
"C32 [Human melanoma].1",0.249580625058132,1.22784993132439,2.27713209970819,32.9456636186262,0.765602603570652
"U2OS.1",0.0312114035161283,NA,0,93.7577192967743,0.0611191098702475
"SR",0.0331740867210219,9.46023748270439,3.46459503918938,0,9.46023748270439
"SKM-1",0.133228129983027,NA,0,73.3543740033946,1e+06
"COLO 320HSR",0.0537358320090523,NA,0,89.2528335981895,2698.19041350616
"DiFi.1",0.0719647635087297,24.737687733189,0.794218145884951,0,24.737687733189
"CCK-81",0.135151199760198,NA,0,72.9697600479604,1e-06
"COLO 205",0.317531126238421,5.74637813645958,0.28365436163811,0,5.74637813645958
"RKO.1",0.0305166114520562,12.1944347321653,2.32083078881037,0,12.1944347321653
"SK-CO-1",0,NA,0,100,4.65969527525764
"LS411N",0.141832177992706,NA,0.841337245730454,50.1983478896224,1.76603232425737
"LS123",0.029139833483544,NA,0,94.1720333032912,7.31597732887747
"LS1034",0.0392901375280734,NA,0,92.1419724943853,0.000629301802966028
"HCC2998",0,NA,1,100,0.0316366632677971
"NCI-H929",0,NA,0,100,1e+06
"CP66-MEL",0.036348631805452,NA,4,67.3565040970826,4.68922681067296
"Ku812",0.0554763902842499,10.7948051781107,4,47.9557301177426,4.85407927963184
"RF-48",NA,NA,NA,NA,NA
"DB",NA,NA,NA,NA,NA
"SR.1",0.0907791606823895,7.52229368538291,4,48.8302962969592,2.9418921692662
"Lu-139",0,NA,0,100,13.9820389743209
"MDST8",0.107518893554092,NA,1.64031909532631,54.3506304503178,2.05324536732698
"HT-55",0.154979042642632,998352.514707265,0.114534578738446,0,998352.514707265
"Ca9-22",0.0256803265546208,NA,4,96.7185340193602,0.0448900837903131
"DOK",0.0443849179560822,NA,4,84.4213366380531,1.39759537243621
"CaR-1",0.0691425320244138,NA,4,82.7340970452133,0.629103439636137
"HT115",0.00973188513218942,NA,0,98.0536229735621,117705.257678816
"GP5d",0.0752259854820856,NA,0,84.9548029035829,0.222438970016541
"SW620.1",0.0480472046930537,34.4455892751563,0.875969704993147,0,34.4455892751563
"CW-2",0.0483664774746428,NA,0.0092841303970369,90.3213556947606,0.356304935242612
"HuTu 80",0.093028208487195,NA,2.41855305127174,62.6810216435582,1.79900835279714
"HCT 116",0.0238357933245954,NA,4,92.1154958278753,1.23925053268574
"PC-14.2",0.117131455764566,1321.64846144403,0.253788633098421,0,1321.64846144403
"PC-14.3",0.135927802614712,NA,4,85.8322157966435,0.0119995542471928
"PC-14.4",0.0518971877889892,NA,4,74.6707357543111,2.43083018219855
"A-375.2",0.238002912515638,1.58006768507588,1.95843498508999,26.5403218811846,1.07365356204313
"A-375.3",0.284692167455316,1.92333100771201,0.905114176533335,35.265965979729,0.498627522870392
"A-375.4",0.318063688281082,0.639139475769912,1.88235257180434,35.6152118076617,0.329726604411523
"SW620.2",0.0446404624555559,NA,4,68.8666479247015,3.73220211496896
"SW620.3",0.105330509296359,27952664.9652497,0.129995877793765,17.5704480619776,1e+06
"SW620.4",0.0895546566674982,NA,0,82.0890686665004,0.0220767062895805
"HT-29.1",0.168171388573594,NA,4,52.784621832261,0.85418013734969
"HT-29.2",0.200241699556899,13.8461067782874,0.419504227046981,0,13.8461067782874
"HT-29.3",0.260914445310282,3.094991640024,0.728969947078028,28.9467246338334,0.944806460772529
"SNU-C2B.1",0.0332901541527905,NA,0,93.3419691694419,0.0745647819614772
"SNU-C2B.2",0,NA,0.233988984863871,100,0.0359206310870658
"SNU-C2B.3",NA,NA,NA,NA,NA
"MHH-ES-1.1",0.0553087789003461,NA,0,88.9382442199308,1.05409185171555
"MHH-ES-1.2",0.0541145982538127,NA,4,81.1101157930106,1.38255795743643
"MHH-ES-1.3",0.00964670545398785,13.4516067718222,4,0,13.4516067718222
"MFM-223.1",0.114021666112744,NA,0,77.1956667774511,121.091432171363
"MFM-223.2",0.0809422610377572,NA,0.0241384220986924,82.6267588114229,91.0541176702351
"MFM-223.3",0.08178777657636,227.057644113223,0.407605294363566,0,227.057644113223
"C32 [Human melanoma].2",0.31565491860967,1.26076392263814,0.91136667549524,31.0738498570799,0.434204353765192
"C32 [Human melanoma].3",0.300897865537522,1.32125685662296,1.0072094499713,18.2664246294723,0.84129746376487
"C32 [Human melanoma].4",0.293531790220468,1.21510895103996,1.19651241660268,28.3436437495668,0.603826330824568
"U2OS.2",0.16603567709592,NA,4,81.8657796392677,0.0174719206892992
"U2OS.3",0.101560986628205,NA,1.07763625213524,83.9990107472485,0.118057964843539
"SNU-C5",0.13226311806046,NA,1.28521187222326,82.0317249236043,0.0573132366215585
"SW48",0,NA,0,100,358.573339122184
"NCI-H747",0.00526443846819964,15.8975166357255,4,0,15.8975166357255
"C2BBe1",0.0644044586619232,NA,0,87.1191082676154,0.00254695574107272
"COLO 205.1",0.29459823133853,0.511005380698565,3.40819501104535,42.1389061085247,0.296943615632413
"EM-2",0.125584876167725,NA,0,74.8830247664551,0.0115914522769494
"KCL-22",0.018305541308058,NA,4,81.0241081123443,5.22937950526725
"CS-1 [Human chondrosarcoma]",0.212982821476365,NA,4,66.0819110169435,0.130719811789876
"SKN",0.0432169777652116,NA,4,78.0155179126282,2.57503360667266
"PEO1",0.0210924253985098,NA,4,90.2283148456548,2.25305266753002
"TE-12",0.0430798721024241,NA,4,79.5499724878598,2.33557101444581
"CW-2.1",0.117261506360319,NA,0,76.5476987279363,0.0308551791156784
"SKM-1.1",0,NA,4,100,27180.634311783
"HSC-3",0,NA,0,100,3037.88480150022
"Ca9-22.1",0,NA,0,100,0.103008137265494
"PCI-04B",0.0466232255041673,NA,4,73.037481975984,3.0352974766723
"DiFi.2",0.298721196925282,NA,-1.38777878078145e-17,74.2083056892556,3.73519949827616e-05
"LS513",0.0427946941171061,NA,4,90.6684953404515,0.421009539488249
"OACP4 C",0.00334128419726188,17.9320771260186,4,0,17.9320771260186
"SK-GT-4",0.0407800344486265,NA,0,91.8439931102747,0.0119089130277204
"NCI-H841",0.0532880646174095,NA,0,89.3423870765181,0.0707476982703678
"SNU-175",0.0483716352256815,NA,0,90.3256729548637,556.857004789494
"COLO 678",0.0276853370000228,NA,0,94.4629325999954,82.7586789857144
"SNU-1040",0.026070998737638,NA,0,94.7858002524724,0.000283266515640686
"SNU-407",0.0496895831492367,NA,0,90.0620833701527,0.0100512323016073
"T84",0.0156974788450749,NA,4,92.2425922304453,2.47393427352838
"NCI-H2135",0,NA,0,100,676.709964923612
"ABC-1",0.0440720088177473,NA,0,91.1855982364505,155.416658953753
"SK-MEL-5",0.181899857044496,NA,1.10322306811742,71.1177407469621,0.122981212058988
"CL-34",0.0324739848165598,15.7040897915735,2.13227083720063,30.8395840406858,10.0149916941817
"NCI-H841.1",0.0104286000349417,13.1548386451999,4,0,13.1548386451999
"NCI-H1876",0,NA,0.768574828709973,100,0.015732067478415
"OVK18",0.0368605799572111,NA,0,92.6278840085578,642.395469897713
"A-427",0.00559719358843813,15.6373496965091,4,0,15.6373496965091
"LP-1",0,NA,0,100,0.0384860016154613
"EM-2.1",0.0332629275221731,21.2320965610187,1.34688656487201,0,21.2320965610187
"Lu-139.1",0,NA,0.758687320021421,100,0.138431594566009
"MRK-nu-1",0,NA,0,100,136.929857285148
"NCC010",0.0623625180748733,NA,4,88.7586320930703,0.216695047402162
"RKN",0.0222739533736601,NA,0,95.545209325268,65.0557945091849
"SW1417",0.103005516205167,NA,4,70.3676013144295,0.906261362524509
"TE-15",0.130613752396903,17.5652684876713,0.58647583363629,0,17.5652684876713
"5637",0.0945816073237756,1150.02162987505,0.291824669135673,0,1150.02162987505
"697",0.0983425398821889,15.3580750337999,0.787965260549476,0,15.3580750337999
"OSC-20",0.0846944116858766,NA,1.26078032280014,89.3814369756751,0.0349012230915644
"CaR-1.1",0.0933096146717561,NA,4,88.1575814074075,0.0432602514274419
"8505C",0.155072732552064,78309043197.843,0.0838046168001643,30.5533040930968,999995.911412314
"786-O",0.132121665683494,NA,0,73.5756668633012,0.00359524030972458
"647V",0.108037413272498,NA,0,78.3925173455003,9.4987387947098
"42-MG-BA",0.135686640743116,5797509528199.98,0.0868533043997483,37.0711429355296,1e+06
"SW837",0.119347823313154,NA,0.324270158549722,77.9830644624726,0.178283968582939
"A101D",0.215415686087736,NA,0.683776360811474,53.6806414095028,0.423503140304182
"VMRC-RCZ",0.066087237262594,NA,0,86.7825525474812,0.000756400248441934
"639V",0.0291966182886425,NA,0,94.1606763422715,502696.107900813
"B-CPAP",0.127507663089379,3238.27427314835,0.215628022506289,0,3238.27427314835
"A-172",0.00142167005815053,NA,0,99.7156659883699,0.0182882412180783
"8-MG-BA",0.148427696242224,33207277034185816,0.0726011666308547,41.3877585932733,1e+06
"BHT-101",0.256077473440271,8.53659955742178,0.36075796554867,0,8.53659955742178
"H-EMC-SS",0.0784962079810023,NA,0,84.3007584037995,0.0247122758676867
"SW1116",0.0453125,NA,0,90.9375,1e-06
"LS180",4.39126824386404e-05,NA,0,99.9912174635123,10.0773037035238
"A2058",0.0747546774539431,NA,0.230762553629173,72.4362236670419,28.2170052424593
"BPH-1",0.257402681760447,NA,1.58657462361051,73.4601568073694,0.0055376191122775
"Jiyoye",0,NA,0,100,1.79741398401167
"697.1",0.0671869701636563,8.90766150912274,1.96037135261514,21.0091203355959,6.74554250710295
"SUIT-2",0.0607269012478465,NA,0,87.8546197504307,0.426140719781211
"C2BBe1.1",0.0546235633214381,NA,0.0540568013224406,82.2977453380873,1e+06
"UACC-257",0.194455722420349,16.8866507419771,0.405454616542745,0,16.8866507419771
"LoVo",0.109213427984721,40.8061581322399,0.508618989693457,0,40.8061581322399
"23132/87",0.054116156757665,NA,0,89.176768648467,0.0429857825096998
"WM793",0.188456535310611,82.0934404897926,0.286022233969185,4.04855621748319,61.1080877457622
"647V.1",0,NA,0.738379980073038,100,0.0189029884702047
"A101D.1",0.269244241063197,3.00892742497989,0.710448070247231,30.2212671846235,0.815615801763932
"A-172.1",0.029414777328226,NA,4,83.7210803863896,2.87543612258635
"BFTC-909",0.0123862793018929,NA,0,97.5227441396214,0.0183891506941091
"8-MG-BA.1",0.0505367370547817,NA,4,75.3958741689479,2.42226584924628
"SW948",0.0309859262008994,NA,0,93.8028147598201,0.0748445782782229
"NCI-H345",NA,NA,NA,NA,NA
"RERF-LC-KJ",0.00341662918650158,17.8276756327542,4,0,17.8276756327542
"CHP-134",0.0341229027785707,NA,2.10032128046769,80.7958507371046,3.04309822706823
"HuTu 80.1",0.0285967486536012,15.2876857565485,2.390625,31.875,10
"C-4-I",0.0514275064851894,175.074590755442,0.535418778440972,0,175.074590755442
"SU.86.86",0.0350985052397562,NA,4,82.508874389457,2.5030951670615
"BT-474",0.0702082002604448,NA,0,85.958359947911,1.94091968769197
"EW-18",0.0878375076598945,NA,0,82.4324984680211,0.0631020842601362
"SK-N-BE(2)-M17",0.127971494146111,NA,0,74.4057011707777,0.141416974879823
"A3/Kawakami",0.0980753316201333,10.6365219351266,0.977722396517849,0,10.6365219351266
"HCC1806",0.020257104177046,NA,4,83.3102424832398,4.36283169646286
"CAL-120",0.0677157150760586,NA,0,86.4568569847883,0.000626856369988345
"GOTO",NA,NA,NA,NA,NA
"G-402",0.0296389411367928,NA,4,68.4143957831785,5.33279432954796
"Hep-G2/C3A",0.0869055283276055,NA,1.63581331664442,55.686327613513,2.76903754552095
"BT-474.1",0,NA,0,100,0.372316972567291
"SUIT-2.1",0.0851614348789175,999970.871396477,0.161483039134409,0,999970.871396477
"CADO-ES1",NA,NA,NA,NA,NA
"Panc 02.03",0.054091722197508,NA,4,82.6296557610951,1.16381257551277
"B-CPAP.1",0.245190580895018,6400.55213516909,0.114745859245621,0,6400.55213516909
"FaDu",0.11246677321254,NA,0,77.506645357492,0.233928519485232
"CADO-ES1.1",0.197525495345918,NA,0.969869463217894,77.7775591452741,0.0111253825119936
"SiHa",0.0809040543508222,188.856586664957,0.424601751739414,0,188.856586664957
"Hep-G2/C3A.1",0.0716183149457023,NA,1.18941465309681,56.9032390411634,4.06207968637132
"SNU-81",0.02307462986783,27.4631934611137,1.38447749099742,0,27.4631934611137
"BT-474.2",0.100687391921361,NA,0,79.8625216157279,0.00483264592350733
"BB49-HNC",0.0203034369456916,10.7372722678275,4,0,10.7372722678275
"ZR-75-30",0.0298395193747168,21.7901279514874,1.4028960070008,0,21.7901279514874
"HC-1",0.0126926666269255,14.2527224003359,3.19088511936557,0,14.2527224003359
"TK [Human B-cell lymphoma]",0,NA,1.22774111698687,100,11.1419152327677
"DAN-G",0.0231477418438782,36.4427268708254,1.25823280856388,11.525097528987,29.5918784164388
"CAL-27",0.0637584505286433,NA,2.09369952528813,82.0245175218339,0.865374501100006
"NCI-H1781",0.146796455649522,NA,4,84.1093314887264,0.0163961565152848
"CAL-51",0.0278740152268508,NA,0,94.4251969546298,7.16289634794581
"EBC-1",0.0230184741075981,NA,4,95.400836458934,0.315236613086045
"ES-2",0.115398085582855,NA,2.34965615287774,76.9461211970304,0.315093080657412
"ES4",0.0792281825586493,NA,0.784245085901407,79.0491505041301,0.836814884296555
"COR-L23",0.0572520071888142,20.3067063503617,1.00715449230004,0,20.3067063503617
"KYSE-410",0.05625,NA,0,88.75,1e-06
"RD",0.0103732509065342,NA,0,97.9253498186931,0.0108800714649301
"RC-K8",0.0166216829210588,20.193139238443,1.95961084370132,0,20.193139238443
"NUGC-3",0.141067446544485,41.0259988967062,0.420686144620985,0,41.0259988967062
"VA-ES-BJ",0.0394915556532823,NA,0.817215152479249,95.3301517277411,0.0151216944925366
"CAL-78",0.076387516823575,NA,4,71.2230831073081,1.5987850779561
"EW-1",0.0198040859526572,17.9511357913867,1.98800189539758,0,17.9511357913867
"CAL-29",0.0347166698709611,NA,1.5009567457515,96.5283326812525,1e-06
"OE19",0.0230195742818762,NA,4,96.5922148967019,0.0941113343356534
"Jurkat",0.0351618199853535,NA,4,54.0867407411308,6.08431980670702
"PL4",0.0967102318732639,NA,0,80.6579536253472,1.51973214075344
"OVTOKO",0.100854685292706,20.4298974794111,0.680170765669015,0,20.4298974794111
"NH-12",0.0393816940502447,NA,0,92.123661189951,0.0044568068802496
"A-498",0.0961454123160558,20069.2947616496,0.28125,35.9375000000001,220.673406908459
"IGROV-1",0.137314622745409,15.4371481645287,0.590560977505469,0,15.4371481645287
"AsPC-1",0,NA,0,100,40.0772509857397
"Rh30",0.0232406376097876,5421031332.10502,0.217546720123184,42.2974818466982,1e+06
"NCI-H661",0.0327056028277238,NA,4,95.4633269119025,0.0687651283306649
"COR-L23.1",0.0696914158584323,NA,4,92.0316113918976,0.023602260696224
"Daoy",0.0917384931512078,33.2944620743785,0.608463617602896,0,33.2944620743785
"G-401",0.0966370991755233,NA,0,80.6725801648954,0.245883459614221
"Evsa-T",0.0492318105776564,NA,4,92.416046214884,0.112893543863117
"Calu-6",0.173642100973971,154.463271989866,0.26659017149537,0,154.463271989866
"EC-GI-10",0.046608699279527,NA,0.08138093027043,79.6951889004732,1e+06
"HCC78",0.00160118105332095,21.6839548785022,4,0,21.6839548785022
"AN3-CA",0.0440161105827225,NA,4,74.634819225124,3.02240736273077
"HuH-1",0.113717072515256,NA,4,72.2951961594419,0.587105169070201
"CAL-33",0.00944110374365089,NA,4,88.3545630637043,5.87526154258538
"ASH-3",0,NA,0,100,214.975842202281
"GCT",0.126178507309333,NA,0.500970118578505,62.9748657792687,1.59523197904191
"ALL-PO",0.108537210224024,10.1767763891469,1.52404150474057,42.1619857731912,3.01692333161229
"TE-4",0.0751645860009779,NA,0,84.9670827998044,0.0042020263539034
"COLO 792",0.0863743644036593,NA,1.26319679437259,91.3625548004876,1e-06
"EPLC-272H",0.133124503419635,NA,0,73.375099316073,0.210360517533009
"ESO-51",0.19573425593688,44.7558821864945,0.307953163296737,0,44.7558821864945
"CFPAC-1",0.0552611311105579,NA,4,70.5536651467695,2.73937087534899
"Raji",0.115891029066865,NA,4,78.9215720092936,0.224232894566048
"Detroit 562",0.0815891965218634,NA,1.15998739636974,76.1932917777192,0.988172900349234
"Daudi",0.0045728830434908,16.5074700577076,4,0,16.5074700577076
"NCI-H2591",0.14876890006628,4489525805.0919,0.0918307258062014,26.9021958668571,999621.703099654
"CA46",0.122691215597362,NA,0,75.4617568805276,0.37819743643207
"ALL-SIL",0,NA,1,100,0.100035129252774
"Granta-519",0,NA,0,100,1.63854947772711
"NCI-H2369",0.00280214583369853,NA,0,99.4395708332603,0.0293809389180354
"DBTRG-05MG",0.18460718230228,26.127946567429,0.375020734072291,0,26.127946567429
"EGI-1",0,NA,0.323709836654251,100,0.0219999862928026
"LXF 289",0.0018488111372349,NA,0,99.630237772553,0.165769501070375
"NCI-H513",0.0163817719660671,NA,0,96.7236456067866,1.87745406253008
"ME-180",0.058609012622905,NA,4,60.2655690890762,3.62567130267864
"NCI-H2373",0.120003520083482,3956333324651.66,0.0956752435412046,38.3111334096472,1e+06
"CHP-212",0.00659747419052924,14.9543966151418,4,0,14.9543966151418
"HC-1.1",0.0572898670947354,126.982328167261,0.547276368174665,0,126.982328167261
"GB-1",0.0693152021272712,NA,0.873218813159996,74.9685260082678,1.84774682178612
"DK-MG",0.0490094353773362,NA,4,86.0185157006375,0.8881656791035
"GI-ME-N",0.057457700036415,NA,0,88.508459992717,0.0473460994430615
"AU565",0.0281987575280205,NA,4,78.925839057671,3.99333096693211
"G-361",0.28159240467926,2.45900423875451,0.595985451021515,0,2.45900423875451
"EW-16",0.0943436193526523,NA,4,89.9274298504796,0.0147769791907837
"LN-18",0.100162225304041,NA,4,70.6793547614123,0.944619967906843
"BT-474.3",0.147473566341835,5.9396505628215e+21,0.066475357210029,45.5290108673942,1e+06
"SNU-61",0.00483623419912129,16.2628875649668,4,0,16.2628875649668
"AM-38",0.24177101445334,34060.2379451012,0.099520678649484,0,34060.2379451012
"NB(TU)1",0,NA,0,100,47.1301282113487
"HeLa",0.0108504030208457,NA,0,97.8299193958309,0.0700175320822607
"NCI-H1623",0.0531548978049238,NA,0,89.3690204390152,0.00675797494302347
"SW1463",0.0847704081822255,NA,0,83.0459183635549,0.00121361103004372
"NCI-H2122",0.0852292366773584,NA,4,51.5247820670516,2.97458420566835
"LN-405",0.115129542868937,NA,0,76.9740914262127,0.00207664704243028
"NCI-H2228",0.00512705868855546,16.0107328693735,4,0,16.0107328693735
"MOLT-16",0.0223524368163593,14.1393428819107,2.36520508035562,0,14.1393428819107
"RC-K8.1",0.000930939572543678,NA,4,58.3332724724554,19.9070846186622
"SNU-C1",0.0151417416497997,NA,0,96.9716516700401,0.457464465239832
"P12-Ichikawa",0.0525776480478815,17.8544672348131,1.14384828666578,0,17.8544672348131
"DMS 53",0.0946850138530855,NA,0,81.0629972293829,0.0050024241768623
"SK-MM-2",NA,NA,NA,NA,NA
"NCI-H1563",0.0948668419595331,NA,0,81.0266316080934,0.000564638155071248
"GA-10",0.0834204279052137,1518.94799730277,0.299801189973486,0,1518.94799730277
"CESS",0.0464274021032269,NA,4,63.9538215548522,4.13777642252458
"HTC-C3",0.253092813867474,3.14809172852069,0.818248336534574,33.6541569815418,0.802842074962468
"KMRC-20",0.0363059405308903,1466.63886140407,0.425604112487361,0,1466.63886140407
"HT-1080",0.0247447851462813,13.4627059260871,2.3572169501311,0,13.4627059260871
"HT-3",0.0397919481715407,NA,4,86.7388527691287,1.25864560410176
"SK-N-BE(2)-M17.1",0.114840152099575,NA,0,77.0319695800849,1e+06
"EJM",0,NA,0,100,1.87684465859001
"HCC15",0.0452842873114889,NA,0,90.9431425377022,0.226802864951742
"KP-1N",0.0355370645440498,NA,0,92.89258709119,0.0644553713304476
"JHH-1",0.0301381881515019,NA,4,83.8123695349084,2.76781373783312
"BT-549",0.0329431597316136,NA,4,66.7190922005853,5.13278497789707
"HEY",0.00972425533764396,13.4209522689365,4,0,13.4209522689365
"HOP-62",0,NA,4,100,37555.6193069887
"KM-H2",0,NA,0.256480260054575,100,59.7555467784528
"KOPN-8",0.00703211501495765,14.6949959708693,4,0,14.6949959708693
"HC-1.2",0.0129027268533807,NA,4,96.6033991173039,0.725228225734369
"JJN-3",0.0247065381217455,NA,0,95.0586923756509,0.0150831053660455
"A-204",0.0105636438971363,13.1061840880058,4,0,13.1061840880058
"JIMT-1",0,NA,1.03750357697019,100,218.430144999104
"ATN-1",0,NA,1,100,0.100035129252774
"DG-75",0,NA,1.23455030140785,100,26.1825560989561
"OCI-M1",0.00943232082066012,13.5378574856485,4,0,13.5378574856485
"KYSE-520",0.00300660627681287,18.8473907635328,4,8.12761195381557,18.029789915732
"HuP-T4",0,NA,0.115262535037198,100,35.9919462842103
"KMOE-2",0,NA,1.37020047430193,100,69.5281954287067
"JSC-1",0,NA,1,100,0.100035129252774
"EFM-192A",0.0220428164812974,NA,0,95.5914367037405,107.086041241877
"RT-4",0.0157798214349412,NA,4,97.2960446691562,0.177575762658716
"KYSE-50",0.0320292381264726,NA,4,85.3534985805627,2.20934180168954
"U-251MG",0.0640163972444501,NA,0,87.19672055111,0.00309806596291928
"IGR-1",0.0987695030838711,379.432047231445,0.336444660365234,0,379.432047231445
"NCI-H1563.1",0.0920666766766311,NA,0,81.5866646646738,0.000185629357164092
"FTC-133",0.0162333553925262,NA,4,84.7125994319264,4.86850204243967
"NCI-H2228.1",0.0842916722519254,NA,0.300782214924585,86.6330485585664,0.0458555500669088
"CAS-1",0.00333689039420038,NA,0,99.3326219211599,0.905251605802213
"HEC-1",0.0358523107844302,NA,4,73.7386355267478,3.91737420904271
"MFE-296",0.0121056595478518,NA,4,87.0319511823876,5.3522285937366
"M14",0.386124282025794,0.803256416062731,0.671264708484725,30.2814516318663,0.200846179009728
"MM1.S",0,NA,1,100,10
"HT-144",0.368373180836026,0.617953754128084,1.07326483687558,29.2229786075775,0.272649093323626
"LB996-RCC",0.118508192532182,64.3851664570442,0.843155925295772,46.0309297804162,3.19028891296723
"IMR-5",0.0435275254256648,NA,4,81.8731282958799,1.90465592826828
"HuO9",0.0457637868529426,112.752137950651,0.622738146713829,0,112.752137950651
"OV56",0.131860403709115,NA,0.0203075708484193,74.9242577235964,0.00193228504601714
"NCI-H446",0.0442348320797146,NA,4,95.0124520324226,0.0216076125383614
"NCI-H1417",0.107130089661019,4.34255803204862,4,34.4464651054107,3.24310049695077
"OAW28",0.0714191731483827,NA,4,86.986355936328,0.2257971154294
"OVCAR-4",0.0170801101906915,NA,3.21268493431553,84.1037954879219,4.90625468581944
"SK-N-DZ",0.0156296734363,NA,4,96.0483050171247,0.650935259800647
"NCI-H2405",0.0445936567532163,NA,1.87418064444283,56.4185446286846,5.81680695321006
"SW872",0.120929277741541,191.812744032581,0.335125775975288,0,191.812744032581
"SW1573",0.0254982827223686,NA,4,87.6022017125186,2.41776418805108
"RL95-2",0.0539222382219675,NA,4,61.2469447711973,3.84548330938948
"TCCSUP",0.0357328672808829,NA,4,79.1715977574044,3.06420014534421
"SK-ES-1",0.0257073933646819,NA,4,85.1418328728502,3.03318512275821
"TT2609-C02",0.0577682831326366,NA,4,91.6871222602593,0.0822923851796505
"WM35",0.0792248860001132,NA,0,84.1550227999774,5.91858411800233
"SU-DHL-8",0,NA,0.830045744736814,100,0.0730284647857709
"RCC10RGB",0.0907783649720798,NA,2.52183515718762,63.2117399879271,1.82867161707818
"SiSo",0.0780073285171241,NA,0.0651510818662515,71.5948732964344,1e+06
"UMC-11",0.060939891060997,NA,0,87.8120217878006,10.3450768428416
"SK-MG-1",0.0174192133790461,NA,0,96.5161573241908,0.297270085854216
"SKN-3",0.0149881565806203,NA,4,97.544541007709,0.147547926369043
"LNCaP clone FGC",0,NA,0,100,6.06979731427401
"NCI-H1944",0,NA,0,100,50.4610460387037
"SW780",0.0348697814169127,NA,0,93.0260437166175,0.0871871067286478
"OVCA420",NA,NA,NA,NA,NA
"OAW42",0.0046539180813258,16.4304414985192,4,0,16.4304414985192
"WM278",0.308888087741411,1.9908968608451,1.04261829861077,45.6307007497305,0.192203109680835
"OACM5.1 C",0,NA,0.440808421612604,100,4.54906204899329
"Karpas-231",0,NA,1.25167999763021,100,21.5784649642245
"A-704",0.0703320401616911,786.553350695137,0.356878378786113,0,786.553350695137
"MC/CAR",0.0572161244372683,25.6100514788958,0.900620393967149,0,25.6100514788958
"JHH-6",0.0544555578344077,NA,1.54120879600627,76.3195535580263,2.16559667027575
"MHH-CALL-2",0.0126946927249105,12.4210112810697,4,0,12.4210112810697
"JHH-4",0.179909060430402,142.263330106207,0.262405409332876,0,142.263330106207
"ESO-26",0.0770938463803172,NA,0,84.5812307239366,0.00371053766905369
"OE21",0.0661740187653684,NA,1.86240200067675,93.3825981052127,1e-06
"NCI-H1693",0.029860003083889,NA,0,94.0279993832222,0.00198909794605319
"HCC1187",0,NA,0,100,234.725593763044
"HSC-4",0,NA,0,100,0.694033693127724
"Lu-99A",0.00491402646686322,16.1936899383375,4,0,16.1936899383375
"MOLP-8",0,NA,0.449494256557307,100,2.34720961690857
"MHH-PREB-1",0,NA,1,100,0.100035129252774
"MOLT-13",0,NA,1.5549559116309,100,58.0392851186717
"MDA-MB-231",0,NA,0,100,82458.409916736
"NCI-H2722",0.113841549491509,NA,0,77.2316901016982,0.00148702607102574
"OS-RC-2",0.0560433559449539,NA,0,88.7913288110092,0.00251165528469282
"OVCAR-3",0.0495110698223454,NA,0,90.0977860355309,0.00450024213407584
"KY821",0.0174381362905536,11.2740698273094,4,0,11.2740698273094
"Hs 445",0,NA,0,100,0.179033363914129
"SNU-1",0,NA,0.343595121419092,100,0.00927368855517403
"HCC1143",0.00293434481464183,NA,0,99.4131310370716,0.213734735883855
"NCI-H1650",0.0874936257200199,NA,0,82.501274855996,0.160091713416592
"NCI-H1048",0.0234794619397278,NA,1.9244943163254,88.733570489457,2.45151630278634
"Hs 746.T",0,NA,0.536810411547171,100,0.452149546833339
"Karpas-45",1.06120924427981e-12,NA,3.52799616131875,99.5924537996984,2106.53845644331
"YAPC",0.0519911298876354,NA,4,92.9209583199209,0.0626303941127871
"SUP-M2",0.0054003432986851,15.7889450860877,4,0,15.7889450860877
"SCC-3",0.00370824880755672,17.4484719149447,4,0,17.4484719149447
"P32/ISH",0.00509126048647982,16.0408327406634,4,0,16.0408327406634
"RERF-LC-Sq1",0.0553455245069994,NA,0.0183473815012334,88.2912920719076,122.923621080955
"MSTO-211H",0.0501356062181192,NA,4,73.5924770895533,2.69809228104688
"MOLM-13",0.0252972177830417,NA,4,71.2397415763868,5.57374105260784
"MFE-319",0.00531796537567333,15.8543589130405,4,0,15.8543589130405
"LN-229",0.0377883533151405,NA,4,90.8953985121099,0.568795061532394
"J82",0.0693164513386148,NA,4,85.4949319854015,0.368533598199533
"IA-LM",0.0245988003214545,NA,1.73855198831342,59.9601008481588,9.51012478980709
"OVISE",0.0271912373052244,NA,4,70.884048153243,5.35064508719936
"HCC827",0.353546816404913,2.72738808167824,0.307994261348051,1.76418704598406,2.42714285803759
"HCC2157",0,NA,0,100,0.117365231194334
"NCI-H1155",0,NA,1,100,10
"RPMI-8866",0.00889339630367693,13.7651219128122,4,0,13.7651219128122
"BT-20",0.0495627278151719,NA,0,90.0874544369656,1e+06
"COLO 824",0,NA,0.945496243911039,100,0.0476840967678697
"DU4475",0.448588036229121,0.373896937001777,4,6.74425997122772,0.36059553338294
"HOP-92",0.0474358620222537,NA,4,70.6242252596731,3.28744988002303
"HuP-T3",0.0390073483835286,62905373776.9851,0.178041746797859,43.0081168044973,999882.434468648
"KG-1",0.008835108098165,NA,2.97780794260283,94.5164504171256,3.32720445120046
"Mel JuSo",0.013141916746749,NA,4,93.9010509599701,2.25889725409776
"MES-SA",0.0202412594049695,NA,4,80.6913337546644,4.91702191973789
"NCI-H1568",0,NA,0.487037503492033,100,0.615257523793025
"OVCAR-8",0.0178883914507329,82.0053811813593,0.975809166460898,0,82.0053811813593
"P30/OHK",0.0554924616278838,NA,4,66.7137692912328,3.16949038698637
"SW756",0.0256355883541525,40.1967576545996,1.10251192939692,0,40.1967576545996
"A2780",0,NA,4,100,26849.0580416617
"Becker",0,NA,0,100,751.97726482491
"ES7",0.00820653174336966,14.0791942655854,4,0,14.0791942655854
"A-253",0.00908400657758124,21.9813428284524,2.34096664887946,0,21.9813428284524
"NCI-H716",0.00418509810229631,16.9003223990468,4,0,16.9003223990468
"A-375.5",0.33201832789083,1.17355737330589,0.800839027569914,14.3781954761933,0.768474677067909
"A-375.6",0.339134215257534,1.02652089105975,0.932290730963149,8.65090037703508,0.837282182712762
"A-375.7",0.362217105050464,0.978975192113934,0.692913228904279,20.0134642849676,0.46808224773408
"A-549.2",0.0567954438031902,NA,4,57.5811021170922,3.99093943648631
"A-549.3",0.0617117495780575,12.9759973474444,4,49.3703633673483,4.3468108648338
"A-549.4",0.0607582528150078,NA,4,58.1595506401769,3.68445646583898
"C32 [Human melanoma].5",0.357491970036645,0.757498132581184,1.12165920126748,16.726050340492,0.526865065980124
"C32 [Human melanoma].6",0.362900858062924,0.78290421707883,1.13701983582888,8.87486416398264,0.659284084178303
"C32 [Human melanoma].7",0.392421158232479,0.72684622235731,0.853695235441528,0,0.72684622235731
"HCT 15.1",0.0192177963557292,10.9304044839459,4,0,10.9304044839459
"HCT 15.2",0.0878488887727825,183.188908897664,0.408719498878036,0,183.188908897664
"HCT 15.3",0.0771770882937103,14.4325487698315,0.98917317322814,0,14.4325487698315
"HT-29.4",0.211319926002162,NA,0.799109460191654,51.5791510339715,0.521501864213582
"HT-29.5",0.24218438087712,NA,0.6399700897877,52.2063778330839,0.2985058315453
"HT-29.6",0.232037853678115,NA,1.02784303268646,51.892044040854,0.359975998154784
"MFM-223.4",0.113846182587704,1e+06,0.139080890211498,0,1e+06
"MFM-223.5",0.0994087566079359,NA,4,90,0.00649381631576211
"MFM-223.6",0.0931693741682394,NA,0,81.3661251663521,0.000124507972737738
"MHH-ES-1.4",0.00337116592041245,NA,4,86.5625,10
"MHH-ES-1.5",0.00724003546360566,14.5775215231061,4,0,14.5775215231061
"MHH-ES-1.6",0.0636871391610481,NA,0,87.2625721677904,0.00560655574006184
"PC-14.5",0,NA,0,100,0.186284014335051
"PC-14.6",0.0338738148211931,NA,4,71.4172984546363,4.45328708286771
"PC-14.7",0.036646523632744,NA,4,83.9039112046568,2.07602786390697
"SNU-C2B.4",0,NA,0,100,0.522308686490224
"SNU-C2B.5",0.086510027737058,NA,4,86.3107958227248,0.127135338966734
"SNU-C2B.6",0.0128593238774197,NA,0,97.428135224516,21.3245185045297
"SW620.5",0.00822206363445993,14.0717570997459,4,0,14.0717570997459
"SW620.6",0.00785038156763266,14.2543999546052,4,0,14.2543999546052
"SW620.7",0.00722290793150061,14.5870472305801,4,0,14.5870472305801
"U2OS.4",0,NA,1.34313010427043,100,3.50231769245777
"U2OS.5",0.00694823296655257,NA,4,97.0712957837055,1.94299185735186
"U2OS.6",0.018518037105581,NA,4,88.5055228089813,3.29609357453929
"AGS",0.00359450156763874,17.5919273077336,4,0,17.5919273077336
"ARH-77",0,NA,0,100,3057.63030466852
"BALL-1",0.026128354747672,NA,2.79012037958222,82.8240041000616,3.56613385454226
"COLO 829",0.363531836306037,0.790024916208027,0.866741232010514,32.2591086287202,0.239034702846133
"NCI-H2722.1",0.0805936771434596,NA,0,83.8812645713081,0.0595392874818003
"HCC1428",0.109183559669685,NA,0,78.163288066063,0.000678930589999254
"HGC-27",0.0268649406097562,NA,0,94.6270118780488,0.0240037111685876
"PaTu 8902",0.025601760117392,NA,4,75.1875269492311,4.9767373487572
"Kasumi-1",0.07422940440825,6.95767711234093,3.4139318342814,40.2793892641345,4.30644622948069
"Huh-7",0.00785756069516074,NA,4,98.465989083799,0.29070155223435
"HuO-3N1",0.0623964445200245,NA,4,89.449090209762,0.168259843478163
"NCI-H196",0.111756796777646,NA,0,77.6486406444708,0.00660254404515305
"NCI-H2141",0.105341003560473,NA,0,78.9317992879053,0.0152201277250901
"BL-41",0,NA,0.473790740252896,100,311.993702391452
"ETK-1",0.0135207190370573,NA,4,94.4511772068142,1.8585767396139
"EW-3",0,NA,0,100,0.0521680370857108
"HPAC",0.0924433169875054,NA,1.27270233804404,55.004323150464,2.78374483800825
"IM95",0.0452383697983121,NA,4,83.6340607353896,1.48204777755803
"JURL-MK1",0.0132060239956429,12.276000778092,4,0,12.276000778092
"NCI-H1694",0.00265379131385805,19.0409079039969,4,0,19.0409079039969
"NCI-H2170",0.0937659943286328,NA,4,81.2379256672607,0.316828273640748
"NEC8",0.00816351761796267,14.0998770965626,4,0,14.0998770965626
"NOS-1 [Human osteosarcoma]",0.0562342387822823,NA,4,65.7502071938687,3.22582848937853
"RERF-GC-1B",0.0303022612179474,NA,0,93.9395477564105,1.31372441041311
"TE-6",0.0434770786164808,NA,4,83.7620455524269,1.57354304162228
"TYK-nu",0.0454517170307351,NA,4,78.1388815668055,2.38046610911926
"OCI-AML-5",0,NA,0,100,2.75974003887051
"CHL-1",0.0385514734171085,NA,4,84.4453930859058,1.8056518461178
"HCC1954",0.0363147720690215,NA,4,79.9220132209261,2.87191583941275
"KM12",0.0144596446225032,NA,4,94.2223462037441,1.77565992652588
"NCI-H1975",0.0320426634402004,NA,4,80.2764818809342,3.2650255394514
"NCI-H2052",0.0659130804250768,2650.18515082024,0.311432724833644,0,2650.18515082024
"NCI-H322M",0.0640018600736566,NA,4,62.6841768521736,3.06514771025489
"NCI-H596",0.0564792928898056,NA,0,88.7041414220389,1.8796049127364
"SF268",0.00452302648400047,16.5556830625863,4,0,16.5556830625863
"Rh1",0.043430200607695,NA,4,89.3318470891026,0.600883575626918
"A-673",0.0206036362012705,19.3172189580039,1.83583917774005,0,19.3172189580039
"BxPC-3",0.0622166922746693,51.8235515960493,0.843979649649363,32.586760709539,14.8509044985084
"KE-37",0.0690864512469976,10.8434754341324,4,49.1310817400964,3.93704818214571
"PC-3",0.007935067210872,14.2119067016755,4,0,14.2119067016755
"SCC-15",0,NA,0,100,0.145711182930296
"UPCI-SCC-090",0,NA,0.196585124280601,100,0.0487207446541428
"PWR-1E",0.00169766157291362,NA,0,99.6604676854173,149.456385589242
"SAT [Human HNSCC]",0.0773570439387937,NA,0.326174244188223,88.1708835778286,0.0369743720152055
"SiMa",0,NA,0.937821946336405,100,29.7713977735649
"TE-1",0.023131557174569,NA,4,87.1061592724192,2.9013998087182
"LOU-NH91",0.0652044400583145,10516817.5551381,0.168219482908059,16.3434846427171,1e+06
"NCI-H1092",0,NA,0,100,662777.988197147
"NCI-H720",0,NA,0,100,161.424181548892
"KYSE-180",0.0106354358704455,13.0806085923771,4,0,13.0806085923771
"LC-1/sq",0.00550018403904404,15.7112465714612,4,0,15.7112465714612
"769-P",0.0481673090386546,160.138367418289,0.561554330717258,0,160.138367418289
"BICR 10",0.0873239772931144,67.1054403434865,0.512375671131556,0,67.1054403434865
"CAL-39",0.00750780225829019,14.4319631384154,4,0,14.4319631384154
"HT-1197",0.0288258815003516,NA,4,80.4423625865847,3.62853716501932
"KLE",0.0871320784268791,341.559127745647,0.366615453111355,0,341.559127745647
"L-428",0.0137084426064869,12.1395541804331,4,0,12.1395541804331
"SNU-5",0,NA,0,100,102141.074662363
"PaTu 8988t",0,NA,0.395778171983392,100,0.0366528904686507
"PFSK-1",0,NA,0.794144599678738,100,0.129177575590421
"RPMI-7951",0.0729479390425357,21.7175681181355,0.833051292687643,0,21.7175681181355
"SK-GT-2",0.0118382803251693,NA,4,52.8125,10
"SNU-182",0,NA,1,100,0.316311078697273
"SUP-HD1",0.0975062833288183,NA,0,80.4987433342363,46922.7381085485
"22Rv1",0.0344669943459189,NA,4,82.369051026146,2.59454574442421
"8305C",0.254851487399752,3498.80764660587,0.267864229165584,45.2052671648346,0.552993155299432
"ACHN",0.0974459774982634,7.69631554195238,2.3844868312306,44.5244015557907,3.04407057861719
"Capan-2",0.0530693433841571,26139.2073130846,0.265290616736916,0,26139.2073130846
"Ca Ski",0.0227503335816483,NA,2.01055808869518,84.8055194195637,3.7992433110235
"FLO-1",0.0797840623096602,6.37840843189883,4,43.9756170914401,3.75792376929819
"GR-ST",0.00535240017130047,15.8268687664791,4,0,15.8268687664791
"KALS-1",0.0305419590682366,NA,4,77.4865646654714,3.94127418036898
"Karpas-422",0,NA,1,100,0.0316366632677971
"Kelly",0.00849066755910782,13.9456806310066,4,0,13.9456806310066
"KP-2",0.10287314968835,NA,0.144926711191835,80.3156723573461,0.167194876286024
"KP-3",0.0914789062237503,962712.909933319,0.220642566827806,38.6865087575743,1144.25985819903
"LB771-HNC",0.117249416540939,NA,1.37983529944613,86.3135542672745,0.0217533323226299
"Panc 08.13",0,NA,0,100,0.12621365175051
"SK-HEP-1",0.0813373271373121,NA,3.32864457927611,67.8053728646077,1.74792314975909
"SN12C",0.0372477335703187,NA,0,92.5504532859363,0.0851839492185527
"T-47D",0.0268235064162687,NA,4,85.4346414690825,2.80695372822814
"TGBC24TKB",0.127114757225587,404908799.450073,0.108377527580217,23.9149858969065,1e+06
"TOV-112D",0.0368494214603544,NA,1.3002339876499,72.8093270067297,5.13559340582445
"TUR",0.00319482168929336,NA,0,99.3610356621413,0.0681526767619814
"U-118MG",0.040902238554151,NA,2.24349240051085,81.9597669831034,2.11700654995454
"U-87MG ATCC",0.0291649216779955,NA,4,76.6340839677736,4.25678321982874
"HD-MY-Z",0.0133331113906451,14.8394137695501,2.94980540898934,0,14.8394137695501
"NCI-H1963",0,NA,0,100,1e+06
"NCI-H209",0.0405041515245624,20.4526382371637,1.23561559108316,0,20.4526382371637
"NCI-H250",0.00125954564705771,NA,0,99.7480908705885,0.0573635778133589
"NUGC-4",0,NA,0,100,1e+06
"SBC-5",0,NA,0,100,303.965175768955
"SUP-B15",0,NA,0,100,0.217411543423672
"COLO 679",0.322113133263208,NA,2.38007294342481,53.0013837935533,0.0877040565818384
"HPAF-II",0.00461824799761712,16.4641474646726,4,0,16.4641474646726
"NCI-H2595",0.0731732686170957,NA,0,85.3653462765809,0.00211522550058648
"C-33 A",0.124182536685274,NA,4,86.7193834070098,0.0149716705994043
"HDQ-P1",0.0729610033401343,NA,4,67.6871148943423,2.10318628097373
"CPC-N",0.00197579047691758,20.546927337761,4,0,20.546927337761
"D-263MG",0.0330362809068332,14099.5798166759,0.334025266218381,0,14099.5798166759
"EB2",0.104370807492921,47.4689050109356,0.639572512833124,31.0575797516469,10.4068971600233
"ES8",0.0424263864445849,NA,0,91.514722711083,0.265376270767199
"EW-11",0.017594673963343,11.2423416260848,4,0,11.2423416260848
"HL-60",0.059069741538157,2670.20437262217,0.326072095197781,0,2670.20437262217
"BICR 78",0.0339586900738324,NA,0.866006806702522,86.4442948599375,2.34238640663825
"GaMG",0,NA,1.22988504633048,100,364.494429597629
"JHH-2",0.0161310766190064,11.5518441260321,4,0,11.5518441260321
"CAMA-1",0.0738383067361683,NA,4,84.2968160572256,0.388571375203517
"LCLC-97TM1",0.0317964002149535,NA,4,96.0058428270661,0.0408860344790451
"BFTC-905",0.033584889292526,NA,4,96.2933699901167,0.0187739684628073
"CAL-62",0,NA,0,100,0.601817595517456
"D283 Med",0.0073281583397946,NA,4,96.9816018697124,1.86998943586795
"JVM-2",0.170023989000313,12.5847702220122,0.52028889622992,0,12.5847702220122
"SNU-398",0.0760295079317484,NA,4,87.8794374365579,0.131313296218005
"BE-13",0.0340746421180171,9.1972430797337,3.6415224720046,0,9.1972430797337
"AMO1",0.0151352329243449,11.7806899075905,4,0,11.7806899075905
"BC-1",0.0315986183946781,9.20282734685227,4,0,9.20282734685227
"DND-41",0,NA,0,100,5280.79331676039
"DoTc2 4510",0.0598771193256853,NA,4,72.7583256058166,2.19230864438796
"DOV13",0.0966020749315397,NA,2.3914394450307,69.30490192538,1.14006842627367
"EB3 [Human Burkitt lymphoma]",0,NA,1,100,3.16255534471853
"EFM-19",0.121990135385785,NA,0,75.601972922843,0.000876043028363113
"GAK",0,NA,0,100,9.76624518365586
"GCIY",0.016509987161423,NA,0,96.6980025677154,0.151140725086215
"HCC1419",0.0475319962121986,NA,0,90.4936007575603,1e+06
"PA-1",0.150075810453242,3.27178597488666,4,13.4459726363628,3.02535395974713
"RS4;11",0.0397538285411478,NA,4,77.1194153005974,3.0178816898144
"ESS-1",0.0381544632822155,NA,4,67.6961075230199,4.4661138552668
"EW-24",0.00854202709448039,13.9221044181953,4,0,13.9221044181953
"HCC70",0.0730469320816403,NA,0.60134001128456,59.1303973388047,8.05975141470273
"SU-DHL-10",0.0825919033077829,10.9887732633917,1.2102819910578,13.5034974068585,8.47197824109887
"COLO 668",0,NA,0.385302653559449,100,0.0576438010431943
"ES6",0.0870795381708587,NA,0,82.5840923658283,0.0122652170535096
"EW-22",0,NA,0,100,18137.8217272956
"GDM-1",0.00624663936228645,15.1790110305741,4,0,15.1790110305741
"GI-1",9.83400225870818e-14,NA,3.6332285018101,99.224156560054,4111.98672863295
"G-mel",0.436024737364877,0.347310678995272,1.28967926084233,19.2831312753644,0.238040971706936
"NCI-H2803",0.00409115477231804,17.0021370042035,4,0,17.0021370042035
"NCI-H2804",0.0096221696096312,13.4613649170426,4,0,13.4613649170426
"NCI-H3118",0.0191909423418318,NA,4,89.1987298815782,2.93647228644173
"HEL",0.0425579637856201,NA,4,89.367383133381,0.629966527434738
"HMV-II",0.0581247553466971,21.7475537248764,0.96334200070374,0,21.7475537248764
"HO-1-N-1",0.0663898331405988,NA,4,64.1437346216015,2.78759462698274
"Lu-135",0,NA,1.10545708676938,100,3.36325588057677
"HARA [Human squamous cell lung carcinoma]",0.038946317815857,12.9296250601836,1.81136328797828,0,12.9296250601836
"CAL-72",0.0843791194330702,NA,4,90.8980676080685,0.0159789672208886
"CML-T1",0.0818641574592718,11.2328216867196,1.57928011239259,36.4901761918628,4.90488126698113
"CCRF-CEM",0.033567233712452,NA,4,74.1472033793436,4.10730491142645
"D-392MG",0.109384003279301,469320571467244928,0.0924910655140042,45.836521286379,999825.819371443
"DoHH2",0.013944658482996,12.0773317752023,4,0,12.0773317752023
"DSH1",0.082027334341799,NA,0,83.5945331316402,1e+06
"EFO-21",0.0076035051920531,14.3814600683317,4,0.00140347317745534,14.3813591473021
"EMC-BAC-2",0.0591612158694952,NA,4,65.9213734388251,3.02088245747801
"EN",0.0863729187250747,8010.67411594369,0.241942627117829,0,8010.67411594369
"EoL-1",0.141262455734929,3.94891845164916,2.18810655782557,5.64739141958956,3.73843723125634
"NCI-H2810",0.0373131064748271,NA,0,92.5373787050346,0.00830198950753796
"NCI-H2818",0.0531719961270364,NA,4,82.7294222658704,1.19251496816619
"NCI-H2869",0.0645870247929231,NA,0,87.0825950414154,0.0090363121786915
"HAL-01",0.00881377583219306,13.8000531437817,4,0,13.8000531437817
"HCC44",0.0171306349529271,NA,4,85.351587051144,4.503686277662
"IM-9",0.0120203176241927,12.6227055104238,4,0,12.6227055104238
"NOMO-1",0,NA,0.958863461439684,100,0.0378705471255522
"OCI-AML-2",0.030321460810136,NA,4,75.415191624398,4.30212257864757
"Ramos.2G6.4C10",0.0878952208071377,NA,0,82.4209558385725,1.15702700067063
"Reh",0,NA,1,100,0.0316366632677971
"VM-CUB-1",0.115980528980523,NA,0,76.8038942038954,0.190954905666401
"DMS 114",0.0158939353610911,NA,4,97.8719772879655,0.0574657006068149
"DMS 273",0.0354805680958668,NA,4,80.2632232456544,2.89396719393179
"NCI-H1793",0.120789730775169,NA,0,75.8420538449662,0.0240079505698272
"NCI-H2795",0.10685475637439,7.92714421790092,1.12739920332046,0,7.92714421790092
"KTCTL-195",0.130782371834263,NA,2.59238626380293,86.3601366459072,0.0103444573201661
"Calu-3",0.094792903739047,NA,0,81.0414192521906,0.0429536926187556
"COR-L105",0.165769051622845,8450.33454787785,0.161924732693153,0,8450.33454787785
"TGW",0.0438638637027375,NA,0,91.2272272594525,2.18301381511622
"H4",0.161061726263003,71.3955046567415,0.330951160548929,0,71.3955046567415
"HCC38",0,NA,0,100,0.71816530958217
"SW13",0.00807374429229463,14.1434575855696,4,0,14.1434575855696
"SW900",0.14407233625099,5864632231.60541,0.0935240414356679,27.7899826803595,1e+06
"NCI-H23",0.0282813893126191,NA,0,94.3437221374762,1.1591337017142
"PL18 [Human pancreatic adenocarcinoma]",0.0045331610480954,16.5458309130952,4,0,16.5458309130952
"COLO 680N",0.0470076675156229,NA,4,91.4410895821029,0.225138909909329
"DU145",0,NA,0.69531746991156,100,0.0191545354237879
"EKVX",0.00901153644534167,13.7139565315482,4,0,13.7139565315482
"NCI-H2461",0.087343330206336,161.854133421626,0.420139520763759,0,161.854133421626
"HCC1937",0.0321627481290948,NA,4,79.09084418918,3.46841545398142
"HOS",0.0416115463769966,NA,0,91.6776907246007,89.9755264316504
"K5",0.23788283503143,4.32839427020876,0.701004871418693,28.3567399462746,1.31091736461512
"KP-4",0.0498326493798602,NA,0.147870144977453,50.9896541454895,1e+06
"KS-1 [Human glioblastoma]",0.0185607620204551,NA,0,96.287847595909,1.23606974819751
"LC4-1",0,NA,0.206254577937886,100,0.033091672397171
"Lu-65",0,NA,1.13839870147878,100,14.7910216602171
"MG-63",0.0367691944828183,NA,4,94.0477109072124,0.140262809285338
"SJNB-7",0.054750635080521,NA,4,86.3175196043603,0.630433241160321
"NCI-H810",0.0817956429946309,NA,1.33317727999472,91.8204315750046,1e-06
"OPM-2",0,NA,1,100,10
"PSN1",0.00776256051511343,14.2990384816352,4,0,14.2990384816352
"SH-4",0.359622372864944,1.04096839294487,0.671342201202827,21.7935289662205,0.443713800261245
"TK-10",0.049313314911502,NA,0,90.1373370176996,3782.40582994117
"YH-13",0.0521638173256257,NA,2.86797282102609,78.4352037607893,1.88641303932753
"HH [Human lymphoma]",0.00835258262900734,14.009902583814,4,0,14.009902583814
"TC-YIK",0,NA,0,100,232301.861246275
"TE-9",0,NA,0,100,988.735217186444
"SNG-M",0.0452440746871617,12.1572275375877,1.72425615197199,0,12.1572275375877
"KNS-62",0.0696082032606944,NA,0.802521826707877,71.2320231444389,2.69190327047746
"ECC10",0.0274823021965087,16.7861295720079,1.77097994583752,0,16.7861295720079
"EFO-27",0.00695293378882312,14.7408159490619,4,0,14.7408159490619
"NCI-H3255",0.00518633016576514,15.9614459965833,4,0,15.9614459965833
"KATO III",0.0115675174936341,12.7654862414623,4,0,12.7654862414623
"NCI-H1666",0.00577248332418017,15.5076240679301,4,0,15.5076240679301
"Rh41",0.00748265658759046,14.4453703338126,4,0,14.4453703338126
"RT-112",0.0190613552409917,NA,0,96.1877289518017,0.00702958829588818
"SHP-77",0.0424254656368853,NA,0,91.514906872623,1.55888374331766
"ST486",0.00563793106855608,15.6067728134576,4,0,15.6067728134576
"SW684",0,NA,0,100,0.0707710123723206
"WM115",0.190914795989275,1.62837344312533,4,45.7118683134097,0.881208217306148
"HLE",0.00822773175838939,14.0690471145017,4,0,14.0690471145017
"NCI-H2731",0.0072612638473611,14.5657518815756,4,0,14.5657518815756
"RPMI-8226",4.41156641643187e-13,NA,3.39117601744607,99.8194352815845,2694.87796674345
"HA7-RCC",0.0183442330702044,NA,0,96.3311533859591,1.3136671196303
"SW1088",0.0205686745244535,17.9767143083918,1.94847496133439,0,17.9767143083918
"COLO 684",0.0263553229228826,NA,2.43950258974237,85.7899482073558,2.82898618670289
"GMS-10",0.0789285691241788,NA,4,58.8587749502867,2.6609901202477
"COR-L311",0.0119983604938822,NA,4,94.9813304791915,1.91857210076452
"U266B1",0,NA,1.35478213706065,100,49.950827368574
"HDLM-2",0,NA,0,100,5.41637441388467
"ES5",0.0541338691463095,NA,4,76.3571889313069,2.05755025774233
"EW-7",0,NA,0,100,509.588760511643
"Farage",0,NA,0,100,1e+06
"IHH-4",0.223178188167139,29.088163931961,0.296830751373138,0,29.088163931961
"KYSE-270",0.020175597850964,NA,4,82.8058347377042,4.49093147279677
"MDA-MB-436",0.0163447483023389,NA,0,96.7310503395322,0.0340981871048997
"MN-60",0.00344208180024009,17.7930381438956,4,0,17.7930381438956
"MS-1 [Human lung carcinoma]",0.0402466842995237,NA,0,91.9506631400953,1e+06
"SJNB-10",0.03570773224559,NA,0,92.858453550882,0.953277247636592
"OVMIU",0.0389087069237077,683619523.15633,0.187731712972195,35.3179928795263,1e+06
"PF-382",2.72387480638256e-14,NA,4,97.9786217287979,4048.31445732314
"SBC-3",0.0182543147852877,NA,4,76.1435187095797,6.08747175708002
"SUP-T1",0.0511078183645944,19.5129825848568,1.1053582486571,0,19.5129825848568
"SW1710",0.0254355361694488,NA,4,86.1551408844916,2.81557699934588
"UACC-62",0.375215590244973,0.961623848602783,0.615623291305028,0,0.961623848602783
"HA7-RCC.1",0.072269841191758,281.412790648276,0.417059691966701,0,281.412790648276
"G-292 clone A141B1",0.0283428635658471,13.5130169162953,2.15025478003431,0,13.5130169162953
"HLE.1",0.108400826135411,320.845023137905,0.327805169466651,0,320.845023137905
"ST486.1",0.0159890117993752,NA,4,61.1311898092876,8.29130571738306
"CAL-54",0.156615628566585,6.13565020785286,1.36128386457445,41.4614926206559,1.6749040068643
"CAL-85-1",0.0321374982873704,NA,4,85.6398962484343,2.13247596234412
"Capan-1",0.0273102338923467,NA,4,91.3704969156965,1.12373584935535
"HCC1569",0.0527894536231733,NA,2.00269812891464,75.1175715638516,2.37366659329208
"IGR-37",0.407973144937095,0.202533546517704,3.36190915117548,33.3165509731009,0.146119186316399
"MKN1",0.0196462098005164,NA,4,87.6679686776884,3.3376772728242
"ML-2",0.0105093777765544,NA,4,95.483318651988,2.00535423158792
"MS751",0,NA,0.652874260763592,100,0.010503795348756
"OV-90",0.0655465259363298,68.6201882376394,0.596680392865541,0,68.6201882376394
"OE33",0.114492950993212,6524.60920723633,0.212805454975334,0,6524.60920723633
"SCC-4",0.0143851117438349,NA,4,79.5720776654108,6.39001496250021
"TE-8",0.0343370619032257,NA,4,80.4903330177631,2.97085889398638
"VCaP",0.0100610432192291,NA,0,97.9877913561542,0.0928384828630038
"HCC366",0.00466175190719916,16.6519377106712,4,5.43024459264601,16.1801423921478
"Hep 3B2.1-7",0.11138877110569,66.2976294169335,0.441766754757175,0,66.2976294169335
"JVM-3",0.327081132532791,3.35823596816695,0.337756894130364,0,3.35823596816695
"KYSE-140",0.0780513858771176,NA,4,56.6324014408486,2.88979417968482
"KYSE-220",0.0487063445012433,NA,4,79.5591990147018,1.92914439769614
"M059J",0.129953493734328,511.008533007369,0.27176795130027,0,511.008533007369
"MLMA",0.0402601323126565,NA,4,65.5398880713695,4.50738729435467
"MPP 89",0.0961822005531167,NA,2.52006560350258,61.9051322360479,1.75693284403258
"Namalwa",0.108497711833806,29.4635397168758,0.564469167681199,0,29.4635397168758
"NB69",0.0474865337836983,14.6446245004693,1.40449742890554,0,14.6446245004693
"NCI-H1915",0.159807570179131,21768077.6174673,0.100234116905003,13.2823573918947,1e+06
"NCI-H358",0.0404940864054209,15.6645320607673,1.48281218910741,0,15.6645320607673
"OCUB-M",0.126619949444879,NA,0,74.6760101110242,0.00013605921239839
"OCUM-1",0.135014126360517,NA,0,72.9971747278965,6.16025463783405e-05
"ONS-76",0.102743140304725,36.3024316592384,0.54894097416118,0,36.3024316592384
"QGP-1",0,NA,0,100,20.8196975451399
"SAS",0.0106304049896137,19.6140434631544,2.42647653520047,0,19.6140434631544
"SNU-423",0.164367960590178,NA,0,67.1264078819644,1e+06
"SW982",0.244252634518156,6.26813381916011,0.441601646993856,0,6.26813381916011
"TE-5",0.0483692339916844,38524.703766506,0.264924668314683,0,38524.703766506
"IST-SL2",0.135152693334326,NA,4,86.3195846783408,0.00793635169837954
"A-375.8",0.268166639184896,0.836966712247166,3.77506426054774,33.0672191367991,0.628265141304465
"A-375.9",0.374399805090719,1.05460443856749,0.62649706394963,32.7782794524139,0.192410975230298
"C32 [Human melanoma].8",0.400256103031224,0.600978677385409,0.89081477453201,12.8988498493273,0.429926060968023
"C32 [Human melanoma].9",0.300246290148377,1.31862593030025,1.08676185700247,9.85809024091727,1.07736702488464
"C32 [Human melanoma].10",0.322452475287924,1.30807775374704,0.806713179753818,1.15936317333971,1.27058488648602
"HCT 15.4",0.110151810190762,NA,0,77.9696379618476,0.424559506400232
"HCT 15.5",0.157460413328017,755.830409423177,0.224298262643757,0,755.830409423177
"HCT 15.6",0.137312709332539,98.7775531356692,0.349567672393641,0,98.7775531356692
"HT-29.7",0.282378068136198,NA,0.486047116628757,50.2554770626838,0.159429745427291
"HT-29.8",0.321658603494872,NA,0.592858189231498,60.2473474241697,0.0141779505419366
"HT-29.9",0.300907328174875,10.9655835399027,0.460966736643691,40.5203671021258,0.297420580028668
"MFM-223.7",0.0113568542442915,NA,0,97.7286291511417,1e+06
"MFM-223.8",0.0279962064697855,NA,4,87.3232397523838,2.17647557566696
"MFM-223.9",0.120864990973529,NA,4,87.9135006954358,0.000262481099638146
"MHH-ES-1.7",0.00399603517466826,17.1081475689686,4,0,17.1081475689686
"MHH-ES-1.8",0.0253817396053097,NA,0,94.9236520789381,0.0143592346236925
"MHH-ES-1.9",0.0274997215141307,NA,0,94.5000556971739,1.72994503264168
"PC-14.8",0.0446452517256734,NA,4,67.7901647835151,3.86005285497199
"PC-14.9",0.03224801197072,NA,4,76.4109750746241,3.91221088865168
"PC-14.10",0.0593859896478976,NA,4,76.9599939096159,1.68613300493261
"SNU-C2B.7",0.0359836915408683,NA,4,83.1817354829776,2.2828392086381
"SNU-C2B.8",0.0975680955593061,NA,0,80.4863808881388,0.00131145419012209
"SNU-C2B.9",0.132177365471449,NA,0,73.5645269057101,7.35806742433207e-05
"SW620.8",0.108144290177434,NA,0,78.3711419645132,0.0225234492322793
"SW620.9",0.141093729266939,NA,0,71.7812541466122,0.0269419927896555
"SW620.10",0.119064345901216,NA,0,76.1871308197569,1.12867232465046
"U2OS.7",0.0922837781660384,NA,0,81.5432443667923,0.00168616746211247
"U2OS.8",0.103288848540479,NA,0,79.3422302919043,0.00194867223099767
"U2OS.9",0.0626430737944152,NA,0,87.471385241117,0.03104148564264
"MEG-01",0.0356346226642364,9.68744849112652,3.01526216037345,0,9.68744849112652
"NCI-H2227",0,NA,0,100,19.0707822155147
"DMS 79",0,NA,1,100,0.0100052698506632
"HCC1500",0.0728197364814044,NA,0,85.4360527037191,0.344431982919455
"Karpas-299",0.0772410126770707,NA,4,63.1795369110107,2.34988352379469
"Loucy",0.00615374800340732,15.2409999031448,4,0,15.2409999031448
"ME-1 [Human leukemia]",0,NA,0,100,0.130262210955273
"MFE-280",0.0953282956248673,NA,1.79286511729123,75.247180483286,0.702538817277379
"SK-MES-1",0.0367469736211015,25.8986553677215,1.14337232534641,0,25.8986553677215
"SW626",0.0535687907730508,NA,4,70.6067150036621,2.84449376688993
"NCI-H2023",0.0255088827522091,15.1642211169524,2.028764675023,0,15.1642211169524
"SCC-9",0.0595795899778365,79.3540608941247,0.602463108855329,0,79.3540608941247
"OCUM-1.1",0.0785294845132047,NA,1.95450707927992,73.0164800318675,1.35326045906753
"KU-19-19",0.0283938567290744,NA,4,89.1434359289488,1.64259286116109
"SNU-449",0.0706210404008391,NA,1.44753216915339,55.0683295549928,3.96561344732897
"KYSE-450",0.0776317132268803,NA,0.0929961603016735,61.3309887737277,999878.191975385
"WM1552C",0.175262152970013,21.5333831202117,0.417972788184891,0,21.5333831202117
"KYM-1",0.0601362556378207,NA,1.15663720536764,59.2489063278057,4.95374362394987
"T98G",0.0321426118591456,NA,4,58.8595876821538,6.01110550417086
"MCF-7",0.110536103490815,NA,0,77.892779301837,0.0604602818117545
"SU-DHL-6",0.0206314908265446,10.6810889231163,4,0,10.6810889231163
"K-562",0.00614279499979413,15.2483824074179,4,0,15.2483824074179
"KP-N-YN",0,NA,0,100,15.436481439908
"KYAE-1",0.0284708439729028,NA,4,89.3986664455159,1.56476555069845
"H9",0.0176762466003602,NA,4,87.6922099293355,3.72606695213516
"JHU-022",0.0213614257690456,NA,4,89.1386569146026,2.57334737914118
"Karpas-1106P",0.00294806619516899,18.5277621118335,4,0,18.5277621118335
"Kuramochi",0.064164555338423,NA,0,87.1670889323154,0.0101111676770004
"KYSE-70",0.0670463353858296,NA,4,82.1082057169846,0.751436430748159
"LB831-BLC",0.0193640995205311,NA,4,85.815152651779,3.91761123898642
"Lu-165",0,NA,1.25990804067089,100,86.3761038958616
"MDA-MB-361",0.0501107076744203,NA,0,89.9778584651159,1.51196996984145
"SK-MEL-24",0.272858687803273,6.18742295494891,0.369888504322255,0,6.18742295494891
"SK-UT-1",0.011862283639413,NA,4,93.3780597099924,2.90673271572803
"VL51",NA,NA,NA,NA,NA
"U-698-M",0.00415515799492697,NA,4,83.4375,10
"Mo",0,NA,0,100,476.054423764186
"IST-Mes1",0.129151067399387,18075.5582422033,0.178484596942735,0,18075.5582422033
"KYSE-510",0.0994492019575189,NA,0,80.1101596084962,0.413264996364616
"LCLC-103H",0.0602651641435095,33.482097561611,0.783466654858342,0,33.482097561611
"LOX-IMVI",0.249879321541267,382.796561708981,0.349236594371844,44.8221581887053,0.579485255582997
"MDA-MB-453",0.0278620739160768,NA,0,94.4275852167846,85507.6795537564
"NCI-H1651",0.142777965033835,42381.8739658396,0.154686202126954,0,42381.8739658396
"NCI-H82",0.0767003826112403,16.0498079576972,2.43752500505037,48.6083129977275,3.69276695615001
"OVCAR-5",0.106268554835588,NA,0,78.7462890328824,5.90474156710327e-05
"SKG-IIIa",0.0904250656137858,7331.21795725656,0.238741510243149,0,7331.21795725656
"SK-LMS-1",0.107833577778156,NA,0.0414371853317637,69.188237649316,1e+06
"SK-N-AS",0.0573322600694586,NA,0,88.5335479861083,0.00158623463123209
"SNU-387",0.157754656544383,NA,1.68713742782116,84.2245341042444,1e-06
"VMRC-LCD",0.0804027875614247,229871688.614718,0.141798749175689,26.8732967291875,999990.451308515
"NCI-H226",0.128523339837406,NA,0,74.2953320325189,1e-06
"MDA-MB-415",0,NA,0,100,0.0570493289227591
"NCI-H520",0.0821559186181503,NA,0,83.56881627637,0.000964583017900303
"L-540",0.0907367597204689,NA,0,81.8526480559062,1e+06
"SU-DHL-5",0,NA,1.37752565141783,100,26.6558065568732
"MKN45",0.079201809265432,NA,0,84.1596381469136,0.00729782348064548
"BICR 22",0.162685724464359,NA,0.0412707511750145,53.5899036945831,1e+06
"NALM-6",0,NA,0,100,0.174322376505059
"SJNB-14",0.0146634818622123,NA,4,96.5416538799897,0.534674789576088
"NCI-H1792",0.129383533598297,40739.3981044768,0.165426912950115,0,40739.3981044768
"MIA PaCa-2",0,NA,0,100,6.2667171009063
"HuCC-T1",0.0618781698282009,NA,4,61.4625991226052,3.30849362568937
"L-1236",0.0134036820934316,12.2216350475326,4,0,12.2216350475326
"MDA-MB-157",0.0289409268797318,NA,0,94.2118146240536,0.0192282403033831
"MDA-MB-330",0.0977911990597027,NA,4,89.4273576367219,0.0162475084827893
"SJNB-13",0.0789143689065608,NA,4,54.8153338113086,2.99894817753364
"NCI-H1299",0,NA,0,100,0.267534126469349
"NCI-H1581",0.038729152547759,13.5612700724162,2,22.8125,10
"NCI-H524",0.0243550434400029,NA,4,71.3757909385884,5.69686374518201
"NCI-N87",0.0997181036464304,1519.02536430474,0.273265513287658,0,1519.02536430474
"RXF 393L",0.0319566244453198,NA,4,82.6490917953675,2.80658712054644
"SK-LU-1",0.0846025394934792,NA,3.18715195293439,60.5364377059672,2.28100239541962
"TOV-21G",0.140865563939831,8.95275381603918,0.749604942699433,0,8.95275381603918
"NCI-H28",0.0250171959144388,19.2821989434062,1.66889628251662,0,19.2821989434062
"NCI-H2087",0.0144227084982052,79.6206713670064,1.05835056449689,0,79.6206713670064
"A4/Fukuda",0.022199002562789,10.4251718959164,4,0,10.4251718959164
"CHSA8926",0.127276061016417,NA,1.90315417771978,61.9308407636683,0.99974259191296
"JHH-7",0.116730592267052,254.275508210943,0.325970836484929,0,254.275508210943
"KINGS-1",0.080474967740882,NA,1.17767350269103,63.0156134609654,2.60316169100795
"LK-2",0.0848803235324003,3.0477135786982e+23,0.108117037167336,49.3563628925207,999713.660562441
"MKN28",0.039613105964605,999.047960026581,0.436212373244094,0,999.047960026581
"NCI-H1355",0.121880541988486,126491.221400733,0.155904696732841,0,126491.221400733
"NCI-H1993",0.0350301212952548,NA,4,72.1163514103141,4.23222296807358
"NCI-H441",0.0474736869209564,NA,0.0336399851530603,90.2600407101039,1.41596856260894
"Panc 10.05",0.0496681844489697,NA,0,90.066363110206,0.000579499001556678
"WRO",0.0803944997460686,NA,4,89.793910527985,0.0433249991752259
"VAL",0.109375,NA,0,78.125,1e-06
"HT-29.10",0.161456446457939,6.76004577666763,0.830695051608739,15.8273427740903,4.27533524842143
"MFM-223.10",0.0269747196015418,20.139659621553,1.55622061770708,0,20.139659621553
"MFM-223.11",0.0137094378231524,NA,4,82.6511120155719,5.96940161825034
"MFM-223.12",0.0803960502640585,NA,0.110979914276182,50.3287461742099,999955.380294475
"MHH-ES-1.10",NA,NA,NA,NA,NA
"MHH-ES-1.11",0.0504887403755751,NA,0,89.902251924885,0.590776163642992
"MHH-ES-1.12",0.0641935339463996,4353442891576.14,0.138569771134796,43.9888101260034,998870.541489492
"PC-14.11",0.058345593135994,NA,1.67495390331444,70.7655010581741,2.68177661306093
"PC-14.12",0.0454847742528793,NA,4,66.5109913432303,3.93684467171555
"PC-14.13",0.0432977909757978,NA,4,71.5169770056371,3.51267082696051
"SNU-C2B.10",0.127375398039064,NA,0,74.5249203921872,0.000118633091477553
"SNU-C2B.11",0.130976738169903,NA,0,73.8046523660194,0.00491933800767794
"SNU-C2B.12",0.126749998351337,452.355396614125,0.28143844398824,0,452.355396614125
"SW620.11",0.00540403256071817,15.7860435321422,4,0,15.7860435321422
"SW620.12",0.0457919669153923,NA,0,90.8416066169215,0.0340532063321989
"SW620.13",0.0423134434849075,NA,0,91.5373113030185,0.0839177537360345
"U2OS.10",0.0393246092465365,NA,0,92.1350781506927,0.0455657812826014
"U2OS.11",0.131503530594853,NA,1.59311073428382,86.8496464340224,1e-06
"U2OS.12",0.108937167645849,NA,1.03028235918147,89.1061675745735,1e-06
"A-375.10",0.352851126153592,0.420578871018896,3.74521525236172,28.0826180676659,0.337450754470665
"A-375.11",0.385088332763155,0.485705924501773,1.43381469731444,23.0036664618403,0.31600424642829
"A-375.12",0.415899112976572,0.692665502993147,0.558684766124456,0,0.692665502993147
"A-549.5",0.0185022060906146,11.0642593961936,4,0,11.0642593961936
"A-549.6",0.080607175161114,NA,4,51.9346100380552,3.14767240984143
"A-549.7",0.028976554639349,10.8134428062249,2.92443364593566,0,10.8134428062249
"C32 [Human melanoma].11",0.261802162376478,1.14262159933074,2.02673016021862,33.4005670846406,0.663165554463815
"C32 [Human melanoma].12",0.284733116312336,0.819289206404632,2.31012186053143,34.8706825145537,0.488324528883378
"C32 [Human melanoma].13",0.299437419210771,0.831027734497724,1.88296602169948,31.356495594771,0.492129696360255
"HCT 15.7",0.0855969112511603,6.29853293258564,4,45.9526887184466,3.35960760176917
"HCT 15.8",0.0609789042947684,NA,4,70.9849142227164,2.34361822853591
"HT-29.11",0.310781803356836,4.38792700117463,0.333983639264558,0,4.38792700117463
"HT-29.12",0.217479479374664,5.36770479810722,0.573080642131842,0.205416717850795,5.32928338447776
"Karpas-620",0.0287090379106892,NA,0,94.2581924178621,0.0346715706867174
"MDA-MB-468",0.160118953110936,85.6657031766623,0.319861294316213,0,85.6657031766623
"NCI-H2085",0.103481306576865,NA,0,79.303738684627,0.70565300225436
"NY",0.0654735492639645,NA,1.13348637119849,82.3502431745857,0.805377142797958
"OCI-AML-3",0,NA,1,100,0.0100052698506632
"SF539",0.0185997841303886,11.0456797590348,4,0,11.0456797590348
"SK-MEL-2",0,NA,0,100,0.699717857339608
"SK-PN-DW",0.011304712552444,12.8513106833799,4,0,12.8513106833799
"Hs 578T",0.0421364843727761,NA,4,72.8930934095042,3.42917730372803
"NCI-H727",0.0216053618692498,NA,1.61512355787769,88.9034369831672,2.80820157533443
"RCM-1 [Human rectum adenocarcinoma]",0.0824005824012423,304.055202145344,0.385128413099718,0,304.055202145344
"SW1271",0.020516798117075,12.4062047236044,2.98147176507718,0,12.4062047236044
"NCI-H3122",0.0481669252162037,NA,2.3966551329491,93.354253706365,0.0666682136467753
"LAMA-84",0.0866529151568944,5.90850775175129,4,44.3837613304518,3.42055594094262
"NCI-H526",0.0211390265971026,15.5973151010879,2.19259668499146,0,15.5973151010879
"HSC-2",0.0595583306744469,NA,4,57.8485638747087,3.7875267819041
"NCI-H2029",0,NA,0.97902653301615,100,0.132175592264084
"NCI-H650",0,NA,0,100,0.145196813704807
"NCI-H1755",0.130846476465475,442093.406159779,0.135712651599539,0,442093.406159779
"L-363",0.142925392664661,8968.10652979368,0.179109665385266,0,8968.10652979368
"NCI-H522",0.107165997536926,3707.18858139586,0.235353737742174,0,3707.18858139586
"KMS-12-BM",0.0602687965224304,NA,4,69.4655382139736,2.56077999976626
"SK-OV-3",0.113210805244746,NA,0.0540886522263898,63.2989530495701,1e+06
"MOLT-4",0.0203988282238672,NA,0,95.9202343552266,1e+06
"MOLT-4.1",0,NA,0,100,1e+06
"NCI-H1435",0.0499572304026924,NA,0.111167030467435,69.0640552876152,1e+06
"NCI-H1869",0.109524090655983,4216.28752036747,0.229081386049084,0,4216.28752036747
"NCI-H211",0.00793014606523632,NA,4,90.6780453066161,5.69755578561695
"NCI-H211.1",0.0078417920359553,14.2587400009465,4,0,14.2587400009465
"SaOS-2",0.0423166492054192,NA,4,63.1564895681765,4.57197911735132
"WIL2 NS",0.00567524227782749,15.5789982171653,4,0,15.5789982171653
"WIL2 NS.1",0.00813488513224221,14.1137155417551,4,0,14.1137155417551
"SNU-C5.1",0.217066804442029,34.6703045936688,0.293276724330656,0,34.6703045936688
"HT115.1",0.0218815164101933,22.4999975861913,1.59913148708098,0,22.4999975861913
"LS513.1",0.0183472705674055,105.896296469747,0.896414081236965,0,105.896296469747
"GP5d.1",0.00687168716501547,14.7884766265678,4,0,14.7884766265678
"HCC2998.1",0,NA,0,100,88.6031779620776
"SNU-C1.1",0,NA,0,100,46.1566503975467
"CTV-1",0.0489080999607605,NA,0,90.2183800078479,0.796789094957963
"WSU-NHL",0.0106879961729578,13.0620097086159,4,0,13.0620097086159
"RPMI-6666",0.0615554280008022,NA,4,52.433881540677,4.11986129105856
"A-204.1",0.00398487325501701,17.1207873970794,4,0,17.1207873970794
"MES-SA.1",0.0220136849738666,NA,4,83.7841412464766,3.93868180513724
"PL4.1",0.0397272101170805,NA,0,92.0545579765839,0.738489329551696
"OS-RC-2.1",0.0029994859194104,18.4445212498655,4,0,18.4445212498655
"WM793.1",0.19879072051404,10.6348490739031,0.831591569251434,42.6687950679153,1.05701731914619
"KYSE-50.1",0,NA,0.637353443993081,100,5.72486469800762
"KE-37.1",0.0855236473697205,9.54509878215872,4,49.4316952139527,3.1166157032839
"Jurkat.1",0.106307957675486,6.07669847247059,1.76630151567499,21.2262543234575,4.44432173002565
"KM-H2.1",0.00657718955196778,14.9669937430458,4,0,14.9669937430458
"697.2",0.108129254628955,4.52546740923424,3.45338131983156,28.925937527324,3.52378990511396
"8-MG-BA.2",0.154645389670377,20.1522737200948,0.48060929065799,0,20.1522737200948
"PaTu 8988t.1",0,NA,0,100,0.217630340536499
"FTC-133.1",0.0343088213106241,NA,4,88.4574974909676,1.28345429452891
"KMRC-20.1",0.00578423275967595,15.4993378492165,4,0.00676236934252718,15.4988137613997
"NCI-H1975.1",0.0561110642911266,998447.029505971,0.192952586943677,0,998447.029505971
"OVCA420.1",0,NA,0.466602716340116,100,0.0379470511645338
"HCC1954.1",0.0523994434475425,NA,4,86.1954415778886,0.726687497452812
"ASH-3.1",0,NA,0.394097105979675,100,0.0425972057042874
"NCI-H1568.1",0,NA,0,100,0.0924008848266987
"NCI-H1563.2",0.0200072880309075,NA,0,95.9985423938185,0.193143062148786
"Daudi.1",0,NA,0.0125770305982787,100,0.227676190880061
"CTV-1.1",0,NA,1.20987541118833,100,16.4662363546134
"EM-2.2",0.0127990858263413,12.3908761831452,4,0,12.3908761831452
"WM278.1",0.309744585226218,3.69095110834267,0.697360271917662,42.9780951080196,0.221130974192263
"GI-ME-N.1",0.0378802281316275,3768.79622719266,0.370244206919204,0,3768.79622719266
"EJM.1",0,NA,1.23327841796843,100,4.56482036839965
"HT-3.1",0.00131694435748501,22.7921836620398,4,0,22.7921836620398
"Hs 746.T.1",0.017170710426518,11.3290011296999,4,0,11.3290011296999
"EW-18.1",0.0247804959575775,NA,4,80.9335740098752,4.10353064444002
"RPMI-7951.1",0.048620856897287,NA,4,60.2478478789874,4.33372898938001
"CA46.1",0,NA,0,100,2.47612104253944
"RCC10RGB.1",0.00833162328150907,14.0197589812534,4,0,14.0197589812534
"U-251MG.1",0.0418312389690588,352.593526066471,0.507886900153589,0,352.593526066471
"Karpas-231.1",0,NA,1,100,1.00017563084078
"BALL-1.1",4.55765368069632e-11,NA,3.32621200004753,99.5405407029529,992.983071769633
"IGR-1.1",0.17393555733598,242.308083747776,0.548194784316931,46.7105383135181,1.69231977762345
"KP-1N.1",0.020462538203022,NA,0.0582926474226388,96.1435453621103,0.0383563902234311
"OVCAR-8.1",0.0158342475007008,NA,4,81.628963764121,5.64904204475626
"JJN-3.1",0.0290321344390029,NA,4,71.7600520934232,4.99047182132585
"ALL-SIL.1",0.0175865268421071,11.2439853229215,4,0,11.2439853229215
"HEY.1",0.0407968984535095,NA,0,91.8406203092981,0.00376491817786767
"HeLa.1",0.0318835647899583,NA,4,73.9084361582519,4.33717815948152
"SCC-15.1",0.0280403423986833,NA,0,94.3919315202633,0.281354252734709
"CAL-33.1",0.0102149311634069,NA,3.39283844506587,89.5062578682518,5.26970950142224
"JHH-6.1",0.0104969864491587,13.1301099376781,4,0,13.1301099376781
"ES4.1",0.028325408080066,NA,0,94.3349183839868,492.427312872472
"UACC-257.1",0.265249852200105,NA,2.38549974482599,52.1192491809484,0.21781559314131
"KCL-22.1",0.00693588890454699,14.7507600183118,4,0,14.7507600183118
"CHP-134.1",0.0238077440148619,NA,4,82.9980757544286,3.8215026954717
"KMS-12-BM.1",0.0138851359844497,NA,4,84.924559601282,5.40235846866134
"OE19.1",0.0109372801945318,12.9752057653388,4,0,12.9752057653388
"MDST8.1",0.14261955885324,4.57448863857358,2.18823453690304,43.9602962139802,1.74119388730829
"HCC2998.2",0,NA,0.808778089624278,100,0.0157804771614282
"G-401.1",0,NA,1.07956734657126,100,3.01192941413653
"OAW28.1",0.0230735697870341,NA,4,91.4931596885086,1.53608776467562
"DMS 53.1",0.00454715403218424,NA,4,81.875,10
"TOV-112D.1",0.0115690664139594,29.6640482592117,1.74625335241272,0,29.6640482592117
"AsPC-1.1",0.0159768357667304,NA,4,96.2168492632343,0.540942050326435
"HSC-3.1",0.095357715445624,NA,3.4484172292345,54.2018759720962,2.37845547673914
"Evsa-T.1",0.0256498625858713,NA,4,85.6596116102954,2.91222962760396
"VA-ES-BJ.1",0.00721035541899235,14.5940454104842,4,0,14.5940454104842
"GOTO.1",NA,NA,NA,NA,NA
"SNU-175.1",0,NA,1,100,0.0100052698506632
"IM95.1",0,NA,0.896012338660636,100,0.0125261985177036
"OVCAR-3.1",0.0298375818161903,NA,0,94.0324836367619,0.0486878219735406
"LXF 289.1",0.00582984912068313,16.3077459250469,4,16.9843627797903,14.7004746121204
"AGS.1",0.00276567543564673,18.837971447509,4,0,18.837971447509
"AU565.1",0,NA,1.10422834306836,100,13.2727289895096
"LN-405.1",0,NA,1.02422281453907,100,3.86710620784631
"TE-4.1",0.000962333914788803,32.5301059710293,4,40.174941732406,21.6584194681308
"42-MG-BA.1",0.0235274478575308,NA,0,95.2945104284938,0.75003152925624
"TUR.1",0,NA,1.32261693343339,100,22.8150737131519
"EMC-BAC-2.1",0.0231651607289682,26.6289844848315,1.40603501496105,0,26.6289844848315
"LC-1/sq.1",0.00188555653150602,20.7949921811673,4,0,20.7949921811673
"Hep-G2/C3A.2",0.00988708023018709,13.3574997027318,4,0,13.3574997027318
"Karpas-45.1",0.00832321750519056,14.0237200511274,4,0,14.0237200511274
"A-375.13",0.357010290126637,1.38779626060105,0.522047654354241,17.8319865578845,0.596229284908118
"C32 [Human melanoma].14",0.359307499336898,0.756435520507133,1.07185620514622,17.3815915073283,0.507809595678282
"C32 [Human melanoma].15",0.353934254348656,0.661560611298174,1.38431666010517,22.3917296489927,0.430770626661975
"C32 [Human melanoma].16",0.33312409593936,0.891564617779378,1.24943016068394,16.86205768008,0.641463679015054
"HT-29.13",0.0511455474958984,18.1434714566442,1.15311145055526,0,18.1434714566442
"HT-29.14",0.138312367007581,NA,0.698817240382235,62.5858048709308,0.943820875942017
"MHH-ES-1.13",0.0114045038900894,NA,0,97.7190992219821,0.160219438860103
"MHH-ES-1.14",0.0664004524133837,NA,0,86.7199095173233,0.295591352002275
"MHH-ES-1.15",0.0418349391572996,NA,4,90.1620569616453,0.530122211945866
"SNU-C2B.13",0.0272046821350107,NA,0,94.5590635729979,0.00267467466609796
"SNU-C2B.14",0,NA,0,100,686.393213260275
"SNU-C2B.15",0,NA,0.599020738699604,100,0.0133329878160905
"U2OS.13",0.00270352372723553,18.949435861513,4,0,18.949435861513
"U2OS.14",0,NA,1,100,3.16255534471853
"U2OS.15",0,NA,0.34651104603886,100,0.0449112066684082
"PC-14.14",0.0020053646290198,20.4686408135002,4,0,20.4686408135002
"PC-14.15",0.0132196822208288,NA,4,84.549453860242,5.67622142671081
"PC-14.16",9.44007796567009e-13,NA,3.28221480997215,99.7199800477513,2971.30195723164
"SW620.14",0.00288898920589879,18.6256137835694,4,0,18.6256137835694
"SW620.15",0.0013954185100529,22.4586286982827,4,0,22.4586286982827
"SW620.16",0,NA,0.278822126024944,100,0.0471117635650535
"HCT 15.9",0.00145402497413903,22.2242906866232,4,0,22.2242906866232
"HCT 15.10",0.00776007049777541,14.3003127643684,4,0,14.3003127643684
"HCT 15.11",0.00866796908920621,13.8649851209,4,0,13.8649851209
"A-375.14",0.281012600629093,0.740373643095013,2.63772933892362,38.7362852390241,0.420779816467427
"HGC-27.1",0.0354078531631688,12.6110490190828,1.9960776636739,0,12.6110490190828
"B-CPAP.2",0.133322736605468,371.16337071401,0.280734447278907,0,371.16337071401
"SK-MG-1.1",0,NA,0.415237355564338,100,0.0357949461968143
"NCI-H1650.1",0,NA,0.253823141917426,100,0.0396938464185013
"786-O.1",0.089635649208724,NA,0,82.0728701582552,0.570498843688288
"TGBC24TKB.1",0,NA,0.646674477296448,100,8.95151565500498
"KP-2.1",0.00478424279949762,19.1920879024412,3.76319378165259,26.7622315961143,15.6564462576867
"HDQ-P1.1",0.0673883298166126,NA,1.79739919153829,50.2699415509816,4.3975176519568
"NCI-H716.1",0.0761544865632269,NA,4,77.8533557592978,0.930021031792753
"MHH-PREB-1.1",0.0970954054696849,NA,0.0295018582507462,80.9726074440535,0.0782400894854562
"NCI-H513.1",0,NA,0.283579425629283,100,1.2265110683033
"Huh-7.1",0.0342745339884339,NA,4,86.0212705335543,1.83911280758561
"HT-1197.1",0.0575712693476872,35.5289848708704,0.863341038137392,17.8840674515597,21.2765890696199
"J82.1",0.00943350344276407,NA,4,96.0301621138056,1.93784510088192
"NCI-H1568.2",0,NA,0,100,0.47605284386596
"SK-N-DZ.1",0.149795464066239,670.413996204429,0.236712964575989,0,670.413996204429
"NCI-H322M.1",0.142158672871251,42.3030447578936,0.414769187090169,0,42.3030447578936
"LB996-RCC.1",0.0957848849583605,5.16871031153013,4,43.4221156201833,3.11287190612254
"NCI-H1944.1",0.00612434206704307,15.2608554637927,4,0,15.2608554637927
"MCF-7.1",0,NA,0.37019386495838,100,0.40099438569424
"KYSE-180.1",0.00268244309289436,18.9879558334884,4,0,18.9879558334884
"NCI-H23.1",0.0100345685558914,NA,4,88.8058328482712,5.5033360129315
"L-428.1",0.156517130494938,58.4966631725351,0.354404682358049,0,58.4966631725351
"IGROV-1.1",0.0369242532603899,NA,4,65.892366080163,4.79564011759671
"LN-229.1",0,NA,0.534333734448323,100,2.53920189550757
"HSC-4.1",0.0183222255861565,NA,4,93.8538659232882,1.27575618826556
"Mel JuSo.1",0.00332366588297585,NA,4,98.5210629500914,2.11870115624254
"639V.1",0,NA,0,100,0.741509929592231
"SK-GT-2.1",0.0491416832751948,NA,4,71.4752910207725,3.04888314022896
"NCI-H2373.1",0.00666393263337345,NA,4,73.4375,10
"U-118MG.1",0.00624535550942225,15.1798602960181,4,0,15.1798602960181
"TE-1.1",0.0120572681222212,NA,4,82.9132551833137,6.3824946966848
"SKN-3.1",0.0384216909311831,NA,4,90.2459801093714,0.658223682887372
"SiSo.1",0.00523786704662561,19.9770115394015,3.59230835839983,29.4076745913089,15.6057064052862
"SNU-C5.2",0.108083030102181,57.0685377439134,0.467773960156222,0,57.0685377439134
"MFE-296.1",0,NA,1,100,0.0100052698506632
"NCI-H2170.1",0.052101885432495,181.850502666876,0.528122509209496,0,181.850502666876
"NCI-H1694.1",0,NA,1.08634040782464,100,1.63956717688262
"8505C.1",0.0659513974156698,NA,4,92.6289352214449,0.0204132366992779
"JHH-4.1",0.0210804296436539,NA,4,83.7060848832391,4.12086133521868
"TT2609-C02.1",0,NA,0.657463207760058,100,0.0189672518230011
"SW1573.1",0,NA,0,100,0.0614581948073124
"LOU-NH91.1",0.128977839365924,NA,0,74.2044321268152,0.0909295490527244
"NCI-H1048.1",0,NA,1,100,0.0100052698506632
"C-4-I.1",0.00928787530014554,15.9712096992349,3.17629165259225,0,15.9712096992349
"Jiyoye.1",NA,NA,NA,NA,NA
"SUP-M2.1",0.123558620520754,NA,0,75.2882758958493,0.0865830912850164
"CAL-120.1",0.0159770912780735,NA,4,90.9407557165488,2.963381314526
"SW756.1",0.0400094669548016,NA,4,86.0535844072507,1.37868508327391
"G-402.1",0.0344691687126898,NA,2.93241011420346,81.125481185386,2.8568331237269
"WM35.1",0.398467995923262,0.173100088121446,2.64146117477134,42.1049174691544,0.0860644585993213
"UMC-11.1",0,NA,0,100,0.414834180257736
"HCC827.1",0.0521965926851416,53.7504705233883,0.718809569102898,0,53.7504705233883
"HOP-92.1",0.0042553459128296,16.8259762702618,4,0,16.8259762702618
"SW780.1",0.00740256702906086,14.4884286307207,4,0,14.4884286307207
"OVCAR-4.1",0.00120795160402605,23.3016812720364,4,0.0537465637481902,23.295416819785
"RERF-LC-KJ.1",0,NA,0,100,0.47491657979117
"RL95-2.1",0.0646387623082723,NA,4,66.4172100732054,2.64941580662936
"DEL.1",0.173121195310349,39.7052713093216,0.356614384787813,0,39.7052713093216
"KOPN-8.1",0.0407573838102167,NA,4,76.1039026768848,3.08557598835557
"ETK-1.1",0.0503557532800636,17.5483130321618,1.18899728121657,0,17.5483130321618
"GB-1.1",0.105155011069625,NA,4,66.7648153986149,1.12434550802185
"Calu-6.1",0.114343806737503,NA,4,68.0396578706973,0.84485863448425
"BHT-101.1",0.112440292495427,25.6740665759193,0.575861756093003,0,25.6740665759193
"Daoy.1",0.0102667706015656,NA,4,95.2168288684968,2.27199429809025
"CADO-ES1.2",0.0107550123283065,13.0384472591636,4,0,13.0384472591636
"ESO-26.1",0.00435798008796556,16.7199774495727,4,0,16.7199774495727
"NCI-H1623.1",0.0118072847244762,NA,0,97.6385430551048,0.286898125200123
"HTC-C3.1",0.21064042767766,5.41563189138876,0.598269678083196,0,5.41563189138876
"KM12.1",0.00349129139145642,17.7269449210131,4,0,17.7269449210131
"LOU-NH91.2",0.0342969785634039,NA,4,84.134456604312,2.24806165318027
"PWR-1E.1",0.0404634386765983,NA,4,82.3508946309146,2.05327241509516
"SNU-182.1",0.0151692911936586,NA,4,91.1150733112126,3.0819267095211
"SNU-398.1",0,NA,0.14068605912032,100,0.0370722184869251
"CHP-212.1",0.0151837961243849,NA,4,93.4717444528427,2.0066502366411
"TYK-nu.1",0.0658629731108533,NA,2.65772452887764,72.7531818768832,1.89154819345917
"DBTRG-05MG.1",0.192034996025435,218.944442218303,0.373054307753003,39.7222392329062,3.15200816350662
"ESO-51.1",0.00819536847356629,NA,4,88.253500595704,6.42363990161018
"RPMI-8226.1",0,NA,1.19774068889865,100,16.9534921431727
"OVISE.1",0.00969846086632921,13.4311170112655,4,0,13.4311170112655
"DiFi.3",0.00648432369469315,NA,4,95.976028556733,3.29520430320805
"KG-1.1",0.0170750625656435,NA,4,87.1985475729855,4.00532827860091
"ARH-77.1",0.0164808632801613,NA,4,88.5370413466115,3.72196160625418
"EBC-1.1",0.05349464998082,NA,4,93.14368508555,0.0456304010947964
"HuO9.1",0.0540610366952309,30.1227293768312,0.867841128140382,0,30.1227293768312
"Raji.1",0,NA,0.124601539530308,100,0.110765995685922
"Granta-519.1",0,NA,1.00861975887601,100,1.52731715309589
"TC-71.1",0,NA,1.0412067049185,100,10.9738050886736
"HuO-3N1.1",0,NA,0,100,0.101275470740527
"BT-474.4",0,NA,0.440475512170852,100,0.31318614531831
"RERF-LC-Sq1.1",0.00608790410723003,15.28561712091,4,0,15.28561712091
"RD.1",0.0364524947928149,NA,2.65185331106046,86.5230763882022,1.54802584779935
"CAL-51.1",0.00780937578969492,14.2751694157281,4,0,14.2751694157281
"IMR-5.1",0.0251065185932013,NA,0,94.9786962813597,949.1697374011
"BPH-1.1",0.0204901968259524,40.111082955509,1.20856664958181,0,40.111082955509
"SNU-1.1",0.0245795678478603,NA,4,93.6961403095066,0.676631968950595
"JSC-1.1",0.00617444137623127,15.2270947859172,4,0,15.2270947859172
"SAT [Human HNSCC].1",1.96678963030667e-11,NA,3.70772910995469,92.691793484332,1589.463802098
"P30/OHK.1",0.0510406530074268,21.4792818597644,1.0495928852189,0,21.4792818597644
"NCI-H2405.1",0.105819954419467,NA,0.996042649342133,61.6120102156101,1.74179688735512
"C2BBe1.2",0.024704758652394,21.1479786849636,1.57290413681133,0,21.1479786849636
"TCCSUP.1",0.0285406847297212,NA,0,94.2918630540558,0.0094974735850382
"HuP-T4.1",0,NA,1.47812001444303,100,32.6833663200446
"A101D.2",0.253680146500344,2.80203267113367,0.68478276378921,0,2.80203267113367
"GA-10.1",0.0339851797015423,NA,2.03242994076724,74.9279845688646,4.24510772171263
"CESS.1",0.111758874085773,NA,1.4818203120787,51.1441064807839,2.20460463076015
"RT-4.1",0.0811711664693941,NA,0.562992207941293,83.462126969137,0.344232455923479
"NCI-H1155.1",0.00353762182345474,17.6657448624571,4,0,17.6657448624571
"COLO 678.1",0,NA,0,100,0.0844625753954695
"A-172.2",0,NA,1.0634773188426,100,11.3718873091357
"647V.2",0,NA,0.554971115309974,100,0.235061202062054
"EC-GI-10.1",0.0134291160634041,NA,4,85.8229271562391,5.29761812229051
"LN-18.1",0.0195663033255125,10.8671524270654,4,0,10.8671524270654
"M14.1",0.438070760056044,0.315388000081388,0.994578678030509,29.3673056248217,0.129519665425558
"KYSE-140.1",0.0158155604637175,11.6226175225493,4,0,11.6226175225493
"COLO 829.1",0.282827611774784,1.12942922785418,1.51543777834813,40.8218940620097,0.369018066834264
"EPLC-272H.1",0.0212498127186729,NA,4,80.4721305737932,4.77616227623717
"G-361.1",0.210033162954378,3.34464088361144,1.17328827470445,37.1543868995146,1.05028191173174
"GDM-1.1",0.0671637932298432,NA,4,83.0417780043381,0.648528666394578
"JHH-1.1",0,NA,0,100,1.34490988698041
"MM1.S.1",0,NA,0,100,0.155421401632458
"MOLT-16.1",0.100435485094389,NA,4,70.5268167159538,0.950122674487885
"NCI-H1693.1",0,NA,0,100,0.158437815271221
"NCI-H1781.1",0.033107152551896,NA,4,84.8126760212325,2.21991942205656
"NCI-H2141.1",0.0119485926577284,NA,0,97.6102814684543,170.606618162424
"OE21.1",0.0132693495787038,NA,3.88798657817579,89.2607486643711,4.30002363492761
"Panc 08.13.1",0,NA,0,100,2.63755622527398
"UPCI-SCC-090.1",0.00268009249175624,18.9922739410233,4,0,18.9922739410233
"SU.86.86.1",0.0515516360225929,NA,4,87.089015808586,0.634216901579835
"SU-DHL-10.1",0.100882501667374,NA,1.11869387929592,58.1661330949236,2.19255170942751
"SUIT-2.2",0.00442499063857706,22.8538262754185,3.08780158042603,18.1074150972514,19.756791843236
"SUP-HD1.1",0.00191348216374291,20.7166865283536,4,0,20.7166865283536
"NOS-1 [Human osteosarcoma].1",0.115836820095171,3.93914816669815,4,39.1526327997804,2.68838151775572
"CFPAC-1.1",0.0389831031608075,22.5630930914858,1.19273795181861,0,22.5630930914858
"A2058.1",0.108644479742575,40.0597539619418,0.513166286393805,0,40.0597539619418
"CAL-27.1",0.00716003718028857,14.6222434106809,4,0,14.6222434106809
"COLO 205.2",0.33258525982472,0.526298796014424,1.80741149121258,40.5985869463722,0.208773998392836
"COR-L23.2",0.0619013043281407,NA,4,85.174942983745,0.559063554736193
"DAN-G.1",0.0280140505501629,15.9454426747019,1.8318229704466,0,15.9454426747019
"EW-1.1",0.00337032223460821,17.8915047975253,4,0,17.8915047975253
"GP5d.2",0.00580170517267408,15.4864553737854,4,0,15.4864553737854
"NCI-H2722.2",0.0116038172179369,NA,4,84.6281403807919,6.13701712094229
"HCC15.1",0,NA,0,100,0.0920900640171183
"MFE-319.1",0.00392823302106256,17.1855942247354,4,0,17.1855942247354
"NCI-H1876.1",0,NA,0.810623052965762,100,70.7328678994008
"NCI-H661.1",0.00249424799267443,19.3491356600325,4,0,19.3491356600325
"T-47D.1",0.0177779913485557,NA,2.25822683874651,62.0935013069175,9.67173426770224
"U-87MG ATCC.1",0,NA,0.269312998271723,100,0.0483775645723433
"MC/CAR.1",1.75889957805647e-11,NA,3.16619926161582,99.2920223118002,1970.28538097078
"23132/87.1",0.0102702961761403,NA,4,59.0625,10
"ATN-1.1",6.38183536232135e-13,NA,3.26577211840749,99.7798251031209,3207.41697307225
"BB49-HNC.1",0.081195111012978,NA,4,51.6168147943118,3.14517843187264
"SK-N-BE(2)-M17.2",0,NA,1.09779497169005,100,230.581955038774
"BFTC-909.1",0.0234283899515758,14.4532552952723,2.24330971620211,0,14.4532552952723
"BICR 10.1",0.0214775858507172,NA,4,71.1440243260386,6.18850640746274
"BV-173",0.0193158307891185,10.912487455996,4,0,10.912487455996
"CAL-29.1",0,NA,0,100,4.37748976268723
"COLO 678.2",0,NA,0.874922787065068,100,0.0127764837245191
"COR-L311.1",0.00414238461698236,16.9462687086109,4,0,16.9462687086109
"DG-75.1",0.00984496825923483,13.3737942310962,4,0,13.3737942310962
"EW-13.1",0,NA,0.285616742585873,100,663.39624880613
"GCT.1",0.0867185742048748,NA,0.670905988967798,65.1126707406327,3.0201872801748
"Lu-135.1",1.63799370034612e-13,NA,3.64167493724838,99.1748360167045,3582.74286602303
"MOLP-8.1",0,NA,1,100,10
"SF268.1",0.00939940695301978,13.5513003403844,4,0,13.5513003403844
"SNU-61.1",0,NA,0.86878505170051,100,0.0524351018035146
"HC-1.3",0.0692867217039415,NA,4,70.7853602718325,1.94408871732679
"A-704.1",0.0929243631195891,NA,0.744474073108137,66.9906261969579,1.98256572834724
"ALL-PO.1",0.0398384970454423,10.5736791840668,2.29387236621677,0,10.5736791840668
"AM-38.1",0.118672499167634,NA,4,82.7880614358029,0.0854483899109966
"P32/ISH.1",0.0408787761070629,8.31305042010893,4,0,8.31305042010893
"SUP-B15.1",0.000989973556487847,24.507504616574,4,0.0319001584352023,24.5035947146003
"MHH-CALL-2.1",0.0229701356337182,NA,4,64.6953384812526,6.67568402725843
"ES-2.1",0.150490223848033,NA,0.75478070463455,56.8808538060504,1.08432283735028
"NUGC-4.1",0,NA,0,100,4.67051069857782
"HCC1187.1",0.0058655096977161,NA,4,98.4710740271423,0.706614634001159
"NEC8.1",0,NA,0.33765872082253,100,2.79921138281621
"CAL-78.1",0.0329850919920334,NA,4,75.4705462714753,3.97459562441295
"AN3-CA.1",0.0209358782137698,NA,1.99281494804457,58.4181844362852,10.0010616178681
"DU4475.1",0.479942203698706,0.336954068550191,4,2.60609890306214,0.332474864748919
"PaTu 8902.1",0.0100079399334549,13.3111766326997,4,0,13.3111766326997
"HT-1080.1",0.0335488689631055,NA,4,79.2079163076619,3.2903337189897
"HCC1806.1",0.0160819089025169,403.779886910472,0.68396322100472,0,403.779886910472
"HOP-62.1",0.0203961755326278,NA,4,80.9202436414294,4.84330197921877
"JIMT-1.1",0.0209831256764208,NA,4,88.2219131218971,2.92666215660386
"Rh1.1",0.0426182241900041,NA,4,75.921933775843,2.95025369076256
"RC-K8.2",0.0186393708571026,NA,4,94.5054760301117,0.960241832276566
"SU-DHL-5.1",0.0215292208721815,NA,4,81.0766697036708,4.60788146928236
"A3/Kawakami.1",0.0844722001825624,5.91321074440732,4,43.140896984487,3.59871693527144
"A3/Kawakami.2",0.0912035191682707,5.32528954926911,4,41.533671470266,3.41605224834128
"CL-40.1",0.00185253365145833,20.8894536387429,4,0,20.8894536387429
"COLO 792.1",0,NA,0.930817396228158,100,0.0386735627434526
"COLO 824.1",0.00240979558787792,19.522234501824,4,0,19.522234501824
"HCC1143.1",0.0189462155443941,14.4013821961543,2.5450563160053,0,14.4013821961543
"HCC1143.2",0.0623004856225714,35.1558766016537,0.755243974293845,0,35.1558766016537
"HCC1143.3",0.0601049772927513,NA,3.45399504589213,70.2734520843925,2.48017305121399
"HEC-1.1",0.00335635606660179,17.9109652262814,4,0,17.9109652262814
"Hs 445.1",0.0394704710674772,NA,4,74.9710491287726,3.37550510197781
"HT-55.1",0.0716147683574538,NA,3.63865137803922,81.5529911613224,0.684603500412581
"HuP-T3.1",0.00519673183613586,15.9528661832886,4,0,15.9528661832886
"JVM-2.1",0.115467293503836,NA,2.79457335476607,54.0320506380243,1.76891824973128
"JVM-2.2",0.0890774004449843,7.61727117085459,1.48892362000751,0,7.61727117085459
"JVM-2.3",0.119293456585935,5.09055416069024,1.93537942422018,24.9218113955519,3.56389764487222
"NCI-H2228.2",0.0511584144449151,NA,3.08201518274906,68.0796135418827,3.34161251809012
"SNU-5.1",0,NA,1.33474975317294,100,21.6691665014714
"NUGC-3.1",0.0485830047804123,NA,2.20359431319981,63.122243639186,4.29840094093663
"OACP4 C.1",0.00635807723439765,15.1060752166118,4,0,15.1060752166118
"OCI-M1.1",0.0259679890539678,13.3248846732428,2.3145150199764,0,13.3248846732428
"OCI-M1.2",0.0122412405227399,12.5552465081335,4,0,12.5552465081335
"OCI-M1.3",0.0361109171489699,NA,4,64.8406900375784,4.99408448430367
"OV56.1",0.0129028474980879,12.361197433098,4,0,12.361197433098
"RS4;11.1",0.052167867744864,NA,4,65.3753828169869,3.54598332562981
"SCC-3.1",0.0224591340412809,NA,4,89.6304357431275,2.24162096910284
"SK-ES-1.1",0.0783489485058643,NA,2.02024796741801,67.2662180659116,1.94872175651257
"SU-DHL-8.1",0,NA,0.730153214976557,100,0.0222446994595158
"TK [Human B-cell lymphoma].1",0,NA,1.18634535839346,100,14.4919627381734
"A3/Kawakami.3",0.0748147045808186,6.63526592180649,4,42.9030469305999,4.0727130766167
"NCI-H747.1",0,NA,0,100,0.0396733330988293
"NB1",0.0391994545360324,NA,4,89.8888139895304,0.687130136603105
"HPAC.1",0.005691593765275,15.5668947295796,4,0,15.5668947295796
"EW-16.1",0.0234045881955562,NA,4,87.5518746527356,2.73272491550841
"OSC-20.1",0.0522931333164204,NA,0.789332691803222,79.8464978228362,2.31749124875242
"EGI-1.1",0,NA,0,100,0.111047217415786
"SBC-5.1",0,NA,0,100,1.99265120805124
"NCI-H2369.1",0.0513208195429639,NA,0,89.7358360914072,0.000548047442357162
"H9.1",0.0752001952641791,NA,4,73.3484013837654,1.42438942740817
"OACM5.1 C.1",0.0396630040461338,NA,4,81.5881211224328,2.25979930167602
"U2OS.16",0.0441111024465826,NA,3.65477845456466,77.491186944984,2.58805898647995
"A-375.15",0.326416002952973,1.08185410451644,0.940306268252831,21.2510014414825,0.600569646348514
"A-375.16",0.309438788061717,1.35315280261488,0.879818461855572,24.1405893280307,0.63955868824248
"HT-29.15",0.191838134796024,11.4492154999962,0.792231093819925,41.1607187104168,1.28487138307241
"HT-29.16",0.232835204256282,2.44469621606456,1.93964047078065,48.1148795020556,0.451085143208185
"HT-29.17",0.191734768674468,217.03979183591,0.230090182657705,0,217.03979183591
"A-549.8",0.0226387657070153,10.356813306236,4,0,10.356813306236
"HCT 15.12",0.0855482517174205,NA,0,82.8903496565159,5.83039801231118
"HCT 15.13",0.0432045105303574,10.8941401264615,2.0424308331926,0,10.8941401264615
"HCT 15.14",0.0712280187515926,7.46577187227637,4,45.5422432259228,4.0795410389391
"A-375.17",0.367820837476645,0.898785639327147,0.7184079398345,16.7842462688574,0.508635630675265
"U2OS.17",0.0475040148366877,999709.617859431,0.2053283209335,0,999709.617859431
"C32 [Human melanoma].17",0.26443795907672,1.37592808181587,1.47822917144766,36.3119937519342,0.572776319937957
"C32 [Human melanoma].18",0.27525695272462,1.31286584337767,1.36076462038587,31.4075914756989,0.634585652171682
"C32 [Human melanoma].19",0.288966682911393,1.77409010968816,0.818183816604786,21.1075829561689,0.907527942119992
"PC-14.17",0.078056920738695,48966.2776863563,0.212882782786391,0,48966.2776863563
"PC-14.18",0.129860283604628,1752.61688354353,0.22952751821699,0,1752.61688354353
"PC-14.19",0.116274351787742,161.88895914094,0.354782734246885,0,161.88895914094
"A-549.9",0.0563797563224091,NA,4,56.6918082316524,4.09731621882022
"A-549.10",0.0504749666706436,12.597152180148,1.52683935343165,0,12.597152180148
"MHH-ES-1.16",0.01125641896948,NA,0,97.748716206104,0.015196454667043
"MHH-ES-1.17",0.0178401907017656,NA,4,96.0592011958896,0.438519738081889
"MHH-ES-1.18",0.00585622114175294,NA,4,97.621041341386,1.82673225828083
"SNU-C2B.16",0.04136697629216,NA,0,91.726604741568,0.0414948701487966
"SNU-C2B.17",0,NA,1.04228333168888,100,77.8459020076936
"SNU-C2B.18",0.0353273678629925,NA,4,92.2067236977955,0.436703729399783
"SW620.17",0.00846124547729997,13.9592617673663,4,0,13.9592617673663
"SW620.18",0.0193884451979407,NA,4,82.906563856488,4.61935791250043
"SW620.19",0,NA,0.523215482318142,100,1.45656645161063
"HT-144.1",0.3489713023709,0.964347711317376,0.826778058787519,19.5540122054096,0.52924399798055
"HuH-1.1",0.0112903504765878,12.8560664426949,4,0,12.8560664426949
"LB771-HNC.1",0.0284618058653524,NA,4,93.927347274982,0.392683718554516
"LCLC-97TM1.1",0.00271529318681586,18.9280892929376,4,0,18.9280892929376
"NCI-H196.1",0,NA,0.82578972013647,100,0.0757984915917198
"NCI-H1963.1",0,NA,0.819294450039949,100,0.0131712836585484
"NH-12.1",0,NA,1.71558181369012,100,816.536690572668
"OAW42.1",0.0049696561720734,16.1450082134795,4,0,16.1450082134795
"PFSK-1.1",4.93696301369028e-16,NA,4,96.8895991742102,12288.9732188995
"RERF-GC-1B.1",0,NA,1,100,3.16255534471853
"TE-6.1",0.00983612527722898,13.3772261092499,4,0,13.3772261092499
"A-253.1",0,NA,1.25126340223602,100,18.1204626738123
"DMS 273.1",0.0094843478078752,13.51671888301,4,0,13.51671888301
"SK-MES-1.1",0.0293357166838501,NA,4,73.9098292022461,4.65240671778345
"TOV-21G.1",0.104713387710404,NA,4,57.4175256909519,1.83002172908809
"MS751.1",0.0239148247289589,NA,4,93.9983187950125,0.637803179183087
"DK-MG.1",0.0408224593876673,NA,2.15989402642946,69.6708716522973,4.21912116304338
"CHSA8926.1",0.0669629603461997,NA,4,64.1062087920707,2.76054952591049
"HCC2157.1",0.218979215948859,NA,0,56.2041568102281,3.07723931220774e-06
"KY821.1",0,NA,4,100,1e+06
"NCI-H1092.1",0,NA,1.16350974345159,100,11.5056577801708
"NCI-H1793.1",0.00958495822233176,13.476219356551,4,0,13.476219356551
"PC-3.1",0.00175198716193415,21.1903406090038,4,0,21.1903406090038
"NCI-H1915.1",0.0116968395026928,12.7240665029913,4,0,12.7240665029913
"NCI-H650.1",0,NA,1,100,10
"Rh41.1",0.0702828306182386,10007.9451763248,0.260115475223046,0,10007.9451763248
"KU-19-19.1",0.0254948756808329,NA,4,83.6037085803855,3.4280691467915
"CAS-1.1",0.0368617166275045,105.391237150038,0.69381289083851,0,105.391237150038
"HPAC.2",0.0587344541930385,16.061238592885,1.13376677830069,0,16.061238592885
"CL-11.1",0.000805673113569971,NA,3.50094053871569,89.9783864025797,15.5209315433939
"HCC1954.2",0.0405010156921435,NA,2.06426841672661,73.2267487018028,3.73314766522115
"HCC1937.1",0.0136431919273921,NA,0,97.2713616145216,0.025941408095848
"PA-1.1",0.0410070562641738,17.8346801745722,1.33836859210924,0,17.8346801745722
"EFM-192A.1",0,NA,0,100,0.0823345830799572
"MOLT-13.1",0.0181659066134606,NA,3.13011132907985,63.33041744763,8.12085343775823
"MHH-ES-1.19",0,NA,1,100,0.0100052698506632
"U2OS.18",0,NA,1,100,0.0100052698506632
"HT-29.18",0.10575048106172,NA,0.992201476621372,55.7537996000794,2.37278946310263
"A-375.18",0.295039348973042,1.24190192149311,1.14189040753454,29.9857382369848,0.557014006364548
"PC-14.20",0.0440461509158227,NA,4,75.8901305204407,2.83578815278965
"KYSE-150",0.0445894997901452,NA,4,63.1265421923022,4.37686989325675
"SiMa.1",0.0500594337124924,NA,0,89.9881132575015,15.7282204350815
"SW626.1",0.0332209466974434,NA,4,81.8020059916747,2.83848046590304
"KMOE-2.1",0.0339299423186615,NA,4,68.3066468212536,4.83775023342965
"NCI-H2591.1",0.00150393509379382,NA,0,99.6992129812412,0.20827121398554
"HCC1937.2",0.0175909508164286,NA,4,81.0135270362304,5.38032555639239
"KLE.1",0.0503076797612952,23.1867559988337,1.05152838270149,7.31090634144949,19.9503789890617
"KYSE-410.1",0.00878171607133992,NA,4,86.9092208376063,6.56553131673455
"LNCaP clone FGC.1",0.053986207996369,NA,1.41497540579505,71.4481893873168,3.05709044243793
"NB(TU)1.1",0.00160461072663815,21.6721002345353,4,0,21.6721002345353
"NCI-H209.1",0.118462731289759,NA,4,56.0173496500121,1.55634637493365
"NCI-H720.1",0,NA,1.13721979398351,100,7.29146766162009
"NB1.1",0.0688532722027715,NA,0,86.2293455594457,0.00100866271419874
"Lu-99A.1",0.046954571546972,NA,4,75.309632436845,2.69210114438571
"MOLM-13.1",0.0191472516468271,10.9433586018372,4,0,10.9433586018372
"Lu-99A.2",0.0392393902188615,NA,4,77.0208301387309,3.08128096096638
"Lu-99A.3",0.026658011166187,NA,4,84.2195637453198,3.12083960440377
"NCI-H2347",0.00643687203131422,15.0554142925805,4,0,15.0554142925805
"NCI-H1341",0,NA,0,100,0.0623546055871078
"NCI-H1573",0.0203423174164952,NA,4,79.7854659632914,5.07081544089303
"NCI-H1688",0.0277625144981783,NA,4,86.4375943471244,2.43400389449103
"A-498.1",0.005701402314635,15.5596542699733,4,0,15.5596542699733
"MFM-223.13",0.0374483566677746,NA,4,74.0800819238931,3.70361176365271
"MDA-MB-361.1",0,NA,1,100,10
"LS411N.1",0.235336449402865,NA,1.68810278919048,54.8051719291343,0.273906917347842
"HL-60.1",0.0263484393681735,NA,4,79.9123676123119,4.06877027947788
"PF-382.1",0.0111526052129017,12.9020328318679,4,0,12.9020328318679
"SNU-407.1",0,NA,0.788549261428777,100,0.18230019938077
"NCI-H1417.1",0.305007386520779,1.05299454218679,4,8.24275659015079,1.00662236296113
"NCI-H1417.2",0.267123228862239,1.31839139635487,4,11.8929820121778,1.23183659089423
"NCI-H1417.3",0.300799404623771,1.09820618541231,4,7.68528288070702,1.05332949380702
"P12-Ichikawa.1",0.038929663788817,NA,2.34145939826676,51.069045892968,6.62650499048854
"P12-Ichikawa.2",0.0181910689750001,NA,4,80.1570864205934,5.41976526246617
"P12-Ichikawa.3",0.0300789424095345,NA,4,80.2101951582324,3.51317614110625
"SiHa.1",0.00470395244708714,NA,4,81.25,10
"OVTOKO.1",0.085699666561374,11.7034039806585,2.14394100706528,46.2910719819848,3.47836625869333
"FaDu.1",0.0275161100603149,NA,4,69.868213602186,5.43427510409747
"5637.1",0.0276585872277092,NA,4,75.8763579611473,4.57863100058772
"Detroit 562.1",0.0116782715397951,12.7299813325844,4,0,12.7299813325844
"NCI-H2052.1",0,NA,0,100,3.65774219864249
"Rh30.1",0,NA,0.598439882007208,100,0.148082540083146
"T-47D.2",0.0224887896055436,NA,4,86.2578114709232,3.23803168479895
"KYSE-180.2",0.014727247014862,NA,4,77.1853327096003,6.70402317584235
"HCC827.2",0.017061205147589,NA,4,82.0098336741706,5.29319535714548
"A-375.19",0.370991218983314,0.363697724041071,2.08034689238037,33.2527043901449,0.214981509456584
"A-375.20",0.303285674087198,0.689403243332731,2.35360503718527,33.296341828386,0.432676270667823
"A-375.21",0.343118265320255,0.850987937527911,1.00629336081433,27.5957103809228,0.38323482398954
"A-549.11",0.0104270945910432,NA,4,58.4375,10
"A-549.12",0.0174811735676954,11.26531578636,4,0,11.26531578636
"C32 [Human melanoma].20",0.27151438642913,0.834504546324139,3.78596226586008,31.822202406829,0.638793948782636
"C32 [Human melanoma].21",0.32209998545435,0.691546244556377,2.14766692838288,26.34078113404,0.488099516918522
"C32 [Human melanoma].22",0.265116270723214,1.11851906331475,2.30436167986449,28.2998974296061,0.778626981637055
"HT-29.19",0.186014602747752,11.1420049097306,0.687829095936453,34.102929754794,2.10596379332578
"HT-29.20",0.0805061092640422,19.7698139058091,1.08234207055684,33.9447105809717,6.92123793761037
"HT-29.21",0.219727866095294,NA,3.46171373450488,53.3436200266541,0.386599469111736
"MHH-ES-1.20",0,NA,1,100,10
"MHH-ES-1.21",0,NA,0.700346789164469,100,0.0205814042097361
"MHH-ES-1.22",0,NA,1,100,10
"SNU-C2B.19",0,NA,0.908310430797212,100,0.142186410000165
"SNU-C2B.20",0.00211690637980099,20.1856640978694,4,0,20.1856640978694
"SNU-C2B.21",0,NA,1,100,0.0316366632677971
"SW620.20",0,NA,1.76633210937515,100,69.7729941224161
"SW620.21",0,NA,1,100,10
"SW620.22",0,NA,4,100,134945.638635726
"PC-14.21",0.00394288496571306,17.1687217717946,4,0,17.1687217717946
"PC-14.22",0.00229929949210641,19.7602856741725,4,0,19.7602856741725
"PC-14.23",0,NA,0.0439731751508453,100,2.83471297325622
"HCT 15.15",0.0378658699847388,NA,2.90757937490694,66.9931157592988,4.69436694857543
"HCT 15.16",0.0300232405875299,NA,4,76.4371717182956,4.17865558300709
"HCT 15.17",0.0383973946233082,NA,2.33427206225969,51.8444554464231,6.62248591511745
"U2OS.19",0.012644583399091,NA,0,97.4710833201818,1.73773643357634
"U2OS.20",0,NA,0.525584818667988,100,0.0305573534957318
"U2OS.21",0,NA,1,100,1.00017563084078
"HCC1428.1",0.00323487940363893,18.084497243151,4,0,18.084497243151
"HCC1500.1",0,NA,0.726714077753357,100,0.0189083676857148
"KYSE-520.1",0.0105838930059461,NA,4,57.8125,10
"KYSE-520.2",0,NA,0,100,281.55712008034
"KYSE-520.3",0.00159029139225531,21.7218035529189,4,0,21.7218035529189
"MeWo",0,NA,1,100,10
"NCI-H1838",0.00461568011121496,16.4665860390222,4,0,16.4665860390222
"NCI-H446.1",0,NA,1,100,3.16255534471853
"NCI-H446.2",0,NA,0.946658119479581,100,13279.1391848486
"NCI-H596.1",0,NA,0,100,3704.05535070653
"NCI-H2122.1",0,NA,4,100,1e+06
"BT-20.1",0.0065339277185765,14.994014645869,4,0,14.994014645869
"HCC1419.1",0,NA,0,100,0.105507455095242
"IGR-37.1",0.327444025756646,0.383232790479381,3.40375423811245,38.9641624174854,0.245858883080707
"HD-MY-Z.1",0.00718369701543696,14.6089555794865,4,0,14.6089555794865
"H4.1",0.108462236296155,7.34628245692075,2.17628163801878,44.5381087470871,2.65583237519061
"Calu-3.1",0,NA,1.32902419019753,100,1586.06883191493
"Becker.1",0,NA,0,100,0.135183859258731
"DU145.1",0.00200632253779838,NA,2.68325146206063,97.8273288563638,5.6915232381902
"NCI-H2595.1",0,NA,0,100,0.221166442589663
"DOK.1",0.0717774574420092,NA,4,51.3825211921517,3.6222257593246
"CW-2.2",0,NA,1,100,1.00017563084078
"22Rv1.1",0.0171567567479557,NA,4,93.7437319202707,1.50459331812997
"CAL-39.1",0.0484249120034397,NA,4,52.8225334006981,4.99637164464617
"K5.1",0.251029740791763,2.6350184041295,0.890747301869825,30.351516788081,0.923399544015951
"COLO 679.1",0.404902465146532,0.301025778350574,1.51227466428805,34.3499830575338,0.139646449199946
"769-P.1",0.0316288877538142,NA,2.11609255856403,73.7354454574777,4.75877223320386
"GI-1.1",0.0149061341597396,NA,4,82.6165198088541,5.66811119343925
"DOV13.1",0.166359496761923,NA,4,50.4042891909901,0.985810291620732
"DB.1",0.126055447447742,6.45468978089444,1.45796913188047,33.5684448023886,3.00879652304088
"A-375.22",0.402968023252302,0.352835581415407,1.46081719350412,29.4834663445744,0.191753756547456
"A-375.23",0.393436590544987,0.494523832754001,1.06517553397014,26.9173508716579,0.239355048494385
"A-549.13",0.0500751945259888,22.6451055741989,1.03287869378736,0,22.6451055741989
"A-549.14",0.0535636263301886,NA,4,61.2707513950263,3.86836792760148
"A-549.15",0.103360694068665,NA,1.94381758982154,55.1277485080136,2.08635647820295
"C32 [Human melanoma].23",0.373248115942944,0.618529097709032,1.38627658937614,15.9248519720867,0.469062773573574
"C32 [Human melanoma].24",0.394359937740772,0.490655604046585,1.13374478588673,24.1271754950436,0.274412649009354
"C32 [Human melanoma].25",0.385346133839585,0.46699023239927,1.62190548875583,22.4260816668903,0.323552621817406
"HCT 15.18",0.0478114573850024,16.8962738261206,1.26028112656569,0,16.8962738261206
"HCT 15.19",0.0324638466209208,NA,4,76.285901307966,3.90698435819921
"HCT 15.20",0.110114735598655,16.7534710681445,0.690142462703512,0,16.7534710681445
"HT-29.22",0.250511084410017,96.0625608205908,0.352942150199407,40.4997578870762,0.869079875070885
"HT-29.23",0.17530945176544,NA,2.08522581200132,52.1110102654338,0.799665696553849
"HT-29.24",0.292108280648704,1.2036588447702,1.29778953133239,40.1645416185466,0.343847868615549
"MHH-ES-1.23",0.0165554042620496,NA,0,96.6889191475901,0.0256807692004328
"MHH-ES-1.24",0.0398487438849379,NA,0,92.0302512230124,0.00794755709462746
"MHH-ES-1.25",0.0236260343437603,NA,4,91.9817714403334,1.30658280358631
"PC-14.24",0.029748646340242,NA,4,77.6250699666784,4.01750937717504
"PC-14.25",0.0307511145028909,NA,1.58020570085245,81.276126147287,3.60882140093828
"PC-14.26",0.00842723230996659,13.9750310444619,4,0,13.9750310444619
"SNU-C2B.22",0.0118517323194023,NA,4,97.0940827320113,0.597791847602649
"SNU-C2B.23",0.0295404198018517,NA,1.6161747544173,85.9570719997433,2.48837582741328
"SNU-C2B.24",0.0266900940329072,NA,4,86.6816179916514,2.50768561624875
"SW620.23",0.00970055569199889,13.4302903439577,4,0,13.4302903439577
"SW620.24",0.00364875672999468,17.5228252725606,4,0,17.5228252725606
"SW620.25",0.00334401885414341,17.9282379685625,4,0,17.9282379685625
"U2OS.22",0.00599728744429877,NA,4,96.5752338922171,2.98921926939545
"U2OS.23",0.0034141145548367,18.61031781201,4,14.0780693170626,17.1337018876793
"U2OS.24",0.077150589438279,NA,0.238098123825947,83.6505733733613,0.521056824968938
"MFM-223.14",0.0290599708202458,NA,4,86.1650090823822,2.34549998685226
"MFM-223.15",0.0438182434136299,NA,4,75.5330617528029,2.90763108005005
"MFM-223.16",0.0274898398850764,NA,4,75.5209961834502,4.65712122653086
"A-375.24",0.380639049358838,0.28742335926981,2.07911152102421,37.7700168640343,0.146010742838889
"ES7.1",0.0736248324366164,NA,3.35748986397213,71.5277361381399,1.67736669385819
"HLE.2",0.0496206313897407,NA,0,90.0758737220519,0.0952552687740638
"Kelly.1",0.00154301541950203,NA,0,99.6913969160996,6.47894543666937
"KINGS-1.1",0,NA,0.417345514767654,100,0.0288609823081903
"KP-3.1",0.100638528734654,NA,0.274986792583135,58.4195438690828,26.5001772760608
"MKN1.1",0.0286767805929814,NA,4,78.0354137399812,4.08637662771722
"SJNB-13.1",0.131490486189495,6.15040985673412,1.43337919771775,33.5163696740445,2.83591726543622
"SJNB-7.1",0.00756156083999615,NA,0,98.4876878320008,141.058259691443
"NCI-H1993.1",0,NA,0,100,55.440224824688
"NY.1",0.032268375426197,74.2040194032009,0.80768521927195,0,74.2040194032009
"BxPC-3.1",0.0563580020126755,NA,4,68.0644805521577,2.96107085727057
"CPC-N.1",0.034928201588072,40.4378630858004,0.960673221462558,0,40.4378630858004
"GaMG.1",0.0201503661496992,87.7163592983535,0.917244754988742,0,87.7163592983535
"L-540.1",0.0291927073990182,NA,4,78.1406621807374,4.00067152147249
"LCLC-103H.1",0.0349043527060045,NA,4,60.9927291301355,5.50995588855969
"Loucy.1",0.033817334589139,NA,4,74.4789442820611,4.03027822990661
"MOLT-4.2",0.00465887184970311,16.4257850972721,4,0,16.4257850972721
"Mo.1",0.00191891647810839,20.7016117059564,4,0,20.7016117059564
"NALM-6.1",0,NA,0,100,1e+06
"Namalwa.1",0.0448222413137968,NA,2.536062921878,61.9639707380238,4.67459659182377
"NOMO-1.1",0,NA,1,100,10
"OPM-2.1",0.00751764276724866,NA,4,91.6901472177455,5.46921680015059
"A4/Fukuda.1",0.0166993505263175,11.4281441407139,4,0,11.4281441407139
"ACHN.1",0.126480840974116,4.05606914690489,2.92039834110003,39.7497387632868,2.35743950601354
"BE-13.1",0.0582735644216576,8.1986644147584,4,43.031954881391,5.00931506440883
"BT-483",0.0292417849631852,NA,0,94.151643007363,0.419232641594766
"CAL-62.1",0.0109375,NA,0,97.8125,1e-06
"CAL-85-1.1",0.00556038039861136,15.665210602291,4,0,15.665210602291
"CHL-1.1",0.0152794624484386,NA,1.69269874136558,60.0313771227802,14.0325111286848
"COLO 668.1",0.0287166862160351,NA,0,94.256662756793,0.0428282562354895
"ES8.1",0,NA,2.02698302265325,100,507.992085830638
"JHU-022.1",0,NA,1.0945861989834,100,2.56311489023628
"JVM-3.1",0.176051563219647,2.48879623260681,2.66516320709412,30.1725413628554,1.75899966285392
"L-1236.1",0.00698727494337897,NA,4,91.462601116427,5.84035383800199
"LAMA-84.1",0.0631123170343403,NA,4,51.5151091097883,4.0977125825711
"LC4-1.1",0.0600423228362585,NA,4,82.0070659663897,0.997674201719023
"LoVo.1",0.11586418888217,NA,4,59.1477508367361,1.41011607772076
"M059J.1",0.0466482685061906,2595.63644115354,0.359529939753035,0,2595.63644115354
"MFE-280.1",0.0320397079152692,NA,3.1333005875039,76.0932905375711,4.03470456063186
"MIA PaCa-2.1",0,NA,1,100,0.0100052698506632
"OCUB-M.1",0.0464888528500988,NA,4,86.293577723643,0.960638014773627
"COLO 320HSR.1",0.0351976490668021,8.83065945875651,4,0,8.83065945875651
"CaR-1.2",0.0274169419781987,NA,4,85.1954429592112,2.78687556987087
"BICR 78.1",0.00745844525899281,14.458329558048,4,0,14.458329558048
"NCI-H1435.1",0,NA,0.367107059431942,100,0.237068832336323
"IHH-4.1",0.138745620444443,NA,4,71.6724301700188,0.339423539497468
"EFO-21.1",0.0184671237875326,NA,4,73.748007819553,6.39378929132229
"IA-LM.1",0.00167678344776506,21.4318607794397,4,0.0421925544228432,21.4273380232266
"KALS-1.1",0.0773184190751394,NA,0.524780902194881,52.6918913124897,13.6515633124851
"KS-1 [Human glioblastoma].1",0,NA,0.512258757415601,100,0.0368340399972588
"NCI-H2818.1",0.106660697463284,277.170869582268,0.33932195275776,0,277.170869582268
"Kuramochi.1",0.0331046762982494,NA,1.47261331406947,79.6586202291478,3.75194764534576
"HOS.1",0.0212471469154731,NA,4,93.9404679949056,0.887496746918672
"WM1552C.1",0.0816405581748203,NA,4,80.5580067032614,0.549972627144208
"JHH-2.1",0.0120708210061096,NA,4,89.0172661952406,4.73853183942387
"NCI-H2461.1",0.0231755391415191,NA,4,86.5094889501474,3.0592285093442
"VAL.1",0.0325497133759066,NA,3.22267101363855,75.2511054163172,4.10094494183363
"BL-41.1",0,NA,0.997093477663188,100,8.69588168381184
"TE-5.1",0.00312434980994472,NA,4,98.7189032306793,1.85584602071762
"GCIY.1",0,NA,0.0566888056048013,100,30.3813772640828
"TGW.1",0,NA,0,100,26.6050755658447
"HAL-01.1",0.0134330187672,12.2136429855982,4,0,12.2136429855982
"L-363.1",0.0280508012438432,14.3634016078938,2.02475858561249,0,14.3634016078938
"D-263MG.1",0.0341720333175822,NA,4,67.1998367310191,4.9403626537875
"HCC38.1",0,NA,0,100,0.376605368995549
"HDLM-2.1",0.0860592219099846,NA,4,77.0629567912089,0.749025565354199
"Lu-165.1",0.0570219367814237,NA,0,88.5956126437153,39.317841119202
"ME-1 [Human leukemia].1",0.0146440891834062,NA,4,86.5354070359137,4.77817201542421
"MN-60.1",0.0306542205744316,NA,4,91.9258359100673,0.726299071434102
"NB69.1",0.0185790757850942,11.0496139389351,4,0,11.0496139389351
"NCI-H1792.1",0.0294382422471981,NA,4,74.9606239809935,4.48357814190161
"NCI-H2023.1",0.0343615998507545,NA,4,83.5149700593694,2.37173957232585
"NCI-H28.1",0.0321442787254812,NA,4,86.6944851935343,1.88553250489129
"NCI-H841.2",0.025105441761682,NA,4,73.9503214393716,5.23295696717876
"OV-90.1",0.0186651599312822,NA,2.71342285149418,83.1259855855766,4.89437284358382
"OVCAR-5.1",0,NA,0,100,0.0126185237732007
"PL18 [Human pancreatic adenocarcinoma].1",0.0229679905870557,NA,1.36291723364138,84.3972473063523,4.46724743079803
"SK-HEP-1.1",0.0569975723697174,12.1596626801406,1.43011630931077,0,12.1596626801406
"SKN.1",0.048604319159341,12.5981613340558,1.57253341162024,0,12.5981613340558
"SK-UT-1.1",0.0358212287505391,NA,4,87.8672010567755,1.30127758299611
"SN12C.1",0,NA,0.932667860131902,100,2.82194749884212
"SW1710.1",0.0138052523407061,12.1139088123785,4,0,12.1139088123785
"SW684.1",0,NA,0.790711650506182,100,0.413058246653971
"SW982.1",0.263672393956439,3.13837973624709,0.572160420898977,0,3.13837973624709
"MG-63.1",0.0528287125757891,NA,0.0904279975801863,74.4630788516681,1e+06
"RKO.2",0.108075827503802,13.815647107639,0.767454509463726,0,13.815647107639
"DMS 114.1",0.0109716114890918,NA,4,92.732035561428,3.53873785082092
"MDA-MB-157.1",0,NA,0,100,0.273612205294319
"MDA-MB-436.1",0.00305630561506137,18.354539291569,4,0,18.354539291569
"NCI-H1666.1",0.0212889646372512,NA,4,94.2531085803948,0.774032603586136
"OCI-AML-3.1",0,NA,1,100,0.0100052698506632
"RPMI-8402",0.00244165343188622,19.4560760231284,4,0,19.4560760231284
"SR.2",0.0625914746633801,6.99797002097588,4,32.7458698490694,5.36355630388773
"SW13.1",0,NA,0,100,432.525789904417
"CAL-54.1",0.0854462776734234,9.08544524777215,1.39685013980154,15.273412513964,6.99864816040606
"CML-T1.1",0.0504799085564575,NA,4,58.5576079001659,4.34933575202874
"EW-7.1",0.0258617377064922,NA,4,91.8904989222342,1.10501767116141
"HMV-II.1",0.130728783577557,NA,1.39742434363733,55.0165399250625,1.40373636563625
"IST-Mes1.1",0.0256824457344068,NA,4,74.7573747548819,5.02956830535371
"KP-4.1",0.0480310600458841,819958.48745597,0.207394436748932,0,819958.48745597
"LS1034.1",0,NA,0.6125601494742,100,0.0177967951478443
"MDA-MB-453.1",0.0962463584253352,NA,0.0449131367593285,81.5690883361652,0.0435646561862313
"MKN28.1",0.00187998659028083,23.5995998638049,4,28.6553435659906,19.0758733592065
"MPP 89.1",0.0465158037778937,NA,4,76.1079243063265,2.60898991122738
"MRK-nu-1.1",0.0104574120362984,NA,2.30956097181103,84.84922230537,7.39538694704637
"SJNB-10.1",0,NA,1,100,0.0100052698506632
"NCI-H226.1",0.0270531167703225,NA,2.68308322639866,85.2303123468823,2.85803158362485
"NCI-H520.1",0.00728493291921893,15.4980273313287,4,19.4819582749761,13.6985023000804
"OVMIU.1",0.0234734108891124,27.7665806102179,1.36574147641577,0,27.7665806102179
"PEO1.1",0.0332429835031907,NA,4,88.9521883278628,1.25138879058071
"RKN.1",0.0330858185280515,NA,4,89.1822256574002,1.20935206015965
"RT-112.1",0,NA,0,100,0.965991963783791
"SK-LU-1.1",0.0533818060606288,NA,4,84.233817377068,0.964571031206061
"Ku812.1",0.0405810439535617,NA,4,62.1822399495507,4.82895284301665
"BC-1.1",0.0132625201267501,12.2603684968512,4,0,12.2603684968512
"D-392MG.1",0.047873373082823,398.633137827229,0.470749430522291,0,398.633137827229
"EB3 [Human Burkitt lymphoma].1",0.00254091274807344,21.4547178300456,3.5827519727541,0,21.4547178300456
"GAK.1",0.0287075625139837,NA,4,93.21918622022,0.537036834812069
"NCI-H2731.1",0.0195343633330492,24.0488037579738,1.61216905475684,0,24.0488037579738
"HARA [Human squamous cell lung carcinoma].1",0.122846279896322,544.05734699046,0.279178226392713,0,544.05734699046
"HCC44.1",0.0153946120549607,NA,4,85.7456654596903,4.80466653127426
"H-EMC-SS.1",0.0384865101846717,NA,4,84.0654065010465,1.88629030504492
"HSC-2.1",0.0783880329615683,72.6382873579916,0.533997506167832,0,72.6382873579916
"KYSE-220.1",0.0551264194591363,NA,0.045050639614006,89.5727615102535,0.0245960614142667
"LK-2.1",0.0199102216608698,NA,0,96.017955667826,22.0291504956129
"Lu-65.1",0.0191033769346717,23.3213848465412,1.66086264357008,0,23.3213848465412
"MDA-MB-231.1",0,NA,0,100,116.566561257307
"MEG-01.1",0.0377008733921453,NA,4,67.5736624289428,4.52574391979644
"ML-2.1",0,NA,1,100,10
"NCI-H1355.1",0.00619513409656637,15.2132454073663,4,0,15.2132454073663
"NCI-H358.1",0.0546847855324165,NA,4,62.7380488663356,3.64468167102974
"NKM-1",0,NA,1,100,0.0100052698506632
"SNU-423.1",0.00323814554211597,25.0977791411716,4,42.5170536912201,15.6102892154279
"DoTc2 4510.1",0.0903304877924829,NA,0,81.9339024415034,0.0333932476826242
"DSH1.1",0.0761254927648036,NA,0,84.7749014470393,0.0131243820013357
"ESS-1.1",0.00982176034978734,13.3828086109846,4,0,13.3828086109846
"HH [Human lymphoma].1",0,NA,4,100,1e+06
"Karpas-1106P.1",0.00428013897448812,16.80008984753,4,0,16.80008984753
"Karpas-620.1",0,NA,0,100,0.209764863833315
"KATO III.1",0.00628824851730166,15.8970235156621,3.76988469343172,2.21905233747666,15.7067433974467
"MDA-MB-468.1",0.0413191902611518,NA,4,70.9862889003272,3.75784167860995
"MS-1 [Human lung carcinoma].1",0.00166276676500867,21.4757186654909,4,0,21.4757186654909
"NCI-H522.1",0.030580631523446,NA,4,90.9556580180677,0.967676332579683
"NCI-H929.1",0,NA,1,100,10
"P31/FUJ",0.00858357464930073,13.9031530722291,4,0,13.9031530722291
"Panc 03.27",0,NA,1.62012758722485,100,122.265915094671
"KTCTL-195.1",0.042869806452871,NA,4,82.6478406511774,1.81552403859419
"WRO.1",0.0296086522597003,NA,2.57044868287087,81.8438958569293,3.31443895711112
"SCC-9.1",0,NA,0.564016349283104,100,0.0327438156901409
"SNU-C1.2",0.00767443569623374,14.3444315766947,4,0,14.3444315766947
"HCT 116.1",0.0555751419062684,3502.45968508958,1.25343624861961,49.9800049278714,6.81377858218591
"FLO-1.1",0.0433397285383645,NA,2.96942914134294,78.6044660218813,2.48122549328672
"JHH-7.1",0.0359215658587368,NA,4,90.8098700202129,0.67216860428213
"TT",0,NA,0.959076777735544,100,142738.538496116
"NCI-H2087.1",0.00598125860017264,74.6515713877157,1.40240950749168,0,74.6515713877157
"SK-LMS-1.1",0.00273188954819742,18.8981794939208,4,0,18.8981794939208
"COLO 684.1",0.0184725525084616,NA,4,82.8594411077756,4.81266218937099
"AMO1.1",0.0261265801101015,18.3475349980474,2.21934484753226,34.6155138872926,10.7877263961948
"BFTC-905.1",0.0281391522275166,18.1825523487635,1.63937792634848,0,18.1825523487635
"BICR 22.1",0.00977495483652487,NA,4,95.732940521476,2.05592837360388
"Capan-1.1",0.00628446429569176,15.1540825974575,4,0,15.1540825974575
"DND-41.1",0.00956408097901464,NA,4,95.8062874014294,2.0705164901625
"EW-22.1",0.0309848085203303,NA,4,82.3141044614967,2.9875593568585
"HPAF-II.1",0.00405804599869327,17.0386953701905,4,0,17.0386953701905
"IM-9.1",0.0195679708755505,10.8668527046125,4,0,10.8668527046125
"Karpas-422.1",0,NA,1.12440012745724,100,12.5998609143562
"NCI-H3122.1",0.00139572231306303,22.4573827575074,4,0,22.4573827575074
"NCI-H441.1",0.0167544874281931,34.8698588608191,1.39467232283852,0,34.8698588608191
"NCI-H82.1",0.0717755762031279,NA,4,79.1890161131394,0.923439684614101
"OCI-AML-2.1",0.00774908800925083,NA,2.62904922185667,94.9113638900487,3.58038085071942
"Reh.1",0.00236576985841924,19.6154471398487,4,0,19.6154471398487
"SaOS-2.1",0.0180389159667147,NA,4,90.867380523424,2.5582548064272
"SBC-3.1",0.006585533425922,NA,4,73.75,10
"SK-MEL-24.1",0.20511984676285,6.48048090308106,0.562241227233888,0,6.48048090308106
"SK-PN-DW.1",0.0178928692036763,NA,1.40844769332302,59.3932716034817,15.5852769093769
"SUP-T1.1",0.00858083413644902,13.9043998186704,4,0,13.9043998186704
"WIL2 NS.2",0.0137732561222073,12.1223623733908,4,0,12.1223623733908
"A2780.1",0.072204993912742,NA,4,58.7487148085658,2.99084901322588
"C-33 A.1",0.0889703719895452,NA,4,74.8384746201987,0.869553748064455
"CCRF-CEM.1",0.00228088361735547,19.8013242847344,4,0,19.8013242847344
"ECC10.1",0.0624333484943221,NA,4,85.566420450731,0.504000475018679
"NCI-H2795.1",0.106210539565822,4.80218214201581,3.04637908630793,29.9635390151878,3.55689524326633
"NCI-H3118.1",0.0286584193591533,NA,2.11685203275234,84.8889804403035,2.78175863430078
"KP-N-YN.1",0.0285815269546113,NA,4,93.5851186282265,0.460735137066218
"LOX-IMVI.1",0.090606256874124,NA,4,60.0381811863056,2.0895967710022
"MKN45.1",0.00462297184297143,16.460309703388,4,0.0167362614713866,16.4589321102222
"SJNB-14.1",0.0335312369903447,NA,4,93.1276804128361,0.343842675145977
"NCI-H1299.1",0.010448517025038,13.147617400592,4,0,13.147617400592
"NCI-H1651.1",0.0348081790920437,NA,1.46125107089617,76.7999452692581,4.20437248129559
"Ramos.2G6.4C10.1",0,NA,1,100,0.0100052698506632
"SH-4.1",0.343272821662615,0.598374065744785,1.42559072943682,36.059560210569,0.24427298778785
"SNG-M.1",0.0319090189169839,11.5997048134199,2.40667384262407,0,11.5997048134199
"SW1990",0.0328784522327862,NA,4,92.3746094786412,0.508846938855521
"T98G.1",0.0668897860541636,29.919008366227,0.769803705941462,0,29.919008366227
"TE-8.1",0.0487730907929721,47.6192794529989,0.772940657480117,0,47.6192794529989
"TK-10.1",0,NA,0,100,0.0821434410003497
"COR-L32",0,NA,0,100,7.29007371652603
"COLO 680N.1",0.0271864710584929,NA,4,93.0217701452664,0.678144214157122
"EoL-1.1",0.157001967206885,3.49832199389775,2.15020690770395,4.83919868028228,3.3365660682786
"LB831-BLC.1",0.00186556249574063,20.8519391064458,4,0,20.8519391064458
"ONS-76.1",0.0314888709457172,NA,1.99529174147607,77.7571317924718,4.06154058572597
"Panc 10.05.1",0,NA,1,100,10
"SF539.1",0.0539638618096516,NA,3.70834970802076,72.7978721054321,2.54467290493682
"SNU-387.1",0,NA,0.711627677252788,100,0.0440776508912681
"SW1271.1",0,NA,0.476438730587405,100,29.4444458864757
"VM-CUB-1.1",0.0243909997496098,NA,4,89.2130803245869,2.09851822370089
"EN.1",0.00428754011943179,16.7923973813663,4,0,16.7923973813663
"GR-ST.1",0.0353627801279252,NA,4,83.7044688740313,2.23507997662694
"KYAE-1.1",0,NA,0.80696492402242,100,5.53029718826409
"NCI-H1581.1",0.0441409415019161,NA,4,60.4404775142992,4.68139848128377
"OCUM-1.2",0.0399548379650851,NA,1.2951558657753,61.2328658370712,7.25676893996895
"RF-48.1",0.00669076312108842,14.8970475770288,4,0,14.8970475770288
"SAS.1",0.0437793055784334,12.3241230767665,1.7441431801445,0,12.3241230767665
"SCC-4.1",0.0345596878523312,NA,2.07363277896689,81.3151613315964,2.88745636687019
"VL51.1",0,NA,0,100,1e+06
"SW900.1",0.0238684469431485,13.8693638900463,2.32575547885768,0,13.8693638900463
"LS180.1",0.00284918788891256,18.6929259995183,4,0,18.6929259995183
"NCI-N87.1",0.00311246010091729,18.2675924176306,4,0,18.2675924176306
"FU-OV-1",0,NA,1.04050299630798,100,1.51698255395845
"EW-3.1",0.0293740507961865,NA,4,90.6058324370347,1.15355691329594
"UACC-62.1",0.483798450033368,0.158967931486791,1.27977683281539,30.9561345092125,0.0747723055351469
"WIL2 NS.3",0.0569559044305704,NA,4,52.2807274738104,4.42637958110203
"A-673.1",0.06027034721836,NA,1.28022906159015,69.6557856207897,2.93897723310779
"VCaP.1",0,NA,0,100,2.3357284244275
"LS123.1",0.00800828950870412,14.175592023656,4,0,14.175592023656
"PSN1.1",0.0246992761127807,NA,1.93280762791753,74.8092658676257,5.97883973059035
"CAL-72.1",0.0508979626715282,NA,0,89.8204074656944,17.9257338994007
"D283 Med.1",0.0704609937790534,NA,4,67.2849557438257,2.26046880650069
"HCC1395",0.0402082640502908,NA,1.64903708479942,77.7129380210307,3.12527430237206
"HO-1-N-1.1",0.0399948674201492,NA,4,62.6696157464912,4.83491020968621
"Karpas-299.1",0.0631500855162989,NA,3.02138388351155,57.2349169147776,3.66254065392297
"MLMA.1",0.0229356600745047,14.0890696052175,2.33892856244096,0,14.0890696052175
"SNU-16",0.106092903821957,NA,4,57.1193851972877,1.81104620876309
"PCI-30",0,NA,0.0140086070035943,100,1.39050796836438
"RCM-1 [Human rectum adenocarcinoma].1",0.00273081458127178,18.9001100543489,4,0,18.9001100543489
"SK-N-AS.1",0.017895301184192,NA,3.23588447168989,87.7841467285115,3.67903646835558
"SW1116.1",0.0227641908224064,NA,0,95.4471618355187,0.177496000282759
"SW1417.1",0.188421294440279,42.8054845951389,0.407376955839047,27.577547463575,5.97791189455707
"VMRC-RCZ.1",0.0771490741705823,NA,0,84.5701851658835,0.0114765883027682
"A-375.25",0.380698836784613,1.09667318376895,0.501298007098409,17.9273667142858,0.45227758762424
"A-375.26",0.353449740630284,0.889010406153896,0.851864073270123,25.9567038816848,0.37638822376789
"A-549.16",0.0341333938996883,NA,4,68.8791953948698,4.74634197695696
"A-549.17",0.0725250161983663,NA,1.45999934294464,65.8974822435863,2.50604844544238
"A-549.18",0.0178809341551293,12.8823793907544,3.06480779897102,0,12.8823793907544
"HCT 15.21",0.0785316189269904,9.27917705461803,1.37494082995865,0,9.27917705461803
"HCT 15.22",0.0604482406144365,NA,4,60.537133039127,3.48410068037211
"HCT 15.23",0.0112822454956747,12.858753324017,4,0,12.858753324017
"HT-29.25",0.171143567219491,NA,1.91483966757895,52.5514753266015,0.831544138313533
"HT-29.26",0.189282777898692,NA,1.36955823292912,51.8363867356924,0.672774921435987
"HT-29.27",0.239821498138731,3.54133361826522,0.679654363060048,13.1574202660248,2.25963498162665
"PC-14.27",0.0313091100888897,NA,4,80.7702389021802,3.25689939964242
"PC-14.28",0.013171066851844,21.1474252688113,4,47.5,10
"PC-14.29",0.0558238097431594,NA,0,88.8352380513681,0.114358932720054
"SNU-C2B.25",0.0547680963185599,NA,0,89.046380736288,4.24850704745866
"SNU-C2B.26",0.0314743176196051,NA,0,93.705136476079,0.223361954997711
"SNU-C2B.27",0.0160585894379725,NA,4,94.4226764873012,1.36875159878616
"SW620.26",0.0274017830872771,NA,4,72.3449250335454,5.12903534251151
"SW620.27",0,NA,0.41305245706357,100,0.0266271308763199
"SW620.28",0.0226880867268994,NA,4,77.8660653463077,5.00152678575199
"U2OS.25",0.00858737832501171,NA,1.13202331485031,99.1412579466662,1.25899580412767e-06
"U2OS.26",0.00164705440445905,21.5279313575283,4,0,21.5279313575283
"U2OS.27",0,NA,0,100,0.0244498981920319
"EFM-19.1",0.0429557142308689,NA,0,91.4088571538262,0.011557938267259
"IST-MEL1",0.145313438750141,NA,1.47753723810579,62.2680427066195,0.707949432013858
"IST-SL2.1",0.0920953908208473,NA,3.21525553827906,65.2621755218726,1.60357374560038
"NCI-H810.1",0.0505699186300757,NA,4,77.2714506269911,2.1517806199928
"SW1088.1",0.136736070678547,25.1193386446458,0.497530290861531,0,25.1193386446458
"SW1116.2",0,NA,0,100,4.20986035979737
"SW837.1",0.0404026481179967,NA,0,91.9194703764007,0.275679658196384
"TC-YIK.1",0.0574646409669796,NA,4,77.7666552660699,1.67787882634224
"TE-9.1",0.0456959414103675,NA,4,69.8976245715917,3.51786850802646
"YAPC.1",0.0637732558439842,NA,1.68300870450767,58.0417569083178,3.91196143961971
"CGTH-W-1",0.0409791983981717,25.3547247692071,1.0914422322546,0,25.3547247692071
"EB2.1",0.0837156759828932,NA,4,54.3705389290547,2.82046994383703
"NCI-H1755.1",0.0765207329329236,11.6224067687812,1.16766246305982,2.59510504957936,11.103831509702
"RPMI-6666.1",0.102337288930029,5.87910780779635,2.58209877473305,40.2526886799147,3.12110460385969
"SK-GT-4.1",0.0187353121455295,26.5565241277962,1.54447023167549,0,26.5565241277962
"ST486.2",0.0416480028936847,NA,4,71.4041202718708,3.67334976063651
"SU-DHL-6.1",0.0506040559480847,10.7968023379081,2.59367447466273,37.4173904346549,6.34266585396422
"WSU-NHL.1",0.121816268942264,6.83031916592098,1.78964417449747,42.0522017676983,2.44420831600143
"YH-13.1",0.136287415440295,NA,0.0573413294974191,54.3068380661287,1e+06
"A-375.27",0.402391613422652,0.54293016120427,0.872320519095322,40.8511055363829,0.077478574261955
"A-549.19",0.093953227721689,NA,4,53.8263566399225,2.45474243722923
"A-549.20",0.0693772270114673,10.9740952427221,1.32197724047122,0,10.9740952427221
"A-549.21",0.0674125293004104,NA,4,54.6338425118046,3.59789711639226
"C32 [Human melanoma].26",0.278425349394984,1.29366794522574,1.33510562596418,30.17803547006,0.64692716329141
"C32 [Human melanoma].27",0.328295531481867,0.728344573725091,1.62431440457844,26.6288047939838,0.456033008930021
"C32 [Human melanoma].28",0.300773122086267,1.01590003180321,1.41008440529648,27.248841656908,0.58121399739497
"HT-29.28",0.212003862578342,72.254838889762,0.255233577587698,0,72.254838889762
"HT-29.29",0.144136317950243,38.0602564767333,0.691790306219682,41.3780080324822,2.99924879058947
"HT-29.30",0.14566167851055,NA,1.65205762120604,69.8304937760076,0.356470957010595
"MFM-223.17",0.0124947969035203,12.479505553459,4,0,12.479505553459
"MFM-223.18",0.0287097419301285,NA,0,94.2580516139743,0.0805832960904969
"MFM-223.19",0.043417215609496,NA,3.48214088979788,78.5564874485914,2.47508253785872
"MHH-ES-1.26",0.0043837522018178,NA,0,99.1232495596364,0.360090105002259
"MHH-ES-1.27",0,NA,0.508436325451618,100,0.031096172949412
"MHH-ES-1.28",0.0427933316566637,NA,0.0859605094789519,92.1303506268156,0.0404266667344059
"PC-14.30",0.0313067877036702,17.4028508697813,1.59758070551476,0,17.4028508697813
"PC-14.31",0.0185617626659246,NA,4,80.360646210711,5.30595866070146
"PC-14.32",0.0287171166611072,NA,4,86.0748099532227,2.4084586433424
"SNU-C2B.28",0,NA,0.087839636735815,100,0.0558525784118765
"SNU-C2B.29",0.0413274003442953,NA,0.151041874009655,57.6501364547222,1e+06
"SNU-C2B.30",0.00408766502366657,17.0059734551553,4,0,17.0059734551553
"SW620.29",0.0088254288701538,13.7949177968339,4,0,13.7949177968339
"SW620.30",0.0396489905636426,NA,4,77.3978961289122,2.9828486429482
"SW620.31",0.0293954661368873,NA,4,73.9719212097333,4.63569608032733
"U2OS.28",0.0273415930148073,NA,0,94.5316813970385,0.0750505124616358
"U2OS.29",0.0634918718700511,NA,0,87.3016256259898,0.0251863685460794
"U2OS.30",0.0417786837343542,NA,0,91.6442632531292,0.0277453911620933
"A-375.28",0.357401977818456,1.98394962477399,0.787345643843643,45.6586941403988,0.0890268220976109
"A-375.29",0.365863780072939,0.608828043624241,1.08340029358004,35.2293743621182,0.197555892316541
"EW-24.1",2.18625515468951e-12,NA,3.50891320097,99.4500422313101,1925.35737500484
"COR-L88",0,NA,4,100,1e+06
"Capan-2.1",0.00421607799618534,16.8673507552566,4,0,16.8673507552566
"SK-OV-3.1",0.0547148089489711,20.6445675706223,1.0272179178722,0,20.6445675706223
"WM115.1",0.197116891375944,8.69664011496449,0.641752739316594,27.5686974565429,2.49405818736593
"YT",0.0198276370673418,NA,4,78.0106652707238,5.48147032674046
"VMRC-LCD.1",0.0418521860293508,NA,0.103574417325285,76.3623637101015,999944.917274345
"UM-UC-3",0.0321114580476392,24.8947511889736,1.25037183663949,0,24.8947511889736
"KNS-62.1",0.102015323248374,438025.876409197,0.156529621939394,0,438025.876409197
"HCC70.1",0.106298171288434,2585.71783958926,0.246714479080174,0,2585.71783958926
"CAMA-1.1",0.00337027753716446,NA,0,99.3259444925671,0.0459473061360376
"TGBC1TKB",0.0465174826016355,NA,4,70.4503949052231,3.38206795113549
"OE33.1",0.0806553393876076,7065467912049.68,0.12225087439521,42.7279553463698,1e+06
"NCI-H2342",0.05042168957277,NA,4,68.3063064618484,3.34281167457213
"KYM-1.1",0.011446284287912,NA,4,54.375,10
"MV4-11",0.0969223797034287,4.89496964853544,4,25.9918771214316,4.07471326863702
"NCI-H1648",0.0611975212300712,NA,4,54.6782213690565,3.95894001808343
"NCI-H211.2",0.0363609247932248,NA,4,90.2127307056685,0.76833640107095
"Panc 02.03.1",0.0351247484680416,48.5802814123209,0.894801027249895,0,48.5802814123209
"SK-MEL-2.1",0,NA,0.755810443676385,100,0.252557021634336
"SK-MM-2.1",0.00396083737589736,NA,4,98.242159129619,2.11005886020701
"U-698-M.1",0.0612322068857982,NA,2.56317513218856,64.0119433044175,3.14880141113921
"NCI-H2085.1",0.0102164451604742,61.1182442536571,1.29586069672432,0,61.1182442536571
"SNU-449.1",0.134241085018346,67.7348608278598,0.386005836490282,0,67.7348608278598
"SK-MEL-1",0.16029753384985,NA,3.5877224414799,65.6914370201974,0.396678346012196
"HT-1376",0.0968508184221804,285.918553223099,0.356837796727988,0,285.918553223099
"MDA-MB-415.1",0.0956745085207362,NA,0,80.8650982958528,0.359566342912456
"NCI-H2066",0.0104189184156755,NA,4,94.909403988206,2.43454516738882
"SK-CO-1.1",0.0339383960622725,11.9543514444688,2.20070964906867,0,11.9543514444688
"SW1463.1",0,NA,0.243945350944402,100,0.0206006432272898
"COR-L105.1",0.100057245777859,9.91147607249801,1.13613132392199,19.407526312299,6.43201703166365
"EW-11.1",0.0789445543103667,NA,2.27359241265778,67.1138717006222,1.9246260355117
"SW48.1",0.0108157765978533,13.017228143907,4,0,13.017228143907
"ZR-75-30.1",0.0455530048121949,NA,0.107174500482606,89.9158583424321,1.96737736877101
"ME-180.1",0.0507755751091734,NA,4,79.4319554717805,1.81792531505222
"MSTO-211H.1",0.0890117355993521,NA,2.88423911855752,73.8190635150965,0.955629096777563
"NCI-H835",0.0328552622900164,NA,2.21733442698364,77.2667542587357,3.88268188770455
"SW872.1",0.139139713204973,140.877904330873,0.322564021924432,0,140.877904330873
"HCC78.1",0.00893320219701436,13.7477944510397,4,0,13.7477944510397
"HuCC-T1.1",0.115512301203289,NA,1.91290521967346,50.9443190891297,2.0136059334028
"Ca Ski.1",0.0920275310666453,NA,0,81.5944937866709,1e+06
"CCK-81.1",0.0323187564287654,NA,2.38579618453736,86.3306975927711,1.97011162811722
"COR-L88.1",0,NA,0,100,118.039254463866
"CS-1 [Human chondrosarcoma].1",0.00948630410162573,NA,4,62.1875,10
"G-292 clone A141B1.1",0.0649079517928013,849.103111064354,0.365967250790925,0,849.103111064354
"K-562.1",0.0449649074711154,NA,1.59952121764224,58.6569398314723,5.89992875750415
"KYSE-270.1",0.0292504798020816,NA,4,87.7158207224692,1.9313469074135
"NCI-H524.1",0.016244621449045,NA,4,73.116041350174,6.94058654214588
"U266B1.1",0,NA,0,100,40.0135693299553
"Ca9-22.2",0.00776745312002119,NA,4,84.2044724955289,7.66902251105324
"CAL-148",0.0507674457102352,NA,4,86.2226017101688,0.784580998244156
"SJNB-12",0.0886271601552185,NA,4,58.8651572587304,2.25925984334748
"SHP-77.1",0.0338158417771705,NA,2.07611182274237,53.4656871350903,7.46451429321656
"SK-N-SH",0.0257794001005369,NA,4,82.6891231991445,3.58972705207976
"T84.1",0.0343694055499971,NA,4,72.1864627675044,4.29485650007924
"KYSE-70.1",0.0456523402290904,NA,4,87.1930008435451,0.852501835652418
"Hs 766T",0.118544958442465,11.2844683501718,0.932232407263545,24.6335544935569,5.44937972817026
"SJSA-1",0,NA,0,100,70.8430872964234
"MKN7",0.130067477908617,9114.64251161478,0.190188573848059,0,9114.64251161478
"KYSE-450.1",0.0198504959256267,21.831989718084,1.70706520417035,0,21.831989718084
"BT-549.1",0.0339521366707826,NA,4,91.0867346473547,0.720011250601932
"MFH-ino",0.0489970278128798,NA,4,87.8736190191776,0.613669368680347
"HSC-39",0.0868543383568206,5.972247671551,4,44.8792729633281,3.37853338872644
"NCI-H1703",0.0500798996994332,NA,2.92538546765527,66.2179131567933,3.65526637963078
"SW1783",0.0329914332776795,NA,4,80.0286337257852,3.20327295817048
"KGN",0.105439341726178,6.49765683774902,1.85610224356953,32.8269696915121,3.65345899951305
"MeWo.1",0.00703076528931387,14.6957719049883,4,0,14.6957719049883
"8305C.1",0.0435885336349887,11.7725062796427,1.84071522388851,0,11.7725062796427
"KYSE-70.2",0.0266237608285518,41.8940892091781,1.06680138397298,0,41.8940892091781
"SHP-77.2",0.0501795440225632,NA,4,86.7350064536883,0.733218238570538
"SKG-IIIa.1",NA,NA,NA,NA,NA
"SK-N-FI",NA,NA,NA,NA,NA
"NCI-H64",9.44244780614639e-12,NA,1.89062675030003,64.9951121227787,1e+06
"NCI-H526.1",NA,NA,NA,NA,NA
"TGBC11TKB",NA,NA,NA,NA,NA
"Fu97",0.107472548703599,NA,4,73.9081232711574,0.581291842744581
"Hs 578T.1",0.169586216873481,NA,4,55.9114049511764,0.701688688006285
"MeWo.2",NA,NA,NA,NA,NA
"A-549.22",0.1004311848583,NA,4,66.634236653473,1.25052761519633
"A-549.23",0.0593942480685783,NA,4,74.66282543736,1.9814109075179
"A-549.24",0.101150109052937,10.8716459275048,0.935188881765245,0,10.8716459275048
"C32 [Human melanoma].29",0.330706483902045,1.0576363479662,0.917368050830077,21.2949621746555,0.577584242043154
"C32 [Human melanoma].30",0.314502376870965,1.04735123270811,1.10321577709036,32.245955557922,0.409723222494104
"C32 [Human melanoma].31",0.352951530507365,1.28618403793213,0.580923483426192,18.2842647626796,0.587477361833745
"HCT 15.24",0.128193274730369,10.5807893209906,0.753113159876706,0,10.5807893209906
"HCT 15.25",0.0900942647434365,NA,1.63373491099082,55.1123923142215,2.67316002190755
"HCT 15.26",0.0472787331658038,NA,4,69.2357409065045,3.47183549734405
"HT-29.31",0.202224098507849,6.48579542166372,0.573307892524163,0,6.48579542166372
"HT-29.32",0.28333802880551,6.5891841074161,0.350434457667746,6.22973117731987,4.50733465823822
"HT-29.33",0.252083481470598,NA,2.24468812795711,52.3848168172072,0.25809985675476
"MHH-ES-1.29",0.10293332714488,NA,0,79.413334571024,0.783950878030392
"MHH-ES-1.30",0.0081171108534921,22.5104059994872,2.39233893139979,0,22.5104059994872
"MHH-ES-1.31",0.0202806289341319,NA,2.85643726931433,89.4755724201866,2.66302599001252
"PC-14.33",0.0254855866977132,NA,4,74.5082926798843,5.09539077241461
"PC-14.34",0.00995063315284306,13.3330601517,4,0,13.3330601517
"PC-14.35",0.0511595037504055,NA,4,68.3964955004235,3.27828157674308
"SNU-C2B.31",0.0587993844103105,NA,0,88.2401231179379,1e-06
"SNU-C2B.32",0.111885185400875,NA,0,77.622962919825,0.00689360102194491
"SNU-C2B.33",0.10754909532706,NA,0.0603084548319709,62.8038562086664,1e+06
"SW620.32",0.00361681932340351,17.5633500729224,4,0,17.5633500729224
"SW620.33",0.00350519057801432,17.7084817344056,4,0,17.7084817344056
"SW620.34",0.00503724435127669,16.0867344174569,4,0,16.0867344174569
"U2OS.31",0.0332916567760625,NA,0,93.3416686447875,9.14372004923447
"U2OS.32",0.0468624681630216,NA,0,90.6275063673957,2.11794794972095
"MFM-223.20",0.0541679259093501,NA,2.01961086818607,84.0017983425985,0.968752708487866
"A-375.30",0.438466747505419,0.263231835515423,1.53400338915802,26.5343704341367,0.160756382385351
"A-375.31",0.410584039700289,0.431363887112218,0.985783067312832,28.1983875510736,0.185850418594752
"A-375.32",0.43210091297582,0.287577086968522,1.23203315765779,30.0525218595305,0.13640578775529
"Mono-Mac-6",0.266061862064642,0.744974388271992,4,37.617080291686,0.525538582576792
"NTERA-2",0.285015336022605,0.641527884028293,4,35.625,0.469758881670649
"NTERA-2.1",0.272984197281669,0.692590650609187,4,37.4849134747271,0.48988324695369
"UACC-812",NA,NA,NA,NA,NA
"UACC-812.1",NA,NA,NA,NA,NA
"NCI-H727.1",NA,NA,NA,NA,NA
"NCI-H2009",NA,NA,NA,NA,NA
"MDA-MB-175-VII",0.0856443289789138,NA,0.0353690075794304,82.6818802922094,0.587259002677084
"NCC-IT",0.0898982214561374,NA,4,75.5693545634422,0.787351831514195
"NCI-H1869.1",0.0921646778017476,NA,4,76.4987820673327,0.666166031198315
"NCI-H69",0.0155990898825085,36.5956235934948,1.39940824906343,0,36.5956235934948
"NCI-H847",0.0230198609635458,NA,3.20592913844065,84.4078748292029,3.65067582096312
"MDA-MB-175-VII.1",0.0640634714038692,NA,4,81.053081689951,0.96766378533809
"NCI-H69.1",0.0357755207635746,NA,1.86466687512975,75.6259290598615,3.96119509758646
"NCI-H847.1",0.0593148328842337,NA,1.89435614347567,62.9088654729113,3.55199945789011
"WSU-DLCL2",NA,NA,NA,NA,NA
"Hs 633.T",0.242277734689471,0.874583754727269,4,42.5287606592084,0.543759762653344
"ES1",NA,NA,NA,NA,NA
"MOG-G-CCM",0.111562813031279,NA,4,73.4096429032294,0.551332359255153
"MOG-G-UVW",0.167775916350613,NA,4,61.0389935134206,0.510767928872787
"OC 314",NA,NA,NA,NA,NA
"ES1.1",NA,NA,NA,NA,NA
"Hs 633.T.1",NA,NA,NA,NA,NA
"MOG-G-CCM.1",0.150354278182284,6365.7056008443,0.179224287127507,0,6365.7056008443
"MOG-G-UVW.1",0.163606565619462,NA,4,62.1177756314778,0.506352618566708
"OC 314.1",NA,NA,NA,NA,NA
"WSU-DLCL2.1",0.222030383410802,1.22834415281007,4,48.5390358077156,0.507852336261384
"T.T",0.0652831916701763,NA,4,71.5230952096858,2.05350864804228
"T.T.1",0.0735224281659022,NA,4,63.6863813397496,2.47204021618237
"PC-3 [Human lung carcinoma]",0.0795973066026786,NA,3.16553889159877,72.9605461910837,1.30967407855788
"PC-3 [Human lung carcinoma].1",0.100048673330431,244.576938291901,0.36008772289716,0,244.576938291901
"RMG-I",0.0723544845861196,25.1251813119036,0.786383813508485,0,25.1251813119036
"RMG-I.1",0.0446237020989684,NA,4,69.9054872646488,3.60594144415511
"Caov-4",NA,NA,NA,NA,NA
"NCI-H2452",0.244842526605637,20.7217786801961,0.28918474810355,0,20.7217786801961
"NCI-H2452.1",0.181019837001771,NA,4,52.9919750705239,0.699587737175464
"NCI-H2452.2",0.167422624040216,NA,4,61.0745347825164,0.512586059386475
"OVKATE",0.0422515141894091,NA,0.127500622049103,67.9661050217119,997855.392527275
"OVKATE.1",0.0407596755268378,NA,0,91.8480648946324,1e+06
"ES6.1",0.0319224302809154,NA,4,89.8426164169522,1.14092227293762
"ES6.2",0.100406153993847,NA,1.9575968265456,76.4662252416261,0.525720731003807
"HO-1-u-1",0.0913762238947602,NA,4,57.1975039996959,2.29032433747086
"SW948.1",NA,NA,NA,NA,NA
"SW948.2",NA,NA,NA,NA,NA
"Caov-4.1",NA,NA,NA,NA,NA
"Panc 04.03",0.039501604769616,NA,1.90477708397255,83.1830911191544,2.02293081245601
"Panc 04.03.1",0.0798701681874289,NA,0.100866287787321,56.3320391701957,999707.6649477
"KMRC-1",0,NA,0,100,8.92318688876647
"KMRC-1.1",0.0101809246701307,17.6447183533825,2.73269036713927,0,17.6447183533825
"COR-L279",0.0430956907497859,41.103642952889,0.864742485666317,0,41.103642952889
"COR-L279.1",0.0622151169869374,NA,4,83.7875132987408,0.706067241916473
