"","aac_recomputed","ic50_recomputed","HS","E_inf","EC50"
"A-204",0.132617206331864,NA,1.13043123808871,69.5723680554133,0.0502160359697135
"MES-SA",0.129236915530163,99893.1677921452,0.129108481418485,0,99893.1677921452
"PL4",0.367376734113703,0.926457361584936,0.68899963683807,48.6578092147254,0.00485827472886424
"OS-RC-2",0.0984592150130776,NA,0.0632423312473164,60.9222937883963,1e+06
"WM793",0.417322101294377,0.348068377358819,0.184198086247189,22.9347210745359,0.0124319835954859
"KYSE-50",0.162200634119256,NA,1.19597253215883,69.8982736377426,0.0239729767094758
"KE-37",0.212161036121894,380098996709598016,0.0431232820342066,34.165408935095,1e+06
"Jurkat",0,NA,1.32278327934756,100,0.176574840399481
"KM-H2",0.0427254508056194,NA,4,93.9139199634486,0.00783563408708919
"697",0.220880936444446,NA,0.557451800690094,63.2717934531412,0.0122415666818148
"8-MG-BA",0.230869244142999,NA,0.381984802048163,61.08223173192,0.0102664257451185
"PaTu 8988t",0.28225511347804,NA,1.21387679598779,69.0711351224613,0.00106725518541025
"FTC-133",0.158918817016121,NA,0.800610871538369,83.5947839528936,0.000125547553100344
"KMRC-20",0.0697048311886555,NA,0.924445860618834,90.1841261030179,0.0062313113118049
"NCI-H1975",0.369649746975346,0.331412428700282,0.431866970967222,39.1543617562481,0.00962760973769277
"OVCA420",0.371343521998965,0.241503442200286,0.491961446174782,39.6601746973814,0.00980938857167004
"HCC1954",0.0443817836844636,27115.2738136015,0.231667576659901,0,27115.2738136015
"ASH-3",0.234454265224397,NA,1.03090884003954,67.1399106927734,0.00636268317065243
"NCI-H1568",0.20704435580179,NA,2.66635764788334,79.2955644085709,1e-06
"NCI-H1563",0.0892764454514076,NA,0,82.1447109097185,1.37980814201126
"Daudi",0.0526690194935555,NA,0.897673912515023,81.8083010593492,0.163468022918547
"CTV-1",0.0882566346599247,5.12086717520458,0.547287553156386,0,5.12086717520458
"EM-2",0.25528073317787,NA,4,64.1844793697319,0.00727490385692392
"WM278",0.478751539745963,Inf,0,4.2496920508074,1e-06
"GI-ME-N",0.256000903032838,NA,0.565111413427183,65.5213361394159,0.00292461422756248
"EJM",0,NA,1.17905870657663,100,0.221295898096523
"HT-3",0.19935609818817,35981.4712068885,0.100569615738306,0,35981.4712068885
"Hs 746.T",0.330902494727628,NA,0.85472199413188,52.8307237364759,0.00642740904952199
"EW-18",0.0213814671185482,NA,0,95.7237065762904,0.00144010604040634
"RPMI-7951",0.201018582970075,NA,4,72.9061444685977,0.00594675661911409
"CA46",0.0982010206430075,182584872.066257,0.113088253034517,22.2524334450559,1e+06
"RCC10RGB",0.321403553731164,NA,0.314893526793041,58.1998877422992,0.000500600633136346
"U-251MG",0.17233500850828,NA,0.754726334744409,69.1382161337013,0.019789610660896
"Karpas-231",0.0343472211533317,NA,4,94.243029364268,0.0162284050158491
"BALL-1",0,NA,1.14484444300812,100,0.130378799380645
"IGR-1",0.381997794166828,NA,0.968926370874045,52.6663911317783,0.00273558991675771
"KP-1N",0.135532525669975,NA,4,80.2553819990858,0.00872680406868794
"OVCAR-8",0.211682572077634,26.6747642137059,0.202023772751254,0,26.6747642137059
"JJN-3",0.0597963442865328,NA,4,85.9704555100805,0.0526558311806702
"ALL-SIL",0.0331902592973077,NA,4,88.0080699374835,0.147842848238112
"HEY",0.508529220064723,0.01051453555422,0.998378579660046,37.5632160036181,0.00260943706748872
"HeLa",0.0643353210903345,NA,4,81.6923906599079,0.0882770814185784
"SCC-15",0.244186326367853,NA,0.468868331424093,69.398440030876,0.000998983968077469
"CAL-33",0.205692006034628,NA,1.91616769245873,73.5926897066929,0.00447647320167719
"JHH-6",0.104987921231347,NA,0.623996537551251,82.6547141477521,0.0125115752528578
"ES4",0.0919725366637852,NA,0.159759215799417,67.9504655293148,10.7820166955751
"UACC-257",0.494880521182132,0.00852858872317341,1.360974952884,42.1030642436182,0.00219762071954422
"KCL-22",0.315286912246893,NA,1.00089368778896,52.0861864964217,0.00972366230473488
"CHP-134",0.0315198580161012,NA,4,95.5061231387383,0.00786946282634168
"KMS-12-BM",0.0511909830257612,257.059470442737,0.347241092384303,0,257.059470442737
"OE19",0.187614271456057,NA,4,74.0391547877984,0.0067931193255906
"MDST8",0.642439132244994,0.00245217374996185,0.381264542315508,17.2298326474902,0.000809619244287614
"HCC2998",0.623847907473061,0.00405091578416976,1.12282209930031,26.3707755631362,0.00207797529775479
"G-401",0.438955209002637,0.0632553358456325,0.411456085035528,0,0.0632553358456325
"OAW28",0.136193286471658,NA,3.10038183865567,84.3010614476095,0.00244986606674253
"DMS 53",0.161158898275731,NA,1.02287658988038,77.0164248547393,0.00699496595962631
"TOV-112D",0.132517697079268,NA,0.818649735787569,60.9453764834618,0.113123560626294
"AsPC-1",0.328004839829999,NA,0.700309900879464,59.6207686566072,0.00180003698172257
"HSC-3",0.342830785127041,NA,1.55816463020746,51.5033196380865,0.00736883767252369
"Evsa-T",0.0611258744914342,NA,0.0849148389602014,87.9242167576221,0.0235862151413447
"VA-ES-BJ",0.103209089174069,NA,1.72783974846574,83.7052137986912,0.0125006173534349
"GOTO",0.100626517502091,NA,4,86.3179355624766,0.00621880080080911
"SNU-175",0.292072054583174,NA,0.648910288640028,58.5350917219578,0.00512059201752519
"IM95",0.183129534877693,NA,2.13109561393396,74.8384026248881,0.00650111652397174
"OVCAR-3",0.130634115632636,NA,4,86.6068362828863,0.000994053657975692
"LXF 289",0.1199090513918,NA,1.4515804264743,60.8105263923638,0.124773131191142
"AGS",0.689207899549486,0.00554268539934251,0.732020420262794,4.29405971144873,0.00490282777765166
"AU565",0.144374614188344,NA,0,71.1250771623313,0.000911524056924523
"LN-405",0.00166653499677228,2.14632871099664,4,0,2.14632871099664
"TE-4",0.173559029057248,NA,0.539464736665883,54.3822467881622,0.0994835935843763
"42-MG-BA",0.129074299902084,NA,0.0550877775769913,76.9660467901709,0.000381451767062365
"TUR",0.0757799567549984,152.050069091231,0.314013455749828,0,152.050069091231
"EMC-BAC-2",0.390455612005339,0.101518601892323,0.609068461356454,37.6941023010871,0.0101599905102459
"LC-1/sq",0.118502674620334,NA,0.750996226332079,76.3503586185289,0.0313592143309874
"Hep-G2/C3A",0.149260233792754,NA,2.59525222015429,74.2263915767523,0.0183099791954472
"Karpas-45",0.0839608036401905,NA,0,83.2078392719619,50240.9232884836
"A-375",0.566015044161262,0.00280984754992695,1.81323651325291,39.1084815545636,0.00121242545855957
"C32 [Human melanoma]",0.684275787114096,0.0029963136711149,0.949195425978568,19.1315811827061,0.00180268891686487
"C32 [Human melanoma].1",0.647031261962076,0.00375043881316196,1.40835871297654,23.7156316579592,0.00237566766540337
"C32 [Human melanoma].2",0.650992012115047,0.00462650677796955,1.76931613705029,19.7087017092577,0.00348528563903185
"HT-29",0.609518941528382,0.00280427838497859,1.2676064562383,32.7338488614144,0.00121208371233325
"HT-29.1",0.632967692675024,0.00271702834295284,1.12886746418989,29.207705538738,0.00124890065005664
"MHH-ES-1",0.0579530661572902,NA,0.0768652635829117,72.4971566836027,1e+06
"MHH-ES-1.1",0.0101779511288684,NA,4,93.7851262233104,0.32353235063268
"MHH-ES-1.2",0,NA,1,100,1
"SNU-C2B",0.195686906130335,NA,0.961096838571151,77.2552810177818,0.0015594587159953
"SNU-C2B.1",0.23991591178683,NA,0.794510076299076,70.730441237597,0.00196431852845618
"SNU-C2B.2",0.200197053558317,NA,0.845935180136475,72.4788609274907,0.00511105949189092
"U2OS",0.30080571826791,0.0781446148660238,1.81842847236825,36.3114447674104,0.0383269457629096
"U2OS.1",0.300881606091391,0.0552363400953772,3.11104391540697,38.1040363748901,0.0348166699354247
"U2OS.2",0.29892005584773,0.0827654219753114,1.69800026916056,38.6669920207782,0.0345311702448665
"PC-14",0.305035134359357,NA,0.473889459958166,54.6013058902499,0.00511736437118928
"PC-14.1",0.275920527359169,NA,0.44710348352329,64.9511297548167,0.00104272654534045
"PC-14.2",0.25367473028084,NA,0.493572029988993,51.0015507540655,0.0265035774229493
"SW620",0.512224887397201,0.013413150501467,0.556393168012444,36.8989981935531,0.00120811725269141
"SW620.1",0.412292714110902,NA,0.911145288015519,50.2025446716595,0.00209854418625048
"SW620.2",0.415301085278667,0.0530785253028,0.963434014640926,45.9981234722159,0.00386000931412267
"HCT 15",0.235021701908723,11.4558234036874,0.207944442047097,0,11.4558234036874
"HCT 15.1",0.192536752266862,NA,1.1293266139318,69.4307898827137,0.0123429074018766
"HCT 15.2",0.227334106610047,1766.9725257085,0.113192862682126,0,1766.9725257085
"A-375.1",0.562190502422687,0.0038799050471203,1.12274135465525,37.7418985541044,0.00110922859704642
"HGC-27",0.00825257214206348,1.40571963953137,4,0,1.40571963953137
"B-CPAP",0.244508594350617,NA,1.22291086101703,72.0211851525647,0.00169280244662067
"SK-MG-1",0.14327612650619,NA,1.55495284196793,84.9166659846064,0.000804786374715212
"NCI-H1650",0.0995840828403597,NA,0,80.0831834319281,0.00179698970250139
"786-O",0.242174705103754,NA,0.201136452674525,55.947855216344,0.0112695742217267
"TGBC24TKB",0.323477555477425,NA,1.3657580227572,56.9658596380876,0.00516756660338889
"KP-2",0.306995278677241,NA,0.933012625360081,66.2546958517049,0.000778492644989432
"HDQ-P1",0.391836725551216,0.155374329354079,0.668212726377308,45.0982304753739,0.00480788514009698
"NCI-H716",0.324849298998822,NA,2.20580081123221,51.4360169125372,0.00982104429978296
"MHH-PREB-1",0.0162898280551861,NA,4,92.3551823200238,0.22966805195064
"NCI-H513",0.266626971984166,NA,0.671483171136133,55.6577343440284,0.013383514097561
"Huh-7",0.281459728620262,NA,1.18413932224072,52.0361387492075,0.0169826699844973
"HT-1197",0.233637677850351,NA,1.95150234380472,76.6362297944065,1e-06
"J82",0.116820738884805,NA,0,76.635852223039,0.00115507015059852
"NCI-H1568.1",0.268688646164769,4.45589064496906e+133,0.0157676511014549,49.6771933074337,5.69154181360907e-06
"SK-N-DZ",0.158255695424412,NA,4,80.2946411171269,0.00389387224365704
"NCI-H322M",0.511169701830523,0.0142796850244626,0.62933174338661,34.5394271686444,0.00221177697537904
"LB996-RCC",0.137707390915877,NA,4,79.9889459987327,0.00862318986540338
"NCI-H1944",0.255468448913969,NA,0.665541068751852,64.7154309815619,0.00432978223070969
"MCF-7",0.0394912651483295,NA,0,92.1017469703341,0.683394597285735
"KYSE-180",0.0801030469414588,NA,0,83.9793906117082,0.936392373023797
"NCI-H23",0.252631492534526,NA,0.454076456936444,51.1624863059738,0.0263579239153658
"L-428",0.0264928095890069,NA,4,91.6094522363644,0.112941159686283
"IGROV-1",0.512876136360657,0.0154272611860344,0.803096254906191,28.511450311121,0.00539017330393583
"LN-229",0.213968447028107,NA,0.181327872655777,61.1523330972958,0.00990978095951433
"HSC-4",0.241341799070279,NA,0.402710376843104,58.076651206478,0.0131882338188327
"Mel JuSo",0.211099744813907,NA,2.26202796406578,71.605038117107,0.00583889645798899
"639V",0.14208766671653,NA,1.12354312098693,82.3540807802996,0.00308300038859792
"SK-GT-2",0.272142196156845,0.713687919104773,0.782338925000248,45.6535803447606,0.0314430930709242
"NCI-H2373",0.245028921914582,NA,0.629455868962629,62.6501137437958,0.00790595697429345
"U-118MG",0.169740338770912,NA,1.1512221527048,71.2233994076081,0.0165692340535128
"TE-1",0.293902146057014,78.9877344989291,0.114998019911999,2.08750214303444,54.5133718426252
"SKN-3",0.1369464302571,NA,4,76.3354609897935,0.0183668519071774
"SiSo",0.0712504248692565,NA,0,85.7499150261487,0.139988342360703
"SNU-C5",0.218510694307767,13.6504950500796,0.218753880749676,0,13.6504950500796
"MFE-296",0.0902016437862407,NA,4,87.5238175706751,0.00677862615627659
"NCI-H2170",0,NA,1,100,0.316255534471853
"NCI-H1694",0.116394596206941,42721.7820425759,0.145880885300573,0,42721.7820425759
"8505C",0.289390797532213,Inf,0,42.1218404935574,1e-06
"JHH-4",0.16745001089924,NA,4,61.5350379300442,0.0494431809739861
"TT2609-C02",0.365515736091497,NA,1.0180467833797,57.6927980885909,0.00159403030997866
"SW1573",0.0663864237034851,NA,1.22076889396473,86.5174060050129,0.0333917296416626
"LOU-NH91",0.175489629949986,3637542180821747,0.0647540572749018,40.5992343272855,22497.7614792529
"NCI-H1048",0.0912179248160939,NA,0.20730712889368,82.9339184722726,0.015787864331732
"C-4-I",0.130876274601856,NA,0.671822531716001,82.5590445213851,0.00335358884198289
"Jiyoye",0.146364694485416,130.263073105711,0.219922072985608,0,130.263073105711
"SUP-M2",0.155379279893644,NA,4,75.0000362126715,0.0136642258151894
"CAL-120",0.217297872684886,NA,0.425721631739115,65.1856297627971,0.00784657941390108
"SW756",0.24585336901336,NA,2.40378562993616,68.4832767598095,0.00452074742738096
"G-402",0.155047273305306,0.705133390008667,0.776793794113015,0,0.705133390008667
"WM35",0.699480449967,0.000350770211463715,0.540751392634136,25.2267275479813,9.57232538339092e-05
"UMC-11",0.0634541244507764,NA,0.0729654667248109,86.554372081702,0.148804641527365
"HCC827",0.152132476567508,NA,0.669766981173371,82.563627802816,0.00074145495412865
"HOP-92",0.227986828535185,NA,0.931930454793288,54.2666446123176,0.0319849862375525
"SW780",0.230791668118179,NA,1.69166799108854,63.9997210702119,0.0118341754042568
"OVCAR-4",0.152017890109143,9.77568878587456,0.324446278170596,0,9.77568878587456
"RERF-LC-KJ",0.168759454699045,NA,0.615242962109768,80.1274352656384,0.000878372345468335
"RL95-2",0.3261804854076,NA,0.686133087875244,56.062978923412,0.00372268685552113
"DEL",0.241715082500546,NA,4,59.9835619702269,0.0154176386007973
"KOPN-8",0.385564096149063,0.787839817389291,0.293083733833457,39.3101056557549,0.00407768282324623
"ETK-1",0.18182564347859,193.318781354853,0.177028893927029,0,193.318781354853
"GB-1",0.265976514041317,781.659634580876,0.101300432782787,0,781.659634580876
"Calu-6",0.450773407722419,0.0166482989948256,1.66211545310486,35.3284389697549,0.00796157174091618
"BHT-101",0.605093155050619,0.0068339104794849,0.833762553532541,21.0509245901409,0.00354824445995896
"Daoy",0.0563935267322696,NA,4,74.9177817066186,0.211721680309545
"CADO-ES1",0.0810646252623459,NA,0,83.7870749475308,0.0016593693252669
"ESO-26",0.0792527772875816,23.3202704182737,0.412242257527156,0,23.3202704182737
"NCI-H1623",0.233853534143069,NA,0.69066802456454,62.1156815728538,0.0117984629108553
"HTC-C3",0.431586696304462,NA,1.03678167072746,51.4136974081829,0.00121939386423847
"KM12",0.447161348893171,0.0166017649975201,1.53457238236862,38.3964930913834,0.00640857904432539
"LOU-NH91.1",0.110926783948774,NA,4,85.0072803999051,0.00603217805747762
"PWR-1E",0.0882470790986862,NA,4,85.8389025918278,0.0135096065920568
"SNU-182",0.216552540311918,207758.82305527,0.0824009304208888,0,207758.82305527
"SNU-398",0.253596935707403,NA,0.471149950476974,56.2982756470725,0.0137703502174488
"CHP-212",0.678662707659573,0.0020464328047735,0.420658900719041,12.9416110991273,0.00100406095089143
"TYK-nu",0.446729519840598,0.0671205782342012,1.03881597644536,49.1104822468296,0.00138810780789336
"DBTRG-05MG",0.325029352940448,NA,1.50212982719219,66.597627585338,0.000470863506184373
"ESO-51",0.53944157687061,0.0181213421168568,0.910077318962443,12.0263091015312,0.013393587120223
"RPMI-8226",0.221813252179134,NA,2.00291529611438,75.1274431036767,0.0018615252862303
"OVISE",0.13682470584574,NA,1.51012128833107,86.1788567296312,0.000232437758222766
"DiFi",0.276696916623214,NA,2.56120380737512,51.6668285131396,0.0191696777125776
"KG-1",0.0836502643576643,1.58478282456233,0.881266009546821,0,1.58478282456233
"ARH-77",0.126421454680716,NA,1.37152935789856,71.3807890965751,0.0476593064572842
"EBC-1",0.653630661633372,0.00772292238155679,1.09751952043645,8.30074354297306,0.00654553898773177
"HuO9",0.0798517173326975,NA,0,84.0296565334605,0.00420588035836649
"Raji",0.00692404146441034,1.47576889039792,4,0,1.47576889039792
"Granta-519",0.0159215779180165,NA,4,93.0899170875227,0.203707535376197
"TC-71",0.114150640225851,NA,4,80.214982050576,0.0185894382342843
"HuO-3N1",0,NA,0,100,0.00405538933377849
"BT-474",0.00148602902771753,2.21011933912229,4,0,2.21011933912229
"RERF-LC-Sq1",0.291699504650562,NA,1.34161647538245,51.2083881662131,0.0158481788878359
"RD",0.16797188773293,NA,1.71801888109903,80.8876413946252,0.0019726936285267
"CAL-51",0.221997924339818,NA,0.498332691439409,57.6616279976712,0.0248435535999316
"IMR-5",0.211856656287441,1228.3117696592,0.322431395511061,47.4490506932835,0.120620999616049
"BPH-1",0.481214596549731,0.0176901935518574,1.34168474423735,27.8923057227802,0.00962869175430206
"SNU-1",0.194727490933338,2.25074229183701,0.370558278347141,0,2.25074229183701
"JSC-1",0.524608771672906,0.00954856781837669,0.847317124615247,35.9353252033208,0.00213716911758942
"SAT [Human HNSCC]",0.354145601295944,NA,0.654756053386419,56.2134355555826,0.00169223280086266
"P30/OHK",0.0141687008798534,NA,4,93.5263176815964,0.220652381185314
"NCI-H2405",0.485118046876255,0.00818617422672538,1.53434237950379,44.7581630646574,0.00188237237024084
"C2BBe1",0.30774493701493,0.57401029652845,0.303485209070852,0,0.57401029652845
"TCCSUP",0.0953440543977738,NA,0.34282975476122,80.0651405499486,0.0419584930287734
"HuP-T4",0.267298344428747,10.1993067656433,0.179715333582904,0,10.1993067656433
"A101D",0.415930050368482,NA,0.722754849934355,53.3572456177094,0.000641551978220532
"GA-10",0.152093714980204,NA,4,82.3062681749389,0.00262516601945978
"CESS",0.202082168596642,35.94979322572,0.201988164419494,0,35.94979322572
"RT-4",0.245121583565722,NA,2.39830001291956,61.8856406275433,0.0117569996925991
"NCI-H1155",0.0916408548088717,NA,0,81.6718290382257,0.000525306810282358
"COLO 678",0.416023203424051,NA,2.04856955352283,58.3976775577598,1e-06
"A-172",0.243636073144669,NA,0.58745258268705,60.7356897993734,0.0105289912302919
"647V",0.181775951759026,NA,4,81.268028499444,0.00106113952077857
"EC-GI-10",0.300719449841256,NA,0.975647606597287,60.9746700693383,0.00383941977023336
"LN-18",0.206102601462754,7.02678335550487,0.264429857073754,0,7.02678335550487
"M14",0.731686448619272,0.000125615477358436,0.187246194196933,0,0.000125615477358436
"KYSE-140",0.203634683898986,NA,2.38413135505765,56.0361120153244,0.0407952455081345
"COLO 829",0.490079791876854,0.00719082607394673,1.68683170976584,48.9073046141334,0.000745428849587071
"EPLC-272H",0.268842647190796,17.0901879117232,0.162858282579572,0,17.0901879117232
"G-361",0.51980881932292,0.00903293455328802,1.06988603223371,36.4042597589383,0.00267426926324381
"GDM-1",0.325869851056434,NA,0.748789331848967,55.4061935479303,0.00452547663826702
"JHH-1",0.296450020374383,4.57184312163729,0.677605902807328,48.9129083503872,0.0160804969320534
"MM1.S",0.179602444485652,NA,0.966676383264132,77.6494713746823,0.00282199762965461
"MOLT-16",0.0692382409224426,NA,4,77.191768872797,0.122855181874321
"NCI-H1693",0.260772096491644,NA,0.642433575879415,69.3713824545425,0.000932065077668558
"NCI-H1781",0.158157012769269,64.7433105576917,0.22847457936003,0,64.7433105576917
"NCI-H2141",0.0849543326273968,NA,4,90.5026114591707,0.00204478045243616
"OE21",0.256219205820961,11.9202621411958,0.187534415839006,2.01141235716855,9.57632920892228
"Panc 08.13",0.0298021342534266,NA,3.25347521858677,91.9615008149228,0.0772483706026427
"UPCI-SCC-090",0.417329078591976,0.026934327201226,1.44455173847486,34.7717943940076,0.0118271333336075
"SU.86.86",0.301003491233375,NA,0.728184221843059,54.5600880706573,0.00820349836836299
"SU-DHL-10",0.107961010979494,NA,1.61986629257828,72.8874816440634,0.0643155374936987
"SUIT-2",0.329775223464484,0.39101672576417,0.794635690432261,46.8251044860533,0.0121770455831359
"SUP-HD1",0.153408519592266,NA,0.838100404250179,72.5544813334742,0.0200475545221474
"NOS-1 [Human osteosarcoma]",0.2408191941733,NA,0.553828527779427,69.4131807127939,0.00165375097595613
"CFPAC-1",0.2521793600168,NA,1.05277428377171,65.0685468781917,0.00599761514096067
"A2058",0.40916292894463,NA,1.16949705245562,53.347805723915,0.00157599009840397
"CAL-27",0.211908698663169,NA,0.736878776859009,72.0365230147957,0.00343752222475102
"COLO 205",0.681369832178701,0.000857818553158785,0.842348659400664,27.7883791911322,0.000327381034909558
"COR-L23",0.314014042231753,2.00092521125861,0.19515261129634,0,2.00092521125861
"DAN-G",0.237653161798727,NA,1.24442541161337,69.5250895631714,0.00401887726804887
"EW-1",0.104174547483249,NA,0.047183361925456,66.0921247059964,1e+06
"GP5d",0.27255112076316,NA,4,72.1210803080663,0.000962271875144616
"NCI-H2722",0.202691568373822,493.681585536003,0.144379774111848,0,493.681585536003
"HCC15",0.222430373019316,111062.414828117,0.0835518841050489,0,111062.414828117
"MFE-319",0.111856010104673,NA,1.24659260098164,87.3880650412317,0.00149428041923975
"NCI-H1876",0.126551951200518,4148.16472608224,0.167435410317992,0,4148.16472608224
"NCI-H661",0.051435729676618,NA,0,89.7128540646764,0.000655526676892781
"T-47D",0.0356797691371292,5.69945746535852,0.841328312310552,0,5.69945746535852
"U-87MG ATCC",0.078206105273122,NA,0,84.3587789453756,13.074371540168
"MC/CAR",0.00162441393459758,2.16042564314486,4,0,2.16042564314486
"23132/87",0.240785649708219,NA,0.203125,63.75,0.000964661619911199
"ATN-1",0,NA,0.854016076774772,100,0.00610940686660035
"BB49-HNC",0.415216334418982,0.0565874547576807,0.726913917461737,39.364929779572,0.00672896319713725
"SK-N-BE(2)-M17",0.260288341764788,0.614193750944004,0.696612776496654,41.1643806443426,0.0510203939534595
"BFTC-909",0.113970612190329,NA,4,77.9323403220528,0.0282317876974844
"BICR 10",0.0975344005117844,NA,0,80.4931198976431,0.00429292506904407
"BV-173",0.232767775598519,NA,0.839567701428309,52.4353814402561,0.0343332045062162
"CAL-29",0.253291079360844,NA,0.634716188419745,65.9771187243874,0.00333646685898625
"COLO 678.1",0.228037029897514,NA,0.647774616880978,71.5982777163832,0.00178607964838148
"COR-L311",0.0282112402134338,NA,0,94.3577519573132,0.011870826524512
"DG-75",0,NA,0,100,0.117999560264274
"EW-13",0.044711705677275,NA,4,91.9116835575772,0.0219656909247028
"GCT",0.0991745085629336,NA,0.178468949639051,66.2659406785253,4.95500903189125
"Lu-135",0,NA,0,100,474.334212449824
"MOLP-8",0.125006189297845,27.5482772942136,0.514911378017775,42.7580059462016,0.646354293770363
"SF268",0.043919750182794,NA,0.446369691922956,59.6326332276678,6.76957605669062
"SNU-61",0.343514493647981,0.656401336224333,0.267066539429389,19.4909536993105,0.103239029957523
"HC-1",0.2742108122042,NA,1.20759674023498,66.8885469741178,0.0026190019085047
"A-704",0.118265453479344,14.945152696573,0.35637147213916,0,14.945152696573
"ALL-PO",0.0247164187961395,NA,4,90.220797482603,0.174551823439217
"AM-38",0.41857499273113,0.124951626511214,0.387905633429498,35.2763235837665,0.00534529326096608
"P32/ISH",0.030401923922996,NA,4,94.4169763645773,0.0232539872047994
"SUP-B15",0.248282443662841,NA,0.773592104617954,53.9316960398955,0.023215743044933
"MHH-CALL-2",0.141119013699131,18.895442001479,0.302396869452371,0,18.895442001479
"ES-2",0.337810238020744,NA,0.554823530196079,51.0216588094012,0.00506462048775742
"NUGC-4",0.292552390790168,NA,4,70.349990531122,0.000817017156058788
"HCC1187",0,NA,0.654177582344426,100,226987.174166445
"NEC8",0,NA,0,100,40.1400618459675
"CAL-78",0,NA,0.923544797195493,100,0.0143266238027761
"AN3-CA",0.0596374818065935,NA,4,88.0953698929641,0.0314219719972918
"DU4475",0.931449260331637,0.000378832808397883,4,6.79568904702785,0.000365247164642723
"PaTu 8902",0.267137139359369,NA,0.41833394149191,62.2464852822936,0.0027448432315958
"HT-1080",0.304978963682151,NA,1.39355875938231,67.0810211342988,0.0010219259748287
"HCC1806",0.297585233208046,NA,1.19917978271084,69.7028544716082,0.000215565050783067
"HOP-62",0.29995571160788,NA,2.11021505774505,65.0411974149074,0.00250229756599196
"JIMT-1",0.00900212144178563,1.44423133437949,3.68825016977113,0,1.44423133437949
"Rh1",0,NA,0.00951886964406157,100,401.027566242584
"RC-K8",0.0384002110591401,NA,4,93.1736624450319,0.0205370227819703
"SU-DHL-5",0.0375606168744643,1.38800958977047,1.73104081666551,0,1.38800958977047
"A3/Kawakami",0.290859345671783,NA,4,57.7982250972717,0.00856059469173139
"A3/Kawakami.1",0.30400931708788,NA,1.77788972445192,57.2350317564305,0.00725159897252479
"CL-40",0.518132059835283,0.0135478796586053,0.500071633774535,34.076891806008,0.00137445138956877
"COLO 792",0.53098199200288,0.00823670698315172,1.23458865238284,33.9331038607788,0.00328397267140396
"COLO 824",0.081011442111879,NA,4,86.2731682625591,0.0169679008682857
"HCC1143",0.409497291536882,NA,0.503090268165776,51.0980527866354,0.000647469984743307
"HCC1143.1",0.475376612825992,0.0313324932530415,0.545251448962035,43.3591815210867,0.000772723605986478
"HCC1143.2",0.45954785245386,0.0853651507591812,0.200241623171534,19.8979458441182,0.00677237243281478
"HEC-1",0.0659576776697623,NA,4,90.8380839000902,0.00692441725775244
"Hs 445",0.0419120337444781,NA,4,91.5422616302608,0.0326192260976664
"HT-55",0.466336032647763,0.0267316034753436,0.699307572325028,40.9387748773004,0.00232426491084579
"HuP-T3",0.312010437166064,NA,0.794828994841779,58.3620264635277,0.0040003632546485
"JVM-2",0.0971753706182391,NA,1.3825229129493,80.5709224306972,0.0315968362969863
"JVM-2.1",0.163137660410249,NA,4,75.4632320952443,0.0101281740725602
"JVM-2.2",0.152866800112551,NA,0,69.4266399774898,1.86690720494077e-05
"NCI-H2228",0.267891512564634,0.488262649985927,0.505462173197065,22.3846746272427,0.150864125166163
"SNU-5",0.404656455163064,0.18808874252705,0.598493207678258,45.7640885313014,0.00304200063775113
"NUGC-3",0.207306225564864,NA,0.788986230027917,63.2267191956537,0.0191165716144618
"OACP4 C",0.332157513874337,NA,0.813043231033846,50.4362838516497,0.00814812262885531
"OCI-M1",0.435820562259461,0.0126958103562498,2.81773658421553,38.3372072418612,0.00757368958313528
"OCI-M1.1",0.499758937481657,0.0132403510065536,1.40656329637052,29.9921503567126,0.00690405317303777
"OCI-M1.2",0.405151462774697,0.014355392797066,3.56408212108246,40.6245459810462,0.00897515073185832
"OV56",0.0468622959499285,94.385346630935,0.4127615080397,0,94.385346630935
"RS4;11",0.00238890456984328,1.95662030640592,4,0,1.95662030640592
"SCC-3",0.118909692699317,NA,1.55000407481438,68.2150366656484,0.0763084289913299
"SK-ES-1",0.0774226388382253,725260.194944044,0.148372639031826,0,725260.194944044
"SU-DHL-8",0,NA,1,100,1
"TK [Human B-cell lymphoma]",0,NA,1,100,1
"A3/Kawakami.2",0.376754571433166,0.35235745137977,0.591906421951017,45.9600506879526,0.00502450816687591
"NCI-H747",0.573135021105751,0.00382281982984952,0.685939437950763,35.1620972991157,0.000650464174566825
"NB1",0.0518240877794609,NA,4,92.4951685516285,0.00848219011842008
"HPAC",0.437962953222098,0.0532878712279019,0.621515877217779,41.3099305833004,0.00319078340810521
"EW-16",0.155720006565125,NA,4,77.4773412907125,0.00843254629370127
"OSC-20",0.146378604782897,NA,0,70.7242790434207,0.000140829867234408
"EGI-1",0.185735222288097,NA,2.57128876684475,79.7201381414039,0.00162072420835094
"SBC-5",0.136975362965253,NA,0.8588365865898,76.2726034057352,0.0174598365660388
"NCI-H2369",0.102345552845368,NA,0.074292996971454,53.0731225268969,1e+06
"H9",0.273594516513426,33.5290580155464,0.142796922082592,0,33.5290580155464
"OACM5.1 C",0.094024143260937,NA,4,82.0515604455016,0.0268255686870913
"U2OS.3",0.190245197153938,NA,0.492078878084238,59.0334904298562,0.0451772434790923
"A-375.2",0.627603267571135,0.00232294817423716,1.60264148520823,31.8496387936327,0.00123435450768105
"A-375.3",0.667618289682864,0.00148406245424041,0.927439206496657,27.6269678786754,0.000623566607749324
"HT-29.2",0.617217603032007,0.00258898433597476,0.779762690075252,30.6846181880607,0.000764531798812067
"HT-29.3",0.593500925999764,0.00432473741271305,0.544418373572615,28.0901785730466,0.000950099173760342
"HT-29.4",0.604666164720042,0.00210338626233731,0.550259978742602,32.0043882506671,0.000328386291270201
"A-549",0.480944551554807,0.0151757203535666,0.916792411197017,43.4925654367284,0.00164140650758361
"HCT 15.3",0.138059676827664,NA,1.51227636315103,61.1561695614823,0.0872107419121736
"HCT 15.4",0.222078537779568,296599.331054076,0.078510903360531,0,296599.331054076
"HCT 15.5",0.205991126943157,NA,0.418321627166943,60.0308944880586,0.0266381890406162
"A-375.4",0.606852953574646,0.0040415994927295,0.770862148937229,28.3796369538887,0.00136212158741086
"U2OS.4",0.269945338609469,1.10835991443147,0.619855783096054,43.889174676931,0.0373221849448543
"C32 [Human melanoma].3",0.617961216315032,0.00463086350216787,1.07554170768109,25.5455200998169,0.00238158732006048
"C32 [Human melanoma].4",0.645882105744552,0.00372268063803606,1.13232536043256,23.6812551076154,0.00211213097044674
"C32 [Human melanoma].5",0.616124782118369,0.00501627167444801,0.981015823720927,24.5490315516079,0.00252023020290995
"PC-14.3",0.266486131339356,14.8912519610248,0.188135573375161,14.1979498570595,2.52278527311174
"PC-14.4",0.224688445578955,NA,0.918568403886097,70.6471768046454,0.00385858381213988
"PC-14.5",0.219695959884755,NA,0.47675020991125,64.9610943616831,0.00845492269999926
"A-549.1",0.437556140994434,0.104516392478193,0.39856511837832,39.9156892411541,0.00188198792002939
"A-549.2",0.416652294242557,0.114810485468819,0.312655111864367,15.9810173021539,0.033500499913217
"MHH-ES-1.3",0.0931356998564455,NA,0,81.3728600287109,3.74063855383704e-05
"MHH-ES-1.4",0.110045975807091,NA,1.92251396677577,88.9953955977097,2.26729254165156e-06
"MHH-ES-1.5",0.0937333259998894,NA,0.0265782394102338,81.0430315542601,0.0729342505330611
"SNU-C2B.3",0.26461075272609,NA,1.29402470909396,71.3586141416709,0.00098109514580495
"SNU-C2B.4",0.217000739181694,NA,0.979429626908015,72.3355914225126,0.00340245487589535
"SNU-C2B.5",0.267916406794076,NA,0.811127442503151,69.7792508037313,0.000872180907028467
"SW620.3",0.44292931264314,0.0652041049117874,0.557707323363541,43.0873100609628,0.00187698810393771
"SW620.4",0.430076853960263,0.0451653211912426,1.1875918019889,48.4222035130739,0.00246020331987635
"SW620.5",0.403059776248089,0.417726564908728,0.648435196534949,48.256958507845,0.00236005978276738
"HT-144",0.590325045930677,0.00469234349941457,0.492357344242168,26.8647666193161,0.000980859638334252
"HuH-1",0.0244779951891789,6.29732787985708,0.949171427176195,0,6.29732787985708
"LB771-HNC",0.0502551334148106,NA,4,93.1320490788399,0.00638116188861951
"LCLC-97TM1",0.337383358477863,NA,0.911064747229643,55.4998218967724,0.00409581796546503
"NCI-H196",0.083664893420708,NA,0,83.2670213158584,0.00390976156921162
"NCI-H1963",0,NA,0.815316082779472,100,0.0671881629248575
"NH-12",0.176114832803337,NA,1.67589347083471,68.701290878518,0.020454843662001
"OAW42",0.10131954180075,NA,0.0517614961078156,65.1547208101354,1e+06
"PFSK-1",0,NA,1.13390421174275,100,18.4283970797932
"RERF-GC-1B",0.349434719781883,0.713841212418539,0.351248443963666,36.8166279842091,0.0160456236729539
"TE-6",0.187984994575665,NA,1.1909465588578,77.2028540342076,0.00268240574577783
"A-253",0.0296608174301648,19.4586891388713,0.733286094188492,24.4019871225524,7.80893868986755
"DMS 273",0.126019423831658,NA,1.02694764901473,78.8799288125121,0.0155367682935373
"SK-MES-1",0.249075532962565,NA,1.13360445303683,52.5043616798552,0.0265379299630891
"TOV-21G",0.164949102020451,NA,4,75.3056557789685,0.00991407810912638
"MS751",0.125148158898669,NA,0,74.9703682202661,1.85718010345144e-06
"DK-MG",0.264863727017547,28.0376788444728,0.178430791156567,18.1958060512742,2.22103485214769
"CHSA8926",0.114757174868123,205.91839355732,0.242757609527729,0,205.91839355732
"HCC2157",0,NA,1,100,0.00100052698506632
"KY821",0.372507547545543,Inf,0,25.4984904908914,1e-06
"NCI-H1092",0.00486760767695375,1.6234820488784,4,0,1.6234820488784
"NCI-H1793",0.139904316544874,NA,4,84.9260139083851,0.0015842810947903
"PC-3",0.0958207810093217,NA,0,80.8358437981357,7.80521248779825e-05
"NCI-H1915",0.298498483537421,3.67168779823616,0.679362150074052,48.7669115556488,0.0157752157998028
"NCI-H650",0.216384917985784,NA,0.935572951481519,71.560079469977,0.00407118786809838
"Rh41",0.0328348705720143,NA,4,88.813861673655,0.131675345336816
"KU-19-19",0.684181489316718,0.00501160500783494,0.931983913211775,10.7165492057448,0.0038687535065768
"CAS-1",0.236244410440691,NA,1.18900577998279,59.1509765914471,0.018058097452604
"HPAC.1",0.372806402300725,NA,1.0993028263248,50.7158097322005,0.00461831767886854
"CL-11",0.56110936176765,0.00856879836160545,0.584478549747414,27.0730022776984,0.00225715342341238
"HCC1954.1",0.151544739822108,NA,1.16019753539184,73.34978522702,0.0193265869364641
"HCC1937",0.093061220153858,317040.165213837,0.143285024073279,0,317040.165213837
"PA-1",0.196376754347932,291.941871263984,0.157595844954114,0,291.941871263984
"EFM-192A",0.0920473434685583,NA,0,81.5905313062883,0.000475810175781516
"MOLT-13",0.130562523908418,2.83339288499321,0.497170515408017,0,2.83339288499321
"MHH-ES-1.6",0,NA,0.655087735318435,100,0.00599917087594508
"U2OS.5",0.320433253924613,0.0612955509730075,2.04169477863629,33.8430876434869,0.0352478543660628
"HT-29.5",0.522223857895064,0.00645805320891582,0.795501003958313,42.4850398336795,0.000596319502906468
"A-375.5",0.537920655234478,0.00283350982805353,0.435492056021815,42.245099358562,3.92420554907472e-05
"PC-14.6",0.175690267620894,142322.862811401,0.101775121012734,0,142322.862811401
"KYSE-150",0.261037139340791,4.40480060773553,0.22001054500477,0,4.40480060773553
"SiMa",0.278703179609364,NA,0.449349750309158,58.3427281017536,0.00494515480328051
"SW626",0.259448686703905,NA,1.21411379195116,68.0092661029391,0.00305842819673974
"KMOE-2",0.829816137358472,0.00179117776411532,1.25364939986735,5.64446118073376,0.0016279539778484
"NCI-H2591",0.168279835158733,NA,0.609186337543666,78.6240436034076,0.00195238949317452
"HCC1937.1",0.129393002104998,NA,0.933088220099064,83.6590266984098,0.00306540548329339
"KLE",0.0113881466534239,NA,4,81.657131945039,0.684373636105627
"KYSE-410",0.266339112246289,NA,0.30895361289123,67.3614947051018,0.000174497935847943
"LNCaP clone FGC",0.00785973454426501,1.42496804945499,4,0,1.42496804945499
"NB(TU)1",0.655884658635085,0.00548159031842542,0.623210828793368,10.0894397980361,0.00381808392722354
"NCI-H209",0.0247117985645292,NA,4,85.4559179228435,0.309961345469607
"NCI-H720",0,NA,0.368658259415117,100,0.00236288640803295
"NB1.1",0.0177701891621947,NA,4,93.2981149389249,0.16020492265869
"Lu-99A",0.375570328099213,NA,0.655616374892572,51.8787491213783,0.00235664493717114
"MOLM-13",0.548480916378395,0.0135657437417979,1.56387491578287,16.6038207490055,0.010480146861929
"Lu-99A.1",0.370444818252147,NA,0.672398923339465,51.0716878072627,0.00313122105166674
"Lu-99A.2",0.378168275570314,0.244462237722648,0.465521086336307,39.629557423052,0.00833043548203337
"NCI-H2347",0.257465536596371,NA,0.85872494018192,68.2960384964025,0.00232776809370907
"NCI-H1341",0.194291124890654,NA,0.781050053823708,75.8029733328668,0.00230707513588512
"NCI-H1573",0.201209624871246,290.097224302531,0.154191305791324,0,290.097224302531
"NCI-H1688",0.0459799109796096,NA,0.247192381733422,94.0659956297684,0.000163376871265328
"A-498",0.0846052376974067,37.0225707199124,0.367270740854128,0,37.0225707199124
"MFM-223",0.252258672997228,0.74481561239617,0.389635042382727,0,0.74481561239617
"BT-474.1",0.0658136981820699,NA,1.37066607904106,91.3410775503009,0.00476423822425962
"AU565.1",0.034782726141026,NA,0,93.0434547717948,0.00250227559984249
"CAL-51.1",0.24720755404766,NA,0.292688288112978,56.625977482033,0.0110150457500913
"HCC1806.1",0.279947526129911,NA,1.12097868821251,68.5696834436515,0.00126738530521881
"MDA-MB-361",0.123571379784414,NA,4,87.5823582387805,0.00060224541889662
"CAL-85-1",0.310927529489515,1.09198559014216,0.548177832155992,44.8784218004771,0.0171011368467249
"Evsa-T.1",0.146552746220819,NA,0,70.6894507558361,0.000264954147897546
"HDQ-P1.1",0.450194408381818,0.0326031308113666,0.786104595611976,43.4590018467182,0.00245236121134097
"MDA-MB-157",0.149030330681461,NA,0.170599652711312,81.1041676400741,1.14026286585852e-05
"MDA-MB-436",0.12046690629414,NA,0.893380776014931,80.3598975167887,0.0131241057541634
"MDA-MB-361.1",0.0166713496316504,NA,4,91.8594127754818,0.243246961924483
"LS411N",0.630522757106479,0.00149646298756255,0.580028936978657,29.939419838205,0.000309928329866484
"HL-60",0.509716125678132,0.00878987335739587,0.995784026378367,40.8443634795557,0.00159801053071565
"PF-382",0.0713888614060692,NA,1.61234025370663,79.385401763778,0.0926276725115405
"SNU-407",0.285060859472683,NA,1.0041616372128,64.9233029772512,0.00266661383057487
"NCI-H1417",0.444352343385511,0.0678145239105392,0.322675908362499,0,0.0678145239105392
"NCI-H1417.1",0.473621763968022,0.054322300457415,0.203233660360807,0,0.054322300457415
"NCI-H1417.2",0.472400006937936,0.0510684502117044,0.244203384472284,0,0.0510684502117044
"P12-Ichikawa",0.218664502121533,NA,0.590445320980218,66.2094385208676,0.00820768386899915
"P12-Ichikawa.1",0.109766104785478,NA,0,78.0467790429044,0.00181229564108944
"P12-Ichikawa.2",0.146212734272336,NA,0.669695634004115,83.3993444720967,0.000649414469760546
"SiHa",0.154715826588863,NA,4,84.1773347927203,0.000959571641893492
"OVTOKO",0.0966007277311289,NA,4,83.0815146319158,0.0193730361436293
"FaDu",0.263178444424978,NA,0.773920069320922,63.7620774434511,0.00484578246030073
"5637",0.268769932497667,NA,0.832459159668901,63.9292589188462,0.00431575238995296
"Detroit 562",0.291023014973642,NA,0.92616377291757,60.5048903425586,0.00498269561682578
"NCI-H2052",0.116079134109855,NA,2.53567515547777,87.9547095897316,0.000955099383499657
"Rh30",0.0910000921468084,NA,0,81.7999815706383,0.00240647695947569
"T-47D.1",0.104828172413067,NA,0.823877415015537,88.4774752673626,0.000620838248238515
"KYSE-180.1",0.102965949494495,NA,2.54861434842795,80.0412371655181,0.0283415216979584
"HCC827.1",0.0150191821528703,NA,4,93.5607241002425,0.199754272420153
"A-375.6",0.599296448649278,0.00142626723394921,4,38.595385405371,0.000985663234173593
"A-375.7",0.599469650366756,0.00199564858284866,1.67451388663695,36.70039681773,0.00090494546270086
"A-375.8",0.588562042904009,0.00179511068809246,2.01564939564061,38.7249135235622,0.000857387655649825
"A-549.3",0.441344863981397,0.0244143352595073,1.06656167890791,40.1515949932275,0.00532201312018012
"A-549.4",0.431813536720505,0.0369095733202429,0.862052570985129,41.6253792562498,0.00464468507384056
"C32 [Human melanoma].6",0.694655146354906,0.00308167385652944,1.28383170057223,18.6364445504526,0.00214299367862593
"C32 [Human melanoma].7",0.683025393290616,0.00360342821920487,2.04219878517991,18.6691695353524,0.00286625049392656
"C32 [Human melanoma].8",0.654234135601189,0.00381353466218642,1.39600971225063,22.3069812365585,0.0024975736305838
"HT-29.6",0.563448434464546,0.00666366756474596,0.966491538140405,31.2596628583729,0.00241404039143041
"HT-29.7",0.560535889642188,0.00597122571340728,0.827333784472373,33.70831721849,0.00153964539604103
"HT-29.8",0.674683483801655,0.000950587018471723,3.18107127338086,31.6893840731232,0.000693181851347868
"MHH-ES-1.7",0,NA,0.539933530253431,100,0.153230022460325
"MHH-ES-1.8",0.042055880619381,NA,0,91.5888238761238,0.00540266486095698
"MHH-ES-1.9",0.0478670038525496,NA,0,90.4265992294901,0.00302298462574685
"SNU-C2B.6",0.229842808259799,NA,1.74951580334065,74.9925219859269,0.00133591955072193
"SNU-C2B.7",0.238327335942847,NA,2.94523491000813,72.21207711969,0.00262311518370709
"SNU-C2B.8",0.178774410955228,NA,4,81.3808140362264,0.00119075242950429
"SW620.6",0.478464014494632,0.0223800329681086,0.664257153747449,41.9019026566406,0.00144437035410243
"SW620.7",0.463727324179519,0.0175833925607391,1.12930679403627,46.1794460987164,0.00180359387925595
"SW620.8",0.479348536933886,0.0163796557904965,0.883863392817012,42.2478983458246,0.00198784295476246
"PC-14.7",0.189617096623005,NA,0.556961346880868,70.1651224515574,0.00878913149744837
"PC-14.8",0.13443077931614,NA,1.57783434013935,81.071466487194,0.00720649966595765
"PC-14.9",0.163752659705436,NA,4,78.4086808032354,0.0053061493317972
"HCT 15.6",0.217355805245337,83.0762747836504,0.166653889245717,0,83.0762747836504
"HCT 15.7",0.240820350280156,7.96996439351873,0.248309847177861,17.9436599574669,1.33038048416753
"HCT 15.8",0.196698730114224,NA,0.677357012339868,75.510909026009,0.001905700784932
"U2OS.6",0.362887444786364,0.0619534049843332,1.25473520396823,24.6193413778511,0.0360894705602249
"U2OS.7",0.361399474705147,0.0573612310375031,1.69662548304206,22.063454686331,0.0407022483243691
"U2OS.8",0.33856057413195,0.0630577337159858,1.94403677265792,25.1470896056226,0.0440121112444461
"HCC1428",0,NA,1,100,1
"HCC1500",0.0769560777355199,NA,4,89.5926980093247,0.00605004596382805
"KYSE-520",0.312965700026466,NA,0.401060767389821,55.257140415727,0.0028313514167806
"KYSE-520.1",0.276989879232796,NA,0.341241240921017,62.0844656953121,0.00125472766572205
"KYSE-520.2",0.271836140666996,NA,1.18912491682324,63.3566607744306,0.0053553045424948
"MeWo",0.240853910627913,NA,0.988548049080271,63.7692919931414,0.00919551816272779
"NCI-H1838",0.0305751567704587,NA,4,86.1917375542388,0.216775679127568
"NCI-H446",0.0704345978956056,NA,4,86.5231336521507,0.027053246566932
"NCI-H446.1",0.192650539863793,244.381298388676,0.163686990930106,0,244.381298388676
"NCI-H596",0.00211978445468525,2.01786064560664,4,0,2.01786064560664
"NCI-H2122",0.572105162980677,0.00841865797800024,0.870934806722192,25.0176230692979,0.00379534384580947
"BT-20",0.127854794390947,NA,4,86.2759444236459,0.00154024191691302
"HCC1419",0,NA,0,100,0.025238605682602
"CAL-120.1",0.0998373027788856,NA,2.31056094617497,80.7215992146722,0.0276067804444945
"HCC1937.2",0.0997700411192843,NA,4,88.5361492087853,0.00238293371547942
"JIMT-1.1",0.262267649002301,NA,0.940186837526272,67.2419935353373,0.00278808381045121
"MDA-MB-175-VII",0.402972041596951,0.0860230999180611,0.537058225856265,31.7959003598732,0.0131090123554473
"HCC1419.1",0.0932856189229272,NA,0,81.3428762154146,0.00236213578480798
"MFM-223.1",0.0585870365405389,NA,4,71.684392550955,0.238505261689346
"HCC1187.1",0.01123683188275,NA,0,97.75263362345,0.613671981412028
"HCC2157.1",0.00890511524476623,NA,0,98.2189769510468,0.103142238704416
"CAL-148",0.0263921413786581,NA,0.91659160897083,91.3311900870691,0.141820323857879
"T-47D.2",0.0624217949271044,NA,0.0583725216073947,76.6947984261183,999980.108303924
"EB3 [Human Burkitt lymphoma]",0.394295298105234,570627943314759,0.0165813594410803,27.3639078058636,1.00000001669265e-06
"JHU-022",0.444009825860556,0.0560622368344832,0.778445318593468,46.8797579684438,0.00158852359756111
"IGR-37",0.667649951286089,0.00162317922109996,1.17586800343855,28.1849436419862,0.000801729665355328
"IGR-37.1",0.644698523498355,0.00403572791709528,1.64819847029425,22.9961973243433,0.00277712938305466
"HD-MY-Z",0.243871673662659,NA,0.679576517431196,67.4862937197961,0.00340906492492387
"HD-MY-Z.1",0.251729163364635,NA,0.400229525238171,55.288277517945,0.0152401098390631
"H4",0.189622092615367,NA,3.11572134161825,64.532555759903,0.0249004038343922
"H4.1",0.205787773590027,NA,0.174221211643806,63.6458436836083,0.00657290247653844
"Calu-3",0.0582312132369685,NA,3.56442734586811,77.0253151683002,0.173748581186553
"Calu-3.1",0.168099219726737,NA,0.0169023136867264,66.2984955469387,0.042137392649932
"Becker",0.213573088402477,NA,0.937927272340417,71.3240272119305,0.00469020897875016
"Becker.1",0.227269221810458,NA,0.0397317452665127,62.2062555652085,1.00013327298341e-06
"DU145",0.0425119912750261,NA,0,91.4976017449948,0.00167110300493839
"DU145.1",0.117339993192323,99316923089310203904,0.0751686866872731,45.5656277416396,1e+06
"NCI-H2595",0.0644471186994412,NA,4,87.2496329967998,0.0304618638595438
"NCI-H2595.1",0.140954049520458,1e+06,0.105578450628589,0,1e+06
"CaR-1",0.247428598059177,NA,3.41499296107589,73.731387954245,0.00137145865217528
"DOK",0.583596485882137,0.00191216509704004,1.60445089176432,38.971759127761,0.000745373103030438
"DOK.1",0.632886774771859,0.00306718019784685,0.909016475341526,27.3231678866604,0.00128523333267116
"CW-2",0.141980233512892,NA,2.74711769232528,69.4581808968893,0.0403189158028384
"CW-2.1",0.265684170057865,NA,0.553304212505076,57.3508002840706,0.00989582558322114
"22Rv1",0.0883863620765835,NA,0.0849028824767835,53.2052466391996,999982.694019959
"22Rv1.1",0.206187505341592,NA,0.429746365879878,70.4114613063321,0.0033013447539323
"CAL-39",0.529509231213399,0.012116444910281,0.201858533527847,21.3207019561605,0.000771757441874273
"CAL-39.1",0.535864393404901,0.00718926836409076,1.04661122109283,36.2841021972387,0.00208908681815796
"K5",0.472979829110709,0.125023079113496,0.206568902368797,41.652898935027,2.15491825088311e-05
"K5.1",0.468268821629188,0.00786058198793476,2.10750726246222,44.9890735970304,0.00263882335242701
"COLO 679",0.659477276884123,0.00138070397398894,1.38922180691535,30.6271774190283,0.000697737572518608
"COLO 679.1",0.678456187849391,0.00217844229766515,0.831919900630978,22.5213755922384,0.00106083051513862
"769-P",0.257901127859098,NA,1.3784436125696,51.445798508549,0.0254096689261259
"769-P.1",0.229579460845678,1.47272005735304,0.47945033226231,32.1500919039058,0.171832731459637
"GI-1",0.023402602149584,NA,4,96.166373263219,0.0147492372282833
"DOV13",0,NA,0,100,4.10165729673954
"DOV13.1",0.0770759417786787,NA,4,76.5932526565891,0.102853539743661
"DB",0,NA,1,100,0.316255534471853
"COLO 824.1",0.0689838793875269,NA,4,88.5855971265051,0.0151599818888288
"EFM-192A.1",0.0800094251768245,NA,0.132672305704034,84.715366624254,0.0152058143476964
"HCC1428.1",0.0892096930826427,NA,0.0945167377743118,82.709589635375,0.0158124367620066
"DU4475.1",0.97196157796548,1.42648306377389e-06,3.85041743141645,2.8038422034104,1.40526219208875e-06
"A-375.9",0.597085321804422,0.00154883329594062,3.24371945205112,38.452714597637,0.000985785378559698
"A-375.10",0.590880834837379,0.00193630641764685,1.19202955635564,37.6231524354859,0.000600199258292402
"A-375.11",0.523002653090011,0.00499701053821093,2.06878046810989,39.600303801717,0.00233922463522925
"A-375.12",0.552943071183054,0.00408140612463347,1.7573581481377,37.7122066716248,0.00183647323547842
"A-375.13",0.57387839093692,0.00320651112300257,1.43384663571917,37.1495654595337,0.00124312787055491
"A-549.5",0.43816466729239,0.0362771315922363,0.955538542817353,45.9597073204007,0.00260758691302937
"A-549.6",0.423685304264847,0.0300245005387157,1.1160296809397,42.8725093700101,0.00524084788086146
"A-549.7",0.450208399489387,0.0325693929897373,0.73367195659,35.055692155076,0.00627943267641125
"A-549.8",0.430767598170972,0.0669107235032512,0.458818245370958,28.0043004499041,0.0111740706001981
"A-549.9",0.425822323620008,0.10989274853256,0.255252448927253,0,0.10989274853256
"A-549.10",0.452704142592713,0.0953995831353643,0.177201287006967,0,0.0953995831353643
"C32 [Human melanoma].9",0.738064794319447,0.00210874477114518,2.3062081888846,18.4740431915378,0.00172651655212
"C32 [Human melanoma].10",0.74674620776238,0.00203662975168582,2.09621348972214,17.6214520871357,0.00165533767140774
"C32 [Human melanoma].11",0.734970086180456,0.00229720427768358,1.71954878637879,17.3487319711981,0.00179296814068801
"C32 [Human melanoma].12",0.688554571922208,0.00466729634537123,1.45999673934889,13.3333394731919,0.00377403413417387
"C32 [Human melanoma].13",0.652995576047615,0.00619800549337763,1.16567367070719,13.7725182475455,0.0047011941851294
"HCT 15.9",0.170920060936542,39.6229996208026,0.287604108723099,27.170352199313,2.59495478705843
"HCT 15.10",0.176804681000034,NA,1.27662550395737,71.7684413108352,0.0128784859707515
"HCT 15.11",0.188851114622742,NA,4,71.5474607081772,0.0102075007166986
"HCT 15.12",0.166556268770318,NA,1.10711967158015,68.2065011033362,0.0266253398879236
"HCT 15.13",0.141476764815095,NA,0,71.704647036981,0.000195818725315822
"HCT 15.14",0.222570182530296,55.7354698340604,0.26115960577751,36.2031720866179,0.402668552931322
"HT-29.9",0.686887862596907,0.0021885509750161,1.15065623748678,23.1812308368326,0.00127363897731026
"HT-29.10",0.667187258057779,0.00246398302402063,1.05703237085459,24.6194282134108,0.00129735017601439
"HT-29.11",0.661839746841622,0.00187144722467098,0.62967903438718,23.9979442722088,0.000662542880746242
"HT-29.12",0.528708604415248,0.00727638424023472,1.18993479523939,36.9771445718099,0.00234915000678096
"HT-29.13",0.508092936798764,0.00518841149945114,2.72179728226787,39.7320845564604,0.0029003370789011
"HT-29.14",0.590514336118897,0.00344136623463459,4,30.9696990937122,0.0027030234039313
"MHH-ES-1.10",0.0763381039020278,NA,2.61670682336958,92.3661895981152,1.29360957898697e-06
"MHH-ES-1.11",0.0512295488002227,NA,4,94.1890513771058,0.00224485379423721
"MHH-ES-1.12",0,NA,1,100,0.0316311078697272
"MHH-ES-1.13",0.0414229485673664,265982260200.329,0.150363048186689,42.3568525038092,999994.181185851
"MHH-ES-1.14",0.0201507656270694,NA,0,95.9698468745861,0.0114600981673883
"MHH-ES-1.15",0,NA,0.931382394133373,100,1.26884202099964
"PC-14.10",0.195397697485698,NA,1.01059518737238,73.8738624134669,0.00476036705581188
"PC-14.11",0.2575720941441,NA,0.742541597448411,67.2639085794569,0.00257926711261077
"PC-14.12",0.237085817523684,NA,0.570750960113124,64.3465361910891,0.00670482383064389
"PC-14.13",0.189015098513612,4.8579880335754,0.312701441712092,0,4.8579880335754
"PC-14.14",0.194096410747382,NA,0.711338053869064,56.8098988625867,0.0479454435490452
"PC-14.15",0.183750783579775,NA,0.877202336964347,70.2521341899081,0.0128091861929681
"SNU-C2B.9",0.158532251644417,NA,1.6498938479684,73.544055399064,0.0158482170930052
"SNU-C2B.10",0.140347512899222,NA,0.774167736471607,75.8252908822726,0.0166440267249614
"SNU-C2B.11",0.174513982837799,NA,0.784231198523612,62.8697118077057,0.0400878540009695
"SNU-C2B.12",0.216166145477433,NA,0.393758669966736,60.0723802459442,0.0194877390825281
"SNU-C2B.13",0.167439510954951,NA,0.626071096572196,64.1505931067983,0.0421439705065463
"SNU-C2B.14",0.218544993987404,NA,0.580823532963632,65.8796031161301,0.00863972642365305
"SW620.9",0.372950066125739,NA,1.2870156238305,51.6092753735783,0.0043785424069854
"SW620.10",0.460307607944794,0.0301869913816646,0.740014462662713,43.7608811889241,0.00181313097339362
"SW620.11",0.442662071584628,0.0357272622606496,0.849751000538969,44.4518701245966,0.00268750292218038
"SW620.12",0.386083795141252,1.08811681136412,0.604237584043764,48.6045121211298,0.00291363915104411
"SW620.13",0.383829266424775,0.121404222420795,0.75739785277316,44.5863401832915,0.00644914446014183
"SW620.14",0.354494149195958,0.271344872300115,0.531531899313162,39.9360924157432,0.013295852723252
"U2OS.9",0.236386031850271,0.122551040769207,2.79528593051115,36.2595810016762,0.0772027364032991
"U2OS.10",0.23587937389898,0.100544274867578,4,39.2266265965272,0.0685019245960494
"U2OS.11",0.251938069722232,0.079497753180007,3.65648742347642,44.5307236468137,0.0434033586542317
"U2OS.12",0.232965719392829,0.400778184173108,0.613780220318775,0,0.400778184173108
"U2OS.13",0.21067743437338,0.248122686601002,1.4970716489483,36.6549483031508,0.102679856480165
"U2OS.14",0.294618328364489,0.31362545909888,0.449299850976863,0,0.31362545909888
"MFM-223.2",0.0560001475299336,NA,4,76.6838474905751,0.190399194838465
"MFM-223.3",0.07829321009054,NA,4,66.2726144728706,0.201291268838494
"MFM-223.4",0.0796007562556333,NA,4,75.6698203603618,0.104371361047181
"MFM-223.5",0.154939833122601,915636989815874,0.0651651011397175,36.9689804237148,1e+06
"MFM-223.6",0.157743911218488,32.937747390029,0.253435173066011,0,32.937747390029
"MFM-223.7",0.169525486096006,3449.06929751606,0.13917034876133,0,3449.06929751606
"A-375.14",0.602211304282334,0.00120410984608232,2.734375,38.75,0.000697830584859866
"NY",0.116405497207339,NA,0,76.7189005585323,7.39639068848825e-06
"BICR 78",0.243943396843089,NA,0.589044441512249,69.5760904650335,0.00153975503716654
"ES7",0.0215840908029273,NA,4,94.7722709380288,0.0577383903674572
"ES7.1",0.0698944149862983,NA,0,86.0211170027403,0.103519537940645
"HLE",0.133144369844519,NA,0.0230518086617172,74.3856261813615,0.00101431107178656
"HLE.1",0.21509720687827,NA,2.32767051349866,78.4902791732209,1e-06
"Kelly",0.179862904485382,NA,0.854733296279565,56.0892011259146,0.0635123962821001
"Kelly.1",0.183007104722827,NA,4,81.6306958005229,0.000574469040790786
"KINGS-1",0.235135836696174,NA,1.74648122236689,72.9850560368584,0.0021409324769913
"KINGS-1.1",0.239471922126758,NA,0.469790327709695,65.52763570668,0.00388688510615247
"KP-3",0.122292324171671,NA,0.647781888004884,80.2469057349017,0.0112615951453218
"KP-3.1",0.174175084244216,NA,0.351364592098663,74.9737840254946,0.00229501424098563
"MKN1",0.09106822300205,NA,4,86.0716790602238,0.0109304310047878
"MKN1.1",0.165765523595591,NA,3.32900888303371,82.9457800700316,0.000970699949588977
"SJNB-13",0.0517200974938255,NA,4,91.1400302017929,0.0177370614854864
"SJNB-13.1",0,NA,0,100,1.78622583695587
"SJNB-7",0,NA,0.929528275723452,100,1.95098408180107
"SJNB-7.1",0.103126113432878,NA,1.1660317217787,86.1714462075686,0.00515697731744042
"NCI-H1993",0.332865612519646,NA,0.753053218892489,56.8108497595315,0.00309077970446083
"NCI-H1993.1",0.347715537108924,0.178400771331356,0.574430397282962,33.7457018704003,0.025226465667836
"NY.1",0.0283902853071277,NA,4,85.2814430237357,0.264185298853059
"BxPC-3",0.260006442271405,NA,3.65591527175336,71.2233890975553,0.00189987916127569
"BxPC-3.1",0.31872962194719,NA,0.313611722077037,52.7975812153124,0.00247498841960754
"CPC-N",0.00276316958346299,2.15567707779195,4,29.8652861107396,1.71722644655875
"CPC-N.1",0,NA,0.417671168565608,100,103.462641249623
"GaMG",0.0258718752066942,NA,4,93.8198804106394,0.0554887362399339
"GaMG.1",0.0800230145051967,NA,4,85.591818090999,0.021573826388383
"L-540",0,NA,1.06700821219097,100,9.44959599666805
"L-540.1",0.0294402676217577,NA,0,94.1119464756485,0.00159956370407973
"LCLC-103H",0,NA,1.42625128194734,100,3.30902285973236
"LCLC-103H.1",0.0534224687115357,NA,0,89.3155062576929,0.000411111491666958
"Loucy",0.0495722677091227,NA,4,92.0998598326155,0.0131123978107776
"Loucy.1",0.239382237075459,NA,0.271725384415614,72.3649552942155,2.22027494192869e-05
"MOLT-4",0.0252402021346262,NA,3.21346071337927,88.1598504396458,0.22999632676966
"MOLT-4.1",0.0889659647695543,817.46283968161,0.237911758480281,0,817.46283968161
"Mo",0.00104264820976654,2.41856068966781,4,0,2.41856068966781
"Mo.1",0.0213259816063516,NA,0,95.7348036787297,0.0047362834372842
"NALM-6",0.184669754148554,NA,1.13507268853366,75.7127435777404,0.00453589066149869
"NALM-6.1",0.274051995202855,NA,4,72.4404535101026,0.000639933223563394
"Namalwa",0.0274450556867493,NA,4,93.2779034679704,0.0596006793436454
"Namalwa.1",0.0921874999999999,NA,0,81.5625,1e-06
"NOMO-1",0.556268495625943,0.0047074856174354,0.949884718977178,37.2419048013511,0.00111765775785354
"NOMO-1.1",0.542513088371541,0.00611471191909387,1.28359571636788,36.0068257310532,0.002267321518517
"OPM-2",0.154732984114598,NA,2.31356710657223,61.7416321497614,0.0612414101144266
"OPM-2.1",0.191669450493424,1.4651510220787,0.444409753250293,5.14173585961493,1.14772316946561
"OVCAR-5",0.469458437355322,0.0197149182126448,0.888583191521094,43.6255090961866,0.00194137176848583
"A4/Fukuda",0.562705307578703,0.0155599091683298,0.677509040905929,8.91731732852209,0.0116436229535118
"A4/Fukuda.1",0.47105165602085,0.041153332449474,0.577488745724528,0,0.041153332449474
"ACHN",0.250149996564716,NA,0.526195119870916,66.9610738955065,0.00220068106522212
"ACHN.1",0.317826421716688,NA,1.35063766919029,63.1043217884842,0.00205525560123895
"BE-13",0.027841931901294,4.48214365005781,1.01922097240864,0,4.48214365005781
"BE-13.1",0.167869093194143,NA,0.882683691347874,72.048377514233,0.0146602299296909
"BT-483",0,NA,0.799972055756499,100,0.291537689667284
"BT-483.1",0.0480929723356767,NA,0,90.3814055328647,0.0418058313184286
"CAL-62",0.28018421210049,NA,1.27337386840432,58.7950193975957,0.00870993865800111
"CAL-62.1",0.259224794132839,NA,0.626818591621528,55.6952514327576,0.0150136246934989
"CAL-85-1.1",0.175022445710847,NA,1.17630652951912,61.5942415204299,0.0434214103271031
"CAL-85-1.2",0.207715661413366,NA,0.71499505372789,63.9084472963464,0.016997399514446
"CHL-1",0.134573784738071,157.3971895896,0.227320022419826,0,157.3971895896
"CHL-1.1",0.153032765055698,NA,0.395861432852477,58.5692595354844,0.149083626262239
"COLO 668",0.241990195624113,NA,0.542762678902982,64.5749528980064,0.00529946840244395
"COLO 668.1",0.280681210177381,15.5038160131358,0.193179302419926,23.2969327177381,0.602981266605473
"D-263MG",0.214590759076864,21.7020091700117,0.205951880081034,0,21.7020091700117
"ES8",0,NA,0,100,0.113355838375513
"ES8.1",0.0447023433868576,NA,0,91.0595313226285,0.00975040856557061
"EB3 [Human Burkitt lymphoma].1",0.037286741330819,NA,4,90.4903592652444,0.0666514369365248
"JHU-022.1",0.395959613709852,NA,1.33199394693087,56.9411230853419,0.00107180859461574
"JHU-022.2",0.371768185269849,0.360904344049037,0.597629769854056,45.8256795691249,0.00566183049740154
"JVM-3",0.301889769827402,NA,0.223866990872869,58.5689172671179,0.000313655123648442
"JVM-3.1",0.332925806730229,1.04209923402158,0.329705354942621,35.0702464552936,0.0266580809148599
"L-1236",0.0292363150828257,NA,4,87.2547148074268,0.205152524705247
"L-1236.1",0.0483014473260743,NA,4,88.917959873447,0.0492651924686229
"LAMA-84",0.618313308008432,0.010053824407104,4,8.02590878640877,0.00962352370200375
"LAMA-84.1",0.617755142244978,0.0123426953327439,0.780833122051755,0,0.0123426953327439
"LC4-1",0.150814520861724,NA,0.622150991566489,74.9616713699381,0.0128298942227241
"LC4-1.1",0.383136956337687,NA,1.46831873176014,56.3615420245835,0.0018405955495335
"LoVo",NA,NA,NA,NA,NA
"LoVo.1",0.370564871314198,0.106706834771808,0.903803293461949,45.0525223966972,0.00825434265829228
"LS1034",0.340528387733998,0.113948146842428,1.89836395925631,49.5648487202604,0.00936243150738341
"M059J",0.0834392412062118,NA,4,78.3968236696991,0.0694037486565456
"M059J.1",0.136678198042058,66834.2756095723,0.128180973770501,0,66834.2756095723
"MFE-280",0.0360502251715924,NA,2.14938108736099,93.5464092026533,0.0210896015089996
"MFE-280.1",0.105876022536925,NA,0.620757705951302,87.7097661840728,0.000743845045699445
"MIA PaCa-2",0.214562935555929,NA,0.715235341098994,57.3884487500942,0.030729835257264
"MIA PaCa-2.1",0.258838640688575,1.57451388129746,0.707429873916162,46.5463198816982,0.0360110355062121
"NKM-1",0.500875602297718,0.0122295620750448,1.03318470600663,36.0868118965922,0.00354577335702944
"OCUB-M",0.0128387495537658,NA,4,98.2923350712528,0.00555348409583877
"OCUB-M.1",0.088886901327989,NA,3.84067535110034,91.1113031096563,5.99377936248762e-05
"COLO 320HSR",0,NA,0,100,1803.84148021399
"COLO 320HSR.1",0.0339802558852655,NA,0,93.2039488229469,0.0103612214405067
"CaR-1.1",0.101550343587428,NA,4,89.644258565441,0.000917865133209386
"CaR-1.2",0.203521781348315,NA,0.190790654649047,65.5447519981887,0.00432044691298049
"BICR 78.1",0.178777766457038,NA,1.80391496122148,73.5740196553426,0.00925387932565385
"BICR 78.2",0.297310650109319,11.6299494456647,0.148605721191148,0,11.6299494456647
"NCI-H1435",0,NA,1.13106621631476,100,0.995666726130246
"IHH-4",0.334913264137827,NA,1.29399164655839,60.9872561027636,0.00205889756607788
"IHH-4.1",0.412071956361809,0.0995024046919704,0.66594488721192,44.5320739745429,0.00358550156972084
"EFO-21",0.264711224042597,NA,0.948335239983598,68.5404660864638,0.00189535263679309
"EFO-21.1",0.296166163801796,NA,4,65.998542726547,0.00242079276304231
"IA-LM",0.0548322232665892,NA,2.10784328631884,91.2773442057487,0.012983274240977
"IA-LM.1",0.182678422429553,NA,1.47174685410566,76.6379324848293,0.00417256391233433
"KALS-1",0.303310820095659,0.3444473346601,0.631817531289224,38.5391388426856,0.0334628920047746
"KALS-1.1",0.248142916552697,0.499033404048373,0.889543285084407,43.526709251269,0.0501232133604654
"KS-1 [Human glioblastoma]",0.140936169292656,NA,3.06288965613421,66.5739326745102,0.0543510840253043
"KS-1 [Human glioblastoma].1",0.136327832596169,NA,4,61.5869616657042,0.0861762328211776
"NCI-H2818",0.110805557072919,NA,1.77892778885015,86.1881515535379,0.00372344042174634
"NCI-H2818.1",0.136629614308836,14.1082950062685,0.326710574037573,0,14.1082950062685
"Kuramochi",0.0888476333158747,NA,4,89.5658660429423,0.00277879786806985
"Kuramochi.1",0.122274677351019,35362.6772229627,0.143741736516154,0,35362.6772229627
"KP-4",0.184388595017231,21.4621520479789,0.23886612354128,0,21.4621520479789
"HOS",0.023213376508914,81.8105056810842,0.539699072317175,0,81.8105056810842
"HOS.1",0.107652740488996,NA,3.52387794897868,82.9503152657118,0.0127617639035709
"WM1552C",0.275423772954016,NA,2.99155816885877,70.8118470906138,0.00130348002651193
"WM1552C.1",0.306311989453569,NA,1.02230520741426,58.1651567819518,0.0054514422149
"JHH-2",0.278693418854543,0.338360694844865,0.52086754177843,12.6968300044856,0.192808138708838
"JHH-2.1",0.32729116355522,0.304871392726341,0.355185882479528,0,0.304871392726341
"NCI-H2461",0.0834391452758451,NA,2.8432800420691,81.2571999571867,0.0461938583517553
"NCI-H2461.1",0.20058543305889,NA,0.42754629765005,62.3121281643752,0.0221829250938013
"VAL",0,NA,1.00379541541751,100,0.331117841239166
"VAL.1",0.0641516329150812,1554.96054225436,0.258588003457845,0,1554.96054225436
"BL-41",0,NA,0.861570803130269,100,0.00368832928825245
"BL-41.1",0.0245973196367735,NA,4,94.3650347889605,0.049041461649492
"TE-5",0.127654918387534,NA,4,82.5576919958584,0.00637519319839166
"TE-5.1",0.190970641963914,1537644.66505414,0.0828163287387302,1.75056597152915,999915.0858988
"GCIY",0.172192345632292,NA,0.79652636383806,56.196969481669,0.073738197584988
"GCIY.1",0.171267734988557,1.94374218557605,0.692615508784867,39.3164652469135,0.209374007162609
"TGW",0.0898623900586323,NA,4,84.4055767249383,0.0186805684909972
"TGW.1",0.150746342599558,5.62841056697233,0.368712412317287,0,5.62841056697233
"HAL-01",0.0921905887699103,NA,4,84.8642414068038,0.0148889220265321
"HAL-01.1",0.23173016137766,NA,0.373466138824112,69.6861903882353,0.000925538749977856
"L-363",0.00717384212884263,1.46144839954654,4,0,1.46144839954654
"L-363.1",0.20595335356749,NA,0,58.809329286502,0.0136258654051521
"D-263MG.1",0.0793657530079704,NA,0.93120620177334,81.169911846168,0.0570551086033775
"HCC38",0,NA,1.43129378974393,100,2.57583591362466
"HCC38.1",0.0582719126129426,NA,0,88.3456174774115,0.000721706570997793
"HDLM-2",0,NA,1,100,1
"HDLM-2.1",0.104288998435771,NA,0,79.1422003128459,76.8503254016031
"Lu-165",0,NA,1,100,0.00100052698506632
"Lu-165.1",0.0804228510322366,NA,0,83.9154297935527,0.000743600706986416
"ME-1 [Human leukemia]",0.197308388861453,NA,0.374571025385877,67.1173420474125,0.00926649122323159
"ME-1 [Human leukemia].1",0.316070740388804,16525040.1682558,0.0554722201936183,30.09073592479,1.02061509980166
"MN-60",0,NA,1.31272985491248,100,0.911982773776942
"MN-60.1",0.0775281244777501,NA,0,84.49437510445,0.00028961891817745
"NB69",0.703750687690899,0.00372974786469793,0.748673552977861,9.81119123085535,0.00278592153039948
"NB69.1",0.695478162306634,0.00391115275162806,0.48878566470725,1.00348990504514,0.00375224372238181
"NCI-H1792",0.414074364432292,0.0548684729868763,0.933165340230695,8.88574197589484,0.0444896624715605
"NCI-H1792.1",0.431213992212448,0.0560013589118467,0.697660518506566,0,0.0560013589118467
"NCI-H2023",0.0575794929091488,NA,1.16096306521179,79.7760425899916,0.153094673854641
"NCI-H2023.1",0.253041289630972,0.745680910642052,0.387574232226125,0,0.745680910642052
"NCI-H28",0.121431710040567,NA,4,81.2634648206095,0.0113720346647404
"NCI-H28.1",0.215939726069325,188.478840145441,0.159557390266745,8.43178788016447,59.2335652448551
"NCI-H841",0,NA,0.754892396720759,100,1.61949734478506
"NCI-H841.1",0.156389196747124,NA,0.344225741561529,76.3572892432931,0.00364270020327287
"OV-90",0.41134119420822,NA,1.57595651712025,52.6876413323018,0.00206943318765656
"OV-90.1",0.563410570765758,0.00644214195784132,1.3435715262297,30.5963857333733,0.00318466802079259
"OVCAR-5.1",0.3125500481064,NA,3.89241808708352,57.8695193917677,0.00594943229497535
"PL18 [Human pancreatic adenocarcinoma]",0.318562693139404,NA,1.06154182511419,50.0592032368795,0.0114951002021276
"PL18 [Human pancreatic adenocarcinoma].1",0.454336149978452,0.0276152827260627,0.826306331273265,35.157161373933,0.0063507237762678
"SK-HEP-1",0.00413698427639669,1.69521185290327,4,0,1.69521185290327
"SKN",0,NA,1.14919232566588,100,0.0291472375474002
"SKN.1",0.118254051069234,22088.8467316174,0.151884945157601,0,22088.8467316174
"SK-UT-1",0,NA,1,100,0.316255534471853
"SK-UT-1.1",0.119725891004745,999999.999999996,0.116713281258629,0,999999.999999996
"SN12C",0.139767692946967,NA,4,74.5962734415623,0.0223649595325063
"SN12C.1",0.277335477500251,8.68436342179789,0.22836956173161,26.5626825765234,0.314643466736439
"SW1710",0.117191599358842,NA,1.96706470139018,73.41384918116,0.0476590932396474
"SW1710.1",0.197812900192383,3.66430188817968,0.391076261224351,25.0076263567937,0.622163994351583
"SW684",0.129308522102087,NA,0.87450250270006,70.658372077301,0.0497402034869767
"SW684.1",0.248509418556772,13.9791224148401,0.187383038951798,0,13.9791224148401
"SW982",0.208592311244515,6.16962514337645,0.268401058736444,0,6.16962514337645
"SW982.1",0.292445787821269,6.40777502751182,0.170860784922632,0,6.40777502751182
"MG-63",0.0430033894237547,NA,2.05204316022565,88.936382572022,0.0683652245880673
"MG-63.1",0.219873731309514,NA,0.520691790368443,56.1313012638325,0.0312643606324438
"RKO",0.255311564540068,NA,4,60.7446123818469,0.0111939596719927
"RKO.1",0.428965484950665,0.0540105870806823,0.586108038315023,23.0816660248826,0.0187781378056373
"OCUB-M.2",0.0509318257046303,NA,0.0430590752882818,89.9483885168706,0.0167456641226151
"UACC-893",0.27566791576036,NA,0.688884243878275,53.4350489774561,0.014434676544758
"DMS 114",0.0309966256209685,NA,4,83.1460527615559,0.281176586551015
"DMS 114.1",0.138823926707567,NA,3.70379623292707,85.8304821983259,0.000901350987114704
"MDA-MB-157.1",0,NA,0.682057114306223,100,0.265529512309206
"MDA-MB-157.2",0.11363722312754,NA,0.0229614887160786,77.6058564185671,0.00864504649750271
"MDA-MB-436.1",0.108757121744143,NA,4,88.3320984572583,0.00153405088350272
"MDA-MB-436.2",0.154565862233475,NA,0.225852266168424,76.349472812496,0.00166162091247463
"NCI-H1666",0.443530462667703,0.0425925932755782,0.694394953902738,42.2760702244556,0.00289215261025453
"NCI-H1666.1",0.418559019207882,0.138694632151649,0.67193965269765,46.8671536879814,0.00224736854151018
"OCI-AML-3",0.677699021218378,0.00071701229376855,0.56390184047545,26.0298659380473,0.000194667797597067
"OCI-AML-3.1",0.700961147204048,0.00145059603568524,0.993638635425723,23.5951927663611,0.000762929251818088
"RPMI-8402",3.92529008712461e-14,NA,3.87167475811976,99.368470448148,335.631568987261
"RPMI-8402.1",0.032118077380977,NA,4,91.8459797663599,0.0658285879273432
"SR",0.115344104917746,NA,4,84.398376393281,0.00605568468455353
"SR.1",0.164003412693904,NA,1.84560144225781,70.223217322313,0.022245384285941
"SW13",0.268459505994226,3.68156878106187,0.21999255833607,0,3.68156878106187
"SW13.1",0.32766263241493,0.64616599674281,0.421777941492748,37.4968263835437,0.0241641723276809
"AU565.2",0.00526662478136856,NA,4,92.6482953167107,0.631497481289945
"BT-474.2",0.050700263798902,409876207.950662,0.150017674827742,29.7219626002022,1e+06
"CAL-85-1.3",0.327059676644118,NA,0.757490958757133,56.7357787504289,0.00353822811772536
"HCC1937.3",0.18496226245505,1050.51376500302,0.144815758185511,0,1050.51376500302
"MFM-223.8",0.201367967270195,11.9432368622408,0.480387157352819,44.2572961529416,0.132029741959506
"BC-1",0.237245704851463,6203.00456065796,0.0966299043320939,0,6203.00456065796
"CAL-54",0.327681450971726,NA,1.09530914133766,61.9677890543748,0.0017564543450713
"CAL-54.1",0.366690019929782,0.34959115417877,0.503275100954789,42.6228585199734,0.00780213226629004
"CML-T1",0.385161664028584,0.0433274494398913,1.21993818450994,36.1783463022798,0.0151017340975449
"CML-T1.1",0.280943065202163,0.407271626093563,0.467312260119566,13.8224259322108,0.203780796579097
"EW-7",0.0390742798477513,NA,0.766464666923126,91.5806091481157,0.0421075094985232
"EW-7.1",0.115987426311392,NA,0,76.8025147377215,0.00131241082515083
"HMV-II",0.559588427179064,0.00422590607642028,1.31068899242059,37.1526003011087,0.00149850029276809
"HMV-II.1",0.622031492286126,0.00558645072238852,0.638578502323555,18.7823949502833,0.00267167209635476
"IST-Mes1",0.140640882899671,NA,0.730424405864844,85.0131321970034,0.000254152818705365
"IST-Mes1.1",0.19867524964271,NA,0.474282329184815,75.8313948282064,0.000708226153676439
"KP-4.1",0.218490870139973,NA,0.473262542671713,56.5491759507731,0.0307211819507661
"LS1034.1",0.324882314656634,NA,1.22103858418897,51.5694356535336,0.0092484200212927
"MDA-MB-453",0,NA,1.3265392387518,100,0.343130490543498
"MDA-MB-453.1",0.010624911631697,NA,4,95.2867561271002,0.210855915724821
"MKN28",0.267391502562153,NA,1.03010152426127,59.6621908766735,0.00944381896352333
"MKN28.1",0.264169654733801,1.90619448071428,0.817707400929591,48.3741451128929,0.0288789954597438
"MPP 89",0.0551241332944145,25.7100992910757,0.480710193411782,0,25.7100992910757
"MPP 89.1",0.163882430371164,10.5004081790286,0.30107108595698,0,10.5004081790286
"MRK-nu-1",0.00626578493041518,NA,4,98.7608893960383,0.0304166848872061
"MRK-nu-1.1",0.0467679603193307,NA,0.025614144357194,91.2332928283605,0.000167920210851532
"SJNB-10",0.282335736825471,NA,1.22858057504636,60.4369540059671,0.00672226295325686
"SJNB-10.1",0.30789189527492,2.14079181739795,0.199313503811285,0,2.14079181739795
"NCI-H226",0.109542462924714,NA,4,86.6463275287493,0.0034552191475167
"NCI-H226.1",0.136748652727403,NA,0.335621386153587,80.3873480711349,0.00203779136119852
"NCI-H520",0.00895622868702973,NA,2.42678667206793,94.3931729546028,0.341637378905072
"NCI-H520.1",0.0987820330323343,NA,0.563364748066921,79.4674999780581,0.0376476273711929
"OVMIU",0.350007447924797,NA,0.504303873470907,53.9488102461606,0.00196757179977726
"OVMIU.1",0.397328813165944,NA,1.21488008581449,50.4477952727832,0.00331089030829838
"PEO1",0.113018373785907,NA,0,77.3963252428186,1.56610628672575e-05
"PEO1.1",0.222266769006789,NA,0.429732624083865,63.2198167669294,0.00994402737905756
"RKN",0.235152623228656,NA,3.2933575746652,75.9898026247697,0.000856019303692834
"RKN.1",0.270657595411255,NA,0.950209627139951,65.4904880115765,0.00333318301338506
"RT-112",0.251749686752847,NA,1.72194628541164,71.8017825282533,0.00173467676966522
"RT-112.1",0.372253205532287,NA,0.877100072155093,51.9289822104306,0.00343480178484768
"SK-HEP-1.1",0.13251887263,49.9372853247036,0.269199964936158,0,49.9372853247036
"SK-LU-1",0.122124918370174,NA,4,79.6891789732548,0.0157143201470066
"SK-LU-1.1",0.201975865708559,648.502998526327,0.162750223670944,19.6044305152712,30.4609534634376
"Ku812",0.693448181771798,0.00320942178928385,1.24355172354828,18.1604755448658,0.00223260026054263
"Ku812.1",0.720002340068018,0.00449242821686054,0.948442749457925,6.00264431068493,0.00392571152023604
"BC-1.1",0.216700718040195,NA,0.260774848434504,68.6484732653462,0.00118434574573509
"D-392MG",0.163672974703761,NA,4,83.260899234196,0.000959905358514546
"D-392MG.1",0.232198052390294,2292.95566684807,0.372621161839852,49.0553891295373,0.0542590210260357
"EB3 [Human Burkitt lymphoma].2",0.0898577804188481,NA,0,82.0284439162304,0.0124276283953233
"GAK",0.452584737384813,0.0206253774234612,1.07267941558384,42.4567271142207,0.00353709221953969
"GAK.1",0.401092901038452,0.05032381104345,0.894154424506224,30.9969787837542,0.0170565506332559
"NCI-H2731",0.198162000848437,NA,0.479682591466405,76.995390535467,0.000367431717932159
"NCI-H2731.1",0.227790361051794,40.9734793021724,0.174937006687025,0,40.9734793021724
"HARA [Human squamous cell lung carcinoma]",0.152613592281387,NA,3.50103332864554,59.8436497608795,0.0724359535019672
"HARA [Human squamous cell lung carcinoma].1",0.266262069206013,1.11777188223977,0.308620896191323,0,1.11777188223977
"HCC44",0.376004663639888,0.125363875207698,0.432231495225527,0,0.125363875207698
"HCC44.1",0.359922920219531,0.0870826034162931,0.821773688905304,31.5732088083468,0.025845754590607
"H-EMC-SS",0.241576978895199,NA,0.630530808343012,57.7390825301282,0.0169447767846139
"H-EMC-SS.1",0.258011356361728,NA,1.00005273446978,58.231006666725,0.0132134546505911
"HSC-2",0.0527207982202089,NA,4,89.8283790081333,0.0278727956777978
"HSC-2.1",0.11547577368055,NA,1.36382779486954,79.0479253756944,0.0220698255407583
"KYSE-220",0.270350920791158,NA,1.12627215676674,69.031384899595,0.00159266020079124
"KYSE-220.1",0.296643858099359,NA,1.06856027850633,51.4067847282043,0.0141144558916191
"LK-2",0.0431286393241827,NA,4,92.1115684036905,0.0229047981115985
"LK-2.1",0.123260117429943,3036.67104999206,0.174975534781144,0,3036.67104999206
"Lu-65",0.439137689355899,0.038665353481219,0.736481566061317,39.1434300273342,0.00486092783991837
"Lu-65.1",0.451745168962461,0.0210092418618437,1.09526972573682,38.6814409222891,0.00541191591390664
"MDA-MB-231",0.288958632825466,NA,1.11945780363966,59.8266366495985,0.00626350488462514
"MDA-MB-231.1",0.306843021022196,1.17080585518264,0.412126008812739,38.7728667607458,0.0312211574308372
"MEG-01",0.442620202987829,0.0326267399490331,0.87421294011077,29.7991934121519,0.0115701408599604
"MEG-01.1",0.449473413593467,0.0432934931479019,0.680291450347799,11.9488769290792,0.0289788984918958
"ML-2",0.543213085138022,0.00332334183658507,1.88302566276288,41.215836670885,0.0013197187374664
"ML-2.1",0.645597650228932,0.00274039245538356,1.43599978669856,27.6875442031366,0.00156237695661225
"NCI-H1355",0.161694616157497,NA,1.31071549567237,71.2803165342895,0.0202642298282936
"NCI-H1355.1",0.242116535075313,23.4910290941464,0.177475171214779,0,23.4910290941464
"NCI-H358",0.405155949146255,0.0563936385051579,1.15679037872915,47.5686426741769,0.00413131422265106
"NCI-H358.1",0.320525713933719,0.151613181868971,0.999030674423832,43.7617908284462,0.018877733792484
"NKM-1.1",0.310653286537574,NA,1.01241148477448,55.9652848419812,0.00673490165619104
"SNU-423",0.104583788257208,NA,1.06549539775101,73.6277246895002,0.0673269460729068
"SNU-423.1",0.170188039879789,NA,0.303097694076615,74.048198647305,0.00313760256308359
"DoTc2 4510",0.110554598993312,NA,4,83.3701202462001,0.0101334417431767
"DoTc2 4510.1",0.192576061713977,NA,0.91563865059026,79.0821436313524,0.000629154648788097
"DSH1",0.131707214110196,NA,1.59466833269906,75.6431792927134,0.0238161842219957
"DSH1.1",0.267761530782492,NA,0.445573173528737,55.0040885434117,0.0113376895684914
"ESS-1",0.0871497354073079,NA,4,74.0407632332423,0.0983861768457496
"ESS-1.1",0.159379474483591,NA,0.513487396572436,53.578313102057,0.151413389831152
"HH [Human lymphoma]",0,NA,1,100,0.0100035129252774
"HH [Human lymphoma].1",0.0274212195326405,NA,4,78.1740087386331,0.423204188422875
"Karpas-1106P",0.0878044189173662,NA,0.65460411200919,86.4355409742451,0.00879472826918383
"Karpas-1106P.1",0.150910052518807,NA,4,78.8299130325027,0.00727088223176503
"Karpas-620",0.209463404687324,48.1833942201055,0.186671717198067,0,48.1833942201055
"Karpas-620.1",0.230217877537044,NA,1.24536340168408,63.130182573469,0.0130161525270029
"KATO III",0.236563564742486,NA,0.886182515258703,59.492924952272,0.0166744436985848
"KATO III.1",0.286139165547668,25.2840917415789,0.431516748123062,47.7706918098741,0.0187281129405163
"MDA-MB-468",0.134165076844696,92145.9689551277,0.126835111959951,0,92145.9689551277
"MDA-MB-468.1",0.241704549952533,NA,1.34268732726539,67.0191332694001,0.00593714559697455
"MS-1 [Human lung carcinoma]",0,NA,0,100,0.268554947952326
"MS-1 [Human lung carcinoma].1",0.0268608209074104,NA,4,93.7730094148621,0.0508177959964247
"NCI-H522",0.0139228912966185,NA,0.0653856552718064,96.8957889941903,0.75616420243159
"NCI-H522.1",0.0880793914988598,NA,0.205812357449707,87.3223582212154,0.000496611690604914
"NCI-H929",0.231071827264411,NA,4,66.3027698255987,0.00876900232281318
"NCI-H929.1",0.42078798842313,0.0382293344574104,1.06768932832106,25.908361043155,0.0192928685396296
"P31/FUJ",0.248931947038216,NA,1.59193003610631,72.4347674853986,0.00149910973743478
"P31/FUJ.1",0.501147834128037,0.0122350733423436,0.806183343825172,40.2633234019988,0.00160775511244067
"Panc 03.27",0.249549030757235,NA,0.995002396896534,69.338953782503,0.002616784234477
"Panc 03.27.1",0.279649091068394,NA,0.800997770009482,58.8633524631606,0.00745461401294585
"KTCTL-195",0.00661330861462073,1.49445950091132,4,0,1.49445950091132
"KTCTL-195.1",0.120318412329643,NA,0.126169262921312,74.6334591823601,0.0723752522425411
"WRO",0.0751594448354539,NA,4,88.4579514907389,0.0111327804674371
"WRO.1",0.146852394513315,541235.643720262,0.106597495462143,0,541235.643720262
"SCC-9",0.144336429355635,NA,0,71.1327141288731,1e-06
"SCC-9.1",0.287848225046678,NA,0.547303775990846,63.9119801576938,0.00141379016660042
"SNU-C1",0.297911887041179,NA,1.86782509015737,59.3426007353774,0.00622957955622258
"SNU-C1.1",0.448297684351656,0.0159371872177741,1.41446436041369,43.8147890115469,0.00363700923481428
"HCT 116",0.518309912280472,0.0144421622878467,0.989631498142318,26.3026082322943,0.00679149445440968
"HCT 116.1",0.527559313706828,0.0193976267763626,0.999800995530063,13.0914566605938,0.0143178977746745
"FLO-1",0.0941690667428856,NA,0.677050835382439,88.7575714232755,0.00124576362679137
"FLO-1.1",0.20570223528636,NA,0.458029692486325,67.6372127990844,0.00740987118395972
"JHH-7",0.0446281337700063,NA,4,92.0015186135963,0.0211960231433991
"JHH-7.1",0.166647753985583,NA,0.477933657231204,76.4417886023141,0.00342940214782243
"TT",0.132074652260463,NA,4,79.7044943808447,0.0111652259679537
"TT.1",0.227292476029452,NA,1.06654879991299,73.1122594333441,0.00203203047126638
"NCI-H2087",0.329784250302993,NA,1.08058771337853,59.5091122662815,0.00276624819222854
"NCI-H2087.1",0.408897885024554,0.130868214959731,0.473790305134873,39.403173233009,0.00495106179674243
"SK-LMS-1",0.112601419113659,NA,4,80.3284333515767,0.0191826791921665
"SK-LMS-1.1",0.208132293754678,NA,0.617536499499622,54.2006684342408,0.0471903428923813
"COLO 684",0,NA,0.155884853777374,100,155.721137859957
"COLO 684.1",0.0302963081795558,NA,4,79.4671640555893,0.362443084621224
"HCC1954.2",0.129422680079756,NA,0.678449729078495,66.9148102861388,0.0786243097839738
"MDA-MB-231.2",0.356127646447815,0.216215269716649,0.791193233859116,46.1157844252205,0.00855782494175488
"MDA-MB-453.2",0.0855456081061151,NA,2.50499987450889,81.8373227364352,0.0382111049108751
"MRK-nu-1.2",0,NA,0.872698572720166,100,0.0213390558415861
"CAL-72",0.111961469938477,NA,2.71661409149395,64.1711878961238,0.115626073650822
"COLO 680N",0.133853977896924,NA,0.859047004463316,82.0957089433236,0.00431893143984239
"KYAE-1",0.0361661458584477,NA,0.382046141927297,84.7217964398738,0.99682875005401
"LB831-BLC",0.217122253880959,16422057504.9984,0.324213949964566,49.9893471718312,0.0778215108942621
"NCI-H1435.1",0.1062127445516,9.90998926068766e+21,0.0800499435181894,47.378897638354,999963.53551813
"ONS-76",0.568999171297995,0.0146302218930837,1.1983056093985,10.2535269735978,0.0120801954663582
"Panc 10.05",0.378049918874436,0.311598094832021,0.518405171992685,43.7279265889094,0.00568190477532328
"SF539",0.294564667637876,NA,1.74086699430408,55.5489242907165,0.0101827696167214
"SK-N-AS",0.410795012966209,0.095477377271082,0.582595742454134,41.1193211546498,0.00491653662399679
"SW1271",0.331388182738592,NA,0.779014576458357,55.7222627243018,0.00396574607446909
"AMO1",0.118226616271427,NA,1.74234333194223,69.3097163072597,0.0702569520338396
"AMO1.1",0.407635854087,0.0812492042627807,0.60173226694459,38.1487795204386,0.00742689553108877
"BFTC-905",0.383651971778102,0.0280964416096297,1.86608740942401,45.8633118527664,0.00739023998197244
"BFTC-905.1",0.54100749347819,0.0132703185206324,1.18624946698856,20.6659217355689,0.00846537548843892
"BICR 22",0.118270234614228,NA,4,80.8688012821654,0.0139804242424548
"BICR 22.1",0.233870468839806,5.03002721105328,0.367874391584062,35.2787144795593,0.181166085943894
"Capan-1",0.328222958788574,NA,0.495017289102196,60.8453247024402,0.00061037352423132
"Capan-1.1",0.396176530346372,0.127935401921758,0.772668603451772,46.3493505821114,0.00432498987177894
"DND-41",0.00465821115059314,1.64264057911822,4,0,1.64264057911822
"DND-41.1",0.13903559293527,NA,0.420871503774666,67.8463418510212,0.0673380260939457
"EW-22",0.00469186729273896,1.63949215604195,4,0,1.63949215604195
"EW-22.1",0.0526197451539381,NA,4,85.3578878708666,0.0835544512327055
"HPAF-II",0.454598797797161,0.0332935779260011,0.780173263892399,24.3414222913142,0.0141574399105031
"HPAF-II.1",0.461271088505159,0.0372361797599964,0.638661895510948,17.527864109345,0.0189429020371488
"IM-9",0.575213029944109,0.00585850037868343,1.02305340797928,30.5522171729364,0.0023277037934658
"IM-9.1",0.592374829235879,0.00903506111937371,0.953636661660982,18.2515031810495,0.00561170237073933
"Karpas-422",0,NA,0.543910993950583,100,0.0550935813136298
"Karpas-422.1",0.0681067124634931,NA,0,86.3786575073014,0.0230440204591167
"NCI-H3122",0.382134870945857,0.0488291051193814,1.6861948264382,48.6782075297178,0.00566185136381384
"NCI-H3122.1",0.381275960136453,0.0279008904278604,1.87154533384462,43.7335380646679,0.00919795753132104
"NCI-H441",0.0599474112769496,NA,1.01337222318058,82.6147808030992,0.100325850124744
"NCI-H441.1",0.155169202199626,NA,3.44442304910099,81.0874448422951,0.00344387281859984
"NCI-H82",0,NA,1,100,0.316255534471853
"NCI-H82.1",0,NA,0.208850153570328,100,0.0105040898128859
"OCI-AML-2",0.865314930827114,0.0006154361679484,1.48046755224128,10.6318943489813,0.000523664115343595
"OCI-AML-2.1",0.923292857063052,0.000868558519877509,1.74297693075617,3.26431194984651,0.000835557819354446
"Reh",0.00282034346827836,1.87424295421831,4,0,1.87424295421831
"Reh.1",0.06924370078982,NA,0.252789613499208,88.1246888005453,0.00772631664964974
"SaOS-2",0,NA,1,100,0.0100035129252774
"SaOS-2.1",0.120270440340973,NA,0,75.9459119318054,0.00047066928749092
"SBC-3",0.106119656206703,NA,4,77.8147506195997,0.0367372546913749
"SBC-3.1",0.176300438662857,NA,4,65.3193239399525,0.0298576548925387
"SK-MEL-1",0.499879625191288,0.011564472845308,1.02552057283575,38.0141664653393,0.00287250362776521
"SK-MEL-24",0.242671030423911,NA,0.230120319936803,73.2995741300571,1e-06
"SK-MEL-24.1",0.354809662573665,NA,1.00496563411796,57.5799587861431,0.00211235728874138
"SK-PN-DW",0.0112762178338977,NA,0,97.7447564332205,0.00764782597367762
"SK-PN-DW.1",0.132813710879589,NA,4,86.450257521467,0.000924335688769775
"SUP-T1",0,NA,0.474103373154289,100,4.38865379427232
"SUP-T1.1",0.0534812969117822,NA,0.117888710971825,54.5455333312865,999890.15853783
"WIL2 NS",0.115040458415545,NA,4,63.7349247301805,0.111796019782856
"A2780",0.443875261254201,0.0519922480759222,0.522702379574028,36.1972736221031,0.00443084499363446
"A2780.1",0.463668247347537,0.0288541886804599,0.687743537851742,33.6558428966068,0.00567702546917017
"C-33 A",0.173486721400429,NA,1.1768462615615,66.4088046433572,0.028118493634309
"C-33 A.1",0.247061828303122,NA,1.07874959165652,60.873193704461,0.0121000648938498
"Capan-2",0.342202000013221,NA,0.687262272271951,50.3134875514178,0.00623489120370085
"CCRF-CEM",0.0118482086756011,NA,4,93.2306252178994,0.299106401001812
"CCRF-CEM.1",0.0880416776510324,2955.65230112859,0.210511416137198,0,2955.65230112859
"DB.1",0.024682903696949,NA,4,92.434885642535,0.105019446700727
"ECC10",0.124038326459273,0.433174364448869,2.58191725369713,35.4069669403115,0.268856403668453
"ECC10.1",0.2326248608894,2.93786028493856,0.281646142680244,0,2.93786028493856
"NCI-H2795",0.496190699208064,0.0187112819117789,2.13135742679244,18.1926956307804,0.0151333631472942
"NCI-H2795.1",0.478998700849485,0.0274849348487524,1.7938258342069,11.5044832808708,0.0237568448023614
"NCI-H3118",0.344349157596001,1.51721121515452,0.52591812777578,46.9832727763825,0.0072839947496052
"NCI-H3118.1",0.40145305447718,0.0651390782887805,0.747689652388495,38.8235926050313,0.00878221030719464
"KP-N-YN",0.123874508122044,NA,3.83471936286018,80.234693567374,0.013181253387457
"KP-N-YN.1",0.210806720972763,63.2234193022376,0.267921069481725,36.0940456892416,0.532722875822807
"LOX-IMVI",0.509458906720844,0.0285213447093046,0.430691857072399,0,0.0285213447093046
"LOX-IMVI.1",0.395694984235512,0.0810038415865164,0.597002980774098,0,0.0810038415865164
"MKN45",0.435029690678604,0.0169646556523895,1.91308860010066,37.064834017073,0.00836773427004899
"MKN45.1",0.403680759353087,0.0377711263539758,1.33508884110655,28.4569793643677,0.0201035608473688
"SJNB-14",0.0938063199093137,NA,4,69.4909507866636,0.119586213474687
"SJNB-14.1",0.145749700820525,NA,4,71.1978464100499,0.030339136683402
"NCI-H1299",0.201993649946612,NA,1.1613207272388,70.6776785799,0.00799568481794609
"NCI-H1299.1",0.255819336613738,NA,0.756604357795022,61.4571468405917,0.00828813940617122
"NCI-H1651",0.0351616776469724,73.9434838972964,0.47728678921803,0,73.9434838972964
"NCI-H1651.1",0.188276325125058,NA,0.391022984778103,78.8893641855929,8.01925709313876e-05
"Ramos.2G6.4C10",0,NA,1,100,1
"Ramos.2G6.4C10.1",0.115894748657902,NA,0,76.8210502684196,3.81656313958107e-06
"SH-4",0.707155061818779,0.00221517432642646,1.39389302785267,20.9531476508699,0.00150034290406957
"SH-4.1",0.738638168304304,0.00229705393932833,0.912339140231151,13.1502702632178,0.00164399686364224
"SNG-M",0.0419388984821514,NA,4,94.8794807684143,0.00348614213719775
"SNG-M.1",0.163518489668655,100522.581408435,0.110103320378569,-1.38777878078145e-15,100522.581408435
"SW1990",0.190073236971086,NA,1.16488879759046,71.0464519861319,0.0101940191863969
"SW1990.1",0.272542792460707,5.82323497116829,0.280036887415543,32.2135187945836,0.145289004573154
"T98G",0,NA,1.35337262566148,100,1.67182922890213
"T98G.1",0.0282351767935294,NA,4,90.1001284812604,0.139470966295765
"TE-8",0.256474916228811,2.27615714451986,0.264485890206403,0,2.27615714451986
"TE-8.1",0.32018458185309,14.8501617019074,0.310952051478239,44.8180991336338,0.0101323365579316
"TK-10",0.160848438392611,NA,1.5894165648868,68.6531535573658,0.0288679051063375
"TK-10.1",0.275049662323948,1.11681864742877,0.407762221258499,31.3837376468062,0.0990167866678852
"COR-L32",0.0767041417919948,NA,0.0197395845568768,84.8428932828352,0.00925810057398669
"COR-L32.1",0.0331699587741652,NA,4,93.7216024270563,0.0260114223541876
"VM-CUB-1",0.243665847794785,4.88252152822911,0.278630128146578,20.5834882273109,0.727473969878696
"COLO 680N.1",0.0119212101368276,NA,4,98.2327380700823,0.00947253574542681
"EoL-1",0.441539102747821,0.0183386580420919,1.37679438326237,44.7661294571454,0.00356010158742149
"EoL-1.1",0.506978144505835,0.0110168835078093,0.894843387914799,38.5725878104373,0.00211693529164622
"Karpas-299",0.393361866416466,NA,1.19487287346171,50.6249879814817,0.0034317312964302
"LB831-BLC.1",0.00486564735086989,1.62365678452723,4,0,1.62365678452723
"ONS-76.1",0.539851133799064,0.0128043287049035,0.90731925331039,23.6995010109891,0.00630740797421876
"Panc 10.05.1",0.181745804310294,NA,4,73.6948486944433,0.00846051457408766
"PSN1",0.425576243052742,0.0433707754216451,0.78387497665447,38.7304027639068,0.006482340892092
"SF539.1",0.11238779494597,NA,0.602201573754379,56.7311434629205,0.30615108146572
"SNU-387",0.257324531197419,NA,0.80969585962595,60.8428088646144,0.00906096384101087
"SNU-387.1",0.254149632175399,2.8948984690615,0.251889194044898,0,2.8948984690615
"SW1271.1",0.277508785964134,NA,0.451909027555631,64.5515424413648,0.00114245956577453
"VM-CUB-1.1",0.171975547305062,NA,0.966719881526418,64.420572529391,0.0357867617398317
"EN",0,NA,0.680239611409346,100,0.00223571988436286
"EN.1",0.0791550856552781,18.9638481337584,0.429121991821943,0,18.9638481337584
"GR-ST",0,NA,1,100,0.316255534471853
"GR-ST.1",0.137189998032863,NA,0.698123895497672,81.9920985614578,0.00311446948331682
"KYAE-1.1",0.00686963676879415,5.67902925411178,1.50066225472046,0,5.67902925411178
"NCI-H1581",0.247733581580337,NA,4,71.995716118409,0.00219656541433897
"NCI-H1581.1",0.331743616117312,25.7003995547574,0.105633259409934,0,25.7003995547574
"OCUM-1",0.72227607254159,0.0010134672794305,1.3997137901707,24.5078602680952,0.000626315154044787
"OCUM-1.1",0.736289537320081,0.0021165117695988,0.9794942212755,15.1405832578174,0.00146450656792063
"RF-48",0.0372720107278964,NA,4,93.7441779754348,0.0163208690228744
"SAS",0.406863133772841,0.148455812303893,0.488655806464019,41.2123184757778,0.00423006042186089
"SAS.1",0.385180063460352,0.122232434542051,0.430922324677544,16.3170629725215,0.0488723867906053
"SCC-4",0.0803980595446865,NA,4,88.4827017654208,0.00805273183080912
"SCC-4.1",0.244081268205187,NA,0.763072383438598,68.2320952052593,0.00320869496700294
"VL51",0.134253321083496,NA,3.48600706031754,76.3946767446852,0.0196743895211848
"VL51.1",0.192378126254035,NA,1.17353579899101,69.8573420681636,0.0116765969233295
"SW900",0.314138922471167,NA,1.54403708433673,57.8177246824254,0.00558471422723382
"SW900.1",0.350254495321428,0.175850526919085,0.609518155700542,37.0140003949506,0.0192556265483015
"TE-15",0.369175932056394,0.254472888555083,0.592371588012807,43.8111914712364,0.00747989102896032
"LS180",0.369294622902708,0.017626582010921,3.67279857489445,46.1202144398115,0.00878824317751311
"LS180.1",0.384331456622931,0.254426701365284,0.292338403399063,21.7785728683068,0.0359660846326238
"NCI-N87",0.2210440329966,NA,0.517285636497974,51.2727029871955,0.0496156585716068
"NCI-N87.1",0.175842891698499,NA,4,68.6964502953396,0.020650184644473
"Fu97",0.250201624987654,NA,2.71972422462758,64.8220601600424,0.00734040794628474
"FU-OV-1",0.247008249831603,NA,0.75806230347215,73.530348079455,0.000320711459991131
"FU-OV-1.1",0.210835830677139,NA,1.10030327704255,70.637012548047,0.0062878718632294
"EW-3",0.0466680763543667,NA,4,91.933232523259,0.0183892282674506
"EW-3.1",0.0678281797401829,NA,4,90.3276408025769,0.00787695918223313
"UACC-62",0.634575337777525,0.0014279186671607,1.00980674508683,32.6518522334677,0.000500554215533147
"UACC-62.1",0.691154843199216,0.00196353684897194,1.52122469145121,24.5368808416063,0.00126006426227228
"WIL2 NS.1",0.0717770113334535,NA,4,81.9226713450164,0.0644060228772717
"WIL2 NS.2",0.214089929413343,NA,4,57.127271299207,0.0317709033250873
"A-673",0.129917196546706,NA,0.71649034398941,85.3969456427704,0.000651627093726361
"A-673.1",0.235633269451387,NA,2.3324203487559,76.4366729078566,1e-06
"EFM-19",0.0226607425630415,NA,4,92.8320001809511,0.111775840378137
"HCC1395",0.118176815793045,NA,2.07603615056548,77.8076416658457,0.0249361180747113
"HCC70",0.215800709309564,NA,0.948591290025975,76.5919627246464,0.000642901836370453
"MDA-MB-468.2",0.210456697065977,37.7753431110447,0.236682871666637,24.8382826041673,2.0757215788654
"VCaP",0,NA,1.24604898810977,100,0.253637261939509
"VMRC-RCZ",0.111861024804718,NA,4,87.2458558147091,0.00231918007509148
"VCaP.1",0.128337954610417,NA,0,74.3324090779166,0.000186605243256201
"LS123",0.212614464861977,NA,1.51558153859511,67.4487211908809,0.0107959047141149
"LS123.1",0.326290703932557,0.720932305296735,0.244983448249779,0,0.720932305296735
"PSN1.1",0.489023734791467,0.0177925877586518,1.09024328192294,28.3408651260149,0.00826007959821383
"PSN1.2",0.508498687440834,0.0225069196514001,0.754572454132948,16.0076509315382,0.0134964122120343
"CAL-72.1",0.130280964899149,NA,4,60.6867167316887,0.101370627142244
"CAL-72.2",0.135355291619146,0.688269993661542,2.36733019019631,48.3026423480147,0.16487147342057
"CGTH-W-1",0.188805729337269,1.71250063188976,0.416653887058773,0,1.71250063188976
"D283 Med",0.16205658140962,NA,0.122857751899798,58.3226393441282,1.32479367052723
"D283 Med.1",0.112867622063236,3.23702012795673,0.532461060326755,0,3.23702012795673
"HCC1395.1",0.0563395029008116,NA,1.57096284614926,86.3726527242885,0.0578709956938897
"HCC1395.2",0.154967835436409,446.551429613592,0.182234028011365,0,446.551429613592
"HO-1-N-1",0.325043928115709,NA,0.78192289561232,56.1518564205679,0.0042534764927209
"HO-1-N-1.1",0.37718179878128,0.0908298748923749,0.769035746146245,39.9619184819997,0.0112585835994613
"Karpas-299.1",0.0640243602098975,NA,4,88.705453164697,0.019931802949949
"Karpas-299.2",0.204787441539034,NA,2.66817812213342,79.5212558351156,1e-06
"MLMA",0.0283379849748556,NA,4,93.1255134568965,0.0580011442106906
"MLMA.1",0,NA,0.591392424056494,100,0.154738708092524
"SNU-16",0.116534019344384,NA,2.00700629143394,68.8104493087044,0.0759234231385975
"SNU-16.1",0.090001481160563,1.66892023447454,0.811337800599157,0,1.66892023447454
"PCI-30",0.178982284856337,NA,0.599707164545066,58.2409197459121,0.0598955180647573
"PCI-30.1",0.280661551459801,7.44658516199676,0.177318034056844,0,7.44658516199676
"RCM-1 [Human rectum adenocarcinoma]",0.444383858949451,0.0181800807990231,1.32732718720995,43.8775802044585,0.00373650338363789
"RCM-1 [Human rectum adenocarcinoma].1",0.472829539336593,0.0305399182836452,0.571446944281295,28.3330828131444,0.00706863835656517
"SK-N-AS.1",0.380650884145793,0.239319922534879,1.05758629734924,49.1970108733039,0.00481301501656542
"SK-N-AS.2",0.398015425354426,0.0681742533142543,1.01097581044522,46.4890319136036,0.00492720783152867
"SW1116",0.293053511770824,0.514297213914511,0.602647092557224,40.161014035365,0.0346484105856214
"SW1417",0.386104784260886,7.68519871944331,0.2458601683565,44.6350694180689,0.000876474902222159
"SW1417.1",0.462647603535728,0.0387095412929012,0.611281038188271,44.0693109552438,0.00118355273520715
"VMRC-RCZ.1",0.0566928931309287,NA,0,88.6614213738142,0.0204073733450574
"BT-20.1",0.189085115079294,NA,0.45865450943608,53.2255984649351,0.0861543026229848
"A-375.15",0.612404008179433,0.00226340631217761,1.39825152406294,34.0229331822043,0.00100094615737245
"A-375.16",0.62563608757352,0.00240423029562007,2.05827564893868,31.8525849039299,0.00146936426727562
"A-375.17",0.484674806356321,0.00875396421177733,1.59147211940492,42.1265208847512,0.00274008514126525
"A-549.11",0.333805115227523,0.127217432053671,1.36634516437421,48.1375611807455,0.0114491386373082
"A-549.12",0.437495800817784,0.0363636670510955,0.79702086118115,40.008938940817,0.00482172090817683
"A-549.13",0.415700362008872,0.0827855176495756,0.48689198997184,31.9761085532708,0.010182448689432
"A-549.14",0.37910298351946,0.103383613093342,0.630408196786974,35.0398156963045,0.0152472596742318
"A-549.15",0.413470221141017,0.0725796075274559,0.511070526645563,16.131796398483,0.0338678949470507
"C32 [Human melanoma].14",0.492656306876546,0.0205631110694664,0.9436304189715,24.0995836273135,0.0102414374696506
"C32 [Human melanoma].15",0.49082424920938,0.0185049697916462,1.27969713347391,24.2395527803319,0.0110210292030358
"HCT 15.15",0.278173735709221,NA,1.55578886667723,68.0685409063676,0.00202431753275542
"HCT 15.16",0.14771453895312,22.4022431631634,0.283859430029965,0,22.4022431631634
"HCT 15.17",0.122845144719773,43846.9055130884,0.141098758238783,0,43846.9055130884
"HCT 15.18",0.201417306156366,NA,0.765942651822068,71.6883365509152,0.00549918002506783
"HCT 15.19",0.0738543759476556,NA,4,85.8516893662829,0.0271715975816058
"HCT 15.20",0.0637102115838611,NA,4,75.876584798474,0.161372916658018
"HT-29.15",0.644719790911454,0.00285746712217137,0.655513759063346,23.603825118977,0.00107834435118332
"HT-29.16",0.626923922432553,0.00232534514965102,1.0274934224847,31.0821377360472,0.000902991941232215
"HT-29.17",0.697933302083228,0.00170820826374211,1.54514582747817,24.8094657838544,0.00109610410463518
"HT-29.18",0.602077654412084,0.00581095463604289,0.782168182361367,24.4476806208252,0.00246328556044919
"HT-29.19",0.602371721150823,0.00470671441382342,0.796983758038616,27.5799477471418,0.00172049435538933
"HT-29.20",0.616023000102464,0.00346784020128817,1.27176127529148,29.6694391263782,0.00170904094801576
"MFM-223.9",0.137663592116948,NA,0.48224635188679,61.9388793761655,0.132284623634553
"MFM-223.10",0.115033526868048,166.058707289792,0.249064087271401,0,166.058707289792
"MFM-223.11",0.121077320803257,3.65646194863976,0.487841146787754,0,3.65646194863976
"MHH-ES-1.16",0.0794365668836508,NA,0,84.1126866232698,0.0177957915583756
"MHH-ES-1.17",0.0742212753667283,NA,0,85.1557449266543,0.000145456795391413
"MHH-ES-1.18",0.0615728272739438,NA,0,87.6854345452113,0.00260505627518393
"PC-14.16",0.245839002617352,NA,0.931126058314806,66.4077850601504,0.00521612825900198
"PC-14.17",0.260808570329485,NA,0.99456993819348,66.9707771320032,0.00327978381998195
"PC-14.18",0.272495703422549,NA,1.23567694949674,66.3461813021753,0.00312096428975796
"PC-14.19",0.235726175277823,NA,0.377043743986756,59.0951580437817,0.0125204377411291
"PC-14.20",0.191490748013382,42.929698791103,0.257689571311102,26.4269914803771,2.32014998624937
"PC-14.21",0.235485126333194,NA,1.13569586565456,67.4787620557193,0.00606095514601337
"SNU-C2B.15",0.292371734607976,NA,0.447311132795225,61.3905938465999,0.00160707816841678
"SNU-C2B.16",0.284527751162775,NA,1.14072084138759,62.8075477176527,0.00437548998019255
"SNU-C2B.17",0.254288400221114,NA,0.70016504430943,66.9049947672484,0.0029206961624521
"SNU-C2B.18",0.242510145597858,NA,0.578669269662951,63.2319696733874,0.00715824271994796
"SNU-C2B.19",0.239740352257447,NA,0.306191246217522,55.130259488508,0.0193813982580905
"SNU-C2B.20",0.25054395921183,NA,0.364053576569467,61.1321515894395,0.00502823624181572
"SW620.15",0.523075721632909,0.00736425557953729,0.792676122719916,40.8584987449186,0.000863307320743427
"SW620.16",0.52156157635128,0.00842486264860678,0.775526452767098,39.642953181139,0.00110643070087411
"SW620.17",0.472790893992332,0.0239195815965431,0.692957578727209,41.1236663390737,0.00197412011311423
"SW620.18",0.418397142899107,0.0859999778573857,0.655348876532819,44.0339150780442,0.00335474933533372
"SW620.19",0.424181000834936,0.0619768576022873,0.586434953687914,36.3774763990976,0.00674949379777136
"SW620.20",0.41038327717265,0.0800866319130527,0.652210517954527,41.507721289898,0.00528497311219762
"U2OS.15",0.345548797222576,0.0698154033978412,1.32310461895969,25.7018788828084,0.0404656153309562
"U2OS.16",0.335105348307785,0.0692081178835404,1.72644877950293,24.3373003451468,0.047029966729134
"U2OS.17",0.3401445991392,0.0723276852900404,1.35659440834354,25.8442639704292,0.0423063330132766
"U2OS.18",0.189184698533476,0.182962663913502,3.4716304507919,38.2113797042766,0.12067287117613
"U2OS.19",0.236055998456577,0.646139640893679,0.458967165498861,0,0.646139640893679
"U2OS.20",0.272482663811681,0.252103474254652,0.633488523808763,0,0.252103474254652
"AU565.3",0,NA,0.269185958412904,100,0.0166090583268456
"CAL-85-1.4",0.246844779164444,NA,0.330840301585516,51.6750030214544,0.0270422788699485
"HCC1937.4",0.185234264946027,NA,0.564918696373455,75.930057422443,0.00209961570220168
"BT-474.3",0.0506967719582807,NA,0,89.8606456083439,0.122375751398891
"MFM-223.12",0.173486546956684,NA,0.816520272190179,59.7339058345768,0.0536949765098907
"MDA-MB-330",0.0180872872379078,NA,4,94.961480173962,0.0830552638183942
"EFM-19.1",0.0988850964001789,NA,0.0140929065850329,80.9550163461335,0.000134734090120906
"EFM-19.2",0.0780409710235762,NA,0,84.3918057952848,0.100313396182888
"IST-MEL1",0.309785848364636,NA,0.407942200503125,52.2490051224037,0.00556816570280088
"IST-MEL1.1",0.308852944336084,NA,1.09022598510775,60.260446884743,0.00386710169529669
"IST-SL2",0.0447825783037935,NA,4,89.5062841536411,0.0524602053584506
"IST-SL2.1",0.11555854083563,NA,4,84.1533117778367,0.00649262967743019
"NCI-H810",0.0111313756553739,NA,4,98.8868624310715,1.70419115637729e-05
"NCI-H810.1",0.0951184807294305,NA,0,80.9763038541139,0.0198806189314877
"SW1088",0.159554564087515,NA,0.292411371981322,51.9432736090708,0.418486342713926
"SW1088.1",0.208354192024072,34.9313936224998,0.196853482553276,0,34.9313936224998
"SW1116.1",0.470829339635572,0.0129591357793186,1.39355038013083,39.515805834087,0.00422412579035876
"SW1116.2",0.467451583163957,0.0302402167035636,0.600651463876873,34.9590215156442,0.00409296552508718
"SW837",0.39762712690222,0.0415052013975115,1.09575751399958,39.0118526701648,0.0104126951172309
"SW837.1",0.356516681911886,0.220110785057112,0.451836030778162,30.3092720356833,0.0279862172709049
"TC-YIK",0.386034425793023,NA,0.664517781635228,50.8579150722014,0.00226850257933792
"TC-YIK.1",0.310046994294192,NA,0.899897570558459,60.1731156057595,0.00337437270124796
"TE-9",0.0574497079277614,NA,0,88.5100584144477,0.0662896645984019
"TE-9.1",0.0944891031418127,NA,0.386652272315185,88.6176866266071,0.000320864683510962
"YAPC",0.103235155581577,NA,1.74667332599269,83.5020566273541,0.013191736308308
"YAPC.1",0.0700939861768156,NA,1.74529898067908,81.3647091109625,0.0748564785574117
"BT-20.2",0.25740613418687,NA,0.574314130914238,59.344925443472,0.00907164134124748
"HCC38.2",0,NA,1.01633626474627,100,0.0801324901407185
"CAMA-1",0.0210902587727587,NA,0,95.7819482454483,0.0183852571934277
"CGTH-W-1.1",0.139212261987324,NA,0.271820913671284,63.1217402759101,0.226952647580937
"CGTH-W-1.2",0.107421783043861,19.882960786814,0.358549720665442,0,19.882960786814
"EB2",0,NA,1,100,0.100017563084078
"EB2.1",0,NA,1.38289133545333,100,3.07561668593267
"HCC70.1",0.213539786799862,NA,2.71227135292884,75.7272998687426,0.00220373914195996
"KNS-62",0.238975760078678,NA,1.68932049128726,55.2362202262425,0.0249995022588571
"NCI-H1755",0.295167119948903,0.267544938018611,0.496904903931615,0,0.267544938018611
"NCI-H1755.1",0.252551592417054,0.871226283022886,0.365672117490336,0,0.871226283022886
"RPMI-6666",0.231161635782026,NA,3.41042147244948,67.727315323804,0.0070986397568996
"RPMI-6666.1",0.245769772235756,NA,4,70.8154026697543,0.00296780002836845
"SK-GT-4",0.412542337825769,NA,0.712128786353576,52.307018367318,0.000939599988027317
"SK-GT-4.1",0.366417757518476,NA,1.03808375245099,52.7400048898155,0.00382498656713272
"SK-OV-3",0.0825147592727882,93.9399669363947,0.322044132402684,0,93.9399669363947
"ST486",0.137539992593889,NA,4,80.5008634902286,0.00765660333328027
"ST486.1",0.177027379275986,NA,4,72.1353152706599,0.0124224740355394
"SU-DHL-6",0.0257223943591219,NA,0,94.8555211281756,0.0765538858078028
"SU-DHL-6.1",0.0391105611830971,NA,4,92.4546552878988,0.027867475867386
"UM-UC-3",0.030810684525218,NA,4,95.9296559811322,0.00536013327727318
"VMRC-LCD",0.0893195738699882,NA,0.832742115725143,84.6386652964565,0.0167988871706387
"WSU-NHL",0,NA,1.08317152313886,100,1181.97921765831
"WSU-NHL.1",0.205383301924725,NA,0.882049035724166,69.9247310738331,0.00762342491031576
"YH-13",0.188902340053012,7.72092209622099,0.282649396855156,0,7.72092209622099
"YH-13.1",0.111033290052928,25.4183588980263,0.336243172173676,0,25.4183588980263
"WM115",0.32009937430518,NA,0.639126263107379,51.712428543969,0.00749850301032915
"U266B1",0.305661085872757,0.0818352737764256,2.26671071716466,48.7120058042192,0.0162892092650813
"A-375.18",0.498266044442707,0.0036622031210746,2.43856282916614,49.0368594495713,0.000725010638816547
"A-375.19",0.555177373320777,0.00420489008231162,1.50208974326015,37.5910987128942,0.00166274204129258
"A-375.20",0.579035152411793,0.00378100316177604,1.02571533809772,34.9724154093247,0.00117115699562616
"A-375.21",0.561842910298893,0.00393016933438023,1.31401722557917,37.4688041299379,0.00137104703115138
"A-549.16",0.528316459419739,0.0102270669272592,1.12839675302658,30.9599844277468,0.00434669874921072
"A-549.17",0.574765853436369,0.00621826963663723,0.96696770242175,29.810190716662,0.00243432178727196
"A-549.18",0.527445379419964,0.0117509065077572,0.942783061540056,29.5333862909214,0.00455621787702159
"A-549.19",0.546128873376573,0.0126646902819621,0.934950834169382,21.9424178246839,0.00682679844145939
"A-549.20",0.527220707719825,0.0190287372385911,0.533092236530059,15.8261945026636,0.00931914516499231
"A-549.21",0.483105769710731,0.0190959834568433,1.11142877194459,27.7464241300413,0.00921763032788314
"C32 [Human melanoma].16",0.677289952426845,0.00317494111301653,1.50940015930326,21.2943230609195,0.00219820470912121
"C32 [Human melanoma].17",0.67634001758576,0.0029614931372254,1.32781331112356,22.0711707208189,0.00191000366152838
"C32 [Human melanoma].18",0.658960377754857,0.00376064795048438,1.69127741425147,21.7835953899844,0.00268133479730326
"C32 [Human melanoma].19",0.62036120459074,0.00822767838100825,1.6545826358796,13.7903072485433,0.00676980390121859
"C32 [Human melanoma].20",0.585698362517074,0.00972495684258757,2.08548611369816,15.9023973029114,0.00809416213994723
"HT-29.21",0.62487565313909,0.00306352674870769,1.41451760482863,29.6452870040593,0.00162290714149882
"HT-29.22",0.587320988944705,0.00536153072693397,0.932617365584753,29.3289660849622,0.00207952864482913
"HT-29.23",0.64130354337953,0.00214781621358329,0.367512395607972,18.3514457800052,0.000618818506131417
"HT-29.24",0.671947229267208,0.00337451187671194,0.930512383892777,19.585304242964,0.00197789273197126
"HT-29.25",0.630175686390352,0.00519855384827983,0.676074441301581,18.7264061384598,0.00259685661618411
"HT-29.26",0.620028900932908,0.00552260365887178,1.50644427674771,22.1726702208019,0.00374286382562382
"MFM-223.13",0.207613884828131,3.73086002795693,0.302561501152911,0,3.73086002795693
"MFM-223.14",0.192105950105974,4.70436471897432,0.310095926205422,0,4.70436471897432
"MFM-223.15",0.227747987984262,1.4741216113386,0.383544587251237,13.1012697399452,0.66754898130655
"MFM-223.16",0.14045652243545,5.57252216843672,0.390688749605012,0,5.57252216843672
"MFM-223.17",0.137813879013392,57.7541420549036,0.256532172786962,0,57.7541420549036
"MFM-223.18",0.13068988292492,7.41653990517491,0.385519646187603,0,7.41653990517491
"MHH-ES-1.19",0,NA,-2.77555756156289e-17,87.7962950977923,0.00335323267406865
"MHH-ES-1.20",0.0411835878084058,NA,4,94.8746202846014,0.00388273879608868
"MHH-ES-1.21",0.0853720890342267,NA,4,91.1723377620656,0.00110392796744019
"MHH-ES-1.22",0.100450970386413,NA,0,79.9098059227173,0.000158502998474009
"MHH-ES-1.23",0.0952844174118965,NA,0.0150889311119444,81.2225653276251,0.00439714677029067
"MHH-ES-1.24",0.0958009545077033,NA,0,80.8398090984593,0.00180621816592483
"PC-14.22",0.205286657782225,NA,0.471067326834272,62.2300302300118,0.0201978479874919
"PC-14.23",0.193022813449759,NA,0.827672552400446,67.6966143102433,0.0147802389319804
"PC-14.24",0.208831768460149,NA,1.24771662466869,69.3752141450923,0.00855501628862273
"PC-14.25",0.183725952097511,NA,2.00702725646357,60.1585672174583,0.0413919421149527
"PC-14.26",0.186993422997332,NA,1.30050599385613,64.428481510663,0.0263820914780284
"PC-14.27",0.202580910335843,NA,0.784572281497103,58.7039989324394,0.0340784080113226
"SNU-C2B.21",0.278965722554831,NA,0.774048924740017,59.3422924490935,0.00692301136617533
"SNU-C2B.22",0.260622339088078,NA,0.767455211021903,69.7722212910491,0.00111592736122033
"SNU-C2B.23",0.317230684245112,NA,1.17866789795913,63.5364975156156,0.00171194237463345
"SNU-C2B.24",0.297551224620082,7.36748661163355,0.231474045136164,31.107811038251,0.109963796912171
"SNU-C2B.25",0.271126467458043,NA,0.513021134544047,51.641076902056,0.0174836140716272
"SNU-C2B.26",0.264703055687509,NA,1.39628753905638,57.7608879748689,0.0129490143883762
"SW620.21",0.459802591548253,0.0460430335822515,0.502980116097608,41.0050122176618,0.00152073255310478
"SW620.22",0.451641693696388,0.0232692531944808,1.42566844794667,48.7490805232887,0.00175097900270141
"SW620.23",0.465432120624247,0.0214299706196833,0.899964852587209,44.4572618752012,0.00186035606744196
"SW620.24",0.436582273724912,0.034007688652216,0.839987982745481,37.3004179055437,0.00665301765822788
"SW620.25",0.442066996238941,0.0349523899502234,0.763516269219478,37.1575723126156,0.0058926876822882
"SW620.26",0.47124580024443,0.0287883844777684,0.631481227189939,29.9729160795241,0.00676049997595754
"U2OS.21",0.30261696412381,0.0760964934645056,2.42977889772342,28.4996088330053,0.0537672896442177
"U2OS.22",0.283464110669012,0.0918517810578106,2.02521648154551,32.9407150004177,0.0540120196186127
"U2OS.23",0.309732910083296,0.0794573248005463,1.89292746592999,27.797047531189,0.0517467559019898
"U2OS.24",0.20441624566437,0.200729579358634,2.38852639246443,27.1017425735433,0.144748044268813
"U2OS.25",0.2061089107589,0.165098540203715,4,29.7935695005667,0.13163553187054
"U2OS.26",0.214838928118872,0.186175555292861,2.28928093248158,26.0870221969182,0.13489437912149
"A-375.22",0.550556264804427,0.00182026658889301,2.14978774192514,43.4705362829369,0.000706136381134497
"A-375.23",0.532379229223811,0.00198457999167046,3.31443136297492,45.1851694307795,0.000979519286048831
"BT-483.2",0.00537518597367342,NA,4,98.2280260232058,0.1221423195744
"CAMA-1.1",0.102293664650469,NA,0.924461527786822,84.8309570941485,0.00820380145286453
"HCC1500.1",0.138383313413108,3616910.29274715,0.102381087798936,6.16643641339149,1e+06
"HCC1599",0.0187441240922826,NA,4,97.4213953679774,0.00648228636377322
"MDA-MB-415",0.0622395445600136,28.3412934763041,0.446398491695798,0,28.3412934763041
"UACC-812",0.112744280185441,NA,0,77.4511439629118,0.00037172624015682
"EW-24",0.0357060520275443,116.743105827599,0.44248839607314,0,116.743105827599
"COR-L88",0.0298231619312228,NA,4,93.0620294269604,0.0513495117410658
"Capan-2.1",0.332974746071755,NA,0.812718025668272,53.7420338923746,0.00532024992852085
"Capan-2.2",0.403646501853736,NA,1.72387184486017,56.3767851377953,0.00123311939306857
"SK-OV-3.1",0.106620183534164,NA,1.01344745486006,79.6732522128491,0.0264191276290698
"SK-OV-3.2",0.160014801849961,NA,0.537691999848075,73.2024417780316,0.0125041399897694
"WM115.1",0.309663814770153,0.402789353413906,0.630466466389957,41.3914027923222,0.0247296033601991
"WM115.2",0.407999953021792,0.0594501574037338,0.93047403407122,45.4134615056176,0.00456190372994353
"YT",0.119859632456041,9.23663311523969,0.389914837144718,0,9.23663311523969
"YT.1",0.145737966902381,NA,0.465437602550329,52.144428277475,0.263338882419086
"VMRC-LCD.1",0,NA,0,100,0.00931437057768601
"VMRC-LCD.2",0.0448679832258155,NA,2.04429183907038,94.0243797963813,0.00551098961555184
"UM-UC-3.1",0.101633881488249,15229.4267727631,0.170013471984162,0,15229.4267727631
"UM-UC-3.2",0.10254280049221,NA,0.0620013662920235,59.9406514377748,1e+06
"KNS-62.1",0.260520976757494,NA,1.48884298975892,53.5266886304427,0.0207062431412687
"KNS-62.2",0.3522826362902,NA,0.990169313841803,50.0507327582332,0.00668568160468886
"HCC70.2",0.1504070210552,NA,1.14768939098338,83.9258892424651,0.000701315281540346
"HCC70.3",0.207537333737779,NA,4,77.7787805519755,0.00151090592742472
"CAMA-1.2",0.0842143389113436,NA,0.66118790931312,88.7703703240152,0.00330835827892565
"CAMA-1.3",0.0449290955458611,NA,4,92.3939915266683,0.0169051068086754
"ZR-75-30",0,NA,1.09687080628584,100,1.95512945776126
"TGBC1TKB",0.166667843324338,NA,0.900168586584009,72.3001369384651,0.0145982122079521
"TGBC1TKB.1",0.202155347836544,23.1860720173741,0.29470614501949,31.8082177469316,0.750388595785194
"OE33",0.355209013493486,0.602539124082129,0.210921452966549,0,0.602539124082129
"OE33.1",0.213437260373472,NA,2.97702058125172,56.4580443509747,0.0338494360250436
"NCI-H2342",0.114031582055455,NA,4,88.4109497664363,0.000864606899582841
"NCI-H2342.1",0.0802533539943412,NA,0,83.9493292011317,0.0672022573661346
"KYM-1",0.116475931041051,121.26190049799,0.257569781693697,0,121.26190049799
"KYM-1.1",0.128652364099474,847.248201900414,0.217839243386087,19.7141443464698,84.8225696296106
"EW-24.1",0,NA,0,100,3.00132694681454
"HuCC-T1",0.207315481916097,NA,0.969664554856471,54.4183166742417,0.0442256234275027
"MV4-11",0.449341495820831,0.0159083820530213,2.26381214752368,32.5971743115361,0.0099806240290857
"MV4-11.1",0.520011875591331,0.0193090986365399,0.773483313221738,17.6115674711631,0.0110142705684054
"NCI-H1648",0.400854655655184,0.0613837113355407,0.893022426513368,43.719035120915,0.0060142714600967
"NCI-H1648.1",0.323790035398764,0.32119553196959,0.354708718562099,0,0.32119553196959
"NCI-H211",0.150297683764676,NA,4,79.7295298688317,0.00596623049886882
"NCI-H211.1",0.164491355471002,NA,0.248938069161264,79.2307560552213,0.000110692287192898
"Panc 02.03",0.542443681365419,0.0143046913898921,0.697849342228026,20.3498148260556,0.00676512216707853
"Panc 02.03.1",0.47618135444485,0.0351155380085834,0.586791044906158,11.2897724321645,0.022703300952245
"SK-MEL-2",0.478776247426971,0.0179001179728267,1.86889751007572,24.4588273104013,0.012495653085693
"SK-MEL-2.1",0.319865198104399,0.0395049024102216,4,38.6706377443835,0.0272558580095733
"SK-MM-2",0,NA,1,100,0.00100052698506632
"SK-MM-2.1",0.0274901255342667,NA,0,94.5019748931467,54.2487604568865
"U-698-M",0,NA,1,100,0.0100035129252774
"U-698-M.1",0.14303523751564,NA,0.150729490688678,62.6528206315546,0.802534865708416
"NCI-H2085",0.0486856459792504,826.39157246047,0.308507480647389,0,826.39157246047
"NCI-H2085.1",0.107964861147292,NA,0.841155000656808,88.9561488239191,9.61862419759078e-05
"SNU-449",0.21121871687979,NA,0.632100488054224,51.25159958317,0.0565088750821119
"SNU-449.1",0.217741522732194,4.2879384767932,0.277788864073877,0,4.2879384767932
"SK-MEL-1.1",0.498580078247341,0.012828844779859,0.868486675096953,38.8265599090112,0.00228484937040518
"SK-MEL-1.2",0.404618609904125,2.26715573701224,0.596968411584748,49.3323188497506,0.00164291553589515
"HT-1376",0.256331751512979,NA,1.18956877400425,71.4081920430353,0.00128046449311019
"HT-1376.1",0.174750390719768,NA,1.16360305842049,80.7770143832426,0.00106683447849375
"Lu-139",0.0436200178833603,NA,0,91.2759964233279,0.0303240665481506
"MDA-MB-415.1",0.242557163117451,1.62046038199393,0.314368003908842,0,1.62046038199393
"MDA-MB-415.2",0.142329222359732,NA,0.0165402840220557,72.8185913859795,0.000103777759632854
"NCI-H2066",0.0958657098195584,NA,4,89.6206370238448,0.00164183282894205
"NCI-H2066.1",0.107898239290171,NA,0,78.4203521419657,0.00666716069994713
"SK-CO-1",0.758265089641926,0.00265314060573775,0.99696457734322,8.94261779499264,0.00217731346864371
"SK-CO-1.1",0.650398066294767,0.0059779399001441,0.855205359580715,13.5186716671704,0.00413498350234358
"SW1463",0.561378829484501,0.0120804255913869,1.1339096147592,18.2018401388563,0.00810453338204873
"SW1463.1",0.473244182987507,0.0271862134128487,0.779260659897782,24.4691741213296,0.0114750951778998
"COR-L105",0.44955422141364,0.0147719791935275,1.5167292926833,42.2139450519374,0.00433453502684922
"COR-L105.1",0.386811765803338,0.0790747074879264,0.810419223305586,41.7487988995655,0.00856142669321325
"EW-11",0,NA,0.304661361355122,100,9.38599634597968
"EW-11.1",0.124369174229501,NA,0,75.1261651540999,0.00331235200239331
"NCI-H2029",0.151861516250882,6531.07330355634,0.142846761290377,0,6531.07330355634
"SW48",0.411670247978635,NA,0.716226670222212,53.3288745630616,0.000735763569124761
"SW48.1",0.360433476168762,NA,1.63841918789961,53.5700882626463,0.00446030624852653
"ZR-75-30.1",0,NA,1,100,0.00100052698506632
"ZR-75-30.2",0,NA,0.425864794046947,100,0.0513993520671516
"ME-180",0.159309960924584,NA,1.86361605822615,82.8673647919407,0.00122877079104609
"ME-180.1",0.274556780425079,NA,0.543496250324408,65.4550258941702,0.00144799312621867
"MSTO-211H",0.227842472812016,NA,0.566516910932667,56.1008896754883,0.0265626736774864
"MSTO-211H.1",0.166996041185936,6.43128419366963,0.328465137012893,0,6.43128419366963
"NCI-H835",0,NA,1.0136512827385,100,0.402259322777013
"NCI-H835.1",0.0224651073211106,NA,0,95.5069785357779,0.125923912874083
"SW872",0.206521638471078,NA,0.40625,76.875,9.30572040929699e-05
"SW872.1",0.224505460345986,NA,0.521840532840671,69.3746767031287,0.00289594512117575
"HCC78",0.15994334879292,7.12836566727346,0.33298111719672,0,7.12836566727346
"HCC78.1",0.134553908731924,NA,4,72.634972763512,0.0334974532085365
"HuCC-T1.1",0.384801601683482,NA,2.06360060585396,55.2872933141613,0.00243967043227403
"HuCC-T1.2",0.338941001349508,NA,1.53051888633699,53.6237463537034,0.00617664644841651
"AU565.4",0,NA,1.00333442865406,100,0.268003182666689
"BT-474.4",0.0385199287967387,NA,0,92.2960142406523,0.0273247899876287
"CAL-85-1.5",0.373837647654014,NA,0.958003233684095,51.5043604584307,0.00371945640637812
"MFM-223.19",0.215528728309513,0.453276516395033,1.00104011074526,40.2958579513212,0.0881231804700533
"HCC1937.5",0.149156257434272,NA,0.449981428639543,72.3260237513343,0.0206419653865351
"HCC1569",0.0786104215644979,NA,2.10419147655264,80.9699253119228,0.0571412485976746
"HCC2218",0.0901668529261388,NA,1.80873263534182,86.5719038218309,0.00943543876094937
"MCF-7.1",0.0558189499229285,NA,0.446871174330124,92.0348663979087,0.00329947913700542
"Ca Ski",0.225918506126473,NA,0.951653360026236,75.820539663867,0.000524530335106826
"Ca Ski.1",0.211442257766341,NA,0.659683327424507,68.9126789213001,0.00653971779184378
"CCK-81",0.332394209777701,3.43895451128268,0.363484954139278,44.0895278547264,0.00966401539231259
"CCK-81.1",0.324684365563906,0.186963574584085,0.834731823946991,42.5616851176846,0.0190733118223386
"COR-L88.1",0.0203470354562428,NA,4,96.6345985258487,0.015358634203879
"COR-L88.2",0.0680839216830951,NA,0,86.383215663381,4.26527635783488e-05
"CS-1 [Human chondrosarcoma]",0.211878589236122,NA,1.34031212787047,71.6754185302021,0.00528810996839152
"CS-1 [Human chondrosarcoma].1",0.230717867155513,NA,0.829855458269696,65.5178651033653,0.00830254257669129
"G-292 clone A141B1",0.172342070738343,NA,3.34779176906493,51.2321638169472,0.0870840799877891
"G-292 clone A141B1.1",0.116384724519051,NA,4,58.7224918849516,0.142639290088743
"K-562",0.163033553348189,NA,4,75.2924142755342,0.0104854075073154
"K-562.1",0.221218975960228,NA,0.601920188778393,55.1933942819599,0.0334458288260345
"KYSE-270",0.0963916591153144,NA,4,82.6137063653052,0.0217215625875798
"KYSE-270.1",0.107094545019085,NA,1.54538139844293,76.825230366377,0.0411987309341665
"NCI-H524",0,NA,1.11481638312462,100,0.25809601221306
"NCI-H524.1",0.0651622092449621,NA,0,86.9675581510076,0.00407856590274778
"U266B1.1",0.423851923882721,0.027619586625149,1.21178062730977,37.1055414850584,0.00902636750199867
"U266B1.2",0.458818019991036,0.0249856105768589,1.12137993727045,26.831357550797,0.0125829001891558
"Ca9-22",0.188231109703255,NA,4,71.3776842044863,0.0106470481131858
"Ca9-22.1",0.25208150723293,NA,1.42480099341561,53.5053027496003,0.023533805097208
"HCC1599.1",0.0678981135908618,NA,0,86.4203772818276,0.850289463886481
"KYSE-450",0.22721646268153,52.506332750892,0.169253424760897,0,52.506332750892
"MFH-ino",0.205380250053616,21185.9055389227,0.101761224100505,0,21185.9055389227
"TGBC11TKB",0.403756235263947,0.196246279952057,0.412983695822782,39.4710002032641,0.00451358406009049
"UACC-893.1",0.384440463687249,0.130196515098977,0.377702917131258,0,0.130196515098977
"MeWo.1",0.256318042366288,5.23577467328786,0.248924861090366,17.3452480220739,0.945561812212012
"UACC-812.1",0.0252144805463862,NA,4,95.8617488255109,0.0148671858755464
"8305C",0.310222486958935,11999749008.9106,0.0336465686652916,13.5483424037125,999823.73203319
"Caov-4",0.500023726931199,0.0316227766016838,0.421875,0,0.0316227766016838
"CW-2.2",0.196953480033796,NA,0.699578892649581,68.6181099997566,0.0107053058699007
"SK-CO-1.2",0.724735807374225,0.00312564210392733,0.847825955037104,10.1278461993166,0.00239328972787179
"LS411N.1",0.440504236924165,0.00858079481641991,2.76670749831412,47.0465981725871,0.00308634610130433
"SW948",0.561695258297368,0.0048910966535468,1.43316119144911,34.4924435795022,0.00216096325545574
"HT-55.1",0.496127991639764,0.0174221332849314,0.6447875869432,35.7184111914747,0.00249524139418042
"HCT 116.2",0.496192104561032,0.0249592431421873,0.835724563397514,14.9966322390178,0.0162903688945351
"SNU-81",0.127260207657264,NA,1.24440669966307,82.5909411274598,0.00580788377645973
"LS180.2",0.371306518091677,NA,1.45005385307111,54.0326140400614,0.00332375111156262
"SW1417.2",0.398723575200381,0.305549419322849,0.458256358604478,43.9982401956799,0.00299200847144367
"LS123.2",0.331576718264441,17.7004930798712,0.259713897331954,43.3149483380325,0.00764297960378919
"CAL-148.1",0.126218763617232,NA,4,81.4217365686707,0.00916160633308252
"CAL-148.2",0.0578875815058877,NA,0,88.4224836988225,0.0142771317130705
"SJNB-12",0.0891827544531848,800.055131244166,0.238167601870242,0,800.055131244166
"SJNB-12.1",0.120713166415241,NA,0,75.8573667169518,0.00107646851028456
"SHP-77",0.0748444878030352,NA,4,86.0371767549115,0.0246627618597133
"SHP-77.1",0.134740106224588,NA,0.488016458389144,85.2365425795223,0.000122543719929251
"SK-N-SH",0.207803343927142,NA,0.835828053383665,67.6029756573855,0.0104412942564432
"SK-N-SH.1",0.170256019957495,NA,0.46846276298871,54.1743778436994,0.122134151140415
"T84",0.302987731879311,NA,0.865690608986163,66.0073419396209,0.000908163762100429
"T84.1",0.309862976197396,NA,1.25050181928555,66.369357232071,0.000978509190811478
"KYSE-70",0.140164955715462,NA,0.499465321537454,84.6417641883017,0.00013484946850559
"KYSE-70.1",0.145119394857577,NA,1.10638572505801,83.5012484740161,0.00145365681526554
"BT-549",0.0617294524574361,NA,0,87.6541095085128,0.0253629034693454
"Hs 578T",0.258304984773416,623.53328565344,0.1077892977488,0,623.53328565344
"NCI-H345",0.0145417524737906,NA,4,91.8155855044304,0.293640826511757
"NCI-H526",0.0195594486255087,NA,4,89.9292714448368,0.261752321045849
"SK-N-FI",0.324237273799546,1.75524877930137,0.18901735125734,0,1.75524877930137
"SNU-407.1",0.487832899677774,0.0359266592111501,0.404377319590958,0,0.0359266592111501
"COLO 205.1",0.696151461403646,0.00504516309717722,0.825130838590461,6.38045359957359,0.00427583878073788
"MDST8.1",0.532961040030494,0.0155279807588046,0.814633018489017,20.0387340205133,0.00828126217098169
"DiFi.1",0.833199968432932,3.65745704393572e-05,0.425204066885596,11.7929120632488,1.94279195620548e-05
"CW-2.3",0.61464309184329,0.00777751246322223,0.383222821895551,0.0730763733567508,0.00774788561865713
"HCT 116.3",0.512069517993439,0.0284909750033336,0.8657179764805,0,0.0284909750033336
"LS180.3",0.499112720847953,0.0237462608057943,0.663057587840681,18.9042417171862,0.0116013317527269
"CL-11.1",0.490780595280435,0.0239142282121293,0.696001823950386,22.6915222474458,0.0100289236154485
"Hs 766T",0.412500296099423,NA,0.866524725174392,53.5375063052464,0.000956600794061345
"Hs 766T.1",0.447578767850391,0.0815590116569496,0.523860666091101,44.8575547988156,0.00106134217767495
"SJSA-1",0.271704537675204,NA,0.40914296404865,56.9668795799693,0.00690531159219143
"SJSA-1.1",0.257833275608835,88.6084710275186,0.264120536025441,42.2771992996177,0.0751914609719149
"MKN7",0.188574922463766,NA,4,79.8359603502324,0.00149545519651462
"KYSE-450.1",0.187906310463931,562.296829521724,0.152503743701654,0,562.296829521724
"KYSE-450.2",0.178813197155517,NA,0.394175489009761,54.3486484921786,0.113909673009519
"BT-549.1",0.0370310518502754,NA,4,84.65229669023,0.188951916625377
"BT-549.2",0.111516679388524,NA,0.06341297872409,55.643171805827,1e+06
"UACC-812.2",0.0648449235815048,NA,2.01250772316291,88.8489078492932,0.017989579253693
"MFH-ino.1",0.242148607673431,NA,0.38927585010492,59.5935402963796,0.00969078738212669
"MFH-ino.2",0.254612869395285,NA,0.593899878525721,64.0211954022632,0.00452965831042117
"HSC-39",0.303482950482991,0.0969126189372925,1.43581776402975,28.2942392881788,0.0541981045073689
"HSC-39.1",0.181745768745163,0.326137710830996,1.62195722414406,38.065019970579,0.13484109759132
"NCI-H1703",0.0649212950175471,3601.30578808897,0.237319323282704,0,3601.30578808897
"NCI-H1703.1",0.149216319644045,NA,2.71938426603703,85.0783680300841,1e-06
"SW1783",0.0626924514273081,NA,4,85.0008830751731,0.0557408802814402
"SW1783.1",0.0497445662027009,NA,4,71.209473772405,0.303820905603956
"KGN",0.222337434819006,NA,4,65.2810726332653,0.0119939857857169
"KGN.1",0.233724989176666,NA,0.515739498494479,66.855808866944,0.00392010788457777
"MeWo.2",0.351721790542568,0.717297661201155,0.51204461459187,45.0485256663621,0.0078428318773576
"MeWo.3",0.334236634848825,6.54556947405196,0.668032911881683,49.4399707004107,0.00786670789381305
"CL-40.1",0.421689255928853,0.0692886518286559,0.485163096514152,0,0.0692886518286559
"GP5d.1",0.38092266491843,0.0978658042515884,0.540527741081099,0,0.0978658042515884
"8305C.1",0.222251850028341,NA,0.33855310894521,67.5892382534936,0.00247363206196963
"8305C.2",0.264143413830048,NA,0.547903071466604,55.8275162569371,0.0125299030777199
"KYSE-70.2",0.139029727995091,NA,0.0805346637123042,51.4282681361245,2865.79955604422
"KYSE-70.3",0.11694641901737,93800.8516997018,0.137582392001498,0,93800.8516997018
"SHP-77.2",0.095720450258888,NA,0.358008434465526,67.8127311032726,0.462170687406748
"SHP-77.3",0.166797687461833,NA,2.27807212821625,83.3202310987277,1e-06
"SKG-IIIa",0.25178214006741,NA,0.723678840866488,68.7261205322369,0.00204795618296213
"SKG-IIIa.1",0.242105168464062,NA,4,65.426342615929,0.00793150409402173
"SK-N-FI.1",0.329059027109282,NA,0.692611878942202,52.5627067809934,0.00599230898549156
"SK-N-FI.2",0.310754034816188,NA,0.878182547219123,50.2284770824933,0.012160471806911
"NCI-H64",0.0399660817966854,NA,4,86.1533153524562,0.13620869392586
"NCI-H64.1",0.108272241544021,NA,0,78.3455516911957,0.0048245223624982
"NCI-H526.1",0.000339096147685554,3.41675218438712,4,18.1197672624682,3.05317255936781
"NCI-H526.2",0.0109878336074544,NA,0,97.8024332785091,1.95100771496238
"TGBC11TKB.1",0.259451221495372,NA,0.832818469395675,59.8466329188246,0.0100354878443497
"Fu97.1",0.08037521438423,NA,0.260415251190244,87.8021629973683,0.00214514860369867
"Fu97.2",0.0920547195314691,NA,0,81.5890560937062,0.00367124940978039
"Hs 578T.1",0.175134411245341,NA,4,68.2612043426054,0.0221171067553252
"Hs 578T.2",0.181029253437023,NA,4,73.1188626410538,0.00954576406971517
"MeWo.4",0.241075895764381,NA,1.14835998045352,66.1002746580064,0.00672586327455291
"GP5d.2",0.35389523485702,NA,0.730806105977632,62.2574803599347,0.000254798121606528
"RKO.2",0.493508054342649,0.0232910260487659,0.486288576015717,30.5005307631869,0.00335917623460157
"KM12.1",0.450967215445375,0.015236053297343,1.40010224246643,43.6469025956341,0.00349084283689891
"NCI-H508",0.45580371115491,0.0481356106214208,0.575197774861514,43.7444256619723,0.0012974431689953
"SNU-407.2",0.439978744788228,0.118203847318092,0.810201755883515,48.7422731188627,0.00125480309972992
"NCI-H747.1",0.599807550916816,0.00436049573416739,0.789753459029122,28.8087921758614,0.00147052264963341
"SNU-175.1",0.278159059037367,NA,4,66.9804561676932,0.00290213789472789
"A-375.24",0.677211058672287,0.000638824197317651,0.322046170506597,18.3623009045788,0.000154236405465814
"A-375.25",0.666062860495556,0.000230415711806707,0.330047100882089,25.9264459323447,2.51617533178473e-05
"A-375.26",0.656554544842439,1.20269379071616e-05,0.0828269312365644,0,1.20269379071616e-05
"A-549.22",0.511547236510685,0.0142287527093243,0.586274005359118,35.1958299353931,0.00178469752589869
"A-549.23",0.531989233735821,0.00949637338137199,0.651632696101536,34.9268711458782,0.00150794603996974
"A-549.24",0.491580983274764,0.0281389532398428,0.485296701973985,19.8575297086225,0.00991761733910458
"A-549.25",0.550109325675223,0.0142031959619628,0.368540604904022,11.0023185516078,0.00723643977488742
"A-549.26",0.543295591567138,0.0168621599905165,0.300220014641425,0,0.0168621599905165
"A-549.27",0.497641698053079,0.0239564917388891,0.448651301128529,27.0506761688444,0.00422287428874441
"C32 [Human melanoma].21",0.659000876866158,0.00427895925467445,1.31123983439391,19.7080828634287,0.00291981518240688
"C32 [Human melanoma].22",0.670916642337309,0.00348632644882939,1.31282055652222,20.7806516576582,0.00231557829217563
"C32 [Human melanoma].23",0.67474972860462,0.0033215941260678,1.57240732992948,21.1147889189451,0.00234314425329874
"C32 [Human melanoma].24",0.6917662287364,0.00347696879555858,0.426490030774491,0,0.00347696879555858
"C32 [Human melanoma].25",0.717803284083954,0.00164671030459364,0.350991749844766,0,0.00164671030459364
"C32 [Human melanoma].26",0.697477973410029,0.00353548222832824,0.450874640922555,0,0.00353548222832824
"HCT 15.21",0.177742296319583,NA,4,78.6420283882245,0.00318064222393289
"HCT 15.22",0.20353805279298,NA,1.02433656391559,69.3248047597038,0.00938252958747466
"HCT 15.23",0.123350320859855,NA,0.769391099447511,66.2075769265501,0.0939577633190175
"HCT 15.24",0.186479702186275,2555.86241609224,0.13228207749302,0,2555.86241609224
"HCT 15.25",0.193182860980018,6841062.16190481,0.0779599543686016,6.96218932875881,999597.193029497
"HCT 15.26",0.208844106590162,6.61961499038687,0.264086841393874,0,6.61961499038687
"HT-29.27",0.596374307625589,0.00395214384743025,1.05151278534304,31.4561288451979,0.00153874340506477
"HT-29.28",0.605911295117042,0.0050703181058166,0.791820985709521,25.7713466742816,0.00203082146450107
"HT-29.29",0.57957829693715,0.00370507044307006,0.881840779833281,34.8699635258366,0.000955228779507906
"HT-29.30",0.642639787125582,0.00248796835579255,0.243897597016341,0,0.00248796835579255
"HT-29.31",NA,NA,NA,NA,NA
"MHH-ES-1.25",0.0119003968346059,NA,0,97.6199206330788,0.001378833087953
"MHH-ES-1.26",0,NA,1.04232041037431,100,0.0732262335105618
"MHH-ES-1.27",0.00523802093636113,NA,4,95.4458311672254,0.456668074350083
"MHH-ES-1.28",0.0638070721982762,NA,0,87.2385855603447,0.0345791236097557
"MHH-ES-1.29",0.0223534648676751,NA,4,95.0845823259586,0.0432332215472449
"MHH-ES-1.30",0.0124384391485931,NA,4,96.2214095885659,0.102929895316441
"PC-14.28",0.187362023960397,NA,0.471349798986469,55.0339334146953,0.0749957208237409
"PC-14.29",0.206589444481898,NA,1.177920789726,64.8076692731781,0.0169484979744304
"PC-14.30",0.224654636188851,NA,0.420155562276292,54.6680694132834,0.0332279543327986
"PC-14.31",0.214609791275545,373.999689612122,0.411734464411101,48.4416596278352,0.0821158046616339
"PC-14.32",0.272258736503094,0.782235676314718,0.337853671102321,0,0.782235676314718
"PC-14.33",0.238116339347449,6.91385782034808,0.478481562125085,44.6561833261396,0.0645857324012301
"SNU-C2B.27",0.280118181116525,15.6312342569953,0.155558192294668,0,15.6312342569953
"SNU-C2B.28",0.268582158471935,NA,4,68.3625272620489,0.00282943196973112
"SNU-C2B.29",0.244941227290723,NA,0.431950822018826,64.4575135597592,0.0036657664816053
"SNU-C2B.30",0.257514401298434,23.347822481076,0.215206722679547,27.5021526852177,0.571001992201756
"SNU-C2B.31",0.25541318757134,3.47523804935378,0.239377401582716,0,3.47523804935378
"SW620.27",0.416221280554333,0.0504449513769371,1.12242638577688,47.5770582246618,0.00340079898944443
"SW620.28",0.458996565887728,0.0367986185597303,0.578987717224394,38.6839672545529,0.00282710462926985
"SW620.29",0.472271712968903,0.0211960105111051,0.78823073334192,42.5388395572722,0.00189727388801884
"SW620.30",0.474679103102512,0.0442342479744106,0.299681277325216,17.7867298356443,0.0102007270497675
"SW620.31",NA,NA,NA,NA,NA
"U2OS.27",0.288463446251625,0.0821666987449225,2.11425041115061,35.2358836191279,0.0461453866232583
"U2OS.28",0.310147009030534,0.0688412143883936,2.4071354301069,29.8460931130907,0.0471970402934027
"U2OS.29",0.169769009205395,0.231233807328926,4,31.6113727317657,0.180071986833051
"U2OS.30",0.202264092676796,0.208885928879233,2.21218140078197,28.4314942193941,0.142838701469852
"MFM-223.20",0.173320921536192,3.49558188415498,0.368094981616631,0,3.49558188415498
"MFM-223.21",0.155592916598352,535859678.666959,0.0825546934747973,20.2371833459199,1e+06
"MFM-223.22",0.152122256775078,45.6505550936081,0.247624368436317,0,45.6505550936081
"A-375.27",0.633917896606632,0.00116754491116149,4,35.6116517457401,0.000855133320986407
"A-375.28",0.629861979541937,0.00102130432770175,3.69016001810931,36.3702445065682,0.000718101229754882
"A-375.29",0.609331716718831,1e-06,0.0429753856014311,0,1e-06
"Mono-Mac-6",0.333683909965365,0.282033823655248,0.352696975118759,0,0.282033823655248
"HT-29.32",0.699349847513254,0.00155674266683593,0.901375053932178,22.5562842743988,0.00080017297063944
"HCT 15.27",0.106557388222561,NA,1.52052462015943,75.9266572931381,0.0467121944565441
"SW620.32",0.548322393297447,0.00591470743182388,0.788984317475138,36.5172695866276,0.00112333516566777
"NCI-H2009",0.348897934803785,0.143381817131438,0.557747080780479,20.1583159351622,0.0568349355882763
"NCI-H2009.1",0.347803045669677,0.0778857609807291,1.04190755933285,35.3891229177815,0.0239141356489439
"Mono-Mac-6.1",0.272042517673858,NA,4,57.1160771301078,0.0125035191872075
"NCI-H727",0.491795044642133,0.0125132232356653,1.3282001908268,34.4146104759537,0.00520250536068422
"NTERA-2",0.108839663098917,NA,1.88831536729051,72.532881381138,0.0649461358197086
"NTERA-2.1",0.12146946988446,NA,3.73225085314061,62.9118003301725,0.104124893594057
"UACC-812.3",0,NA,0,100,584.827002434606
"UACC-812.4",0.0919427528521676,NA,4,87.6082279432374,0.00594544414967054
"CL-40.2",0.52839654744255,0.00850503243106126,0.508774827897964,37.9111948407375,0.000522121085472646
"COLO 205.2",0.766220099556858,0.000447590677688332,0.854917549950478,19.7229000227536,0.000248916930119382
"DiFi.2",0.488061891320377,0.0191950385337621,0.739933098790643,33.3783657336427,0.00433295542617015
"HCC2998.1",0.749316699666416,0.00109726157585053,0.835995205418092,17.3718366711075,0.000658514930132622
"LS513",0.692838113372076,0.00447348763659234,0.558646194369377,2.1911811072929,0.00412865380255327
"MDST8.2",0.683699757547631,0.00157232312742052,0.620178211742378,21.3914249847774,0.000639097979764471
"RCM-1 [Human rectum adenocarcinoma].2",0.551427680836712,0.00781191510125033,0.844685598844829,31.5824136475901,0.0023947925142704
"SNU-C1.2",0.618254315216324,0.00122366550566803,2.09598097435294,36.6156420407803,0.000652501891000623
"SNU-C5.1",0.341192198838662,240.735710104269,0.160756198121131,41.6483709535878,0.00352287829292816
"SW1463.2",0.597943125933923,0.00873515287498136,0.83701016106323,16.9717493783929,0.00532253447151481
"NCI-H727.1",0.548688239698286,0.00985411396414585,1.09075933934893,26.7754536553364,0.00487870773429931
"NTERA-2.2",0.112869451706399,16.850630007466,0.358765897385035,0,16.850630007466
"NTERA-2.3",0.0885804925892636,3.10290971008283,0.637504600734673,0,3.10290971008283
"COLO 320HSR.2",0.134726615858584,0.379503333631075,3.17298529732286,13.2417231858676,0.344433554478273
"KM12.2",0.460551849013761,0.0446459563974417,0.585443419904845,0,0.0446459563974417
"NCI-H508.1",0.603037182961252,0.00730118326659176,0.315202230937114,0,0.00730118326659176
"RKO.3",0.482401487800964,0.0364864875435284,0.614648817955406,0,0.0364864875435284
"SNU-175.2",0.587994816458045,0.0077398971390127,0.273444614640658,0,0.0077398971390127
"SNU-C2B.32",0.392356398769879,0.103805809587586,0.42763533884072,0,0.103805809587586
"SK-CO-1.3",0.749007347316572,0.00209863992442153,0.976069611974028,13.0423933759994,0.00153976165532325
"LS1034.2",0.362889342181101,0.0488087413331466,1.4107534550233,34.778561258226,0.0210073395405233
"SW837.2",0.50409399169499,0.0148620961062656,1.01342136971937,29.3764115904691,0.00620251562952578
"SNU-C2B.33",0.255048213917573,NA,1.59133606165143,67.9818211249945,0.00372840585914667
"COLO 320HSR.3",0,NA,0.808047203757561,100,0.00468498153468434
"HT115",0.451729639131925,0.048660033572881,0.571176691374531,0,0.048660033572881
"LS411N.2",0.525900548404103,0.0208404376099464,1.0081848561286,10.1224250806057,0.0166518746143177
"SNU-81.1",0.199753343670577,0.438737831070924,0.750560467663074,0,0.438737831070924
"LS513.1",0.71146726084585,0.0051055795816876,0.710592061109391,0,0.0051055795816876
"A101D.1",0.414218933874216,NA,1.20729003899021,51.8909435100989,0.00191436193705548
"A101D.2",0.486349373152243,0.011441571505742,1.09560413081217,47.0065151041366,0.000875781104297191
"A3/Kawakami.3",0.147112491050464,NA,4,77.7197642157137,0.0104542904338646
"A3/Kawakami.4",0.298235266601991,NA,0.527629964911572,59.1969732037402,0.00301951249369306
"ARH-77.1",0.164959711501641,6374.70493249389,0.13475364995008,0,6374.70493249389
"ARH-77.2",0.235816981741255,NA,0.281327483312656,62.4726479485381,0.00424464291782687
"AsPC-1.1",0.344130087616865,NA,1.1851079050226,60.2124999720232,0.00181325239958388
"AsPC-1.2",0.401445775415843,NA,1.22135343043978,52.307569523018,0.00232645425012619
"BALL-1.1",0,NA,0,100,0.00636510919172684
"BALL-1.2",0.011874302931355,NA,0,97.625139413729,2.8772978461643
"BB49-HNC.1",0.334745243999184,0.399282807184693,0.40568976809892,30.60171347025,0.0386974081921849
"BB49-HNC.2",0.408318983194211,0.276903713302142,0.461293712788147,44.5695063336701,0.00225045643667
"SK-N-BE(2)-M17.1",0.338858741252722,0.321573898249097,0.320324588973068,2.72278781333138,0.269999893837683
"SK-N-BE(2)-M17.2",0.408017255700756,0.0240238445916144,1.58580971827928,43.9796396217432,0.00632278910506523
"BT-474.5",0.122261313127562,NA,0.0529364207622511,57.3457963481353,1e+06
"BT-474.6",0.0590372299972486,NA,0,88.1925540005503,0.00611824214525582
"CA46.1",0,NA,0,100,0.0143897308482536
"CA46.2",0,NA,0.231379277982709,100,0.0911581946613337
"CAL-51.2",0.155969990610699,51.0523946411476,0.239003071687787,0,51.0523946411476
"CAL-51.3",0.218997776900444,NA,0.661941851614979,65.1374453716223,0.010507188952741
"DBTRG-05MG.1",0.174392525170975,NA,0.606303885895635,74.2777532124255,0.00622376218227211
"DBTRG-05MG.2",0.248822618606373,NA,0.917541279275411,70.5531251633038,0.00175976564141658
"DG-75.1",0.0137384045443411,NA,4,94.5906653674342,0.173072426692135
"DMS 53.1",0.196485954997897,NA,0.362108213795409,62.9827881204494,0.0215484447668966
"DMS 53.2",0.226769367903557,7853.21782061978,0.125098576754527,25.5959647426097,25.406479429474
"EC-GI-10.1",0.276544893401952,2.63102061677271,0.596086590406221,46.7689001707569,0.026571013096971
"EC-GI-10.2",0.361231095224975,0.48872171819019,0.913398785279834,49.0688135435247,0.00623892480572353
"ESO-51.1",0.472303962634901,0.03207711779457,1.20043706299035,9.76646324148669,0.0267653225013841
"ESO-51.2",0.560553147375944,0.0175899371269905,1.08431895478557,6.15530469707002,0.0155828861626493
"NCI-H2591.1",0.146843254109165,NA,0.607976586589284,80.3776165134894,0.00303115565214532
"NCI-H2591.2",0.158003446795195,NA,1.29742667616707,78.3540554033961,0.00602070616040218
"HSC-3.1",0.109231940692809,NA,4,74.2450683835371,0.0534240071447774
"HSC-3.2",0.229492333601002,NA,4,73.3311065456846,0.00260793489926405
"HuO-3N1.1",0.0339877675423148,NA,0,93.202446491537,0.158293877895893
"HuO-3N1.2",0.0138187464930857,NA,4,98.082324584044,0.0068916019047219
"IGR-1.1",0.254160620956601,NA,0.766958692377109,64.0625741542807,0.00571538229687153
"IGR-1.2",0.212982949738804,NA,1.65705117052736,69.601529787444,0.00775666373158465
"IM95.1",0.0415771239736668,NA,4,90.6247544619353,0.0467378621887474
"IM95.2",0.0999888409198244,NA,4,87.6749478579347,0.00367958248836115
"SiMa.1",0.229657649815426,470.686042563646,0.1277838994043,0,470.686042563646
"SiMa.2",0.411331413192784,0.0573779523373274,0.877419034782564,44.4867241319002,0.00464951403410874
"HEY.1",0.417966708478516,0.0408095349416909,0.887506888660576,36.6815460920968,0.00919230618402937
"HEY.2",0.496802227849245,0.0113047930837746,1.22943564493755,36.6263644865328,0.0038674297892915
"697.1",0.114576562594078,NA,1.60949424916709,79.4633829531827,0.0211322973258994
"697.2",0.178271716385379,NA,1.99034090054753,75.2660119383775,0.00681022744762257
"A-375.30",0.59960912714238,0.00483561604673304,1.40236355682814,28.115847496564,0.00268268280198287
"A-375.31",0.65096835519781,0.00242481204204089,1.54585274818633,28.1885087873816,0.00141779282058127
"A-375.32",0.672055059888363,0.00183455458232186,2.75818180881501,28.286639582858,0.00135580324478369
"A-375.33",0.657885588013282,0.00179949537814386,1.39731681361107,29.3748793798174,0.000954834036406002
"A-549.28",0.609272231346995,0.00828221740094174,0.402608490081165,2.7475601350634,0.00719746876785049
"A-549.29",0.543384633857209,0.0122681230565281,0.893460425512619,23.8957588881198,0.00592736371081375
"A-549.30",0.546712411597697,0.00931977908219544,0.986782666636702,29.0929937774584,0.00385172529999182
"A-549.31",0.531350672562907,0.0151942687659789,0.726787655136047,22.5175620177164,0.0066689659787381
"A-549.32",0.507767456926943,0.0212423671069419,0.527142009879716,22.8904056836137,0.00665097513609535
"C32 [Human melanoma].27",0.657089909800233,0.0067281974591727,1.31072978044341,11.3954126059961,0.005523286208916
"C32 [Human melanoma].28",0.658407168373275,0.0064302115193955,1.80608644615134,12.1356733444593,0.00551281807038493
"C32 [Human melanoma].29",0.63676273699256,0.0071248206568023,1.47344473528809,14.0678253180918,0.00569366973019496
"C32 [Human melanoma].30",0.681108800695515,0.00307830117729539,1.41812204778331,21.011942355899,0.00209587001099612
"C32 [Human melanoma].31",0.664899109006544,0.00387844788774013,1.96361993231119,20.2745701218455,0.0029760823178365
"C32 [Human melanoma].32",0.664644336667302,0.00401610559698633,1.97789619877407,19.7498794540082,0.00311504409778986
"MFM-223.23",0.114310561260173,2.67702060318516,0.56079616525325,0,2.67702060318516
"MFM-223.24",0.196538676492729,19.3526758513176,0.229186148646078,0,19.3526758513176
"MFM-223.25",0.179028919711652,2.33457907454183,0.399421985678311,0,2.33457907454183
"MFM-223.26",0.148989918680643,2.47192053405764,0.553711778738594,24.241914106888,0.746116118140097
"MHH-ES-1.31",0.134679793484274,NA,2.670386274327,84.2455238161665,0.00265465124841365
"MHH-ES-1.32",0.114289466815391,NA,0.0337335485317598,78.6157763892644,0.000525848278272455
"MHH-ES-1.33",0.0134354015106583,1.27032123037792,3.71267143546744,0,1.27032123037792
"MHH-ES-1.34",0.0485112638220493,1.5292735811047,1.33885988578139,0,1.5292735811047
"MHH-ES-1.35",0.0110947302038452,1.29215402240831,4,0,1.29215402240831
"PC-14.34",0.289583400001672,0.792010612533355,0.751234805986575,46.540409030138,0.0226297352838269
"PC-14.35",0.265358176475469,NA,0.841963694605106,52.4366612047479,0.0202255174827074
"PC-14.36",0.266073659483279,0.974010422603811,0.797585760499249,46.7423985173895,0.0317311519568051
"PC-14.37",0.274772836705518,0.624679771083318,0.363902384142641,0,0.624679771083318
"PC-14.38",0.298734109648705,3.28352648833333,0.414404202117648,43.6581995664625,0.022509845947519
"PC-14.39",0.259093861237267,0.810761164861654,0.469587040747061,28.4427192704577,0.135149202317944
"SW620.33",0.443585864712667,0.0418560903876899,0.623388417975465,32.7855924571249,0.00756690959893854
"SW620.34",0.493082761503003,0.0189764948094036,0.701869935401113,32.7850366489946,0.00415392422671708
"SW620.35",0.471644034592135,0.027995934678133,0.658245576898608,29.6637279127842,0.00713755604898271
"SW620.36",0.531662200471022,0.00916610750899045,0.760718943284716,35.1072467945175,0.00186526413001871
"SW620.37",0.512209869373069,0.0102606377519275,1.10187306820846,35.6636931369674,0.00330218349961921
"SW620.38",0.509969382351879,0.012666894800955,0.602989525466822,38.7799493543865,0.0010626919162222
"SNU-C2B.34",0.258034164965078,NA,0.815963916138951,60.3797212453927,0.00954425507785322
"SNU-C2B.35",0.310709326339434,NA,0.804189759636174,61.080580460902,0.00250244952367041
"SNU-C2B.36",0.281254762813093,11.4582839512251,0.163135364157181,0,11.4582839512251
"SNU-C2B.37",0.248708826080929,8.9293147250189,0.20314243714114,0,8.9293147250189
"SNU-C2B.38",0.279348538562205,17.9340342683386,0.152679040842807,0,17.9340342683386
"SNU-C2B.39",0.234404459085868,14.3000189011275,0.20046429436082,0,14.3000189011275
"U2OS.31",0.16087583786952,NA,4,51.0606773780287,0.103255275663478
"U2OS.32",0.180860990813553,0.770311315701025,0.606642084222253,0,0.770311315701025
"U2OS.33",0.173879357948269,0.228202838700391,3.24397770454552,44.8135969680357,0.113490041471626
"U2OS.34",0.214204161635831,0.333082725722339,0.851538433944028,0,0.333082725722339
"U2OS.35",0.21217452218173,0.352209485427084,0.859719855213233,11.6403063764534,0.258777306836403
"HCT 15.28",0.135776701331624,NA,0.567677492715013,79.0273766701502,0.00794065261082021
"HCT 15.29",0.293789939539469,NA,0.471530691869324,61.8453971572511,0.00150945777808927
"HCT 15.30",0.168854959077254,NA,2.05851324795442,60.7876155155318,0.0511267339752699
"HCT 15.31",0.142271467651756,7.75716506968948,0.358543759124591,0,7.75716506968948
"HCT 15.32",0.146966589254946,1.00803204219096,0.670688457281623,0,1.00803204219096
"HT-29.33",0.626779253357473,0.00596457649862927,0.89559311754308,19.0723540361072,0.00348847412378846
"HT-29.34",0.63163216586058,0.00571047253720819,0.853341225408836,18.5823216803081,0.00331279563850206
"HT-29.35",0.621129804375057,0.00326740786372558,1.1574993047896,29.3719670635375,0.00152058672674236
"HT-29.36",0.635743852981463,0.00368721300713051,1.7473241207632,25.6385891085983,0.00244335377593133
"HT-29.37",0.650171341267525,0.00311425849502904,0.594476809846974,20.3945391319632,0.001289733744676
"A-375.34",0.605914683299594,0.00493928217644433,1.60622633968694,26.3557525247918,0.00309866054066043
"A-375.35",0.600741487324869,0.00428624818040862,1.99404507630165,28.6951608624542,0.00279433346312852
"NCI-H727.2",0.546333232574712,0.0057933191141848,1.01714961856241,36.9547788238672,0.00154613456711113
"NCI-H2009.2",0.396921570493961,0.103270509280196,0.534966391332071,34.8848334175266,0.0110352100606452
"786-O.1",0.144857351820939,NA,0.634846513471482,68.9948002618896,0.0420090937499414
"786-O.2",0.143984178960323,216.826494788882,0.208707757556153,0,216.826494788882
"ALL-PO.1",0.116457161443887,NA,0.291597406088013,79.0536454524246,0.0137248971697
"ALL-PO.2",0.08887812376063,NA,1.43105404674766,88.9489267054158,0.00346899832036466
"ASH-3.1",0.259799749895166,0.984661245354538,0.380125292150257,17.1172302140495,0.326958851878222
"ASH-3.2",0.263939318336774,3.8018978717892,0.28037542375828,24.6329678206794,0.337993632980766
"ATN-1.1",0,NA,1,100,0.00100052698506632
"ATN-1.2",0,NA,0.922800568700824,100,0.00553095200250898
"BICR 10.1",0.168641905178495,20.8417177400725,0.25916462529198,0,20.8417177400725
"BICR 10.2",0.0806084219402059,NA,2.73841446949946,87.0233624678634,0.0136923313534159
"CAL-27.1",0.370133088969017,NA,0.849041097053187,51.4818852493485,0.0037238726751408
"CAL-27.2",0.277826644977131,NA,1.06119670201146,67.9072170003389,0.00163062130721857
"CAS-1.1",0.279427154663229,0.414653906805928,0.428032124003502,0,0.414653906805928
"CAS-1.2",0.223292098685776,0.842123370391561,0.79917264779049,42.7104644336454,0.0756755944907497
"CHSA8926.1",0.124684072146025,2.38136398782703,1.4663774892335,48.6940536257678,0.19827332805772
"CHSA8926.2",0.162371503133028,NA,1.17365549760729,53.9464323800053,0.0916814076190341
"CTV-1.1",0.126818662600498,21559.1941004388,0.145977575230207,0,21559.1941004388
"CTV-1.2",0.11580272924698,NA,1.37624336672448,84.004625537561,0.00637974562534408
"EJM.1",0.00455924305881639,NA,0,99.0881513882367,0.0172747353125538
"ES-2.1",0.38479104622712,4.39633817050391,0.641049037486222,49.5554114093063,0.00277734370866146
"ES-2.2",0.360140800369282,42.6385492838992,0.293410369396057,47.3852251628478,0.00182842754395169
"FaDu.1",0.172381402502069,NA,0.615942077937783,67.0162953633848,0.0259319883609385
"FaDu.2",0.208591640924905,3813.43552042346,0.115281225088819,0,3813.43552042346
"GOTO.1",0.0935774040068983,NA,0,81.2845191986203,0.0324404057083633
"GOTO.2",0.0727189043471872,NA,4,88.1223583788035,0.0145692464188946
"H9.1",0.523851615279073,0.0133720238352571,1.76807697375224,21.836562918083,0.00966507760299137
"H9.2",0.407616951670172,NA,4,51.6467658073392,0.00294964680415881
"HeLa.1",0.162966116232419,NA,0.37951114067508,79.3180108876973,0.000654615648119605
"HeLa.2",0.0354123059979175,NA,4,95.2676920976446,0.00569035319644207
"HuH-1.1",0.156388664548853,738.897255527387,0.171511312665927,0,738.897255527387
"HuH-1.2",0.133567771221185,92.7080347109346,0.244975337817237,0,92.7080347109346
"J82.1",0.10459909417719,NA,0.452005073368783,81.746125438514,0.0145438036672348
"J82.2",0.113687527500054,248009006185708864,0.0798301465057771,43.8432999118533,1e+06
"KMS-12-BM.1",0,NA,0.708387447441172,100,0.167367239682807
"MDST8.3",0.508774098635663,0.0103149081644233,0.841865835929946,40.0938499205657,0.00150778047464535
"NCI-H716.1",0.421506504157841,0.0273303546937975,1.46420213630669,32.0943592230387,0.013553644239852
"NCI-H720.1",0,NA,0.164304162459632,100,0.0599181551407211
"SNU-407.3",0.38076046036889,NA,0.687939644128428,56.26585828228,0.000807618520639582
"Jiyoye.1",0,NA,0,100,1.92124777718658
"HCT 15.33",0.320914972724923,0.111881356299031,1.37253382490726,0,0.111881356299031
"HT-29.38",0.719582800046909,0.00346329831378434,0.773673349846284,8.1381518393819,0.00275276246861137
"SK-CO-1.4",0.78599785897951,0.00232249189062743,1.02078325964778,6.41240868842345,0.0020303021752749
"SW620.39",0.513464952008286,0.0273730717737716,0.505898066801825,0,0.0273730717737716
"BT-20.3",0.167744698505346,NA,0.610556575015502,76.4262744410825,0.00448506343145076
"BT-20.4",0.1430486290111,NA,4,76.5318112765286,0.0148425718024921
"CL-40.3",0.465213561779521,0.0243568086599526,0.77722952937522,38.125297244753,0.00383108651177885
"CL-40.4",0.501407210977948,0.00800160408366504,1.06868259602198,44.9669088477259,0.000933525542159388
"COLO 792.1",0.372247632903579,0.10501808295682,0.847949501410785,43.9124631302103,0.00876489178887828
"COLO 792.2",0.394951971326113,NA,0.630156066049157,53.7427734970108,0.000863879765802317
"HCC1419.2",0.109188088640502,NA,0,78.1623822718996,1e-06
"HCC1419.3",0,NA,0,100,0.348700595538121
"HCC1428.2",0.0730505388315069,NA,0.391334784022343,89.1689338075731,0.00378173321683885
"HCC1428.3",0.0109241051671823,NA,0,97.8151789665635,0.003675641303768
"HCC1937.6",0.14289129635338,NA,0.801845262544534,67.8840402850877,0.0487369662128255
"HCC1937.7",0.134130149909123,NA,4,81.6940734055894,0.00633807269808836
"HCC2998.2",0.696799457641737,0.00291705100535036,1.34759746738243,19.1856152292592,0.0020368098200343
"HCC2998.3",0.741855789397196,0.00114556418451283,0.986767662397329,19.5994566086782,0.000691883649973192
"HuP-T3.1",0.334603818605778,4.56887900598704,0.842125490271081,49.74688146431,0.00858609016714352
"HuP-T3.2",0.253482354739069,NA,1.07265535250869,68.2552559594829,0.0031821299389759
"IGROV-1.1",0.410172982635995,0.0439469999542138,0.906251039030327,36.4731151579317,0.0103853869753155
"IGROV-1.2",0.486019317405464,0.0236415817456699,0.599143600476555,31.3623314228699,0.00455363447549031
"KLE.1",0.125845247767899,NA,0.014965410807573,75.6931563508849,0.000275436040841751
"KLE.2",0.0983172902972102,NA,0,80.336541940558,0.000808882883830393
"KY821.1",0.530369215919784,0.0043060644076202,1.24018554796334,42.6968712252714,0.000912898338606326
"KY821.2",0.455761066804401,NA,4,53.3637274023646,0.000967402931945937
"KYSE-150.1",0.255108051549563,2.46707677395759,0.484759443066541,41.812208181734,0.0590426499538965
"KYSE-150.2",0.213484927961657,0.372106398351242,1.02160946548361,35.3215546337462,0.11210794456334
"MCF-7.2",0.0488156376984453,NA,0,90.236872460311,0.0163777727070719
"MCF-7.3",0,NA,0.775216829334194,100,0.00385912207129355
"SNU-C5.2",0.339770990486023,1.88619031646187,0.206263061217444,21.4604787476253,0.124434597347687
"SNU-C5.3",0.319936809154959,2.28221194439084,0.181718344810129,0,2.28221194439084
"G-401.1",0.204931966943678,40.1758651141116,0.195936172873534,0,40.1758651141116
"HT-1080.1",0.256895336839467,38.4314856500268,0.504039910818593,48.6050617499312,0.0316792283489297
"HT-1080.2",0.231017009868303,NA,0.969063861642977,60.9641134697737,0.0159652247766533
"SAT [Human HNSCC].1",0.318315194997904,10.8662101493851,0.228147339567398,37.1666903675315,0.0280067531519779
"SAT [Human HNSCC].2",0.270241619013767,124848.441627175,0.0656637324453141,0,124848.441627175
"HT-55.2",0.476038539848251,0.0202433502252796,0.969633039605151,31.1791684619938,0.00739029867589632
"COLO 205.3",0.632546413346297,0.0061191166600497,1.78353128863213,17.6842689088808,0.00479079332679818
"COLO 205.4",0.668219642173718,0.00236938102185826,1.93767714547388,26.2317870995463,0.00161418816149119
"42-MG-BA.1",0.122714818004862,NA,1.09278433250258,76.5065857317235,0.0269118250028349
"42-MG-BA.2",0.0680133265586205,1.14727005289069,1.29436571439846,0,1.14727005289069
"Caov-4.1",0.427676153546211,0.0571135505862679,0.577023147603271,14.6785986047935,0.0312729556159495
"MDA-MB-175-VII.1",0.338258057516597,0.0904306533006767,1.06756370387642,40.2632009819403,0.0195313031194578
"MDA-MB-175-VII.2",0.376607386622838,0.225142468333508,0.394283640270773,32.0349905846687,0.0167875952641226
"NCC-IT",0.0643074586216177,NA,0.0245864279653608,87.0073715376818,0.0719303044699635
"NCC-IT.1",0.181942586191202,48660.3662122345,0.106522529410512,0,48660.3662122345
"NCI-H1869",0.260856760084976,NA,0.856623499904133,63.0096110723301,0.00623798243532109
"NCI-H1869.1",0.304782537482241,6.21424531035655,0.31660825479524,41.3987575868797,0.0239342853151999
"NCI-H2029.1",0.013735718382717,NA,0,97.2528563234566,0.00285151312859569
"NCI-H69",0,NA,0.746420847885409,100,0.355859566800888
"NCI-H69.1",0.0941806049746971,1549759.79981797,0.130854127390697,2.7915599942275,999059.483829077
"NCI-H847",0,NA,1.17651672904692,100,42.5250007077449
"NCI-H847.1",0.00883266060688009,NA,0,98.233467878624,0.0417986417348954
"OVKATE",0.255342879591062,NA,0.288810206260006,67.5603612191555,0.000247451743429022
"MDA-MB-175-VII.3",0.378766269352166,0.0481324266093869,1.19797046074279,41.5987848860047,0.0108597767152975
"MDA-MB-175-VII.4",0.283011663429936,0.610660932886125,0.348408280904125,0,0.610660932886125
"NCI-H69.2",0.00170394309933091,2.13426208451307,4,0.017184379061478,2.13407868103044
"NCI-H69.3",0,NA,0,100,0.0331815219767065
"NCI-H847.2",0,NA,0,100,3.23947557084498
"NCI-H847.3",0,NA,0.405828984931347,100,0.00175457594710049
"SNU-C1.3",0.641663121481007,0.00452633833361554,0.962193453214273,20.8240261756437,0.00258589095246486
"LS1034.3",0.478909971805045,0.0373086537185981,0.676963123206012,0,0.0373086537185981
"BPH-1.1",0.505673563022331,0.0124336660628621,1.13265977913386,32.7185469764906,0.00486685607495495
"CHP-212.1",0.80459847344097,0.00120796164850896,0.755714103593631,7.54250252741678,0.000972930043434262
"CHP-212.2",0.803504070221273,0.000207166651971668,0.654405042988476,15.6004332267434,0.000116984810314505
"COR-L23.1",0.192719289465721,NA,1.72658362217171,68.7583300633572,0.0140307940082971
"COR-L23.2",0.233350983139771,9131.29978886101,0.0953709056928727,0,9131.29978886101
"ES4.1",0.101482703750583,NA,0.255696678746463,87.8270593102871,4.14672285396838e-05
"ES4.2",0.0667693400907037,NA,0,86.6461319818593,0.00867995748282658
"HCC1954.3",0.17455925170175,NA,0.651299199845291,55.5133016824832,0.0800376463479476
"HCC1954.4",0.189645608609162,NA,1.34662920772283,74.3859378958955,0.00561188035323606
"HOP-92.1",0.267764949650262,0.779238440608865,0.591932929820015,40.0237226329705,0.0511801368079754
"HOP-92.2",0.269106627715688,8.50986786718754,0.475373688992417,46.5617555753615,0.0304928445737039
"KMS-12-BM.2",0.130068877904067,NA,0,73.9862244191866,0.0543874474312476
"KMS-12-BM.3",0,NA,0.63995730579835,100,15.251299808731
"LC-1/sq.1",0.108483368205491,NA,0,78.3033263589017,0.00320852548841183
"LC-1/sq.2",0.107383765827529,NA,4,88.2988763219051,0.00171887971163784
"LS411N.3",0.572613522820883,0.00395237721868971,2.13108566831232,34.043462284928,0.00231258903392938
"LS411N.4",0.65555985714849,0.00143226247031615,1.57853269530011,31.2451192046437,0.000769561182776207
"NB(TU)1.1",0.763627011112615,7.61715542467404e-06,0.143322089397748,0,7.61715542467404e-06
"NB(TU)1.2",0.787607777469246,0.00225729769205151,0.832021091201353,4.12536916551475,0.00203535961211404
"NCI-H1341.1",0.22619160219604,237667389795555,0.0443944360919255,28.7615138610353,1e+06
"NCI-H1341.2",0.140708346633139,NA,0.898631039949776,84.7393177517504,0.000592528333130963
"NCI-H747.2",0.397247890522461,0.056728070157048,0.902711474035386,41.5731321269314,0.00789136990401132
"NCI-H747.3",0.494410275942896,0.0157261919268224,0.717377006486078,38.9472115378939,0.00191814163342712
"P12-Ichikawa.3",0.227543221376771,NA,0.387195380599658,63.1082947397263,0.00777234180935654
"P12-Ichikawa.4",0.183045318711423,NA,4,78.1778644801672,0.00303741398654617
"WSU-DLCL2",0,NA,0,100,1.38326227196147
"WSU-DLCL2.1",0.160464695906298,NA,4,73.3389191906967,0.0156505590619474
"Hs 633.T",0.318736868202631,NA,0.69968007476741,51.1809133214105,0.00871219090355514
"Hs 633.T.1",0.390820161010482,0.0711231480391185,0.88204397239303,43.3980781492177,0.00716345143112616
"ES1",0.0497835411629707,NA,4,91.3325239117867,0.0189240937413215
"ES1.1",0.131347992484755,NA,4,86.5673645901948,0.000959340123958315
"MOG-G-CCM",0.0694155105762255,NA,0.725127181386331,70.2391605010596,0.323851129195415
"MOG-G-CCM.1",0.14133519646922,NA,0.559393303247583,67.7925029952758,0.0558097234153713
"MOG-G-UVW",0.161185547810978,28.7900027849017,0.254666806005142,0,28.7900027849017
"MOG-G-UVW.1",0.211696562488466,NA,0.513977385866623,50.226548973696,0.065675243427312
"OC 314",0.124082974914934,NA,4,82.5186041789053,0.00742550774580303
"OC 314.1",0.187613824260378,NA,0.666050551755647,66.6920177907623,0.0185018182131905
"ES1.2",0.0831846299241295,NA,4,88.6244280145568,0.00640224866389515
"ES1.3",0,NA,0.840439978341047,100,0.0827083862892623
"Hs 633.T.2",0.275859298184318,NA,0.747783769232209,53.390696724564,0.0150430826485782
"Hs 633.T.3",0.360163677578978,0.109875950277848,0.776903176775339,39.4216954817485,0.0148813612926023
"MOG-G-CCM.2",0.27133416799379,785.70400658255,0.0984824066751679,0,785.70400658255
"MOG-G-CCM.3",0.104473495397904,143925.100205101,0.142203426207633,0,143925.100205101
"MOG-G-UVW.2",0.208647461681372,NA,1.00947185144362,71.5934612139481,0.00531773806342972
"MOG-G-UVW.3",0.23255816320747,0.646639750567996,0.530529860341755,18.034764659668,0.278252874896952
"NCI-H2452",0.0964690759500992,49723492942.1327,0.103423592468352,33.6606517813376,1e+06
"OC 314.2",0.0951913409249377,16.850768899764,0.397219733557907,0,16.850768899764
"OC 314.3",0.179270236490917,NA,0.849060707973026,73.881209860598,0.00727369636566235
"WSU-DLCL2.2",0,NA,0.709478917121823,100,0.569328963439113
"WSU-DLCL2.3",0.158392889271606,20.6145305765267,0.273070781384962,0,20.6145305765267
"BPH-1.2",0.418464880249518,0.0523202153626504,0.712756997262033,23.751883550696,0.0211840281151358
"A-172.1",0.170111729198484,NA,4,78.9952232038472,0.00371535995837508
"A-172.2",0.17694012077713,NA,0.656117766423091,68.6457335393478,0.0182645767978619
"CADO-ES1.1",0.0147712478395622,NA,4,96.0451318769997,0.0757884525715849
"CADO-ES1.2",0,NA,0.65620943539967,100,0.00266504123036189
"CAL-78.1",0,NA,1.70652482652305,100,215.504736121225
"COLO 678.2",0.474818340702251,0.0125231569944348,1.46585819416632,48.5366858145348,0.00112584509030071
"COLO 678.3",0.419964577539323,NA,0.749769585873334,55.0705275652601,0.000300136667795649
"Daoy.1",0.0537778268980171,NA,4,93.9710531215918,0.00208250938144042
"Daoy.2",0.0028064645341477,1.87664697900264,4,0,1.87664697900264
"Daudi.1",0,NA,0.998569731281261,100,0.0339111052201819
"Daudi.2",0.0655187280280525,NA,1.2133448643231,81.5294794531673,0.089765162892653
"DG-75.2",0.127454224643983,NA,0,74.5091550712034,4.56508128374105e-05
"DG-75.3",0.0985092195219854,1.21327146039501,0.894545460477566,0,1.21327146039501
"EBC-1.1",0.541183380196994,0.0234610136846612,1.48871198991404,0.44370694741361,0.0233209592268956
"EBC-1.2",0.503424473115722,0.0168636245175345,3.24565565161959,17.5096880678875,0.0147662037857189
"EJM.2",0.0600534044667459,NA,0,87.9893191066508,0.00191889490327513
"EM-2.1",0.464262376799872,0.0183091355606195,1.10493829608301,37.0901605723175,0.00537609497969632
"EM-2.2",0.336192529345937,NA,1.77213114787178,57.401055688649,0.0041046721453544
"Evsa-T.2",0.15102627761191,NA,0,69.7947444776179,3.95424178730167e-06
"Evsa-T.3",0.0172423159801551,NA,0,96.551536803969,21.2441111224687
"G-402.1",0.171304977675561,7.99921675832198,0.306539890080958,0,7.99921675832198
"G-402.2",0.209274659997329,1.32210500710292,0.500490981494406,25.9500246684335,0.306322461969341
"HGC-27.1",0,NA,1.32626407418147,100,3.30128635277818
"HGC-27.2",0.0648580234652238,NA,0,87.0283953069552,0.00274093185296891
"IMR-5.1",0.0133088307452811,NA,0,97.3382338509438,1.13108804606223
"IMR-5.2",0.0355799123312967,NA,4,82.3973563434901,0.247782168270243
"JHH-1.1",0.283327543263032,NA,0.444012541445964,50.2652381045515,0.0149388897779118
"JHH-1.2",0.263300895877793,NA,0.531086495045457,63.8970651350236,0.00310584585000189
"JHH-6.1",0.13269900144327,NA,4,81.6449075167225,0.00678031525931491
"JHH-6.2",0.11647982981603,NA,4,82.1147357315279,0.0111264748925044
"KE-37.1",0.212595178103649,NA,1.71137902338826,78.7404689958251,1e-06
"KE-37.2",0.138098127376778,0.454158306003625,1.55802797997338,0,0.454158306003625
"KMRC-20.1",0.133348763178813,NA,0,73.3302473642374,6.5421872683448e-06
"KMRC-20.2",0.146885282553952,NA,0.28125,79.375,0.001
"KYSE-140.1",0.112647601209257,NA,4,67.2443023534588,0.0929779285412891
"KYSE-140.2",0.0853321065347484,NA,4,85.1819375488888,0.0187298564773599
"BT-549.3",0.045717289863623,11.2678329117377,0.622226379417436,0,11.2678329117377
"HCC2998.4",0.70004837237464,0.00600091888831433,1.1948102684257,4.94395201254045,0.00550013476486331
"NCI-H716.2",0.409695234141453,0.0667418530537848,0.687013779273329,0,0.0667418530537848
"RCM-1 [Human rectum adenocarcinoma].3",0.535911584807375,0.0224436500007593,0.565381084488653,0,0.0224436500007593
"SNU-C5.4",0.391103389568322,0.111541351503225,0.401331130370033,0,0.111541351503225
"T.T",0.284673906809571,NA,1.23548722851423,61.4337690220439,0.00557947989614173
"T.T.1",0.251923831685499,NA,0.57731000403631,63.4323271726722,0.00532560027746236
"T.T.2",0.369986652614399,0.0668786277830467,1.07086122599381,20.070057459948,0.0414162370796501
"T.T.3",0.358274121025104,0.0701176194121716,1.24257831492856,18.8969779057907,0.047852883368937
"PC-3 [Human lung carcinoma]",0.118679242099117,NA,4,78.9616893964861,0.0203141217087865
"PC-3 [Human lung carcinoma].1",0.141794650368008,NA,3.04524449272325,73.017518837179,0.0265214254321854
"RMG-I",0.341446691116924,NA,1.46666291607199,65.8486170557597,1.44236039997691e-05
"RMG-I.1",0.313242382447223,NA,1.40952854170109,68.67557184047,1e-06
"RMG-I.2",0.214404922521941,25.8957342369737,0.200317027925767,0,25.8957342369737
"ES6",0.0591710171138431,NA,4,72.7656871952449,0.223110054278514
"ES6.1",0.112933966299689,NA,4,65.338326878896,0.10534985802211
"HCT 15.34",0.262250168871012,8.7004322418742,0.189779818196135,0,8.7004322418742
"HT-29.39",0.704013414409437,0.00163689576153938,1.06225110440527,22.5895784013158,0.000929534044335558
"SK-CO-1.5",0.873096729369539,0.000674364060811805,1.0186710939579,6.50144715953506,0.000588176989626078
"SW620.40",0.51589454572059,0.0112016889952688,0.613029905542524,38.043384350435,0.00108565611175234
"Caov-4.2",0.547455833492298,0.0119649463301437,0.783177137634933,23.8255071560604,0.0052359884929738
"NCI-H2452.1",0.170474696742542,NA,1.11416974207234,73.2101896816565,0.0117369169520004
"NCI-H2452.2",0.241173409674823,NA,0.247427700002427,52.0987001052241,0.0297997751148889
"NCI-H2452.3",0.170165149657765,NA,0.37969424118595,74.2835833262035,0.0042653525144163
"OVKATE.1",0.0798401865866498,NA,1.91279313570577,84.5237617156134,0.0283348870583869
"OVKATE.2",0.162154479166053,NA,0.241629152619588,71.1121377459082,0.0107574697442885
"23132/87.1",0.2761403236305,0.666450204169519,0.48115581247019,31.2755893812872,0.0865429941008033
"23132/87.2",0.455844544161322,0.0752047912718075,0.239316383247872,17.1473783020124,0.0130039310710928
"8-MG-BA.1",0.0706002931021465,4.14513381123423,0.664973211989543,0,4.14513381123423
"8-MG-BA.2",0.0269981508667368,0.974598696703367,4,0,0.974598696703367
"A-498.1",0.129424429607633,NA,0.765227725585694,75.6497897669991,0.024604574366561
"A-498.2",0.0947535813880071,NA,2.25200204509663,90.5246415902243,1.51258259014172e-06
"AGS.1",0.629164499864718,0.0094424972173112,0.564235157734694,0,0.0094424972173112
"AGS.2",0.773501530022923,0.00171722742665754,0.604632888540476,4.36711021736597,0.00147632276724594
"AU565.5",0.0504030299074963,NA,0,89.9193940185007,0.126715899434575
"AU565.6",0,NA,0,100,2.78651920316891
"CAL-120.2",0.240884597897864,NA,3.06065325388703,74.0995186257085,0.00149074211845463
"CAL-120.3",0.223961750807926,NA,0.505943235471213,70.5881770951876,0.00194377333561585
"DEL.1",0.147970571778665,NA,1.4124060657947,72.6111284466106,0.023847759634326
"DEL.2",0.241032352538211,0.20925442672499,1.26849452520107,0,0.20925442672499
"Detroit 562.1",0.235682990484979,NA,4,63.8907985769871,0.0110168297682016
"Detroit 562.2",0.203038719204824,7.18173521543928,0.267311608475567,0,7.18173521543928
"DiFi.3",0.437858477276008,0.0273848863762071,1.0855132853468,33.6996156516634,0.00975180810886638
"DiFi.4",0.405333110081636,0.0272575812661127,1.46123513850191,43.1912880244617,0.00696470920765174
"EFM-192A.2",0.076871862902187,NA,0,84.6256274195626,0.00288536268087356
"EFM-192A.3",0.0507752487937691,NA,0,89.8449502412462,0.443482858890383
"G-401.2",0.235003147811087,2.62707259731775,0.286194465964136,0,2.62707259731775
"G-401.3",0.36413428587384,NA,1.8095331184922,56.3442994583946,0.00292167046728962
"GP5d.3",0.266845868829247,NA,1.31880217195621,71.7049523038067,0.000746489411635604
"GP5d.4",0.289711871488483,1.98769512511205,0.226852113258411,0,1.98769512511205
"NCI-H513.1",0.257412715157912,145.838279163387,0.400222771647736,48.2725814599306,0.0325068067524575
"NCI-H513.2",0.220463377603899,NA,0.997831291223559,64.5107930391819,0.0128630351553809
"Jurkat.1",0.0291100341394991,NA,0,94.1779931721002,0.00262106191329584
"Jurkat.2",0,NA,0.889413669020905,100,0.00121720968762261
"LN-18.1",0.0459548369817451,NA,4,88.6718655540441,0.0606854314484725
"LN-18.2",0.0306176873639209,NA,4,94.7678190123216,0.0175627350037489
"NCI-H2052.1",0.0914702301169818,NA,4,85.9453900378739,0.0111604453641716
"NCI-H2052.2",0.0690442335924748,NA,4,89.1070021640254,0.0125492883199471
"HO-1-u-1",0.228655221721748,0.161906117264289,4,49.7475484922908,0.0431583913743587
"PC-3 [Human lung carcinoma].2",0.161517530306989,NA,0.468872199091198,70.7115975493326,0.0185689770457198
"PC-3 [Human lung carcinoma].3",0.15901292442644,6.48647381917394,0.341661685581791,0,6.48647381917394
"PC-3 [Human lung carcinoma].4",0.236740004536828,2870.35831717141,0.145168114797036,31.8672999116092,2.6513763224918
"ES6.2",0.0610962362690505,NA,0,87.7807527461899,0.00178346255262778
"ES6.3",0.0750145084865256,NA,0,84.9970983026949,0.025280987140647
"HO-1-u-1.1",0.129341500704221,NA,0.752620250676733,81.4209910411464,0.00622529710995689
"HCT 15.35",0.364150599595057,0.0896480678936651,0.865312172197272,0,0.0896480678936651
"HT-29.40",0.70913286395432,0.00408809817478246,0.9628167956274,9.74971399872024,0.00326349021927494
"SK-CO-1.6",0.65501638031639,0.0070875496454254,1.02295397471475,9.39500612569195,0.00578274210959037
"SW620.41",0.478171652916844,0.0393034854083138,0.457724983997301,0,0.0393034854083138
"SW948.1",0.308630714069174,0.0818264372938889,2.33540324379908,49.0069792027619,0.0152794099803442
"SW948.2",0.310052139090362,NA,1.21101276273745,51.6830690387437,0.0114377005832694
"SW948.3",0.377166947199615,0.0151206199953783,4,45.9508010709494,0.00806620724766262
"SW948.4",0.327728961948373,0.109533486580249,1.05138836093967,41.4060522348114,0.0205186783736565
"Caov-4.3",0.547223336723963,0.0110692801382074,0.742032993210031,26.1078528557431,0.00409174326755432
"SW1417.3",0.551610859095241,0.01143065376816,0.648383833468222,23.3824227710232,0.00432302804576478
"SW837.3",0.428182543188422,0.0592216395426013,0.522603077791407,18.520709933624,0.0244327530892233
"CAL-29.1",0.207850730762118,NA,3.59679160560502,72.8260269499624,0.0050717360903971
"CESS.1",0.0463471910589719,NA,0,90.7305617882056,23.9870565740407
"CESS.2",0.181696903056883,NA,0.779418072263754,75.6656963925394,0.00403390178552407
"GDM-1.1",0.229810513039418,NA,0.397443605730764,76.5219435414303,1e-06
"GDM-1.2",0.101638020930283,NA,4,84.0047757042374,0.0124124904282892
"NCI-H2373.1",0.177992933663739,NA,0.767844289705432,80.8720992177989,0.0003522612377475
"HPAC.2",0.315627873606727,NA,1.10527217890732,55.9041729397563,0.00640994317966261
"HPAC.3",0.342832689306094,NA,1.22455599932032,58.5961993300479,0.00264327267328428
"HT-3.1",0.178610402546553,NA,0.507954246938466,69.1643235539155,0.0144789876767673
"HT-3.2",0.168092732243995,NA,2.26693296714353,79.8112892218961,0.00307541054799091
"JSC-1.1",0.347344945808309,0.0409331144270233,1.95797052425697,44.6818103146245,0.0130324586760081
"JSC-1.2",0.428915641153773,0.0120576901049709,2.60322478845355,48.5497613099295,0.0030948441319193
"JURL-MK1",0.670058803653969,0.00841685808822818,0.8706666053219,0,0.00841685808822818
"JURL-MK1.1",0.772339091178273,0.00390275587678773,1.37820110076696,2.58422652674446,0.00375533550572596
"KM12.3",NA,NA,NA,NA,NA
"KM12.4",0.450488464335627,0.0158451146326193,1.43751866618031,40.742409362258,0.00490180737422941
"LB996-RCC.1",0.176345835378521,NA,1.10293348406212,73.7838795676453,0.00892422619202215
"LB996-RCC.2",0.0719226191262195,NA,4,90.7634188144826,0.00461236560210997
"LN-229.1",0.174730128653498,NA,0.286588243711366,69.407740963146,0.0107447678748604
"LN-229.2",0.166112730081263,NA,4,82.7744512034785,0.00113883542154254
"MOLT-16.1",0.0879105138438915,NA,0,82.4178972312217,0.000226130597374267
"MOLT-16.2",0.0386048420898613,NA,4,95.750225776561,0.00184506144922151
"NCI-H1623.1",0.207861231599036,NA,0.812889405336916,64.5899556859601,0.0159928406420175
"NCI-H1623.2",0.226915667472426,NA,1.41505660402152,70.9723864905024,0.00413495586071037
"SNU-5.1",0.390253430913926,NA,2.60630756016869,53.4012126118083,0.00301010599483057
"SNU-5.2",0.436454706065343,NA,2.97601142987756,53.0259730950425,0.00149304975877757
"SiSo.1",0.0909864543536017,1268033.91627022,0.133948985188523,1.56539871308865,1e+06
"SiSo.2",0.0159403694916638,NA,0,96.8119261016672,0.0951153539766108
"SUP-M2.1",0.00216882287953829,2.00601324564213,4,0,2.00601324564213
"SUP-M2.2",0,NA,0.856005842437938,100,0.0253982260032162
"SW780.1",0.214101535303319,NA,0.59111314847037,69.251982635486,0.00506192988969032
"SW780.2",0.225158005341161,NA,0.351755329148296,70.3886732014138,0.00083357595965144
"TUR.1",0.136269540942933,259016566806440864,0.0688876993400928,41.8203988350718,1e+06
"TUR.2",0.04169499820022,NA,4,90.5334735379939,0.0477266975490886
"VA-ES-BJ.1",0.129424908807336,NA,4,86.8414875557466,0.000870853085301554
"VA-ES-BJ.2",0.0376401952717249,NA,0,92.471960945655,0.00450675745254996
"WM278.1",0.477082923780649,NA,1.21979930386036,50.5123150123879,0.000427017976284452
"WM278.2",0.443212366814586,121.587818769244,0.0408897984410762,26.6449673340453,1e-06
"WM793.1",0.196495921302743,NA,1.42185668708848,64.3919175182627,0.021990038438799
"WM793.2",0.23214172393837,NA,4,76.4887473066355,0.000804400133910663
"Panc 04.03",0.390340198793033,0.0864599376597363,1.14027353102436,48.1311599349234,0.00484185614272298
"Panc 04.03.1",0.383899108394799,0.0601110842199325,0.947131398538432,39.8931709023377,0.0111132421814754
"Panc 04.03.2",0.35057879803978,0.56438149705425,0.527703179483542,44.4217610714872,0.00884366268736492
"Panc 04.03.3",0.34583253299005,0.298689999359063,0.678908239065038,44.7220419308648,0.0108861917589221
"KMRC-1",0.254373641126712,NA,0.646958975534873,66.2795205475466,0.00307658999357783
"KMRC-1.1",0.149991171495608,138.184560331144,0.214482407801417,0,138.184560331144
"KMRC-1.2",0.0787306460685473,NA,2.15152920332712,78.6037059985421,0.0788912459494722
"KMRC-1.3",0.152311057750688,NA,0.968292214304655,70.5849807918338,0.0277204637954578
"COR-L279",0.0688012991917151,NA,4,89.7318895124569,0.0097722934393797
"COR-L279.1",0.0396942116258193,NA,4,93.0730926700645,0.0190984873633611
"COR-L279.2",0.110389279013322,NA,0,77.9221441973356,4.55283542685954e-05
"COR-L279.3",0.0113631355006783,NA,4,97.2316156111223,0.0587100559731578
"B-CPAP.1",0.26443129936016,NA,1.14491194123746,70.033074768935,0.00145533176493371
"B-CPAP.2",0.232460451159675,NA,4,76.4930156384691,0.000774426223239356
"CAL-29.2",0.200225545195734,58.6558076150961,0.18967398059451,0,58.6558076150961
"C-4-I.1",0.296864512731476,NA,0.397428631563218,55.2042700053032,0.00450924950359721
"C-4-I.2",0.36671744371655,0.288985216710305,0.300961163035102,16.3983104386635,0.0771525291940588
"EGI-1.1",0.146676469710838,16904.6478449221,0.135457657599071,0,16904.6478449221
"GB-1.1",0.102654649511602,NA,0.0367729398112805,81.0876414340298,0.000295766181446884
"GB-1.2",0.0282874353820092,NA,0,94.3425129235982,0.000636783384350156
"HC-1.1",0.171863628294676,NA,1.11786277082436,61.6119404652968,0.0461260060492143
"HC-1.2",0.119343866093347,0.465720925535164,2.42322364671794,0,0.465720925535164
"HCC1806.2",0.172771672979758,NA,4,76.654902230813,0.00602359908067207
"HCC1806.3",0.483008372072267,0.0370779564069301,0.54903049302932,0,0.0370779564069301
"Hs 746.T.1",0.180733756035888,0.217845259531476,3.88010911177506,48.4699366671556,0.0886922635729337
"Hs 746.T.2",0.269948211221909,NA,4,57.7434383002264,0.0121240228801681
"HT-144.1",0.667482699888447,0.00378436636191471,0.954117793258604,18.9439656137023,0.00229732948924586
"HT-144.2",0.736668356747619,0.00136313339047846,0.787134161117841,17.0950627806625,0.000801105300663769
"HuO9.1",0.112769489403032,NA,4,84.7840625032866,0.00598001372387082
"HuO9.2",0.0940709485868034,0.50407266776825,4,24.9490544411247,0.424088678945951
"KCL-22.1",0.252941785587893,NA,1.02960059684794,54.0441369884158,0.021868691162695
"KCL-22.2",0.299995087777769,0.18452672245968,1.33280397238806,47.5876759519631,0.0189786940674527
"KOPN-8.1",0.42866117952217,0.148739982447114,0.494179253727934,44.805836415196,0.00152177871750961
"KYSE-180.2",0.0392264135562493,NA,4,90.1472025204963,0.0639321057837465
"KYSE-180.3",0.1072085585993,NA,0.664455951308445,69.4008290073291,0.115093584534728
"LXF 289.1",0.218347229496325,0.446821001237095,0.638452045950181,0,0.446821001237095
"NCI-H1838.1",0.115003506849724,NA,1.23915370777835,80.1678543921921,0.0179137783011542
"NCI-H1838.2",0.0460716636274998,NA,4,73.6705138861137,0.299200927810887
"SNU-175.3",0.400298165009046,0.0720644511029021,0.814566169338127,43.5067538073305,0.00588033028012959
"SNU-175.4",0.434540633121328,NA,0.834006551378448,50.1543219551494,0.00112217516965956
"NCI-H1155.1",0.00362469823037152,1.75533124333533,4,0,1.75533124333533
"NCI-H1155.2",0.030181829512747,NA,1.63427581085078,93.8630443533633,0.0334867958704498
"NCI-H1944.1",0.2486600253279,NA,0.866524981800891,55.6489919272837,0.0198802643704203
"NCI-H1944.2",0.311278214562743,NA,0.879469256311756,56.6980081709904,0.00563842021141442
"Rh30.1",0.150847009462523,NA,0,69.8305981074953,3.61846235723098e-06
"Rh30.2",0.201644088584257,0.419030085999103,0.771438925369598,0,0.419030085999103
"Raji.1",0.202548281528273,0.236002067999012,4,4.82608327218975,0.230088675557141
"5637.1",0.265050630417999,NA,0.547935539376539,57.4510968803819,0.0098317373849958
"5637.2",0.287390559275127,NA,0.614548907965699,50.4380731111154,0.0156148243420774
"NCI-H747.4",0.673778804037087,0.00258675762295996,0.318876239577412,0,0.00258675762295996
"SW1463.3",0.664038076320206,0.0051191149952603,0.704823625078915,11.1849049098842,0.00357413505049242
"SW948.5",0.602788552541363,0.0121123632448344,0.574380132744987,0,0.0121123632448344
"CCK-81.2",0.722594138707509,0.00190591693146408,0.388793814153639,0,0.00190591693146408
"8505C.1",0.387036438637725,NA,0.794011612616725,53.2294853060511,0.00179741610403588
"8505C.2",0.378582207382692,NA,4,61.3437146443094,0.000936930815440914
"A-253.1",0.0928796225284457,NA,0.61816734773683,87.8518794227895,0.00259287062451329
"A-253.2",0.145324921314534,NA,0.794369581868603,57.6438245796958,0.111163061225289
"BFTC-909.1",NA,NA,NA,NA,NA
"CAL-78.2",0.0842924156181885,166.276906104739,0.294725834997259,0,166.276906104739
"CAL-78.3",0.0242118637296732,NA,0,95.1576272540654,0.133393835171594
"DU4475.2",0.858987576225561,0.00226937694962567,2.091430457952,1.45647753796741,0.00223752508984803
"DU4475.3",0.965638082807405,0.000872938775890129,4,1.86148281197321,0.000864698013611552
"ESO-26.1",0.0586846396563579,NA,4,84.0100615766847,0.0792608786053275
"ESO-26.2",0.0860212854122311,NA,0.795954126946658,66.7631175124409,0.231598773807823
"NCI-H2373.2",0.315220128632285,NA,1.28434089634641,59.1795914436879,0.00432328068191865
"NCI-H2722.1",0.126797416800713,NA,4,83.776345898413,0.00452107738016075
"NCI-H2722.2",0.0763138042033145,562.002762134846,0.266796285132992,0,562.002762134846
"HCC2157.2",0.05009550436162,NA,0,89.980899127676,0.00196960782145957
"HCC2157.3",0.0588112927585008,NA,0,88.2377414482998,0.000731035307828001
"HT-55.3",0.475853862797743,0.0334736217480467,0.483339086058395,23.7938840492932,0.00879478949382075
"HT-55.4",0.472632327037147,0.0126846848129489,1.37567706988878,39.7807110213022,0.00399977979723844
"JJN-3.1",0.0748005298879487,NA,0.263332599483905,89.6046243030936,0.000704506646532789
"JJN-3.2",0.142473684800157,NA,4,82.2813520214476,0.00386751498175126
"KP-1N.1",0.169517117568675,453.788525348283,0.16995682286092,0,453.788525348283
"KP-1N.2",0.0580230226007152,NA,0,88.395395479857,0.184930974991692
"LNCaP clone FGC.1",0.102038216790438,NA,0,79.5923566419124,8.33282295060272e-05
"LNCaP clone FGC.2",0.0164500919644017,NA,4,96.17652710108,0.0512130418640155
"Lu-99A.3",0.3544110166857,NA,0.811497639795744,55.760150035748,0.0024556539168107
"MDA-MB-361.2",0.0969966181748223,NA,0,80.6006763650355,0.000780349123631156
"MDA-MB-361.3",0.085745743555721,NA,0,82.8508512888558,0.00277045489981483
"MES-SA.1",0.186167232886376,NA,1.93003227929378,80.1680564364721,0.00112939351615173
"MES-SA.2",0.113711956585378,NA,0,77.2576086829244,0.00195196147286674
"MHH-PREB-1.1",0,NA,0,100,0.0297117837007503
"MHH-PREB-1.2",0.0490056358125431,NA,4,82.3037877496771,0.147683921874742
"NCI-H1693.1",0.230503734112947,NA,0.487451082288513,65.1087546888399,0.00599709057897652
"NCI-H1693.2",0.207245414957474,NA,0.439278797670371,73.6592684987886,0.00100442275715299
"NCI-H1975.1",0.302017434052165,NA,0.593550792665922,56.9462884711181,0.00482283268559279
"NCI-H1975.2",0.289744987529458,NA,1.20457511218532,68.9537087370161,0.000781560603508573
"NCI-H720.2",0.060227127139221,NA,0,87.9545745721558,0.000523263921883219
"NCI-H720.3",0,NA,0,100,0.0120186455857803
"NEC8.1",0.0246453737011502,1.83584186502131,1.74621409097742,0,1.83584186502131
"NEC8.2",0.185431362941656,0.336518791068249,1.22050827443101,0,0.336518791068249
"OE19.1",0.11176895787248,NA,4,79.3643704037209,0.0237263401059828
"BFTC-909.2",0.214473816325134,NA,0,57.1052367349732,1e-06
"COLO 824.2",0.193295418076385,4.36605136763296,0.313677596991971,0,4.36605136763296
"COLO 824.3",0.0883832809324797,NA,2.49943420369013,88.3945251969567,0.00515967302253614
"EW-1.1",NA,NA,NA,NA,NA
"EW-1.2",0.185054697936743,0.470400010175446,0.813140108915572,0,0.470400010175446
"EW-16.1",0.13309688359773,36606674.3208495,0.098343997369471,14.9083946336664,1e+06
"EW-16.2",0.0787235354758342,1.04156207075935,1.22892592384724,0,1.04156207075935
"KOPN-8.2",0.302796506659056,NA,0.905080607930581,62.3427871608713,0.00265552606253095
"KOPN-8.3",0.433003738037139,0.062329143344872,0.486138188725982,0,0.062329143344872
"KYSE-50.1",0.145850142470339,NA,1.29610556684357,76.319425385244,0.0138943942634773
"KYSE-50.2",0.164278546279344,NA,0.458158299830107,75.5721643905967,0.00486986538254073
"LB771-HNC.1",0.215165433395996,NA,2.58936660869749,76.7572303866859,0.00148388241620296
"LB771-HNC.2",0.104207024280202,NA,4,84.0086933734929,0.0110968069661687
"LXF 289.2",0.201186504211094,3.6076015214613,0.315426865755245,0,3.6076015214613
"LXF 289.3",0.188579301563539,NA,0.35810402708648,50.3580822748686,0.146822180475374
"MOLM-13.1",0.512038652361554,0.0252281925506202,0.68782305640289,8.46682891077272,0.019263771119941
"NCI-H1781.1",0.163363696368036,NA,4,77.7880831425435,0.00621816747646876
"NCI-H1781.2",0.180776008740343,0.897687132447314,0.5625,0,0.897687132447314
"OACP4 C.1",0.304595270130926,0.18770902011347,0.862632326753941,39.4585085722087,0.0308857741718222
"OACP4 C.2",0.409727210295862,0.15539842864355,0.242447257233899,0,0.15539842864355
"OS-RC-2.1",0.158098903010866,NA,4,82.5611388060726,0.00187021064566484
"OS-RC-2.2",0.096056829494409,NA,0,80.7886341011182,3.13748057460542e-05
"OVCAR-4.1",0.191001510456614,NA,0.610149468680427,62.9795055605163,0.0274832984499323
"OVCAR-4.2",0.0636956784153704,NA,4,89.9267308075314,0.0126814548407877
"OVTOKO.1",0.211564259786729,36784.3920276195,0.0949298140364346,0,36784.3920276195
"OVTOKO.2",0.10555280598631,NA,0,78.889438802738,0.000145726130760307
"PC-3.1",0.086056072581057,NA,0,82.7887854837886,0.000206690214723121
"PC-3.2",0,NA,0,100,0.754881453695541
"PWR-1E.1",0.233864494632156,22626.0151777132,0.188799317545273,44.5640250577139,0.177945012319535
"PWR-1E.2",0.170051743730044,0.562486099779862,0.804597862593946,0,0.562486099779862
"Raji.2",0.0130322046808,2.78428943492743,1.73561700922353,0,2.78428943492743
"Raji.3",0.173636425164598,0.291491168841144,2.43591696799745,11.5491333823666,0.261697489312714
"RPMI-8226.1",0.23423439471049,NA,0.491987644670689,59.9584236485759,0.0134358307993059
"RPMI-8226.2",0.238594996537303,4.79094832378194,0.490171996944225,43.803463508047,0.0676730542308485
"HT-1197.1",0.107720790221007,2639.88822994035,0.191562730442812,0,2639.88822994035
"HT-1197.2",0.0828542591837358,222.588735733175,0.28633011127875,0,222.588735733175
"HCC1187.2",0.168522473159919,NA,0.1415351307315,77.7358956405797,8.95785608763138e-06
"HCC1187.3",0.021164091489063,NA,4,95.8526349360088,0.0294584819770516
"TOV-112D.1",0.254247487373625,1.924594663754,0.280257132266106,0,1.924594663754
"TCCSUP.1",0.00386012216122637,1.72650401086443,4,0,1.72650401086443
"TCCSUP.2",0.145721517383008,NA,1.59751724405135,85.4277965015596,1.74469817776616e-06
"NUGC-4.1",0.344721777960668,NA,0.690635866801366,59.7653384196148,0.000996162922299234
"NUGC-4.2",0.439936561082259,0.0948027682293402,1.0505208661728,49.3268394732195,0.00157015036640727
"SNU-1.1",0.108603029161982,1.1401595528408,0.848502656958944,0,1.1401595528408
"SNU-1.2",0.149790609902758,2787.68281793694,0.155414303513319,0,2787.68281793694
"NCI-H23.1",0.0909095088040279,NA,2.6226836967025,60.922594667798,0.201650976076143
"NCI-H23.2",0.121156361303461,10971764.9598568,0.107689065532703,11.3683194970901,1e+06
"NCI-H1048.1",0.0660468885288413,NA,0.0897902526294938,62.5793490203317,1e+06
"NCI-H1048.2",0.0943461563163784,NA,0.416951555919347,77.1472796525919,0.0846463761436052
"MS751.1",0.0386246213691869,NA,0,92.2750757261626,0.544708219416186
"MS751.2",0.205129501458761,6546056630692.92,0.0531174000252033,28.2772106102615,999684.062692629
"MC/CAR.1",0,NA,0.673685374877709,100,0.283690272599777
"MC/CAR.2",0,NA,0,100,66.7787690420737
"LOU-NH91.2",0.0548945087378247,NA,0,89.0210982524351,0.0523236514121199
"LOU-NH91.3",0.145424797125526,NA,0.293613655703317,61.5226084734024,0.198563051641166
"KYSE-410.1",0.211622470953893,NA,0.483478986643874,77.7411660727411,3.10715655543341e-05
"KYSE-410.2",0.265716745242312,120.675294862039,0.407089269544338,48.3729926210163,0.0267566022711795
"KMOE-2.1",0.824984412661762,0.0026317036363367,1.72550609514232,2.9103939949104,0.00254180885683077
"KMOE-2.2",0.737200518335369,0.00587185228298377,1.57022507351847,0.189537285889213,0.00585766702608705
"KG-1.1",0.146206786684788,NA,4,82.8849013512222,0.00272567049120298
"KG-1.2",0.257957546852528,NA,0.655172692359677,57.8908343368671,0.0119968964926078
"JIMT-1.2",0.11061910671575,3.15409594719805,0.544624448223636,0,3.15409594719805
"JIMT-1.3",0.0707655792527179,528.492925186529,0.278040051246428,0,528.492925186529
"HEC-1.1",0,NA,0.189957887153308,100,0.00619897415163705
"HEC-1.2",0.130536330558655,NA,1.48566846937139,84.3382413090283,0.00276337381008846
"GI-ME-N.1",0.335498719152652,NA,0.557748285617484,55.613280250333,0.00245888720935996
"GI-ME-N.2",0.352343736259111,0.412543168198359,0.315772112523587,23.7447403907842,0.0536455888240501
"EW-18.1",0.0213664214117172,NA,4,86.9680437302787,0.323111441185067
"EW-18.2",0.122305924527555,NA,0,75.538815094489,0.000113985112259639
"DAN-G.1",0.501992422549218,0.030892720728062,0.385941537795282,0,0.030892720728062
"DAN-G.2",0.399739175913485,0.0453346536610584,0.98926108296327,35.8186518187963,0.0126834418524455
"Hep-G2/C3A.1",0.314927744851994,0.314419225036942,0.384204353410582,0,0.314419225036942
"Hep-G2/C3A.2",0.270893001050287,NA,0.529584793930004,58.2766205730801,0.00734880120975576
"647V.1",0.16581291038197,NA,3.02420039112916,81.8814689083648,0.00169040764249467
"647V.2",0.125382148042776,NA,4,82.493536901103,0.00710405698998336
"TOV-112D.2",0.147155170996445,0.907867606048511,0.70832236177796,0,0.907867606048511
"DMS 273.1",0.118886372499217,9958.80396770862,0.161307708129778,0,9958.80396770862
"DMS 273.2",0.11661592634549,NA,0.28125,79.375,0.0115478198468946
"NCI-H1793.1",0.155090638130086,NA,0.415469986996714,78.3854278585849,0.00237440545972424
"NCI-H1793.2",0.0982440933124656,NA,0,80.3511813375069,4.48052038423464
"OCI-M1.3",0.543280605942912,0.0169966437702426,0.91231525971778,13.1971723791848,0.0121473873371497
"OCI-M1.4",0.543380241122239,0.0149170376421419,1.18113529096964,16.596794768632,0.0106014697168416
"OE19.2",0.11086602119866,NA,4,71.8296308810711,0.065982044577496
"OE21.1",0.351405540831916,1.18912077563382,0.512000631054895,46.5080207063933,0.00657074775481027
"OE21.2",0.251637618053677,NA,1.74585779421337,70.359990233833,0.00256654038868549
"P30/OHK.1",0.0103673547095859,NA,0,97.9265290580828,0.00346098759927727
"P30/OHK.2",0,NA,0.406470590528108,100,0.00244140902198014
"P32/ISH.1",0.0235819620897379,NA,0,95.2836075820524,0.567722557033081
"P32/ISH.2",0.0927003823727726,0.587087171865811,2.34309082423523,0,0.587087171865811
"PaTu 8902.1",0.235038176168306,55169.3592542592,0.309813093850807,49.3172909721253,0.0528198157029082
"RCC10RGB.1",0.21850003298477,NA,0.848232431569903,70.955532303633,0.00410109111308038
"RCC10RGB.2",0.226746154267912,2.63957894603516e+27,0.0305455267985248,38.9174948076502,1e+06
"RS4;11.1",0.149167299255575,NA,0,70.166540148885,6.02171453836436e-05
"RS4;11.2",0.0347674698621364,NA,2.23170460882443,53.5963280925438,0.706141095705067
"SiHa.1",0.125498786466878,NA,4,82.2906330338143,0.00748435674666433
"SiHa.2",0.137457144420206,NA,0.379310811487271,84.0202777683871,0.000156095996317477
"SK-N-DZ.1",0.0682232331221383,NA,0,86.3553533755723,0.000100606892707495
"SK-N-DZ.2",0.0640427200122151,NA,4,83.8344939440705,0.0648015841094069
"SU-DHL-8.1",0,NA,0.811174545203584,100,0.00131600267268344
"SU-DHL-8.2",0,NA,0.489409690418774,100,1.08700062856891
"SUIT-2.1",0.236726772360016,NA,1.15813863381407,52.3555463520592,0.032350556772471
"SUIT-2.2",0.251228333102029,NA,1.2635473329137,63.8886075819813,0.00774119555967673
"SW756.1",0.111191740477735,NA,0.915734296168968,85.7335301629683,0.00339184004279909
"SW756.2",0.158469441796916,NA,0.777586643438085,78.2316675422174,0.0047873747221013
"T-47D.3",0.154517629462158,NA,2.66746499805644,81.0202815575503,0.00356811258840933
"T-47D.4",0.114953517180761,NA,1.77689849498676,88.5046439122312,1e-06
"TE-6.1",0.212952199567581,NA,0.781573485188777,67.6772466978348,0.00878683893089951
"TK [Human B-cell lymphoma].1",0,NA,0.97089517280185,100,0.0395415812549002
"TK [Human B-cell lymphoma].2",0,NA,1,100,0.0100035129252774
"TT2609-C02.1",0.290968570847515,NA,1.90858837391832,53.6665704446595,0.0130179515810174
"TT2609-C02.2",0.373598607359226,NA,1.26041613961825,56.4176153084444,0.00204848147792287
"U-118MG.1",0.14888420862996,NA,0.225680180013327,80.7473635783318,0.000108014802891654
"U-118MG.2",0.125742414078942,NA,0.668048196090671,52.6317989152477,0.255568638657609
"UMC-11.1",0.130411907299752,318536535292925504,0.0713988081059864,42.4550191071214,1e+06
"UMC-11.2",0.0431649711629625,NA,0,91.3670057674075,0.023412347562552
"WM35.1",0.667601731354024,0.00325102178007967,1.4464325399567,22.4077663560924,0.00215537767061716
"WM35.2",0.739080153779256,0.00123195988574152,1.61354635245999,22.0514344314154,0.000859093619244569
"G-361.1",0.538705545758871,0.00864098413699058,1.27619200485722,30.9005195417411,0.0040650573773601
"G-361.2",0.578848751695244,0.00460497975227974,1.86646534763185,31.4767344900057,0.00270504632209416
"HCC1143.3",0.14706665184008,NA,0.746122547630483,68.9827032566087,0.0389480839686231
"HCC1143.4",0.18051755981209,20.4336926273336,0.390669041167062,39.4121144956276,0.3843172249876
"HuP-T4.1",0.257878340801175,NA,0.848593761048867,68.2147812202254,0.00231751979505863
"HuP-T4.2",0.119870339679088,0.619063641863547,1.25355203290161,0,0.619063641863547
"MOLP-8.1",0.158949264367218,NA,1.67197427853996,75.6503215764192,0.0108943434792108
"MOLP-8.2",0.369021485143863,0.110758660169443,0.543916225330037,0,0.110758660169443
"NCI-H1092.1",0.0119453174918513,2.1541629449952,2.14173618555368,0,2.1541629449952
"NCI-H1092.2",0,NA,1.01695050589117,100,0.040032129989169
"NCI-H2141.1",0.0388338035507074,NA,2.84562512860286,96.1166195173941,6.6822892548334e-06
"NCI-H2141.2",0,NA,0,100,27.5705701419455
"NCI-H596.1",0.132128403481532,1553.05943421141,0.178532965300578,0,1553.05943421141
"NCI-H596.2",0.126531294050496,NA,0.964691581187181,87.344452500833,1.00002896017277e-06
"NH-12.1",0.242375832228276,15.9183726473684,0.409999767706579,44.8194309528708,0.0631614500919835
"NH-12.2",0.30313289109595,0.501241341142097,0.567285960512068,39.7296410578464,0.0307850498185574
"NOS-1 [Human osteosarcoma].1",0.20817088178557,NA,0.452295572374922,60.3083394038174,0.0244163279107303
"NOS-1 [Human osteosarcoma].2",0.16736831760606,1265817.84354716,0.092802325838015,1.08188455434966,1e+06
"Rh1.1",0.0972113274056417,NA,0,80.5577345188717,0.00184709356420175
"Rh1.2",0.125562470821638,0.466412813093586,1.9403514092625,6.63165343687557,0.433433072040185
"SK-MES-1.1",0.176352480540167,NA,1.43046581133025,54.141879503995,0.0712165777805136
"SK-MES-1.2",0.245583222630452,0.515339650018351,0.649060042089937,32.2097439623876,0.10486990927278
"SU-DHL-10.1",0.0615361274909435,NA,0,87.6927745018113,0.024780738053678
"SU-DHL-10.2",0.0833408724270061,0.577621111517304,4,40.310161335727,0.383247820166473
"TC-71.1",0.0785786385658476,NA,0,84.2842722868305,0.000834494824460518
"TC-71.2",0.0486968774239988,3.26351525411863,0.888826615446733,0,3.26351525411863
"GA-10.1",0.0115091883154338,NA,4,91.5143856665554,0.39420903433428
"GA-10.2",0.0907480955366827,0.545173167398503,4,42.9002723453205,0.334658911125707
"KU-19-19.1",0.609330421960514,0.0141844864136386,1.04596345547106,0,0.0141844864136386
"KU-19-19.2",0.692921758114768,0.00658552873522363,0.889372237767595,1.90178322515408,0.00630456008650152
"MHH-CALL-2.1",0,NA,1,100,0.316255534471853
"MHH-CALL-2.2",0.00168599061600521,2.13996489929261,4,0,2.13996489929261
"MOLT-13.1",0.285304915572893,2.4059830238582,0.979928136835932,49.5545770629222,0.0194581231609534
"MOLT-13.2",0.385018018304111,0.241553165512554,0.606432674128651,45.3735584874085,0.00476887978162448
"KM-H2.1",0,NA,1.06575716677371,100,0.827921460936271
"KM-H2.2",0.0383586875909669,3.3034355068903,0.998511378263028,0,3.3034355068903
"AM-38.1",0.39514707676095,0.254499446783427,0.213170805774481,0,0.254499446783427
"AM-38.2",0.40339897600877,0.137872710461882,0.30275000771611,8.71030094135407,0.0732657483615884
"HL-60.1",0.45948913274705,0.0155070077999379,1.33042319602226,39.7715718324723,0.00470464204260872
"HL-60.2",0.44076346801565,0.0391875597710202,0.707562494122126,38.3403823028735,0.00500653351491276
"639V.1",0.143006449919918,NA,2.3636582083707,85.6993549370583,1e-06
"A2058.1",0.338290882354283,NA,3.77945778623773,58.439504136808,0.00360887884090616
"A2058.2",0.351664115307855,NA,2.30988431160699,58.995528757488,0.00255186030525436
"AN3-CA.1",0.130174942800144,NA,0.520765312882383,80.987110313088,0.00497459456286894
"AN3-CA.2",0.124985085523395,NA,0,75.0029828953211,0.000473404277983841
"CAL-33.1",0.183008604839696,NA,1.69227748500885,80.1524311611261,0.00126469346838545
"CAL-33.2",0.194611241734275,4836.28059781731,0.120449448558307,0,4836.28059781731
"Calu-6.1",0.503644060542961,0.0180787403768344,1.55406183227657,19.4618890362276,0.0131638295565984
"Calu-6.2",0.551606073187451,0.0126501224500924,1.23604271215567,19.0147797267407,0.00858944472424346
"CFPAC-1.1",0.24709482652262,NA,1.82085950408425,60.8216844222489,0.0127599201645749
"CFPAC-1.2",0.184180526087231,NA,1.41510892541744,72.3482439483853,0.00978203821320505
"COLO 829.1",0.539409105583811,0.0104654350477629,0.740685542353768,30.0264771630213,0.00303194621349104
"COLO 829.2",0.471833556000412,0.0200516322670914,0.882184356155128,45.4066921198483,0.00133916718145651
"EMC-BAC-2.1",0.28119357522328,0.54227104721163,0.752920001490212,44.2762752418275,0.0304809711251913
"EMC-BAC-2.2",0.262087777455161,NA,0.891955398739234,62.2885458213898,0.00693907451510713
"EPLC-272H.1",0.306263606113099,NA,4,57.6402113759677,0.00677793431600422
"EPLC-272H.2",0.268475995056762,NA,0.984529549898044,56.975913643861,0.0125566754826308
"NCI-H2369.1",0.0841179761001831,NA,0,83.1764047799634,0.00712319320017207
"NCI-H2369.2",0.0801978014240792,NA,0,83.9604397151842,0.00158716369441327
"HCC15.1",0.231333074519227,NA,0.463500621408081,70.8834748786118,0.0010224043123881
"HCC15.2",0.173534613747564,NA,0.379233020940379,72.5469554471159,0.00625520860001259
"JVM-2.3",0.172038082084743,NA,4,80.7833093175812,0.00203358347474722
"JVM-2.4",0.282331990533138,NA,0.315764233639805,56.817892260516,0.0034951245929873
"KYSE-520.3",0.268145762374339,NA,1.38315032753918,70.3847970768561,0.00132086136378972
"KYSE-520.4",0.233297386090517,NA,0.674515041179014,68.8194254304336,0.00344500453716381
"L-428.1",0.0563201251020998,NA,0,88.73597497958,0.000717696137844358
"L-428.2",0,NA,1,100,0.100017563084078
"LCLC-97TM1.1",0.263017878664849,NA,1.57424125322645,56.8314478072002,0.0147466259514455
"LCLC-97TM1.2",0.322549792039472,NA,1.25784721455288,55.9326200761666,0.00588223874006119
"M14.1",0.772142832297119,0.00091496455943455,0.695034173380572,13.4639673418006,0.000582603024529742
"M14.2",0.76366249452392,0.00077620093309921,0.822105299938187,17.505935806209,0.000459523258181372
"Mel JuSo.1",0.276411811644056,NA,1.18522410091199,53.0820455048631,0.0167020710832704
"Mel JuSo.2",0.298044803682993,NA,3.57565932637165,59.9981380665036,0.00581720508243145
"NCI-H1568.2",0.312507133697342,NA,1.07361088548163,63.3503412835726,0.00189488286832015
"NCI-H1568.3",0.339283009518531,NA,0.815315395886906,63.8187719970451,0.000347431968619904
"OACM5.1 C.1",0.154275749681313,NA,0.930868206111365,82.1230975835375,0.00145678825913828
"OACM5.1 C.2",0.0645490525950575,NA,4,88.7647458021767,0.0189044219471854
"OAW42.1",0.124895501544602,NA,0.691388673436333,84.9691477477216,0.00140737826892049
"OAW42.2",0.0837259031323827,NA,0,83.2548193735235,0.00103405052377501
"639V.2",0.19791192247993,NA,0.409686723895523,72.5652859683625,0.00219198939024396
"BHT-101.1",0.620029651245889,0.00471481243357108,1.3342841380603,24.9555272362473,0.00280822116894727
"BV-173.1",0.256095521748429,NA,1.2578117729296,56.761174127168,0.0164121533615429
"BV-173.2",0.312351486600221,NA,1.62935903310922,57.8483072012401,0.00578523921732002
"COR-L311.1",0,NA,0.547706008688143,100,33.2040151885871
"COR-L311.2",0,NA,1.03812347820055,100,0.570966723527966
"EGI-1.2",0.189469170263136,NA,0.59355565173907,68.0050573304511,0.0137688152073124
"EGI-1.3",0.0885420534703363,NA,0,82.2915893059327,0.526161039533355
"EJM.3",0.0706597965977086,NA,0,85.8680406804583,0.452615262516
"EJM.4",0,NA,1.15291077981726,100,0.0877768137069966
"ETK-1.1",0.116850749008152,7.06387812900672,0.421442086396376,0,7.06387812900672
"ETK-1.2",0.0936285094629668,NA,0.0624266248335713,63.2245061935971,1e+06
"GCT.1",0.230733343714582,NA,1.92476050546493,69.082862113733,0.00566789090706441
"GCT.2",0.333667776181402,NA,1.64834192424065,63.9344585851022,0.00119724275196228
"HTC-C3.1",0.442832178362246,NA,1.35321155886822,51.1832103955247,0.00127111473050144
"HTC-C3.2",0.448204424035837,0.0750534349109347,0.848694628800206,48.5441468723757,0.00116333874231143
"JHH-4.1",0.146260849851783,2.23777217065939,0.487883036380132,0,2.23777217065939
"JHH-4.2",0.139849246189861,NA,2.37015203720707,65.7983466904622,0.0593773229827574
"KP-2.1",0.374619292382136,NA,0.61581810394635,52.3107463709156,0.00202669820475702
"KP-2.2",0.253808107037495,NA,4,68.8581170260184,0.00358519644335141
"NCI-H1417.3",0.370891553219751,0.336719329491472,1.03994050915276,49.3045222436936,0.00551937864210337
"NCI-H1417.4",0.33954548822568,NA,0.61711260609889,55.840457717171,0.00246335235391292
"NUGC-3.1",0.259771557295831,NA,1.57978157934284,53.9254669316292,0.0202734414304947
"NUGC-3.2",0.110506863144956,NA,2.81541993366389,85.0791951806088,0.00598830252143783
"OVCAR-3.1",0.00332855444870784,1.794999873123,4,0,1.794999873123
"OVCAR-3.2",0.0683979454172492,NA,0.87732674134787,88.5258596764331,0.0151557219553576
"PaTu 8988t.1",0.23482199003171,NA,1.01403209672468,68.8740099735919,0.00451415428582269
"PaTu 8988t.2",0.208187055949463,NA,4,72.9888516344166,0.00487246469301392
"SK-GT-2.1",0.22405523692209,NA,2.06393854019087,60.9120938779228,0.0190583329721325
"SK-GT-2.2",0.191341624091956,NA,3.84793623529659,69.9311681818264,0.0123339528756885
"BHT-101.2",0.61903963488218,0.00789979357613766,0.863535903874765,14.5991771645687,0.0052961652848872
"CCK-81.3",0.321497290410538,NA,0.7324551111035,52.5823669071113,0.00707361682471146
"HT115.1",0.351272084246502,0.112783917669469,0.912233037314221,43.1743328699199,0.0127120766920527
"LoVo.2",0.526152564130867,0.00502664908027793,1.98227942074995,38.9336005943954,0.00234892533936944
"LoVo.3",0.50968294956078,0.0236578625209613,0.514476557598607,14.4572607713655,0.0121864886589056
"SW48.2",0.453010666996354,0.0155485102477191,1.48949179683594,47.4354753835242,0.00211663673592203
"TE-1.1",0.239854049330578,NA,0.63314833597459,65.16385427952,0.00583846743685749
"SNU-398.1",0.198355497926492,NA,1.83924086615805,80.1644454719525,1e-06
"SNU-398.2",0.287560629661363,NA,0.714077245164977,65.110946800928,0.0016090318564713
"SK-MG-1.1",0.0218071994024107,NA,0,95.6385601195179,0.00170729505561897
"SK-MG-1.2",0.173249850563446,13992129621.2174,0.0704680800647328,24.4837362271254,999985.348621992
"SCC-3.1",0.172247121084384,0.667086151561713,0.701711417622072,0,0.667086151561713
"SCC-3.2",0.092213617259444,NA,1.66787412090429,70.6087458401887,0.116372210312182
"RPMI-7951.1",0.24086962340979,2.72881077622891,0.274638386065883,0,2.72881077622891
"RPMI-7951.2",0.279755153214299,NA,0.737735076875403,56.9458631002856,0.00921565231797447
"RL95-2.1",0.264910873034184,NA,0.813450883176392,69.0118360606402,0.00134290870051974
"RL95-2.2",0.383907749080947,NA,0.697633741720836,56.8865151780394,0.000606125038383327
"RERF-GC-1B.1",0.319719677393926,182.710009549427,0.399751930310981,49.144553168909,0.00695150613451646
"RERF-GC-1B.2",0.307705635485214,0.560157947061475,0.340802739049497,14.2500349288425,0.209318178441697
"PL4.1",0.288389810352566,NA,3.88593560132089,64.0094133961245,0.00394244432045685
"PL4.2",0.257067255270644,NA,0.865332758414248,51.4093334975606,0.0253329266281275
"OSC-20.1",0.126091706576494,60.8277171093658,0.270050040453028,0,60.8277171093658
"OSC-20.2",0.151715729688714,29.3971621649624,0.26587475285567,0,29.3971621649624
"OAW28.1",0.167512865127011,465.47306978151,0.171072342035713,0,465.47306978151
"OAW28.2",0.0754661655873153,NA,0,84.9067668825369,0.000952297901034351
"NCI-H446.2",0.115131713536962,1.80053191649435,0.806466697253623,28.9966549819096,0.614220707200915
"NCI-H446.3",0.219289822199947,NA,0.646475660336917,73.4432398987566,0.00133960026774385
"NCI-H322M.1",0.408762031658877,NA,1.16154360914396,52.3882527873524,0.00190547608961878
"NCI-H322M.2",0.422759778609594,0.107573381694119,0.667900415582628,46.1844173124642,0.00228395343181635
"NCI-H1915.1",0.336586970225844,0.119427155733802,0.901410315278179,40.1134625828576,0.0197782121665697
"NCI-H1915.2",0.298576083152112,0.297533677675463,0.528630526154799,22.4127094381215,0.0966026290194758
"MM1.S.1",0.174094648357825,1.2939329768365,0.53518706148067,11.1037112935408,0.809336502411817
"MM1.S.2",0.220131911341608,NA,0.18482080439869,60.6139668223348,0.00841711446399026
"Karpas-231.1",0.0363487007227595,0.949375160305142,4,31.5608773329736,0.739827425833607
"Karpas-231.2",0.0962745799877948,NA,0,80.745084002441,0.000971094198006378
"FTC-133.1",0.0660491940018493,NA,4,90.3227781456519,0.0089654589338309
"A-204.1",0.096508671546777,2544.13079991936,0.497552516767033,48.9640286719419,1.0513111518979
"A-204.2",0.124047011724853,NA,1.81510978029393,68.7729346211996,0.0645490300114701
"TE-1.2",0.214794590314091,NA,0.600426050812964,69.2393306859669,0.00504252043916326
"A-704.1",0.0664691275457301,NA,3.91422630053242,80.828975718427,0.0911882512615371
"HSC-4.1",0.130293276923777,NA,0.188460310956501,60.1467230317587,1.65961451686766
"HSC-4.2",0.147330390559072,NA,0.175198750249459,82.7636685499819,1.00001030545453e-06
"NCI-H1650.1",0.0976287728650926,NA,1.52645882427831,90.2370983439637,1e-06
"NCI-H1650.2",0.024514650289384,NA,0,95.0970699421232,0.000367184096660119
"NCI-H2228.1",0.259298428138158,0.73311640696028,0.375457705555065,0,0.73311640696028
"NCI-H2228.2",0.264595849489306,1.17474557313304,0.369012532264312,22.1935034501831,0.239545520994933
"OVCA420.1",0.353879129509575,0.446777513701468,0.239825416756431,0,0.446777513701468
"OVCA420.2",0.347072586722821,0.301045395540284,0.396005685049036,27.1887973406709,0.0414937971480332
"RC-K8.1",0,NA,0.872813041049592,100,0.0948787247618051
"RC-K8.2",0.0239204727468178,NA,4,96.9979975607333,0.0040675591434173
"RERF-LC-KJ.1",0.168631826445442,59974.8056860808,0.111493699436918,0,59974.8056860808
"RERF-LC-KJ.2",0.071908311964942,NA,4,90.5179817395523,0.0053081284605523
"RERF-LC-Sq1.1",0.403317747252835,0.211369341805018,0.245713984661541,15.3818898241474,0.0473407431371493
"RERF-LC-Sq1.2",0.40476428524244,0.0386984744345228,1.66446058665568,48.8615255098352,0.00398840749443509
"SBC-5.1",0.13226022353702,NA,1.02110208101778,67.7549924632374,0.0612536262377826
"SBC-5.2",0.225563880122168,NA,1.04800699468513,72.7184376755499,0.00240749824846128
"SCC-15.1",0.267435741317182,NA,0.404964416578257,56.4221004638139,0.00844902659514345
"SCC-15.2",0.16934652011682,NA,4,77.8128098927361,0.00513133149066389
"UPCI-SCC-090.1",0.203653400605815,NA,4,75.895745963275,0.00291092672501142
"UPCI-SCC-090.2",0.187817996084821,NA,4,77.737037688884,0.00293654461408684
"SF268.1",0,NA,1,100,0.0316311078697272
"SF268.2",0.00772155014545852,NA,4,96.8603805118112,0.182961932398598
"SK-ES-1.1",0,NA,0.540956706474197,100,0.537712123876186
"SK-ES-1.2",0.0711147346949857,NA,0,85.7770530610028,3045.6851047916
"SKN-3.1",0.343945849278557,0.959526213027792,0.196184801095466,0,0.959526213027792
"SKN-3.2",0.248359558712869,NA,0.46264485722748,63.971703297999,0.00405004381094212
"SNU-182.1",0.158479702435728,NA,0.644810777806492,68.3806804044176,0.0313040835996472
"SNU-182.2",0.154495415068734,NA,1.46407101775939,84.1445779087984,0.000435100690403059
"SUP-B15.1",0.303264546608125,NA,1.26554160012945,50.8418454171267,0.0137621186931837
"SUP-B15.2",0.312209278191849,NA,2.92523737556956,57.945011441228,0.00591837576588391
"SUP-HD1.1",0.0421597542506433,NA,4,89.7579334451196,0.0582365435688664
"SUP-HD1.2",0.107145239659563,NA,4,85.3781665113525,0.00633538642208648
"TE-4.1",0.17197610009484,NA,0.86530271814719,56.071276324164,0.0729580573187785
"TE-4.2",0.188819084636016,37.4518782616572,0.213886169033223,0,37.4518782616572
"TE-6.2",0.25038628877186,NA,1.2548769676785,73.2077114244313,0.00080718664461617
"TE-6.3",0.196671371522502,NA,4,74.0757177597103,0.00529812943679313
"TOV-21G.1",0.168371216102234,NA,0.610259480875392,75.3498788949905,0.0059581047778195
"Granta-519.1",0.0657595373611263,NA,0,86.8480925277747,0.000828038267396159
"Granta-519.2",0.00529117491763242,NA,0,98.9417650164735,1.44327580190154
"PaTu 8902.2",0.312089259371517,NA,1.53634916649173,60.5453102881884,0.00393232274419108
"PaTu 8902.3",0.231940638237755,NA,0.536347146078055,69.4427662829478,0.00222133943196144
"OE19.3",0.162226702749014,120.193938132014,0.206007258901759,0,120.193938132014
"OE19.4",0,NA,0,100,0.00312551803129405
"OVCAR-8.1",0.0652799896057151,NA,3.05882239033787,87.7847648095909,0.0249386490664608
"OVCAR-8.2",0.0890624999999999,NA,0,82.1875,1e-06
"U-251MG.1",0.202298151974016,NA,0.519924281893859,60.6560601321914,0.0275825720318095
"U-251MG.2",0.114898708356203,NA,0.405921792936451,70.3831679277592,0.115846726106457
"A-704.2",0.0985532801947851,NA,4,66.5134222501394,0.130972114472744
"HCC827.2",0.150616969893989,89.6831146157362,0.226408635251621,0,89.6831146157362
"HCC827.3",0.113015040718051,NA,1.18763050954498,84.8529460472301,0.005175535957656
"Lu-135.1",0.0843441254295892,NA,0,83.1311749140822,0.30173031726462
"Lu-135.2",0.123333946911402,NA,4,74.7062435243409,0.0344582153590724
"MFE-296.1",0.0172411784925523,NA,4,89.8824033100709,0.308886806446269
"MFE-296.2",0.0261562477962782,NA,0,94.7687504407444,0.578659781787263
"MFE-319.1",0.0907179758004258,NA,4,72.8248995103063,0.099679169046623
"MFE-319.2",0.117777613690803,NA,0,76.4444772618393,0.00287448121681741
"MOLM-13.2",0.455388198166899,0.02918496703635,1.57781085059766,17.1738110162267,0.022352930225071
"MOLM-13.3",0.508409344584245,0.015568898010108,1.62336448113084,22.1443533140773,0.0108581975686678
"NCI-H2405.1",0.483984287371441,0.0176261057748113,0.753460820098582,44.3968510981367,0.000965148126648362
"NCI-H2405.2",0.446545265222777,0.080651342021229,0.574127742169719,45.7467794324368,0.00110274668707738
"NCI-H650.1",0.254443024771602,NA,0.190317242013915,62.9919375610077,0.000435918369771054
"NCI-H650.2",0.20991292676176,NA,2.94934138516436,78.7182041230362,0.000680328007308237
"OVISE.1",0.183369521959601,NA,1.29965265657015,77.4560325568071,0.00309716568679797
"OVISE.2",0.181212428497649,NA,3.23457784354496,81.3524279800718,0.000961332057120567
"PF-382.1",0.125501531045343,NA,1.44168299507944,70.4477819786114,0.0536420787699477
"PF-382.2",0.0761135397106062,NA,4,85.4224850238527,0.027147518185216
"TYK-nu.1",0.20508598757048,NA,1.59705884493219,54.9026519314267,0.0433469479183051
"UACC-257.1",0.551967271917816,0.00778298355746183,1.02318055539241,31.1292485664057,0.00300298131103792
"UACC-257.2",0.404933524391136,NA,2.32627244379334,55.7115751472033,0.00159581105237492
"HCC1143.5",0.188514260227255,NA,1.30462801202126,65.3162831120825,0.0229547395834552
"Hs 578T.3",0.203278920192015,NA,0.536991601772731,58.9088322633005,0.0328603254957077
"Rh41.1",0.0329824257102663,NA,4,84.5395296410474,0.229269701446638
"Rh41.2",0.182748466815356,NA,1.79359237619317,78.1379097241667,0.00287385313248309
"DK-MG.1",0.303479242528717,0.282600790111969,0.447876951925504,0,0.282600790111969
"DK-MG.2",0.319785972021554,0.397770024246054,0.351126490852084,10.1622400366885,0.208260881302756
"CaR-1.3",0.32505429359681,0.905771019689057,0.227676411697814,0,0.905771019689057
"HT-55.5",0.70532294136932,0.002236036351128,0.46718049701578,7.85846235916808,0.00155069399803121
"LS123.3",0.549579301208032,0.0181128696240292,0.429617583118197,0,0.0181128696240292
"SW48.3",0.714450200798164,0.00129304185285243,0.313906906038667,0,0.00129304185285243
"T84.2",0.363225453295384,0.352750162280458,0.600475253816969,45.2449599463209,0.00701114145710568
"T84.3",0.348953474888396,0.136387911515945,0.533397143674537,0,0.136387911515945
"COLO 678.4",0.330975570843179,NA,2.08505430856297,63.4259559080922,0.00164074442970522
"COLO 678.5",0.330831057266808,NA,1.37890178953706,64.7448088608985,0.000832185644472129
"HOP-62.1",0.224806841194069,NA,0.384549363579151,66.7459622188855,0.00359886278780409
"HOP-62.2",0.250755340417019,NA,0.743296207980986,69.2889463363354,0.00186625900852178
"U-87MG ATCC.1",0.238952398750185,NA,1.0954561057069,71.0697447752129,0.0025084688015785
"U-87MG ATCC.2",0.270827232681947,22.6878413418911,0.15388854235418,0,22.6878413418911
"TOV-21G.2",0.28148680861173,NA,0.794877375930658,61.9629047533552,0.0043615660534689
"TOV-21G.3",0.264091888455735,NA,0.766936159396729,57.7608119808771,0.0115296972602443
"TGBC24TKB.1",0.18093552440937,NA,1.06396984308196,71.5961974217059,0.0115756256223199
"TGBC24TKB.2",0.256085508522182,NA,0.635047010135308,57.8289973897573,0.0123950303264875
"SW626.1",0.353586248658788,0.891177419663891,0.56162257881084,46.8148372645232,0.00661771314272512
"SW626.2",0.429107352326309,0.0499836986041124,0.910123332123273,46.430247164634,0.00274975345319906
"SW1573.1",0.0191974711159577,NA,4,96.7779095536299,0.016319653781134
"SW1573.2",0.0814143111287115,5026.48678127822,0.208286037256458,0,5026.48678127822
"SU.86.86.1",0.292825097644059,NA,2.33795596067131,59.0341088837946,0.00714319621847184
"SU.86.86.2",0.335825008564692,NA,1.30829230465185,50.8181920104237,0.00856896169952757
"RPMI-8866",0.0947353944917078,NA,0.855630172739117,80.6328806037039,0.0343733302693558
"RPMI-8866.1",0.0858558164370569,NA,0.0486135739511669,82.264680587518,0.117487643754572
"RD.1",0.26305729801847,NA,4,67.9160060102275,0.00346521111942665
"RD.2",0.321477136183526,NA,1.15354754638583,62.3135066653943,0.00200354656639643
"PA-1.1",0.156985793296014,318.309264051183,0.187519510904909,0,318.309264051183
"PA-1.2",0.0886897674792808,NA,4,83.3001649351646,0.0255197380994563
"OCI-AML-5",0.496683735353486,0.00959077715197355,2.19229432681714,33.1839109573641,0.00583426754422002
"OCI-AML-5.1",0.587539932332042,0.0090846260971839,0.882897024821828,19.2741410008218,0.00523351308614248
"NCI-H209.1",0.0153752413235287,NA,4,94.1087236675393,0.164888493840231
"NCI-H209.2",0.0650262818529132,NA,4,86.0062398885494,0.0403705727309402
"NCI-H1876.1",0.0825249885895866,NA,4,86.2620198802862,0.0157766621410624
"NCI-H1876.2",0.0188776992144639,NA,0,96.2244601571072,1.4407012306157
"LN-405.1",0,NA,0.751056428529227,100,0.853610119712423
"LN-405.2",0.0580320438191068,NA,4,91.2820670573351,0.0100728667724942
"Huh-7.1",0.131353513105103,NA,4,72.376492401741,0.0374600542085319
"Huh-7.2",0.192342402065338,NA,1.49393555292145,64.8418443660421,0.0227611519819026
"NCI-H716.3",0.51979632286008,0.0209074663184373,0.809521842591385,13.2761723605282,0.0142805303426998
"SW620.42",0.517334699678198,0.00987655773234806,0.682376721321799,39.0921813599287,0.00106069944106763
"SK-CO-1.7",0.713041357279666,0.00341386746581816,1.00098542543866,12.4760608842081,0.00256275918577638
"HT-29.41",0.7056860511977,0.00124554519575825,0.9156216015551,23.2565574755298,0.000628873998322775
"HCT 15.36",0.152916052346855,8.03008751402967,0.335872436584463,0,8.03008751402967
"PC-14.40",0.247471346138531,6.62388098844883,0.216830330270297,0,6.62388098844883
"PC-14.41",0.237716636646831,2539.30585566458,0.358475220634185,48.9828269019793,0.0485186477490112
"PC-14.42",0.294192763269213,8.89659348683078,0.158819190087344,0,8.89659348683078
"PC-14.43",0.175146719177977,3182615.65998435,0.0868208500587147,4.78132285296499,1e+06
"PC-14.44",0.196367738673675,24.9681933152599,0.219863668448225,0,24.9681933152599
"PC-14.45",0.168484839115983,48.6355600809604,0.258347178357891,19.2837801528465,7.37721404564291
"MHH-ES-1.36",0.0257937097281647,1.49780133995966,2.04073285899629,0,1.49780133995966
"MHH-ES-1.37",0.0167573582971709,1.14157784673364,4,0,1.14157784673364
"MHH-ES-1.38",0.0259754982504814,1.5180437598137,2.00519980423273,0,1.5180437598137
"MHH-ES-1.39",0.137476754413123,NA,0.0323028649967528,76.411944377543,1e-06
"MHH-ES-1.40",0.154785318673891,2228.19974711636,0.155009232906669,0,2228.19974711636
"MHH-ES-1.41",0.103966793649392,NA,0.12363994391807,78.094483986679,0.0728610899621975
"SNU-C2B.40",0.221522458117499,NA,0.941439107511808,74.1920580800585,0.00155853218433496
"SNU-C2B.41",0.177306017236782,NA,0.561055466020446,73.0703813260377,0.0070511031447734
"SNU-C2B.42",0.222271122199827,NA,1.03308540973805,75.5549215728303,0.000915217318494307
"SNU-C2B.43",0.273826966592068,2.27525751307829,0.240056857001278,0,2.27525751307829
"SNU-C2B.44",0.273732611180742,NA,0.819571754880095,57.4942518673012,0.0101485385647693
"SNU-C2B.45",0.318636656713919,NA,0.970393844632682,61.8815598597666,0.00205550386986954
"HT-29.42",0.651082450707581,0.00342660886884197,0.718572028371725,21.1591331665593,0.00159335939520706
"HT-29.43",0.587960286539672,0.0034875792946761,1.38872445669612,34.1465373280076,0.00152514992179068
"HT-29.44",0.610807691500998,0.00247384349357686,0.486111423007239,28.5367604476013,0.000434346288576299
"HT-29.45",0.579057565135646,0.00341982129521459,1.20101002144971,35.8762439092433,0.00119363536306886
"SW620.43",0.400829935538416,1.65284231654151,0.508289858424118,48.5499983850407,0.00156020920371691
"SW620.44",0.439391263403949,0.101716893730257,1.02427189256822,49.3102022957885,0.00155319729883435
"SW620.45",0.43290056665598,NA,3.11443853050997,54.5799319044869,0.00119579551728543
"SW620.46",0.475356190761546,0.0291415363042268,0.532633823731794,38.2654640445231,0.00191708852367579
"SW620.47",0.487276035416154,0.0278528859673499,0.517563799609549,23.5484256302841,0.00813955841056123
"SW620.48",0.461351310641016,0.0439099205850379,0.460488497306377,36.6163239877916,0.0025092654634673
"U2OS.36",0.30032058496937,0.161366657637747,0.827285301435981,27.0532894097025,0.0629429243243667
"U2OS.37",0.266172572470521,0.0981252286170716,2.46304212081206,33.93514047612,0.0618847888671796
"U2OS.38",0.328626912031348,0.181142028079224,0.531382802271296,12.2965969860506,0.106492807534722
"U2OS.39",0.276270176502344,0.0897613767999701,2.84685711646314,30.3042486808804,0.0647096068330036
"U2OS.40",0.3459640643262,0.09163225970437,0.929222914363694,18.688789195638,0.0553726829401292
"A-549.33",0.605436699960691,0.00625726963401283,0.443183410178036,15.5148972396599,0.00270607841202591
"C32 [Human melanoma].33",0.685319643446466,0.00292320002580053,2.2418385607426,21.3420241592841,0.00228052225501022
"C32 [Human melanoma].34",0.690850988135645,0.00306398769107463,1.96530732118397,19.9479610007191,0.00236476251060383
"C32 [Human melanoma].35",0.69059822428758,0.00358337108673572,1.96275153825791,17.6530696529705,0.00287030884980873
"C32 [Human melanoma].36",0.715994680478377,0.00468738358717009,1.02484236678873,6.65723566420476,0.00407738088812813
"C32 [Human melanoma].37",0.742100526248885,0.00349767507293816,1.27538860092576,9.12334396461316,0.00298660041352539
"A-375.36",0.626911686492054,0.00149023824150789,1.37080944405131,34.3042624355799,0.000640002796541436
"A-375.37",0.654588588499178,0.00139152693252275,4,32.4956798026197,0.00107037369502659
"A-375.38",0.629278672293532,0.00177394575692052,1.25599517356976,32.9788665042933,0.000752215273644832
"A-375.39",0.652905338064747,0.00294423043141134,1.32608973399849,25.7147494914052,0.00170791546815191
"A-375.40",0.670312968277399,0.00122802908652451,2.57238612364316,31.0436035761509,0.000842294758326465
"HT-29.46",0.668975038416151,0.00523145425380845,0.833404542434032,11.6383698730053,0.00380668280082085
"HCT 15.37",0.321452338491858,0.121826505475035,0.949866166121378,0,0.121826505475035
"SK-CO-1.8",0.687012226175167,0.00704198247205795,0.838301431414276,0.14480493975535,0.00701766117737652
"SW620.49",0.410452308635382,0.0750751583307624,0.516812104483558,0,0.0750751583307624
"CaR-1.4",0.127234969843857,NA,4,86.8798207101824,0.00104523812469696
"C2BBe1.1",0.249055411048947,NA,0.785001648979286,62.4766790956009,0.0084498168747335
"C2BBe1.2",0.219406295500701,NA,4,76.2890636399864,0.00161971926023897
"CHP-134.1",NA,NA,NA,NA,NA
"CHP-134.2",0,NA,0,100,0.187342572322915
"CL-11.2",0.767311080278054,0.00149131836784068,0.633461518370756,8.23607299310859,0.00112246062917229
"CL-11.3",0.740989178099652,0.00083970904975716,0.476534656278389,12.7200047045998,0.000453507509138244
"HDQ-P1.2",0.319681842965597,NA,0.630227933868937,53.2650870356974,0.00607175680717532
"Karpas-45.1",0.125986696709874,2017.20159269384,0.179361308502006,0,2017.20159269384
"Karpas-45.2",0.0431080969866934,NA,0,91.3783806026613,10.2156189302647
"Lu-99A.4",0.337743766735111,0.781356452984654,0.219571724633436,0,0.781356452984654
"Lu-99A.5",0.382092580213223,NA,0.73096221602716,53.1205494249695,0.00185408852005986
"Lu-99A.6",0.29980776960558,NA,0.822669951983515,58.6639727566344,0.00511121792714996
"NCI-H1573.1",0.352117710181924,0.303312966939828,0.379004125573188,26.9878892244117,0.0391455907029825
"NCI-H1573.2",0.213124485244013,NA,0.563878744616212,72.4219905780869,0.00204503424324672
"NCI-H1688.1",0.102124330286529,NA,0.251544835490511,84.0083248818507,0.00286913328185686
"NCI-H1688.2",0.0688667434153298,NA,4,89.281466730709,0.0118205248156369
"NCI-H196.1",0.14926661841501,NA,0.59809170444929,81.3133516371374,0.00164393844549935
"NCI-H196.2",0.119770139421642,NA,4,84.9568269433222,0.00408567942572861
"NCI-H196.3",0.0201294008422802,NA,0,95.974119831544,0.0476621722613139
"NCI-H2122.1",0.5523995114955,0.0164647091098415,0.755169348372048,11.1838926089182,0.0117746215120183
"NCI-H2122.2",0.436294057758397,0.0418322316685924,0.691245358126504,34.1796214895955,0.00791655079716397
"NCI-H2170.1",0.0113887954785021,NA,0,97.7222409042996,0.151457860549914
"NCI-H2170.2",0,NA,0.981723811920008,100,0.00104052724949774
"NCI-H661.1",0.197409160187901,NA,0.465480416951791,70.6078621515567,0.00501956888265519
"NCI-H661.2",0.104218407747871,NA,0,79.1563184504257,0.04365959244374
"NCI-H716.4",0.403589287566744,0.0242038371589307,1.67007061543404,41.5160179853469,0.00836766273848658
"NCI-H716.5",0.446893535378549,0.0139820015654782,1.82909128146857,39.5173779707936,0.0059514128089172
"PFSK-1.1",0.0921997077499784,NA,0,81.5600584500043,4.64453415616525e-06
"PFSK-1.2",0,NA,0,100,54.5428325618366
"SU-DHL-5.1",0.13665750024812,NA,0.609854037551687,73.9789073651359,0.0253274619566487
"SU-DHL-5.2",0.0358154029961074,NA,4,86.2022101808303,0.166503118444254
"CL-34",0.922852405954223,0.000925014171679806,2.00319997956765,3.49849008688748,0.000892117530527676
"CL-34.1",0.766055528513255,0.00398836084099122,2.68599394869148,4.30380128131278,0.00385692503532598
"U2OS.41",0.29910884692029,0.085683225609957,2.07026387408843,27.1846972358154,0.0586551665977005
"U2OS.42",0.353091030144543,0.113227163084501,0.64956086478303,5.73272905628658,0.0938708198263476
"U2OS.43",0.368061760279743,0.141605202214741,0.45667883243246,16.2483866765854,0.0598890281142361
"U2OS.44",0.326219125327276,0.123835491080806,0.801086355384447,20.0451970185867,0.0653270251377809
"SW620.50",0.45579805390562,0.0387616701241608,0.586042295643631,39.1142469875683,0.00287475523309774
"SW620.51",0.452018634885733,0.0459261299278037,0.52410661352034,37.4110085073401,0.00330523664865998
"HT-29.47",0.541572245097408,0.014393501133746,0.313659984241622,13.1551207786532,0.00543799015165991
"HT-29.48",0.574760109965086,0.00664111444219929,0.606473814734789,27.8048811446084,0.00174045102964847
"HCT 15.38",0.175661393915305,7.73011251867833,0.302024887569357,0,7.73011251867833
"HCT 15.39",0.199143955584064,308.303221211009,0.154611949514422,0,308.303221211009
"HCT 15.40",0.183401370852465,NA,0.382817332589426,59.7044194456613,0.0540814873563327
"HCT 15.41",0.240211978345718,NA,0.257336457876757,72.3612737486641,1.39426928537756e-05
"HCT 15.42",0.165155013283632,NA,1.27504774970461,73.6309004671965,0.0128717341975302
"HCT 15.43",0.216080452283964,NA,0.354343497197145,56.7199972591051,0.0319282482234463
"A-549.34",0.545930849938262,0.0112354983675552,0.8289326656723,25.7983035835568,0.00468204706699319
"A-549.35",0.485221263337955,0.0181639048456078,0.919822706264819,32.3651514888629,0.00585005235131554
"A-375.41",0.719168547711882,0.000712870432553402,1.26430484936948,25.7490930666976,0.000402217862912017
"A-375.42",0.683869661301182,0.0013231499105284,3.24534784845161,29.3975761679051,0.00100684304437629
"A-375.43",0.673286840469042,0.00121911324664963,1.87585258560389,30.2331741239367,0.00074334560366028
"A-375.44",0.608229858858773,0.00202288688148962,1.47910360276493,35.3540272208488,0.000881958155177884
"A-375.45",0.574956040421526,0.00276243692964912,1.91501552335496,37.8337287159037,0.00132058464911973
"A-375.46",0.605173020767098,0.00158203860073846,3.29228532702718,37.3878104493168,0.00104117996339105
"SW620.52",0.458141138439729,0.0923842573368773,0.441885689357977,45.2764141456039,0.00044327838029933
"SW620.53",0.47292998789328,0.0296598382954836,0.674850373427469,45.8316543554749,0.000746941403993985
"SW620.54",0.474862574905479,0.0323441324236545,0.485369394013346,38.963372499116,0.00143870675106384
"PC-14.46",0.257159079880915,4.64484695526955,0.222036133130288,0,4.64484695526955
"PC-14.47",0.283234307191961,NA,0.441103174989473,69.6550806075396,3.89751319392552e-05
"PC-14.48",0.288379280182551,NA,0.481171723940939,61.3591011600226,0.00214910290952051
"PC-14.49",0.238501389079067,NA,0.679018172166203,68.4503811740432,0.00320560908312718
"PC-14.50",0.259970840012674,NA,0.425255038040866,58.3849896028891,0.00778851115665924
"PC-14.51",0.208832236449869,12.1252519670809,0.267989016894746,18.3722955313905,2.1952676308343
"MHH-ES-1.42",0.0821598901621385,NA,0,83.5680219675723,0.000117823811655694
"MHH-ES-1.43",0.0172905233097722,NA,0,96.5418953380456,0.0129757027308881
"C32 [Human melanoma].38",0.72730476070409,0.0034315477718312,1.03715007004957,10.4984658116309,0.00273401150618909
"C32 [Human melanoma].39",0.744694603328506,0.00225284458033392,1.48474841620484,15.7612021101816,0.00174570444912534
"C32 [Human melanoma].40",0.744293617563487,0.00259877642665332,0.993859421601464,11.475040203273,0.00199913226456603
"C32 [Human melanoma].41",0.711747851512023,0.00343834961623598,0.977148734963132,12.6777812370696,0.00254904466893151
"SNU-C2B.46",0.330018567033628,NA,0.400621144648194,60.4658150754642,0.000333017490224216
"SNU-C2B.47",0.302287395017496,NA,1.58548394355006,66.2328704662917,0.00162175569822095
"SNU-C2B.48",0.314892233964707,10.3956826563317,0.136496901064121,0,10.3956826563317
"SNU-C2B.49",0.214655348664493,95.2531537551386,0.165795946806504,0,95.2531537551386
"SNU-C2B.50",0.269897147459501,NA,0.653898377834535,64.5517046600038,0.00289309160118146
"RT-4.1",0.156036823748692,NA,1.67633940015041,61.1749807045999,0.0626072671978551
"NCI-H2347.1",0.324373080436596,1.7605325551008,0.1977919491494,6.41836757657197,0.878984202331991
"NCI-H2347.2",0.20804089011352,NA,1.40380379616565,73.6873230155545,0.00384430704215203
"NCI-H1563.1",0.193795550959191,NA,2.1930026826186,80.6204445671888,1e-06
"NCI-H1563.2",0.0268405342173798,NA,0,94.631893156524,1.25196836868669
"NB1.2",0.202727331944267,NA,0.103840849728672,65.7618077003843,0.000841264224315173
"NB1.3",0.0716549906761441,52.3905759720282,0.376722879368498,0,52.3905759720282
"C2BBe1.3",0.204081089570955,NA,0.767034693765351,69.1388292737631,0.00839848044867441
"TYK-nu.2",0.299818350076719,2.0880554753187,0.22176539569487,7.17140421231044,1.03885756738292
"C2BBe1.4",0.446330058690198,0.0616048634669112,0.357813867203197,13.710372871691,0.0251547993178237
"SW1116.3",0.510422190006983,0.0195295827115297,0.782096615484258,20.5804130439201,0.00991254832706428
"OV56.1",0.0496336476596293,NA,4,91.6734377477843,0.0162881033732355
"RT-4.2",0.293098211546682,NA,0.879937426183405,51.424172579752,0.0143332204507563
"RT-4.3",0.336669628208745,26.6852082448244,0.554815994165986,49.5090821176818,0.00641390723782024
"RT-4.4",0.296864483695693,NA,1.43916685039045,52.3561925540153,0.0133131078804451
"HDQ-P1.3",0.282065123591736,NA,0.915637746785532,60.6346999298046,0.00587923350877411
"HDQ-P1.4",0.29119650028846,NA,1.14240258661962,57.4286139179596,0.00826106827239034
"Panc 08.13.1",0.0246570482266391,NA,0,95.0685903546722,53.1560415035943
"Panc 08.13.2",0.0581847246204366,NA,4,90.0965443247545,0.0172812431109051
"OV56.2",0.0403114346411679,NA,0,91.9377130717664,0.00150475853736007
"Hs 445.1",0.199827191096578,3213.44426273708,0.121872229266581,0,3213.44426273708
"ALL-SIL.1",0.0445324322392323,NA,0,91.0935135521535,0.00262941996185242
"ALL-SIL.2",0.0385698539435539,NA,0,92.2860292112892,1.27295680706325
"ALL-SIL.3",0.0175616370139134,NA,0,96.4876725972173,8.0247528718977
"ALL-SIL.4",0.163670971519879,NA,0,67.2658056960243,0.00131917984011982
"ALL-SIL.5",0.17395989096699,NA,0,65.208021806602,8.20648124153774e-05
"ALL-SIL.6",0.196929731530839,NA,0.258704712528992,72.7824831185118,0.000611959246280101
"MHH-ES-1.44",0.0534222475805868,NA,4,94.6577750996129,2.9306379405619e-05
"MHH-ES-1.45",0,NA,0.477205257889415,100,0.00108390619334832
"MHH-ES-1.46",0.0513896294781545,NA,0,89.7220741043691,0.00300946708467939
"MHH-ES-1.47",0.139921589505774,NA,1.71413338987608,86.0078325431462,1e-06
"MHH-ES-1.48",0.118366346752862,NA,0,76.3267306494277,0.000214713374057859
"A-375.47",0.594119221684775,0.00111244964163595,4,40.0094580805803,0.000743763944103056
"A-375.48",0.567901591308353,0.00143749306800243,4,42.1355587012283,0.000905274374000167
"A-375.49",0.561553085759833,4.19774735988687e-06,0.0284022677124547,1.99627615553804,1e-06
"A-375.50",0.634543552220861,0.00184097423653334,3.0509150541706,32.8318667801688,0.00129682464519427
"A-375.51",0.636883925441944,0.0033611838651721,1.24175369652229,26.6202595819472,0.001822359844137
"A-375.52",0.630471070313349,0.0027940081890769,1.53609714902222,29.7722822137075,0.00155013467486311
"HT-29.49",0.550991376502301,0.00517491619480313,0.923790274375064,37.4222804843517,0.00116168740964169
"HT-29.50",0.532889150944491,0.00570692099700773,1.1055513127152,39.8462485535101,0.00134945723744515
"HT-29.51",0.576373144466736,0.00712528258116992,0.92786218817938,27.1891371050474,0.0030582689737409
"HT-29.52",0.606876481888772,0.00386531256228777,1.15595095531419,29.9306599317728,0.00175481590696757
"C32 [Human melanoma].42",0.632949799278538,0.00570830981689767,1.17109699840136,19.3438409842984,0.00375919191824546
"C32 [Human melanoma].43",0.605869099195632,0.00871591864242715,1.29414519185535,15.8346586355334,0.00649410004784791
"C32 [Human melanoma].44",0.618087775459751,0.00514152286781363,1.38173850838588,23.8876316573838,0.00321300574606371
"C32 [Human melanoma].45",0.572779644318704,0.00718633013027172,1.73203380832678,25.4897437477628,0.00476151302465013
"C32 [Human melanoma].46",0.61870724296083,0.00607979426764696,1.18216442803989,20.9542219048222,0.00384017185745328
"SW620.55",0.432152678327074,0.0887379741210968,0.41535659021994,36.1986202417642,0.00400095450395051
"SW620.56",0.387253584899612,NA,1.16284177333954,57.9302206951467,0.000908816440920626
"SW620.57",0.436446801092757,0.07341501600137,0.411527802035931,32.0466424943141,0.00609361992319329
"SW620.58",0.351021093792482,NA,0.801857392448841,58.3133551997706,0.00153820740103737
"SW620.59",0.404600540314469,NA,0.50309537687871,50.121083937101,0.000973491353474122
"SW620.60",0.37797651340299,NA,0.718151478264485,54.2901776556377,0.00157119961609069
"SNU-C2B.51",0.175563407596306,506.241841847422,0.163299494042603,0,506.241841847422
"SNU-C2B.52",0.182774760499065,NA,0.735643862667442,78.1088484229771,0.00147839478612223
"U2OS.45",0.168932024323228,NA,2.78232451028117,55.5114432488595,0.0726157906359254
"U2OS.46",0.225779085500507,0.932901785550348,0.748907237914137,42.3395078515169,0.0762020118504764
"U2OS.47",0.174430614644948,NA,1.45870261351192,51.5457815159238,0.0846571320140114
"U2OS.48",0.315371411623083,0.21867095593864,0.509198626111492,9.47934707481039,0.144711279690934
"U2OS.49",0.30930641958744,0.192088477489833,0.60838853942604,14.0395303706914,0.111741987880118
"SNU-1040",0.321963475082766,0.173746294361018,0.553478893900936,0,0.173746294361018
"SNU-1040.1",0.209833900737102,NA,0.314727534102872,64.1213422466027,0.00947244244083118
"SW1116.4",0.454968665899313,0.0299739844783131,0.750797413963428,32.9212641443261,0.00716780322580647
"CL-11.4",0.664704328227562,0.00342931420455158,0.969856881987144,20.650682631113,0.00197990450978422
"CL-11.5",0.646841710457142,0.00417496724769192,0.808642281661742,20.0267733199036,0.00221730967763815
"HCC1500.2",0.0827998504089421,NA,0,83.4400299182116,0.000446705631306829
"Hs 445.2",0.0737020812995178,NA,4,87.8183582226839,0.0153129519941575
"Hs 445.3",0.0440924542075948,NA,1.19562545424931,92.4830665513302,0.017026629586868
"Hs 445.4",0.0845646603920324,NA,0.958788998559697,80.2970959819983,0.0536101819135054
"Hs 445.5",0.0441928872991028,9.37386275018742,0.662560553746188,0,9.37386275018742
"SNU-C2B.53",0.152767110421628,NA,0.732809294566274,82.2215508085291,0.00107246229395431
"SNU-C2B.54",0.273493671711977,NA,0.479206090815769,62.0787642356301,0.00291619706143153
"SNU-C2B.55",0.296769015042708,21.4486448536503,0.134570590827769,0,21.4486448536503
"SNU-C2B.56",0.277246545216924,NA,0.869792443859287,67.7340329997444,0.0013971397964702
"PC-14.52",0.138341427881474,NA,0.0380643166750226,74.8640421677479,0.000154908686144057
"PC-14.53",0.1875679630147,NA,0.30714507083182,76.0014846187458,0.000356150175195445
"PC-14.54",0.222844088914907,NA,0.507279379136845,69.980339930104,0.0024780285466914
"PC-14.55",0.223768174791007,67.1945330793982,0.166291731030999,0,67.1945330793982
"PC-14.56",0.284707654003507,1.31230465233034,0.262913411929862,0,1.31230465233034
"PC-14.57",0.299459586654043,37.8323684920376,0.144431377097482,19.1028769445441,1.350360658442
"C32 [Human melanoma].47",0.611051299799235,0.0032882429669988,1.2684477937803,31.0320177170523,0.00153144884034969
"C32 [Human melanoma].48",0.590154081553319,0.00564786294371944,0.795916319977825,27.6725694523523,0.00205104181693587
"SNU-C2B.57",0.205803920952613,2672.8617359196,0.129108235346911,10.7362964109165,411.026687328134
"SNU-C2B.58",0.199113476499311,12295167773672183808,0.044754868304085,37.0240340010045,999950.425584705
"SNU-C2B.59",0.300042957325832,NA,0.546630568887697,61.1962788697206,0.00192844661252412
"SNU-C2B.60",0.206415464095324,NA,0.400781047217615,65.0061026794659,0.0111199810315482
"SW620.61",0.425047273607997,0.249264109169543,0.633363022448381,48.1194902378849,0.00140361404217834
"SNU-C2B.61",0.302750341232536,3.49178237143236,0.408850454771709,43.9335613565128,0.0200692274989954
"SW620.62",0.496757919200996,0.0193589685648296,0.537118723856095,35.7562172364604,0.00186881916159084
"SW620.63",0.465539327783801,0.0301196834975149,0.621511435780532,37.3333018569944,0.0033067741127279
"HCT 15.44",0.184324698971409,340.738343405059,0.163789304395448,0,340.738343405059
"HT-29.53",0.569138903729878,0.00287674515779282,0.752427019141481,38.0656373656511,0.000428564486658884
"HT-29.54",0.608915700178114,0.00270569491499234,0.576436737182651,29.8254801036262,0.000560376538567312
"HT-29.55",0.642647641588644,0.00280747271489318,0.563529697818072,22.4847015886499,0.000972769889027501
"HT-29.56",0.637836967643432,0.00450087512597411,0.642969400860578,18.8247675774592,0.00215881005396166
"HT-29.57",0.605125499629602,0.00663831648541967,0.585959668470103,18.9145456133438,0.00294980605534604
"U2OS.50",0.269747400204383,0.383416717278275,0.695257130222643,36.2124536513773,0.0601114532688424
"U2OS.51",0.16399804596853,0.308874419479201,2.69654739594042,45.7030199974334,0.124317798074723
"U2OS.52",0.317154037474019,0.316965519139053,0.411447300790847,13.5373885023557,0.147144483050433
"U2OS.53",0.224926352733432,2.13897126207513,0.50672207989188,38.2240482343594,0.123287244772479
"U2OS.54",0.176673732054137,NA,1.21139527478269,60.7091560108156,0.0452851102165788
"U2OS.55",0.120449392190316,NA,2.76271110362576,69.4339909859597,0.0657634128768823
"MHH-ES-1.49",0.144040216249719,NA,0.0291960612952714,72.5130236451,0.00116938968156736
"MHH-ES-1.50",0.157366975443407,NA,1.90162401781153,84.2060553747362,0.000204328866313562
"MHH-ES-1.51",0.205558303977025,9.19583399679939e+44,0.0281859814425107,46.0121120423925,1e+06
"MHH-ES-1.52",0.0606573732883867,NA,4,92.807731309535,0.00294200151466288
"A-375.53",0.651501360562269,0.0011636048229604,4,33.7295746704386,0.000878845914383477
"A-375.54",0.632449858846998,0.00134278600048036,4,35.1736757095464,0.000990883684255836
"PC-14.58",0.257337924612395,NA,0.607063165058099,55.1087568886445,0.0164965234597279
"PC-14.59",0.280759556239627,15.3901344006954,0.285854310934561,40.3040097728211,0.0495611458455441
"PC-14.60",0.0918819546933417,NA,1.57430533805947,85.8289269378106,0.0111985766537354
"PC-14.61",0.15178504953433,62360288755.6523,0.0763380358344593,28.4753481032373,1e+06
"PC-14.62",0.186258963361307,NA,2.40431523635251,66.8091324049975,0.0207250218857813
"A-375.55",0.6154109191565,0.00102119237481791,4,37.9364970529021,0.000715703961141531
"A-375.56",0.681974431383857,0.0020562755052721,1.39377886351376,25.1348962702474,0.00124570226877634
"A-375.57",0.649701168610637,0.00151372898827035,0.785336137432126,29.0940164437245,0.000498694977235948
"PC-14.63",0.319858891792477,NA,0.779611661591399,57.2143283096447,0.00400019176263575
"C32 [Human melanoma].49",0.679157864071691,0.0042333553167986,0.977858633561907,15.1876257193968,0.00292339907006189
"C32 [Human melanoma].50",0.698652845821987,0.00335817827581849,1.01542151811311,15.6039360451612,0.0023233243290572
"C32 [Human melanoma].51",0.535399237664256,0.00948874606179021,1.15523397238368,30.5551035821712,0.00418947960650204
"OPM-2.2",0.277656212490102,0.218137226006637,0.827107195252662,30.9756555750431,0.0678182494333713
"DU145.2",0.0322038958965709,NA,0,93.5592208206858,0.0145237610850734
"RPMI-6666.2",0.217453243199566,NA,3.18124986482462,76.7659290826824,0.00142607219330251
"ES7.2",0.0175697666727961,NA,0,96.4860466654408,0.000347270095018565
"SW837.4",0.275653731000553,NA,0.96979972839509,53.7258931170733,0.0155064886647914
"HH [Human lymphoma].2",0,NA,0,100,28.652470083652
"NOMO-1.2",0.492393585936224,0.00430036991537672,2.47730500051076,47.9539092056448,0.00118359011604149
"HARA [Human squamous cell lung carcinoma].2",0.247568175546994,21.9333692924048,0.174571418742112,0,21.9333692924048
"HDLM-2.2",0.0201213733816046,NA,0,95.9757253236791,0.402124604454516
"JVM-3.2",0.30544654818646,NA,0.755957371843616,65.2215910516242,0.000867030060805139
"Karpas-620.2",0.504147730859182,0.00530476942509448,2.10164893487169,42.4790985999125,0.00215383250986323
"Caov-4.4",0.382808406401359,0.0512453572116228,1.06142227243149,37.2694621144649,0.0141225114625074
"C32 [Human melanoma].52",0.683473253165369,0.00298723182632662,1.32026084157688,20.8568344436323,0.00198473736371838
"C32 [Human melanoma].53",0.684609299961235,0.00269122405692195,1.20561300083183,21.6138403224402,0.0016827423069493
"C32 [Human melanoma].54",0.728553199110388,0.00202915296750018,1.37660827246952,18.824668576249,0.00143973516529274
"SW620.64",0.450210846042849,0.0307912606104948,0.809630757046326,42.6413659909904,0.00288791956799053
"SW620.65",0.445888431569958,0.0342561122463112,0.798001474801277,42.9436109346553,0.00294504248117249
"SW620.66",0.404184357931519,NA,1.40466914797985,52.5793004229033,0.00228535056890631
"U2OS.56",0.250447782658309,0.338619984595182,1.15210765933605,45.4263497858495,0.0424757846126627
"U2OS.57",0.242119166872213,0.108577092494441,3.01172884122401,47.0185140754926,0.0425744195204579
"U2OS.58",0.239723387855949,1.24350958597849,0.599068107401084,40.7316892840801,0.0746109188624886
"A-549.36",0.433013985627993,0.0118203463338082,2.25165684512877,45.6784950678142,0.00398459900450352
"A-549.37",0.406261156154583,0.0528099882705974,0.924106738796602,43.5608184475294,0.00574742199100518
"A-549.38",0.449541763134474,0.0335338029997567,0.733195275540676,40.2265761079998,0.00361898873860071
"MHH-ES-1.53",0.0402099195696966,NA,4,95.0057737384431,0.00383972831611001
"MHH-ES-1.54",0.0585268366125463,NA,0,88.2946326774907,0.000647024810723946
"MHH-ES-1.55",0.0622659880993837,NA,0,87.5468023801233,0.0021881350769708
"SNU-C2B.62",0.230589273472671,NA,1.47741801265899,72.7854010531478,0.00244832463436816
"SNU-C2B.63",0.26942123540223,NA,0.943214133230063,66.1608246988462,0.00296777241333664
"A-375.58",0.591373425107965,0.00201594929416662,2.13494928290792,37.7425491146168,0.00104349799709504
"A-375.59",0.601836086771931,0.00157751049526609,1.2938371211361,37.1371589898832,0.000552392649010759
"A-375.60",0.548307539825914,0.0033393219202224,1.44767081233362,40.9841679831064,0.00102271360052514
"HT-29.58",0.624820267743368,0.00216616620220552,1.52899481689716,32.7112287126933,0.00108156308223876
"HT-29.59",0.560538777268432,0.00398662000974088,1.35153058251863,37.5000805835874,0.00142934629294997
"PC-14.64",0.214578506435628,NA,0.74668442851805,77.2000204357022,0.00025233328624439
"PC-14.65",0.18335931183024,NA,0.867149723958759,71.9840076906547,0.00953131784921553
"PC-14.66",0.233380453350309,NA,0.468186168226534,71.0271300858476,0.000887671428451822
"HCT 15.45",0.274315485196414,NA,0.398173268972742,63.6187515558277,0.00128908627278478
"HCT 15.46",0.304838904893509,NA,1.5373663653689,63.3092926456158,0.002860779260377
"HCT 15.47",0.359548348759728,NA,4,63.400196239537,0.000890402429700865
"K-562.2",0.228784979755272,NA,1.25353185603681,65.5707566981475,0.00973237875131495
"C-33 A.2",0.205209933885481,NA,1.24092109666391,75.1397693278883,0.00272497976894492
"A2780.2",0.404772063523613,0.0551350299003115,0.813348525222256,38.7688613150978,0.00879122958468084
"NCI-H1648.2",0.36239995501312,0.782507278165979,0.454214490417989,44.5195036530959,0.00602031183364717
"SCC-9.2",0.316645870510269,NA,0.40652597764539,65.1039248695433,6.16866912743564e-05
"DMS 114.2",0.0614846673641036,NA,0,87.7030665271793,0.00146745995182792
"Calu-3.2",0.12550016908123,NA,4,63.868237091669,0.0907958479443198
"Karpas-1106P.2",0.220018807934844,NA,2.31803522955117,76.7017954756519,0.00117000712849087
"CPC-N.2",0,NA,0,100,1.21118327740495
"L-1236.2",0.0613431020196372,NA,0,87.7313795960726,0.000106222638255852
"SK-MM-2.2",0,NA,0,100,290.891543691058
"A4/Fukuda.2",0.673525760185606,0.00602880055797121,0.611564597568828,2.44081611701707,0.00555507501087598
"LK-2.2",0.191641531771397,NA,1.32308581284874,75.034694944784,0.00452651560761477
"SJNB-7.2",0.0288009943863416,NA,0,94.2398011227317,0.00110045426597914
"MN-60.2",0.0301991754352083,NA,0,93.9601649129583,0.0155006785473595
"OCUM-1.2",0.839521540852843,0.00102345339218035,1.27153868326639,9.86967171820088,0.000860923067755289
"BE-13.2",0.0574014852483528,NA,0,88.5197029503294,0.00891196404963963
"Kelly.2",0.158935585890071,NA,0.600766554210431,66.4950048654589,0.0397344382285821
"NCI-H2818.2",0.222674250961096,NA,1.11647837382837,71.6127921950949,0.00368164038573924
"WRO.2",0.175198622302124,NA,4,82.2052862747816,0.000854596098966239
"KINGS-1.2",0.200700704511022,NA,1.30209132861777,76.7045497988364,0.00200665731446732
"IA-LM.2",0.0464652039657338,NA,0,90.7069592068532,0.397887213325748
"NCI-H526.3",0.0438469340130173,NA,0,91.2306131973966,6.20687397310755
"JVM-3.3",0.479540339912988,NA,4,50.8421612494245,0.000992210260962804
"KMRC-1.4",0.123319058680884,NA,1.2134586680336,85.8978313205475,0.00167225110674247
"DB.2",0.138565394868738,NA,2.3301374597403,86.1434604252191,1e-06
"PEO1.2",0.129468502225568,NA,3.64773937761158,82.0846007179413,0.00679293308311539
"HCC78.2",0.221731385875025,NA,1.32265015500468,76.4089447471747,0.000790161596599037
"SaOS-2.2",0,NA,-5.55111512312578e-17,91.0335357341242,0.0530148131401558
"K-562.3",0.200490122995956,NA,0.851488152780159,63.569073734766,0.0214785700685819
"HDLM-2.3",0.0924673288178802,NA,0,81.506534236424,1e-06
"T84.4",0.225287833450684,NA,1.68547986694354,66.8517007794056,0.00901740806903197
"COLO 679.2",0.666609828966092,0.00121055645805896,0.791579768023883,27.898164775944,0.000431612266580604
"NCI-H847.4",0.0442215490602612,NA,4,88.0340620259236,0.0778758527167681
"NCI-H522.2",0.16100216610124,NA,0.5216321196951,81.8755727994492,0.000281894574816401
"ME-180.2",0.118971016372948,NA,1.80245572478246,88.1028946259836,1e-06
"COLO 320HSR.4",0.0305835118225211,NA,0,93.8832976354958,0.0125026484649402
"Capan-1.2",0.375840585335949,NA,1.49121053973804,59.936098826138,0.000926636688711218
"ME-1 [Human leukemia].2",0.356445108967726,14418383802360780800,0.0219088528238729,35.9470660922721,1e-06
"Lu-165.2",0,NA,0,100,0.0536494864519107
"Mo.2",0.234996003557964,205.800346137472,0.136654221701699,0,205.800346137472
"EFO-21.2",0.242442606645354,60763888.0184573,0.133625307426301,46.5235095053914,0.131492951304879
"BICR 78.3",0.182585679066821,NA,1.01407592086944,77.936536343471,0.00232714091002153
"NCI-H929.2",0.515825265601104,0.0115840355678633,1.36742856133001,29.4210079984324,0.00605215865288931
"SW900.2",0.29803542682316,NA,0.973383555881595,59.0781826194493,0.0054993016100903
"CGTH-W-1.3",0.131563681897139,NA,0.667031737724193,85.307412438057,0.000499353458443474
"WM115.3",0.384007256494908,NA,0.859101562657403,53.231750947834,0.00211955858099121
"SK-CO-1.9",0.652425384139565,0.00395552755516979,0.88977639259889,20.6544391936201,0.00217324187982124
"Reh.2",0.00273283162167076,NA,0,99.4534336756658,3.33659377074299
"Loucy.2",0.214480950804418,NA,1.43994504869392,71.2424355266113,0.00546752221376785
"SU-DHL-6.2",0.31105206437777,NA,0.429540488592321,63.6208418501063,0.000285603194453574
"NCI-H69.4",0.038985029101855,NA,4,93.1945937022475,0.0191235647537004
"22Rv1.2",0.220736514821029,NA,4,77.4265884220657,0.000958858936301738
"SK-MEL-1.3",0.559020064931306,0.00413814472151636,1.70793516043714,36.617084084779,0.00191272649070942
"L-540.2",0,NA,0.911585617391937,100,0.0404817414476243
"NCI-H2595.2",0.0978830937070617,NA,1.7012153029786,90.2116840738125,1e-06
"COLO 680N.2",0.181897807356789,NA,4,80.6007004804888,0.00146520825224157
"EW-7.2",0.0753395049625998,NA,0,84.93209900748,0.0563751640572503
"JHH-2.2",0.27058182760715,NA,1.05861706645482,66.238719669709,0.00307285972062503
"HCC38.3",0,NA,0.742208776965006,100,0.888165474020764
"EN.2",0.126858487555269,NA,0,74.6283024889461,0.000261763037154798
"DoTc2 4510.2",0.118730886248864,NA,1.33301975561222,85.875739494533,0.00247241768378079
"HO-1-N-1.2",0.337667022715447,NA,1.55042657075956,56.5470993334876,0.00438515372363288
"KP-4.2",0.176744848762267,NA,1.32211546639529,74.7586073016591,0.00755222963927552
"NCI-H1993.2",0.359758203096907,NA,1.82741392074479,50.4045218950869,0.00655382435045298
"BC-1.2",0.108759131158251,NA,0,78.2481737683497,0.000111621955218263
"M059J.2",0.0817000668950479,NA,0,83.6599866209904,0.000396847525032717
"MPP 89.2",0.109581876034718,NA,2.21573315626864,80.5859225628811,0.0202571227041176
"TGBC11TKB.2",0.44308852903544,0.0140221920777036,1.70754578109468,45.8587524721084,0.00326026073680911
"SW1116.5",0.364748557717947,NA,1.42293081348286,50.6054360604708,0.00576481611608723
"NCI-H2085.2",0.0100927203329113,1.32790657329745,4,0,1.32790657329745
"SK-MEL-24.2",0.362557862190147,NA,0.863199355179852,54.8734495455175,0.00255630324421904
"NY.2",0.0661257567861607,NA,0,86.7748486427679,0.000259190490558724
"NCI-H810.2",0.00856027940613019,NA,0,98.287944118774,0.00419692053952821
"NCI-H1755.2",0.288832513374141,3.16227766016838,0.203125,0,3.16227766016838
"RKN.2",0.21856488778889,NA,0.973896442093141,75.2101068691712,0.0012270627545712
"NCI-H1703.2",0.0833520793448294,NA,0,83.3295841310341,1.87054665385519
"LS1034.4",0.440172471559566,0.0235684653299102,1.15085192718289,37.7437614201369,0.00694635071608022
"SN12C.2",0.0642606535036118,NA,4,91.25,0.00626433536656886
"SW1783.2",0.118063097570882,NA,0,76.3873804858237,6.05949672763661e-05
"MKN28.2",0.270967195799173,NA,0.989657770653837,61.5832804555008,0.0066812755110524
"MLMA.2",0.00698585308523047,2.37308154245935,2.41788035275589,0,2.37308154245935
"Mono-Mac-6.2",0.300291601534372,NA,1.4799799381125,54.5581608427243,0.0102026256550205
"U266B1.3",0.504178485034117,0.0111497144743761,1.05156451971881,36.9625512704488,0.00310536364534483
"MRK-nu-1.3",0.144803441440535,NA,0.413810603633564,71.7691219847852,0.0273466645457534
"WM1552C.2",0.286926616514683,NA,0.716256844580033,54.1891698211988,0.0110985825484963
"BxPC-3.2",0.245653024537154,NA,4,69.9917739330006,0.00349626822009651
"GI-1.1",0.0199204506576143,NA,0,96.0159098684771,0.899905795797262
"SJNB-12.2",0,NA,0,100,12882.3941528375
"Panc 03.27.2",0.300118433170606,NA,1.15530063036656,65.8552487752306,0.00152606017808385
"SK-N-SH.2",0.154060671815414,NA,4,72.6347221050636,0.0204735081475805
"G-292 clone A141B1.2",0.0604935346423853,NA,4,81.2736796962725,0.107390998333783
"MOG-G-CCM.4",0.085069514745897,NA,0.0902633327711518,51.4838304484345,999445.530181874
"NCI-H2795.2",0.399838797291598,0.0488935178695704,0.979925833380665,41.9008367873385,0.00763004530814115
"HD-MY-Z.2",0.415635405275684,0.0825140539820178,0.639503518609039,42.6240384064783,0.00413852608836833
"MDA-MB-157.3",NA,NA,NA,NA,NA
"Kuramochi.2",0.205003288643661,NA,1.47513815802789,75.3934808244664,0.00276377242695156
"Panc 04.03.4",0.322847762097953,27.0911249776973,0.458616908351139,48.8084035979151,0.00783921843460443
"CAMA-1.4",0,NA,0.650931153264094,100,0.00150088220576552
"MeWo.5",0.353352419935808,2.9951068211569,0.340500293418369,44.2122334165326,0.00532314137949825
"SW1417.4",0.290456479087379,94850.290150288,0.200773941034819,48.0436160312238,0.00925949919591616
"NCI-H727.3",0.556402162819523,0.00449538371175497,0.991138953964463,37.6194553321238,0.00109930108067688
"SW872.2",0.0936686070690528,NA,0,81.2662785861894,0.00602967593799814
"Lu-139.1",0,NA,1,100,0.0100035129252774
"YAPC.2",0.12008982615449,NA,0,75.982034769102,0.000134643291660703
"NCI-H441.2",0.192143330160486,NA,2.09914931895468,80.7856663166077,1e-06
"CAL-72.3",0.171379066789392,3.38324303399458,0.375156668276395,0,3.38324303399458
"Namalwa.2",0.0343045646032674,NA,4,95.3391327017751,0.00619522600583742
"OCI-AML-3.2",0.597709684923488,0.00187788793167269,1.99951910078289,37.3360288352899,0.000944926232814361
"RPMI-8402.2",0,NA,0,100,0.0103147714483534
"Ramos.2G6.4C10.2",0.0104564587902807,NA,0,97.9087082419439,0.23438522186667
"NCI-H1869.2",0.212201515295935,NA,0.718796437024887,78.6253527984997,1.01177167393617e-05
"JHU-022.3",0.485458946106518,0.226937190859069,0.037656789454259,18.5743845358177,1e-06
"ES1.4",0.0562312360481075,NA,0,88.7537527903785,0.00262237414551147
"NTERA-2.4",0.151485199748196,192681.608625962,0.11138669986218,0,192681.608625962
"TT.2",0.183069438854926,NA,4,79.7783693082421,0.00188808540484654
"HMV-II.2",0.629237139587576,0.00363874764836314,0.9178644161213,26.1638084118198,0.00162341046268948
"ESS-1.2",0.175760217964963,4.99840788016792,0.332568204478859,0,4.99840788016792
"SK-LMS-1.2",0.247210247888352,12.7590077759555,0.44587526719244,45.7431110838054,0.0508530422604039
"SW684.2",0.168862758100578,NA,0.806863342952184,70.8491778021167,0.0169757953897876
"NCI-H3122.2",0.289527409189248,NA,1.0534848062449,50.5760146145546,0.0168973120743645
"ML-2.2",0.594954571603126,0.00416936278996924,1.01065374788799,31.0833570971039,0.00159365226200606
"Ca Ski.2",0.195352985344947,NA,0.983751343343269,75.6085791016989,0.00293314614602462
"K5.2",0.365214076302829,NA,4,62.6007073377078,0.000977950231457839
"8305C.3",0.249874249985844,NA,2.50951745009348,75.012574958787,1e-06
"IST-Mes1.2",0.086820314168952,NA,0,82.6359371662096,1e-06
"GR-ST.2",0.0635222212871416,NA,0.1875,90,0.00148550801717278
"Karpas-422.2",0.0318099563053668,NA,4,80.5244412874388,0.324516483577503
"COR-L88.3",0.103388652488345,NA,4,73.0926818508525,0.0703672975865977
"EW-3.2",0.0404300861732048,NA,4,94.8086086085275,0.00460855120037592
"NCI-H82.2",0,NA,1.08967295267474,100,0.160026079586246
"HCC70.4",0.176001802693035,NA,0,64.7996394613929,1e-06
"TE-5.2",0.127474989130814,NA,4,87.005942574679,0.000911620265264893
"KGN.2",0.248574015002363,NA,1.03886577953882,68.1903396282301,0.0036282244071741
"L-363.2",0,NA,0.196749946524573,100,0.00226217144171971
"EFM-19.3",0,NA,0.224247148942993,100,4.78602244050556
"Hs 633.T.4",0.4309424360509,NA,2.18642580747259,53.0185799936239,0.00151821812664357
"NCI-H3118.2",0.515757065664318,0.00922932343186857,0.442560746867146,42.2037363217873,0.000138516892386852
"KYSE-270.2",0.198130131374845,NA,1.05350869870108,76.2424884488646,0.00225397006832925
"TE-9.2",0.0530320514425282,NA,4,88.8365179674142,0.037580342705155
"CML-T1.2",0.113024161989783,NA,4,81.7734633801319,0.0137979861631686
"LC4-1.2",0.134972155537538,NA,4,86.3376392247683,0.00079394231811294
"Lu-65.2",0.575467381357942,0.00663068636421204,0.565180487103045,27.1676088767012,0.00165668554146173
"CS-1 [Human chondrosarcoma].2",0.137359785892252,2.41536333255262e+29,0.0595551563299798,47.9751501327165,1e+06
"HCC44.2",0.341179678191427,0.122655434341538,0.703273942808604,24.5821830364541,0.0468685205564964
"SW1710.2",0.0968307629003755,NA,0.370722419826905,68.3332969895919,0.381274997724747
"NCI-H2087.2",0.343412017837466,NA,0.776771330956994,57.5021622451621,0.00216952235137739
"SF539.2",0.23667759390749,NA,0.885088355704899,53.8523724358276,0.0286872900596434
"ONS-76.2",0.539257790673737,0.0144449634743545,0.98861873988582,19.7728919107245,0.00868213957838646
"NCI-H1666.2",0.39633327520143,2.1633236454746,1.03798712198825,49.9401696039108,0.003311397412727
"SNG-M.2",0.135489886042559,NA,4,77.3170651101372,0.016150006694954
"HOS.2",0.0512151994419998,NA,0,89.7569601116,0.00430716361045149
"CCK-81.4",0.350292613022423,NA,0.8301397438266,51.0556834181221,0.00559402459644515
"OC 314.4",0.20020270483984,1471850994903407360,0.045584017460209,36.058487696818,1e+06
"TGBC1TKB.2",0.0926684371172454,NA,0.74071291992635,87.5418520641758,0.00395911295049352
"DOK.2",0.461456846458148,0.0424505133580982,0.788728574877463,47.5950364425359,0.000905763328641
"HO-1-u-1.2",NA,NA,NA,NA,NA
"KYSE-220.2",0.331471368230695,463.044472984223,0.0735192290529372,0,463.044472984223
"ES8.2",NA,NA,NA,NA,NA
"NCI-H2461.2",0.200391480913579,NA,0.958526248460876,70.3341637946195,0.00836887221806458
"LB831-BLC.2",0.0857249703266074,NA,0,82.8550059346785,0.0670512568514349
"HuCC-T1.3",0.356683594694237,NA,1.27771943292758,56.0413834443961,0.00312533363211311
"NCI-H1651.2",0.00511344521156332,NA,0,98.9773109576873,0.0584050491068496
"NCI-H211.2",0.181448069497634,NA,4,79.5096171383893,0.00218235300347121
"HAL-01.2",0.302724642008714,NA,2.08738670442687,67.0170835397096,0.00148185092414721
"GAK.2",0.4612474962893,0.0162214362305816,1.53337444752864,34.2892180385663,0.00762435624697152
"H4.2",0.211274095642205,NA,4,74.5613238387663,0.00321818426228832
"CAL-85-1.6",0.272415239707445,NA,0.470012805351046,62.8016459153084,0.00245926336342961
"IHH-4.2",0.428299550456585,0.0679638811054067,0.801338208069856,46.5497784270681,0.00241711990516528
"KYM-1.2",0.0520406992678793,NA,0,89.5918601464241,0.376839206308216
"BT-483.3",0,NA,0.913432363287123,100,0.195368312249352
"TC-YIK.2",0.241780295105347,NA,0.543680058388679,70.2710713758957,0.00112617843075641
"RKO.4",0.386303867402646,NA,1.0210374176522,50.4939910409712,0.00362585123490151
"RT-112.2",0.26382491738265,902.736346831853,0.202470825908851,42.5826109397786,0.0728671885962013
"OE33.2",0.152330759122827,NA,0.759182816042293,67.6036120143641,0.040138058857305
"KYSE-70.4",0.108076047119988,NA,4,86.6289502371734,0.00375654103039094
"SH-4.2",0.705318166128569,0.00240501005800289,0.797907114363265,16.6911014036039,0.00144552742440846
"D-263MG.2",0.176887320179789,NA,0.762151004468959,78.3967808277896,0.00188042804326752
"MDA-MB-436.3",0.0372557677026247,NA,2.6421145386652,95.1544336027946,0.0049107581218654
"MDA-MB-468.3",0.170233853080155,NA,0.402441685262696,82.0355078882033,1.20478360645155e-05
"KP-3.2",0.00401463346841867,NA,0.703779142492071,99.4897955147243,0.00241401468572545
"D-392MG.2",0.203441104977311,NA,0.296941150602437,73.5946233780715,0.000392187903849517
"MSTO-211H.2",0.0536396807217402,NA,0,89.272063855652,0.00218278746337988
"SKG-IIIa.2",0.198582885683526,NA,0.497195197451068,68.9022715422725,0.00775862181340311
"PC-3 [Human lung carcinoma].5",0.148327702076187,NA,0.58543061904853,79.3681375018509,0.00396250078738379
"H-EMC-SS.2",0.153537600110175,NA,4,80.2045290476502,0.00471082795617926
"NCI-H2452.4",0.0623707539503929,NA,0,87.5258492099214,0.00348669153437461
"KS-1 [Human glioblastoma].2",0.148791470488413,NA,1.11958441379877,67.6930594213768,0.0420320810143253
"KALS-1.2",0.217730062787473,NA,1.15713271227721,50.6914785084531,0.0481084994009613
"LCLC-103H.2",0.0622125348497097,NA,0,87.557493030058,0.00246815240987432
"SJNB-10.2",0.271046888897041,NA,1.01989191310644,56.669278980677,0.0125079236196189
"OCUB-M.3",0.0592806117807248,NA,4,81.1247917971241,0.114259509973275
"Hs 578T.4",0.180592945162781,NA,0.140273355727911,51.2182795293339,1.50126355472106
"SK-N-AS.3",0.327339622683084,NA,0.809580258005683,55.6895538749055,0.00447733163210109
"HCC1395.3",0.130274390321196,NA,0,73.9451219357609,0.0157551924524378
"CHL-1.2",0.089683716158789,NA,0,82.0632567682422,0.0152051253001092
"MFE-280.2",0.0661046792154252,NA,4,90.8852299276533,0.00667371081716681
"MFH-ino.3",0.254424363963326,34624.4483720346,0.0777398482460522,0,34624.4483720346
"GaMG.2",0.1496211929708,NA,1.80884387447984,83.2730896989656,0.00174561615039397
"SUP-T1.2",0.010660010714635,NA,4,94.9577787495029,0.232337529772413
"ZR-75-30.3",0,NA,0.129932483156947,100,0.00140730632407108
"COLO 684.2",0,NA,0.629644665142493,100,0.00792461826865695
"OVCAR-5.2",0.424872645607255,NA,1.26393797454233,52.4456306071098,0.00140490090441742
"EB3 [Human Burkitt lymphoma].3",0.0635723639235363,NA,1.72949086417362,91.1946452175134,0.00668427382631846
"GR-ST.3",0.0321877064493378,NA,4,96.3914382735964,0.00208269292794679
"SNU-387.2",0.197346350528681,NA,4,79.5823377697386,0.00111093979106281
"CaR-1.5",0.111045788590887,NA,0,77.7908422818225,4.03300053607719e-06
"DSH1.2",0.312812529962521,NA,4,61.1179082658821,0.00385607975046601
"PSN1.3",0.480438630989122,0.0213567241618238,0.911272526934669,28.4398758256537,0.0084848869741166
"Ca9-22.2",0.274539652179746,NA,2.22167384864925,52.1974218104649,0.0189197962202659
"KNS-62.3",0.306738838407534,NA,2.29043137363882,56.494898480429,0.00764151099365169
"A-673.2",0.0837216820127834,NA,3.41222370377435,91.0682725755619,0.0014294043700567
"NCI-H1299.2",0.166611961203533,NA,1.13317323337096,69.9960780209591,0.0212440793291317
"EW-11.2",0,NA,1,100,0.0100035129252774
"Becker.2",0.222373051990612,NA,0.418582669315341,68.1121725000538,0.0031388189024244
"GCIY.2",0.163977092307448,NA,3.33800101949721,59.9493405140179,0.0591331837843609
"BFTC-905.2",0.432999035261018,0.0251940024196428,1.21136410220347,36.2404413115611,0.00868373753496329
"CAL-54.2",0.270013053066386,4.93067477766506,0.204474072346678,0,4.93067477766506
"BT-549.4",0.0225845531854103,2.67010633578866,1.41987876373794,0,2.67010633578866
"LAMA-84.2",0.618804969079877,0.011693723166915,1.47011997964261,5.06140287369488,0.0108748790019972
"FLO-1.2",0.148291606725614,NA,2.1913958615901,85.0206373163519,0.000438347872089086
"HCC1395.4",0.154469051078617,NA,4,78.1563183150347,0.00756238082754298
"YT.2",0,NA,1,100,0.00316366632677971
"BICR 22.2",0.10643181606018,NA,4,85.3440927917386,0.00662975085699099
"NCI-H1581.2",0.223736330594912,NA,0.73990768858738,73.1306982634756,0.00153273452789097
"KYAE-1.2",0,NA,1,100,0.00100052698506632
"MDA-MB-231.3",0.332618497756996,6.60928386546456,0.430834501163827,47.3419699999323,0.00728032094587034
"769-P.2",0.105713460014823,NA,3.18145549488362,70.6531556908715,0.0830748381748375
"COR-L105.2",0.351857660914246,0.299136863039281,0.622808895337676,43.8761940022317,0.0102711455242339
"CAL-39.2",0.474526677083874,0.0169841902729132,1.00935680565758,37.7050849365729,0.00423104955996133
"EoL-1.2",0.558580511857003,0.00833861313744451,1.30398644321814,26.9856090357043,0.00459915625926161
"HLE.2",0.129224088510625,NA,4,83.090068892531,0.00509850006726353
"KATO III.2",0.126758115425927,NA,4,65.2140491172455,0.0807057124102307
"ACHN.2",0.225724261603725,NA,0.978536044913072,73.0920627847056,0.00200909907310123
"BL-41.2",0.0576149043778185,NA,0,88.4770191244363,0.00626636157357474
"DND-41.2",0.123130263274468,NA,4,85.1494804809989,0.00324956533413701
"P31/FUJ.2",0.30262796271134,NA,0.955596040470594,59.6423308046818,0.00453942399567295
"SNU-449.2",0.100788077386949,NA,0.969330922243061,68.2883135777127,0.125522568065261
"NCI-H2066.2",0.0967900544951415,NA,4,88.2290359444661,0.00340840161441114
"SBC-3.2",0.134080652802035,NA,0.814638188016987,81.5231907904793,0.00505954809639165
"HCT 15.48",0.122846018967789,NA,2.53896371820441,64.0655834538037,0.0943882394635606
"HCT 15.49",0.194452968052867,2227.71116944833,0.129139448642355,0,2227.71116944833
"HCT 15.50",0.237039167734781,27939.1572807274,0.28125,48.75,0.0562341325190349
"A-375.61",0.580303800466907,0.00326517335779698,2.04736134271412,35.27562871846,0.00179713468692031
"A-375.62",0.582051204886774,0.00281256181138554,2.40062308875346,36.1754691016719,0.00164637699598143
"A-375.63",0.582482652944571,0.00309843000997302,1.97524430466673,35.5915279419613,0.00165036324104476
"A-549.39",0.407431932184479,0.0392587765081862,1.05551395988136,41.3960742821729,0.00741070949002885
"MHH-ES-1.56",0.0125600087440486,NA,0,97.4879982511903,0.365574931108271
"MHH-ES-1.57",0.00934175417205624,NA,0,98.1316491655888,0.00692259852992087
"MHH-ES-1.58",0.0466308701606215,NA,4,93.0805946093249,0.00951475666390392
"SW620.67",0.430320418380209,0.0778101487559069,0.617835301422308,44.1188700449745,0.00243542669997248
"SW620.68",0.429186842781665,0.200704221733822,0.22526398131562,28.379621755101,0.00485512955481955
"SW620.69",0.439524500003033,0.0975006069964519,0.43641495687045,41.6719618351575,0.00160443160195019
"PC-14.67",0.237582500390811,NA,1.29650882236912,73.44768074443,0.00141444509747185
"PC-14.68",0.202572699681501,NA,0.175177382527982,51.0952921021474,0.242692547923061
"PC-14.69",0.179789430369401,NA,1.12949875735775,70.361252523894,0.014636555241149
"U2OS.59",0.259866660113528,0.112093589191053,2.01190781002661,41.17189774773,0.0473432569892798
"U2OS.60",0.274145946317349,0.144115843430264,1.2737984057521,36.9329279947196,0.0502561251902574
"U2OS.61",0.226782360595552,0.114271657706847,3.43616191779871,42.1785215396317,0.0665989352829508
"HT-29.60",0.715834877191216,0.000509861567723296,0.340856152622527,13.6516642185085,0.000200062242442283
"HT-29.61",0.668441276844805,0.00128402038191644,0.807377658162041,27.4749082652429,0.00047824252249542
"HT-29.62",0.65310703782073,0.00207756644569465,0.700050884812966,25.6437556271025,0.000743634005159693
"SNU-C2B.64",0.250753483351224,29.8906046238489,0.163614852105946,0,29.8906046238489
"SNU-C2B.65",0.283439562254979,23666.0990040687,0.371973628572183,49.7561830309792,0.0144173284486858
"C32 [Human melanoma].55",0.728946894562671,0.00396380314890608,1.48000857076166,9.68466425374207,0.00342718032097211
"C32 [Human melanoma].56",0.724671907294188,0.00380907825251018,2.59593184727785,11.4980166656904,0.00344431357118551
"C32 [Human melanoma].57",0.691524103578952,0.0034934069221958,4,17.0546842553914,0.00314742285352187
"KYSE-450.3",0.0597224059919068,NA,3.94778876028947,89.380322805008,0.0205590517235732
"VM-CUB-1.2",0.25158823833095,NA,0.690632995183643,63.5483198832117,0.00617388013663345
"NCI-H2731.2",0.0963843373070839,NA,0,80.7231325385832,0.00297092556293537
"SNU-C1.4",0.385282235438942,NA,1.14290887566737,54.0691602371128,0.00228707440685684
"SK-GT-4.2",0.372076605907489,NA,0.961566267125241,58.4549967012044,0.00100379156630053
"T.T.4",0.16411068515718,NA,2.4508226030809,83.5889314412796,1e-06
"HPAF-II.2",0.438217104014767,0.0428189791401811,0.708844702426994,40.7981664596287,0.00393190403156192
"HSC-2.2",0.136532630725492,NA,0.832332942881026,82.7383182935123,0.00279431030481657
"IGR-37.2",0.631057064532848,0.00286107637897046,1.40584849913649,29.3959157421432,0.00152286573557943
"CW-2.4",0.129733551281898,NA,4,78.5324130540229,0.0153874812396614
"CAL-54.3",0.300419005722707,NA,0.989297974823551,65.5581115081232,0.00140340588613371
"D283 Med.2",0.107143580819962,NA,0.816445831656943,85.8981856071596,0.00371055438623744
"HCT 116.4",0.435332222817787,0.0355775327298787,0.9585397996744,25.3374576874338,0.0170203221526579
"MIA PaCa-2.2",0.283446467176349,17.6736256112369,0.34412751928513,44.6216606167448,0.0271318729900698
"LNZTA3WT4",0.0789591495932108,NA,0.300204782865642,77.8690774440643,0.266414273592561
"HT-1376.2",0.0350218862705126,NA,4,94.3077712324598,0.0142680460390848
"OVKATE.3",0.137017877714344,NA,4,85.7224858674706,0.00119674130625832
"SKN.2",0.0431150792073705,NA,0,91.3769841585259,0.508291068563379
"SCC-4.2",0.148300147999869,NA,2.0108665590608,79.8129328102602,0.00617736040512815
"SAS.2",0.459830841258387,0.0578850490650514,0.351821814571675,33.8726790500307,0.00232174512033603
"SK-N-FI.3",0.291902685095414,NA,0.679540243718638,53.2747723819891,0.0109774134256646
"PCI-30.2",0.0998631093502403,NA,0.0422540106633195,81.1586898359898,0.00182872028456516
"NCI-H1792.2",0.32550012075011,0.13388451136808,0.743133177836132,0,0.13388451136808
"NCI-H520.2",0.0633623633040283,NA,0,87.3275273391943,0.0368480820447503
"NCI-H841.2",0.0603217573346011,NA,0.00525130148341202,87.9234388929682,0.0464885767045936
"LS180.4",0.288839606034187,33.7711559440719,0.931896213372743,49.9561252873951,0.017717393760063
"NB69.2",0.677706077338489,0.00326211242347315,0.439202590834385,6.66175855682775,0.00235564168560049
"SW982.2",0.231078379276422,NA,0.279654388407376,60.5063371396318,0.00842988999438888
"NCI-H2342.2",0.0796635320971937,NA,0.075718923779241,62.770864503851,1e+06
"JHH-7.2",0.0658527850996028,NA,4,90.5143631338358,0.0082684683448332
"MKN1.2",0.111970926265302,NA,0.0352676291111792,79.1045946988542,0.000534989641860838
"MKN45.2",0.378881309429573,0.0311729756973895,1.98653934942159,36.649575100825,0.016036068031006
"UM-UC-3.3",0.0419528113235377,NA,4,95.7383193248317,0.000856883836163259
"CAL-62.2",0.24736934902494,NA,0.662153133786863,58.9574689363358,0.0131435852467915
"Panc 10.05.2",0.315115428152721,NA,0.40692748285129,62.670773375612,0.000292422881751385
"RCM-1 [Human rectum adenocarcinoma].4",0.525706363553459,0.0131699281883242,0.607315336609235,30.2585242855961,0.0028512485714715
"SW1271.2",0.337873128722793,NA,1.09136695886636,61.5581470605015,0.00144460246164438
"OVMIU.2",0.382388181621365,NA,0.699307899417894,53.8079816841868,0.00149036314677845
"COR-L95",0.0565286358892662,NA,0.0943718900714458,89.5880874485615,0.00502424948717676
"Capan-2.3",0.321376131060152,NA,0.80628216770284,58.8129068246927,0.00301102729289544
"SHP-77.4",0.0677945822980243,NA,4,89.9951025251968,0.0092746696605802
"CCRF-CEM.2",0.058173855131272,NA,0.361220408785455,90.8146031525063,0.00578203769387857
"COR-L279.4",0,NA,0,100,0.220085796843267
"ECC10.2",0.112351494519662,NA,4,74.1430098723325,0.049724077915529
"WSU-NHL.2",0.122492457505886,NA,4,87.6789453127533,0.000646861410474035
"ST486.2",0.139042367595783,NA,0,72.1915264808434,1e-06
"IM-9.2",0.730358003904351,0.00281859500752931,0.748344578587414,9.26477483910268,0.00214340215962228
"MOG-G-UVW.4",0.191347850363691,NA,3.77335542936453,59.3814398829238,0.0386237017769376
"TE-15.1",0.163570685289554,NA,0.957019324030016,77.5798151324177,0.0053952829535364
"HSC-39.2",0.175318525654922,NA,1.73341774892841,54.4673227333572,0.0703587225694161
"SK-MEL-2.2",0.511407474751794,0.00797888820212156,1.75359605781841,35.7234234731655,0.00390414049057043
"VCaP.2",0,NA,0.968253814841116,100,0.61567725184072
"OV-90.2",0.438447684618227,0.122454878681389,1.35268190438316,49.8314874559587,0.00182073081885903
"RF-48.1",0.0375690855865056,NA,0,92.4861828826989,54.4381411423947
"Panc 02.03.2",0.428223958925464,0.0420846680931,0.778810848645765,29.7237124703035,0.0132073632105394
"Karpas-299.3",0.0877771999072177,NA,1.03627269997925,89.10981911962,0.00290513325671898
"TGW.2",0.102713167133728,NA,1.892274560877,80.932343579134,0.0241957428926872
"SK-LU-1.2",0.359883211758759,2.16856104896302,0.334108275791993,43.4384209009572,0.00497077040333966
"PL18 [Human pancreatic adenocarcinoma].2",0.371965919426576,0.130026421036319,0.939753724128463,46.8685825767806,0.00681812978847477
"UACC-62.2",0.650282167359523,0.00395734312556719,0.836517506660555,20.6435069432462,0.00209382835359083
"VMRC-RCZ.2",0.0579643441226214,NA,0,88.4071311754757,0.000425616796718557
"OCI-AML-2.2",0.957530304698131,1.02243930121349e-06,3.99999999998881,4.24696953018339,1.00000000002557e-06
"NCI-H1355.2",0.05649784278251,NA,0.559342229880831,65.0045389447416,1.20442464027202
"DOV13.2",0.124443901897018,NA,2.71395026340771,86.1331308559041,0.00191717176417654
"VAL.2",0.0600218595382536,NA,4,90.1953569326976,0.0145748440968679
"Ku812.2",0.764775086502183,0.00248033525016477,1.1572675129677,10.1998835830912,0.002036526307998
"KTCTL-195.2",0.21692985658579,NA,0,56.6140286828421,1e-06
"SJSA-1.2",0.253686421153093,NA,0.504727854421063,73.761090196436,1.67585241436329e-05
"LoVo.4",0.684173093050723,0.00192879084582001,0.821515257494516,22.5844444641994,0.000928137790475265
"SJNB-14.2",0.124781088749089,61.8065939460748,0.271225997138381,0,61.8065939460748
"MDA-MB-415.3",0.105777238600564,NA,0.0370605864212333,79.0580229436848,0.0182337734421942
"MS-1 [Human lung carcinoma].2",0.0513147278448416,NA,0,89.7370544310317,11.6384842764686
"EB2.2",0.0678201101071179,NA,0,86.4359779785764,0.318201924511177
"SK-HEP-1.2",0.133281321603215,NA,0.358178751961596,81.1674513854409,0.00200935976050507
"MG-63.2",0.163434730543911,NA,1.21375921172894,77.1934643722077,0.00655091890340913
"NCI-H28.2",0.168768858546592,NA,0.247315339895224,79.7637035571702,3.35245543030859e-05
"ES6.4",0.0723828218367565,NA,0,85.5234356326487,0.000121697637969929
"WSU-DLCL2.4",0.355287994716375,3.68433608418796,0.251609759079489,39.7006146029909,0.00690691633692781
"EW-24.2",0,NA,0.545295611562225,100,1.43153216844488
"U2OS.62",0.317628879562816,0.108828404084665,1.03297282898516,23.7977790307396,0.0582194666559597
"U2OS.63",0.301007627777758,0.102724905971228,1.35649043268564,28.6581791008518,0.0548410548228641
"U2OS.64",0.28638810561949,0.0834355181575734,2.26059541954378,33.4956966056104,0.0510987471357961
"SW620.70",0.36128233547389,NA,1.32978259534018,51.4919564121918,0.00541026305285405
"HT-29.63",0.628583461381164,0.00299471065673349,0.83169959712038,27.8542093919061,0.0011248810426355
"HT-29.64",0.662470780319296,0.00191196933096619,1.43171017456695,28.4129596105637,0.00106340055629681
"PC-14.70",0.191960747271063,NA,1.3268099731903,77.79741969511,0.00197181282248637
"PC-14.71",0.140711696515447,NA,0.3802523724155,65.2340258735726,0.100335466177116
"PC-14.72",0.170155619051504,150296.200786242,0.330825858900503,49.3447668306706,0.306491930507405
"A-375.64",0.509841746389539,0.00380908432169914,2.05571785028679,45.840742806083,0.00113626316156453
"A-375.65",0.510152561553634,0.00422281400673149,1.932462734031,45.052447658273,0.00127572692260423
"A-375.66",0.534283181279375,0.00290940285351608,1.45171738148513,44.1130860922725,0.000666523453642144
"SNU-C2B.66",0.163459626761196,267.839624683446,0.185574619820825,0,267.839624683446
"SNU-C2B.67",0.214323359076426,NA,0.480091687002981,68.4994617640664,0.00472375665768234
"SNU-C2B.68",0.215336281567924,1588.99422983155,0.120981067057014,0,1588.99422983155
"C32 [Human melanoma].58",0.699118908906366,0.00306711376102485,1.31249999865932,18.0827027025846,0.00217871890646169
"C32 [Human melanoma].59",0.70422341597581,0.00292792236521706,1.19168519676709,17.5096031368488,0.00203919385343879
"C32 [Human melanoma].60",0.694870396870152,0.00323178942929718,1.30155446211444,18.0002664892353,0.00229364400577913
"HCT 15.51",0.333487601012332,NA,2.59893103904769,63.4863236366104,0.00166204778692337
"MFM-223.27",0.103360035505148,NA,2.2151556179337,59.340951463637,0.17437038651233
"MFM-223.28",0.11397047822073,NA,4,65.0862401341871,0.104902301741339
"MFM-223.29",0.110443323974858,NA,4,68.3000678572685,0.0901321403167536
"LOX-IMVI.2",0.381567613629904,0.210904560527599,0.272698646073047,0,0.210904560527599
"VL51.2",0.183772716963227,10.4475252664585,0.37557162616164,33.1099949837173,0.580790086525557
"SK-UT-1.2",0.0288674097323621,NA,0,94.2265180535276,0.00241287346838895
"VMRC-LCD.3",0.0224030162724082,NA,4,94.6697642955524,0.0548523368451004
"T98G.2",0.032017544293004,NA,4,84.4890519616064,0.240520984931999
"YH-13.2",0.0275113259683454,NA,4,89.4802777540167,0.164276200736167
"SK-PN-DW.2",0,NA,0,100,190.289515169759
"EW-22.2",0,NA,0,100,0.995716606168772
"LS513.2",0.657702957971137,0.00472978002672683,0.637169069014074,13.1175934623675,0.00293385049158411
"COLO 668.2",0.23489494830461,NA,0.739932216735801,68.4690178201992,0.00391251367169521
"NCI-H64.2",0.0773777957911034,NA,0,84.5244408417793,0.000746920913480825
"SW948.6",0.388448358464315,1.77719769918474,0.355272168241956,45.7277979905095,0.00174861437123843
"LS123.4",0.338762634580535,1677.86751676176,0.433948755247025,49.8108970619882,0.00439366878372274
"MDA-MB-453.3",0.140807592321559,62.1835266624266,0.250043923539831,0,62.1835266624266
"UACC-812.5",0.0221928054563465,NA,4,96.1461525086096,0.0187304336084807
"SW13.2",0.32060548338278,0.993133651148217,0.228572198048471,0,0.993133651148217
"IST-MEL1.2",0.318132342421842,NA,0.656914030536512,57.3640518648398,0.00341431045659741
"MEG-01.2",0.380712914627304,0.0585035164627527,0.980949596744094,38.7860551905965,0.0127456636118095
"MEG-01.3",0.362000698561517,0.0419845218956713,1.63984061989529,44.5139547133094,0.010910456848493
"NKM-1.2",0.196354419138013,NA,1.93648358647711,71.8898693386274,0.00795449524445754
"Fu97.3",0.225593002452125,NA,4,75.2999968411137,0.00177757831596476
"NCI-H358.2",0.323838626001047,NA,0.95583197365895,56.9866119422127,0.00442371630728993
"CAL-148.3",0.0804396200588615,NA,0,83.9120759882277,0.00287969608087605
"CAL-148.4",0.103243786771732,NA,1.80133441065604,86.4250086997817,0.00508141368030716
"NCI-H2009.3",0.376695853624642,0.127466101646194,0.446204802677161,13.0192164505349,0.0648367483598362
"NCI-H1435.2",0.0941410804865868,NA,0,81.1717839026826,0.00174952615799368
"NCI-H1435.3",0.0663721679392758,NA,0,86.7255664121448,0.00454658324895734
"NCI-H2023.2",0.192008420562652,NA,0.549184674426781,54.203654950169,0.0676058262189678
"NCI-H2023.3",0.174043990038512,NA,1.04795815584726,74.0621930387832,0.00891631190199693
"SW1088.2",0.119387721128888,NA,0.514574349026998,81.7828386774349,0.00671387775183992
"SK-PN-DW.3",0.0320915287870554,NA,0,93.5816942425889,0.329986721909796
"SK-PN-DW.4",0.0199021215816347,NA,4,90.9288286629834,0.219838846736814
"SW1990.2",0.106139798190758,NA,3.80827289871284,79.4304410559725,0.0283207744725683
"SK-OV-3.3",0.0710014003366703,NA,1.57713589740539,82.8721947459469,0.0574166436069847
"SK-OV-3.4",0.0617199811634159,NA,4,84.4501937843701,0.0644671781561673
"SK-OV-3.5",0.0733348250293496,NA,0.622904763910122,88.7316206519207,0.00824014336433372
"SW1990.3",0.101451142158503,NA,1.16871469623729,85.8000327189497,0.00659086823258301
"SW1990.4",0.186567319941444,NA,0.494200159071566,73.6030716506649,0.00362832876660088
"LS513.3",0.645734447816677,0.00624151799771586,0.669570769359828,10.9143967498857,0.0043207215129696
"LS513.4",0.632397460091315,0.00768041409137999,0.689485208601066,9.67580190580307,0.00562231359713954
"NCI-H524.2",0.0381361132742988,NA,0,92.3727773451402,0.0349295958752962
"TK-10.2",0.231232433150971,NA,1.61140266071908,69.8409432637314,0.00477777088465641
"SNU-423.2",0.104436701103085,NA,0,79.1126597793829,6.71366770489463e-06
"SNU-423.3",0.0628888932189272,NA,0,87.4222213562146,0.326845504183
"RMG-I.3",0.173520666632852,NA,4,81.5772166829197,0.00141333680603374
"RMG-I.4",0.189918008420489,NA,2.43083932998824,80.5429291454293,0.00074861460241229
"Hs 766T.2",0.269937094392469,NA,4,72.2892834005958,0.0010113467315342
"Hs 766T.3",0.249830902457353,NA,0.248455159126207,67.016561931702,0.000251704811399684
"NCI-H524.3",0.0182788944743374,NA,0,96.3442211051325,0.0078006712315978
"U-698-M.2",0.0978665789848469,NA,0,80.4266842030306,3.90324286973856e-05
"U-698-M.3",0.090150741520527,NA,0,81.9698516958946,0.181335157493579
"NCI-H835.2",0.0275432958294878,NA,0,94.4913408341024,1.88181128168367
"NCI-H835.3",0,NA,0.396013491261133,100,0.016539640405808
"NCI-H835.4",0,NA,0,100,142.324924822564
"NALM-6.2",0.388257856626394,441.148356910536,0.240753046136642,48.4443651581123,0.000242549016003819
"NCI-H226.2",0.133630596253699,NA,4,81.4729196270638,0.00685962954302095
"NCI-H226.3",0.136149540368652,NA,1.36336326870894,84.5158405255867,0.00173455062442772
"NCI-H226.4",0.12467613768051,NA,0.91597216348697,82.2791226940937,0.00654900065579821
"FU-OV-1.2",0.299952161431017,NA,1.02042589686024,66.9262188384147,0.000930622731450933
"FU-OV-1.3",0.231838915029434,377.537057716214,0.129511751690974,0,377.537057716214
"FU-OV-1.4",0.157831060345923,NA,0.0261955441557456,71.0667527475259,2.96669341913267e-05
"MOLT-4.2",0.118569698125358,NA,0.815120335399715,86.576451628841,0.000922070184566842
"MOLT-4.3",0.0508078120430979,NA,0.0518839051437426,89.4365786055218,0.137719345272084
"MOLT-4.4",0.111075815657484,NA,0.467322705642023,84.631898218768,0.00274442843075671
"AMO1.2",0.424425043153226,0.148649535399217,0.427079678066195,41.8653897516196,0.00211637117719415
"NCI-N87.2",0.214568887721553,NA,0.594108317814768,51.8021254049398,0.0517197291982509
"SR.2",0.189787339101027,NA,1.13539178142435,75.0955335972199,0.00447361586879068
"SR.3",0.240501172208739,NA,1.01741076661741,70.8462923666549,0.00239398994255328
"SR.4",0.213117209669503,NA,0.62001851664525,70.4286790735756,0.0041557662468723
"NCC-IT.2",0.0197697907744364,NA,4,92.7606747431108,0.151653808281584
"SW1463.4",0.385134790569594,0.0532245549222105,1.02154791905294,39.7411013273689,0.0112915165668206
"SW1463.5",0.401264140670418,0.0351177678257326,1.21991532012595,40.1209609951935,0.00929455040673143
"NCC-IT.3",0.0273955954096388,NA,4,92.0452344721327,0.0926637931963997
"WIL2 NS.3",0.26691616283139,NA,0.386353776868004,66.0052003047291,0.000724461828012819
"RMG-I.5",0.254890838961244,NA,0.376799533552382,64.6920638705109,0.00182325945058934
"MDA-MB-175-VII.5",0.178460033314723,NA,1.09975390006935,72.3654037608003,0.0109141362480903
